period,entity,statement,statement_line_code,line_label,category_l1,line_order,client_basis_kes,client_presentation_kes
2026-02,C&P,SCI,actuarial_fees,Actuarial Fees,INCOME,10,0.0,-0.0
2026-02,C&P,SCI,advertising_pr,Advertising & PR,EXPENSES,150,0.0,0.0
2026-02,C&P,SCI,communications,Communications,EXPENSES,120,0.0,0.0
2026-02,C&P,SCI,depreciation,Depreciation,EXPENSES,180,0.0,0.0
2026-02,C&P,SCI,entertainment,Entertainment,EXPENSES,100,0.0,0.0
2026-02,C&P,SCI,finance_costs,Finance cost,EXPENSES,220,0.0,0.0
2026-02,C&P,SCI,general_expenses,General Expenses,EXPENSES,200,797345.0,797345.0
2026-02,C&P,SCI,insurance,Insurance,EXPENSES,160,695590.16,695590.16
2026-02,C&P,SCI,insurance_commissions,Insurance Commissions,INCOME,40,0.0,-0.0
2026-02,C&P,SCI,it_costs,IT Costs,EXPENSES,110,0.0,0.0
2026-02,C&P,SCI,management_expense,Management Expense,EXPENSES,210,0.0,0.0
2026-02,C&P,SCI,motor_vehicle_expenses,Motor Vehicle Expenses,EXPENSES,190,0.0,0.0
2026-02,C&P,SCI,other_income,Other Income,INCOME,70,0.0,-0.0
2026-02,C&P,SCI,pension_admin_fee,Pension Admin Fee,INCOME,20,-8122126.83,8122126.83
2026-02,C&P,SCI,personnel_costs,Personnel Costs,EXPENSES,80,0.0,0.0
2026-02,C&P,SCI,premises,Premises,EXPENSES,140,0.0,0.0
2026-02,C&P,SCI,printing_stationery,Printing & Stationery,EXPENSES,130,0.0,0.0
2026-02,C&P,SCI,professional_fees,Professional Fees,EXPENSES,170,232166.66,232166.66
2026-02,C&P,SCI,saas_income,SAAS (Software as a Service),INCOME,50,0.0,-0.0
2026-02,C&P,SCI,taxation,Taxation,EXPENSES,230,1919107.5,1919107.5
2026-02,C&P,SCI,travelling,Travelling,EXPENSES,90,0.0,0.0
2026-02,C&P,SFP,accrued_income,Accrued Income,ASSETS,410,8122126.83,8122126.83
2026-02,C&P,SFP,borrowings,Borrowings,EQUITY AND LIABILITIES,510,0.0,-0.0
2026-02,C&P,SFP,computer_software,Intangible - computer software,ASSETS,250,0.0,0.0
2026-02,C&P,SFP,deferred_tax,Deferred tax,ASSETS,310,4287361.0,4287361.0
2026-02,C&P,SFP,deposit_for_investment_in_subsidiary,Deposit for investment in subsidiary,ASSETS,290,0.0,0.0
2026-02,C&P,SFP,deposits,Cash - Deposits,ASSETS,380,7784303.0,7784303.0
2026-02,C&P,SFP,due_from_to_related_parties,Due from/to related parties,ASSETS,350,95000791.58,95000791.58
2026-02,C&P,SFP,goodwill,Intangible - goodwill,ASSETS,260,0.0,0.0
2026-02,C&P,SFP,investment_in_associate,Investment in associate,ASSETS,270,0.0,0.0
2026-02,C&P,SFP,investment_unquoted_equity,Investment in unquoted equity securities,ASSETS,280,0.0,0.0
2026-02,C&P,SFP,net_profit,Net Profit (derived),EQUITY AND LIABILITIES,460,-4477917.5,4477917.5
2026-02,C&P,SFP,non_controlling_interests,Non-controlling interests,EQUITY AND LIABILITIES,470,0.0,-0.0
2026-02,C&P,SFP,office_cash,Cash - Office Cash,ASSETS,360,14812687.23,14812687.23
2026-02,C&P,SFP,other_receivables,Other Receivables,ASSETS,340,7448638.4,7448638.4
2026-02,C&P,SFP,placements,Cash - Placements,ASSETS,390,1043385.68,1043385.68
2026-02,C&P,SFP,ppe,"Property, Plant and Equipment",ASSETS,240,0.0,0.0
2026-02,C&P,SFP,premium_payable,Premium payable,EQUITY AND LIABILITIES,500,0.0,-0.0
2026-02,C&P,SFP,premium_receivables,Premium Receivables,ASSETS,330,0.0,0.0
2026-02,C&P,SFP,proposed_dividend,Proposed dividend,EQUITY AND LIABILITIES,440,0.0,-0.0
2026-02,C&P,SFP,retained_earnings,Retained earnings,EQUITY AND LIABILITIES,450,-133494469.71,133494469.71
2026-02,C&P,SFP,share_capital,Share capital,EQUITY AND LIABILITIES,420,-25000000.0,25000000.0
2026-02,C&P,SFP,tax_recoverable,Tax recoverable,ASSETS,400,-1033941.5,-1033941.5
2026-02,C&P,SFP,trade_and_other_payables,Trade and other payables,EQUITY AND LIABILITIES,480,-6639868.84,6639868.84
2026-02,C&P,SFP,trade_receivables,Trade Receivables (Debtors),ASSETS,320,32146903.84,32146903.84
2026-02,C&P,SFP,translation_reserve,Translation reserve,EQUITY AND LIABILITIES,430,0.0,-0.0
2026-02,DRC,SCI,actuarial_fees,Actuarial Fees,INCOME,10,0.0,-0.0
2026-02,DRC,SCI,advertising_pr,Advertising & PR,EXPENSES,150,1416178.4,1416178.4
2026-02,DRC,SCI,communications,Communications,EXPENSES,120,470941.25,470941.25
2026-02,DRC,SCI,depreciation,Depreciation,EXPENSES,180,702912.72,702912.72
2026-02,DRC,SCI,entertainment,Entertainment,EXPENSES,100,55514.3,55514.3
2026-02,DRC,SCI,finance_costs,Finance cost,EXPENSES,220,0.0,0.0
2026-02,DRC,SCI,general_expenses,General Expenses,EXPENSES,200,1713103.63,1713103.63
2026-02,DRC,SCI,insurance,Insurance,EXPENSES,160,0.0,0.0
2026-02,DRC,SCI,insurance_commissions,Insurance Commissions,INCOME,40,-7598108.07,7598108.07
2026-02,DRC,SCI,it_costs,IT Costs,EXPENSES,110,141611.39,141611.39
2026-02,DRC,SCI,management_expense,Management Expense,EXPENSES,210,316155.12,316155.12
2026-02,DRC,SCI,motor_vehicle_expenses,Motor Vehicle Expenses,EXPENSES,190,580622.82,580622.82
2026-02,DRC,SCI,other_income,Other Income,INCOME,70,0.0,-0.0
2026-02,DRC,SCI,personnel_costs,Personnel Costs,EXPENSES,80,3876538.08,3876538.08
2026-02,DRC,SCI,premises,Premises,EXPENSES,140,2158612.76,2158612.76
2026-02,DRC,SCI,printing_stationery,Printing & Stationery,EXPENSES,130,116057.99,116057.99
2026-02,DRC,SCI,professional_fees,Professional Fees,EXPENSES,170,1339005.96,1339005.96
2026-02,DRC,SCI,saas_income,SAAS (Software as a Service),INCOME,50,0.0,-0.0
2026-02,DRC,SCI,taxation,Taxation,EXPENSES,230,0.0,0.0
2026-02,DRC,SCI,travelling,Travelling,EXPENSES,90,819308.75,819308.75
2026-02,DRC,SFP,borrowings,Borrowings,EQUITY AND LIABILITIES,510,0.0,-0.0
2026-02,DRC,SFP,computer_software,Intangible - computer software,ASSETS,250,0.0,0.0
2026-02,DRC,SFP,deferred_tax,Deferred tax,ASSETS,310,0.0,0.0
2026-02,DRC,SFP,deposit_for_investment_in_subsidiary,Deposit for investment in subsidiary,ASSETS,290,0.0,0.0
2026-02,DRC,SFP,deposits,Cash - Deposits,ASSETS,380,0.0,0.0
2026-02,DRC,SFP,due_from_to_related_parties,Due from/to related parties,ASSETS,350,-10058760.46,-10058760.46
2026-02,DRC,SFP,goodwill,Intangible - goodwill,ASSETS,260,0.0,0.0
2026-02,DRC,SFP,investment_in_associate,Investment in associate,ASSETS,270,0.0,0.0
2026-02,DRC,SFP,investment_unquoted_equity,Investment in unquoted equity securities,ASSETS,280,0.0,0.0
2026-02,DRC,SFP,net_profit,Net Profit (derived),EQUITY AND LIABILITIES,460,6108455.09,-6108455.09
2026-02,DRC,SFP,non_controlling_interests,Non-controlling interests,EQUITY AND LIABILITIES,470,0.0,-0.0
2026-02,DRC,SFP,office_cash,Cash - Office Cash,ASSETS,360,20831189.88,20831189.88
2026-02,DRC,SFP,other_receivables,Other Receivables,ASSETS,340,11024875.26,11024875.26
2026-02,DRC,SFP,placements,Cash - Placements,ASSETS,390,533691.23,533691.23
2026-02,DRC,SFP,ppe,"Property, Plant and Equipment",ASSETS,240,12210284.85,12210284.85
2026-02,DRC,SFP,premium_payable,Premium payable,EQUITY AND LIABILITIES,500,-61311490.98,61311490.98
2026-02,DRC,SFP,premium_receivables,Premium Receivables,ASSETS,330,0.0,0.0
2026-02,DRC,SFP,proposed_dividend,Proposed dividend,EQUITY AND LIABILITIES,440,0.0,-0.0
2026-02,DRC,SFP,retained_earnings,Retained earnings,EQUITY AND LIABILITIES,450,51352540.4,-51352540.4
2026-02,DRC,SFP,share_capital,Share capital,EQUITY AND LIABILITIES,420,-74207214.16,74207214.16
2026-02,DRC,SFP,tax_recoverable,Tax recoverable,ASSETS,400,-142808.37,-142808.37
2026-02,DRC,SFP,trade_and_other_payables,Trade and other payables,EQUITY AND LIABILITIES,480,2480735.07,-2480735.07
2026-02,DRC,SFP,trade_receivables,Trade Receivables (Debtors),ASSETS,320,41178686.36,41178686.36
2026-02,DRC,SFP,translation_reserve,Translation reserve,EQUITY AND LIABILITIES,430,-184.17,184.17
2026-02,MALAWI,SCI,actuarial_fees,Actuarial Fees,INCOME,10,0.0,-0.0
2026-02,MALAWI,SCI,advertising_pr,Advertising & PR,EXPENSES,150,477814.74,477814.74
2026-02,MALAWI,SCI,communications,Communications,EXPENSES,120,153649.65,153649.65
2026-02,MALAWI,SCI,depreciation,Depreciation,EXPENSES,180,2617967.16,2617967.16
2026-02,MALAWI,SCI,entertainment,Entertainment,EXPENSES,100,0.0,0.0
2026-02,MALAWI,SCI,finance_costs,Finance cost,EXPENSES,220,0.0,0.0
2026-02,MALAWI,SCI,general_expenses,General Expenses,EXPENSES,200,358255.31,358255.31
2026-02,MALAWI,SCI,insurance,Insurance,EXPENSES,160,577697.97,577697.97
2026-02,MALAWI,SCI,insurance_commissions,Insurance Commissions,INCOME,40,0.0,-0.0
2026-02,MALAWI,SCI,it_costs,IT Costs,EXPENSES,110,0.0,0.0
2026-02,MALAWI,SCI,management_expense,Management Expense,EXPENSES,210,2829088.69,2829088.69
2026-02,MALAWI,SCI,motor_vehicle_expenses,Motor Vehicle Expenses,EXPENSES,190,312565.21,312565.21
2026-02,MALAWI,SCI,other_income,Other Income,INCOME,70,-2062952.21,2062952.21
2026-02,MALAWI,SCI,pension_admin_fee,Pension Admin Fee,INCOME,20,-36130002.85,36130002.85
2026-02,MALAWI,SCI,personnel_costs,Personnel Costs,EXPENSES,80,8980617.11,8980617.11
2026-02,MALAWI,SCI,premises,Premises,EXPENSES,140,706449.57,706449.57
2026-02,MALAWI,SCI,printing_stationery,Printing & Stationery,EXPENSES,130,250690.95,250690.95
2026-02,MALAWI,SCI,professional_fees,Professional Fees,EXPENSES,170,772396.57,772396.57
2026-02,MALAWI,SCI,saas_income,SAAS (Software as a Service),INCOME,50,0.0,-0.0
2026-02,MALAWI,SCI,taxation,Taxation,EXPENSES,230,6875326.87,6875326.87
2026-02,MALAWI,SCI,travelling,Travelling,EXPENSES,90,144213.72,144213.72
2026-02,MALAWI,SFP,borrowings,Borrowings,EQUITY AND LIABILITIES,510,0.0,-0.0
2026-02,MALAWI,SFP,computer_software,Intangible - computer software,ASSETS,250,10148233.49,10148233.49
2026-02,MALAWI,SFP,deferred_tax,Deferred tax,ASSETS,310,281393.09,281393.09
2026-02,MALAWI,SFP,deposit_for_investment_in_subsidiary,Deposit for investment in subsidiary,ASSETS,290,0.0,0.0
2026-02,MALAWI,SFP,deposits,Cash - Deposits,ASSETS,380,42636623.92,42636623.92
2026-02,MALAWI,SFP,due_from_to_related_parties,Due from/to related parties,ASSETS,350,-45942147.78,-45942147.78
2026-02,MALAWI,SFP,goodwill,Intangible - goodwill,ASSETS,260,0.0,0.0
2026-02,MALAWI,SFP,investment_in_associate,Investment in associate,ASSETS,270,0.0,0.0
2026-02,MALAWI,SFP,investment_unquoted_equity,Investment in unquoted equity securities,ASSETS,280,0.0,0.0
2026-02,MALAWI,SFP,net_profit,Net Profit (derived),EQUITY AND LIABILITIES,460,-13136221.52,13136221.52
2026-02,MALAWI,SFP,non_controlling_interests,Non-controlling interests,EQUITY AND LIABILITIES,470,0.0,-0.0
2026-02,MALAWI,SFP,office_cash,Cash - Office Cash,ASSETS,360,3115542.84,3115542.84
2026-02,MALAWI,SFP,other_receivables,Other Receivables,ASSETS,340,8160388.4,8160388.4
2026-02,MALAWI,SFP,placements,Cash - Placements,ASSETS,390,0.0,0.0
2026-02,MALAWI,SFP,ppe,"Property, Plant and Equipment",ASSETS,240,13749387.61,13749387.61
2026-02,MALAWI,SFP,premium_payable,Premium payable,EQUITY AND LIABILITIES,500,0.0,-0.0
2026-02,MALAWI,SFP,premium_receivables,Premium Receivables,ASSETS,330,0.0,0.0
2026-02,MALAWI,SFP,proposed_dividend,Proposed dividend,EQUITY AND LIABILITIES,440,0.0,-0.0
2026-02,MALAWI,SFP,retained_earnings,Retained earnings,EQUITY AND LIABILITIES,450,-99312718.35,99312718.35
2026-02,MALAWI,SFP,share_capital,Share capital,EQUITY AND LIABILITIES,420,-824892.23,824892.23
2026-02,MALAWI,SFP,tax_recoverable,Tax recoverable,ASSETS,400,2020081.93,2020081.93
2026-02,MALAWI,SFP,trade_and_other_payables,Trade and other payables,EQUITY AND LIABILITIES,480,-29837579.26,29837579.26
2026-02,MALAWI,SFP,trade_receivables,Trade Receivables (Debtors),ASSETS,320,138770734.52,138770734.52
2026-02,MALAWI,SFP,translation_reserve,Translation reserve,EQUITY AND LIABILITIES,430,-29828826.65,29828826.65
2026-02,MENA,SCI,actuarial_fees,Actuarial Fees,INCOME,10,0.0,-0.0
2026-02,MENA,SCI,advertising_pr,Advertising & PR,EXPENSES,150,645146.25,645146.25
2026-02,MENA,SCI,communications,Communications,EXPENSES,120,0.0,0.0
2026-02,MENA,SCI,depreciation,Depreciation,EXPENSES,180,0.0,0.0
2026-02,MENA,SCI,entertainment,Entertainment,EXPENSES,100,0.0,0.0
2026-02,MENA,SCI,finance_costs,Finance cost,EXPENSES,220,0.0,0.0
2026-02,MENA,SCI,general_expenses,General Expenses,EXPENSES,200,11649.5,11649.5
2026-02,MENA,SCI,insurance,Insurance,EXPENSES,160,0.0,0.0
2026-02,MENA,SCI,insurance_commissions,Insurance Commissions,INCOME,40,0.0,-0.0
2026-02,MENA,SCI,it_costs,IT Costs,EXPENSES,110,383120.32,383120.32
2026-02,MENA,SCI,management_expense,Management Expense,EXPENSES,210,0.0,0.0
2026-02,MENA,SCI,motor_vehicle_expenses,Motor Vehicle Expenses,EXPENSES,190,0.0,0.0
2026-02,MENA,SCI,other_income,Other Income,INCOME,70,0.0,-0.0
2026-02,MENA,SCI,pension_admin_fee,Pension Admin Fee,INCOME,20,-14538518.03,14538518.03
2026-02,MENA,SCI,personnel_costs,Personnel Costs,EXPENSES,80,10671087.63,10671087.63
2026-02,MENA,SCI,premises,Premises,EXPENSES,140,1959664.65,1959664.65
2026-02,MENA,SCI,printing_stationery,Printing & Stationery,EXPENSES,130,0.0,0.0
2026-02,MENA,SCI,professional_fees,Professional Fees,EXPENSES,170,810409.02,810409.02
2026-02,MENA,SCI,saas_income,SAAS (Software as a Service),INCOME,50,0.0,-0.0
2026-02,MENA,SCI,taxation,Taxation,EXPENSES,230,0.0,0.0
2026-02,MENA,SCI,travelling,Travelling,EXPENSES,90,91944.31,91944.31
2026-02,MENA,SFP,borrowings,Borrowings,EQUITY AND LIABILITIES,510,0.0,-0.0
2026-02,MENA,SFP,computer_software,Intangible - computer software,ASSETS,250,0.0,0.0
2026-02,MENA,SFP,deferred_tax,Deferred tax,ASSETS,310,0.0,0.0
2026-02,MENA,SFP,deposit_for_investment_in_subsidiary,Deposit for investment in subsidiary,ASSETS,290,0.0,0.0
2026-02,MENA,SFP,deposits,Cash - Deposits,ASSETS,380,0.0,0.0
2026-02,MENA,SFP,due_from_to_related_parties,Due from/to related parties,ASSETS,350,0.0,0.0
2026-02,MENA,SFP,goodwill,Intangible - goodwill,ASSETS,260,0.0,0.0
2026-02,MENA,SFP,investment_in_associate,Investment in associate,ASSETS,270,0.0,0.0
2026-02,MENA,SFP,investment_unquoted_equity,Investment in unquoted equity securities,ASSETS,280,0.0,0.0
2026-02,MENA,SFP,net_profit,Net Profit (derived),EQUITY AND LIABILITIES,460,34503.65,-34503.65
2026-02,MENA,SFP,non_controlling_interests,Non-controlling interests,EQUITY AND LIABILITIES,470,-66562352.15,66562352.15
2026-02,MENA,SFP,office_cash,Cash - Office Cash,ASSETS,360,8314946.05,8314946.05
2026-02,MENA,SFP,other_receivables,Other Receivables,ASSETS,340,7895466.8,7895466.8
2026-02,MENA,SFP,placements,Cash - Placements,ASSETS,390,0.0,0.0
2026-02,MENA,SFP,ppe,"Property, Plant and Equipment",ASSETS,240,1310508.14,1310508.14
2026-02,MENA,SFP,premium_payable,Premium payable,EQUITY AND LIABILITIES,500,0.0,-0.0
2026-02,MENA,SFP,premium_receivables,Premium Receivables,ASSETS,330,0.0,0.0
2026-02,MENA,SFP,proposed_dividend,Proposed dividend,EQUITY AND LIABILITIES,440,0.0,-0.0
2026-02,MENA,SFP,retained_earnings,Retained earnings,EQUITY AND LIABILITIES,450,38435171.97,-38435171.97
2026-02,MENA,SFP,share_capital,Share capital,EQUITY AND LIABILITIES,420,-69493036.22,69493036.22
2026-02,MENA,SFP,tax_recoverable,Tax recoverable,ASSETS,400,0.0,0.0
2026-02,MENA,SFP,trade_and_other_payables,Trade and other payables,EQUITY AND LIABILITIES,480,-11879101.3,11879101.3
2026-02,MENA,SFP,trade_receivables,Trade Receivables (Debtors),ASSETS,320,91943873.41,91943873.41
2026-02,MENA,SFP,translation_reserve,Translation reserve,EQUITY AND LIABILITIES,430,19.65,-19.65
2026-02,NIGERIA,SCI,actuarial_fees,Actuarial Fees,INCOME,10,0.0,-0.0
2026-02,NIGERIA,SCI,advertising_pr,Advertising & PR,EXPENSES,150,0.0,0.0
2026-02,NIGERIA,SCI,communications,Communications,EXPENSES,120,26146.47,26146.47
2026-02,NIGERIA,SCI,depreciation,Depreciation,EXPENSES,180,190680.21,190680.21
2026-02,NIGERIA,SCI,entertainment,Entertainment,EXPENSES,100,14379.61,14379.61
2026-02,NIGERIA,SCI,finance_costs,Finance cost,EXPENSES,220,0.0,0.0
2026-02,NIGERIA,SCI,general_expenses,General Expenses,EXPENSES,200,81720.79,81720.79
2026-02,NIGERIA,SCI,insurance,Insurance,EXPENSES,160,95613.07,95613.07
2026-02,NIGERIA,SCI,insurance_commissions,Insurance Commissions,INCOME,40,0.0,-0.0
2026-02,NIGERIA,SCI,it_costs,IT Costs,EXPENSES,110,80294.85,80294.85
2026-02,NIGERIA,SCI,management_expense,Management Expense,EXPENSES,210,0.0,0.0
2026-02,NIGERIA,SCI,motor_vehicle_expenses,Motor Vehicle Expenses,EXPENSES,190,65811.11,65811.11
2026-02,NIGERIA,SCI,other_income,Other Income,INCOME,70,-324085.37,324085.37
2026-02,NIGERIA,SCI,pension_admin_fee,Pension Admin Fee,INCOME,20,-12728655.9,12728655.9
2026-02,NIGERIA,SCI,personnel_costs,Personnel Costs,EXPENSES,80,5549041.96,5549041.96
2026-02,NIGERIA,SCI,premises,Premises,EXPENSES,140,285036.5,285036.5
2026-02,NIGERIA,SCI,printing_stationery,Printing & Stationery,EXPENSES,130,44781.28,44781.28
2026-02,NIGERIA,SCI,professional_fees,Professional Fees,EXPENSES,170,560528.13,560528.13
2026-02,NIGERIA,SCI,saas_income,SAAS (Software as a Service),INCOME,50,0.0,-0.0
2026-02,NIGERIA,SCI,taxation,Taxation,EXPENSES,230,0.0,0.0
2026-02,NIGERIA,SCI,travelling,Travelling,EXPENSES,90,439156.14,439156.14
2026-02,NIGERIA,SFP,borrowings,Borrowings,EQUITY AND LIABILITIES,510,0.0,-0.0
2026-02,NIGERIA,SFP,computer_software,Intangible - computer software,ASSETS,250,0.0,0.0
2026-02,NIGERIA,SFP,deferred_tax,Deferred tax,ASSETS,310,1640.16,1640.16
2026-02,NIGERIA,SFP,deposit_for_investment_in_subsidiary,Deposit for investment in subsidiary,ASSETS,290,0.0,0.0
2026-02,NIGERIA,SFP,deposits,Cash - Deposits,ASSETS,380,0.0,0.0
2026-02,NIGERIA,SFP,due_from_to_related_parties,Due from/to related parties,ASSETS,350,1290489.66,1290489.66
2026-02,NIGERIA,SFP,goodwill,Intangible - goodwill,ASSETS,260,0.0,0.0
2026-02,NIGERIA,SFP,investment_in_associate,Investment in associate,ASSETS,270,0.0,0.0
2026-02,NIGERIA,SFP,investment_unquoted_equity,Investment in unquoted equity securities,ASSETS,280,1302480.0,1302480.0
2026-02,NIGERIA,SFP,net_profit,Net Profit (derived),EQUITY AND LIABILITIES,460,-5619551.14,5619551.14
2026-02,NIGERIA,SFP,non_controlling_interests,Non-controlling interests,EQUITY AND LIABILITIES,470,0.0,-0.0
2026-02,NIGERIA,SFP,office_cash,Cash - Office Cash,ASSETS,360,2356221.92,2356221.92
2026-02,NIGERIA,SFP,other_receivables,Other Receivables,ASSETS,340,8737892.87,8737892.87
2026-02,NIGERIA,SFP,placements,Cash - Placements,ASSETS,390,0.0,0.0
2026-02,NIGERIA,SFP,ppe,"Property, Plant and Equipment",ASSETS,240,3650159.16,3650159.16
2026-02,NIGERIA,SFP,premium_payable,Premium payable,EQUITY AND LIABILITIES,500,0.0,-0.0
2026-02,NIGERIA,SFP,premium_receivables,Premium Receivables,ASSETS,330,0.0,0.0
2026-02,NIGERIA,SFP,proposed_dividend,Proposed dividend,EQUITY AND LIABILITIES,440,0.0,-0.0
2026-02,NIGERIA,SFP,retained_earnings,Retained earnings,EQUITY AND LIABILITIES,450,-19875571.86,19875571.86
2026-02,NIGERIA,SFP,share_capital,Share capital,EQUITY AND LIABILITIES,420,-6753600.0,6753600.0
2026-02,NIGERIA,SFP,tax_recoverable,Tax recoverable,ASSETS,400,-36359.94,-36359.94
2026-02,NIGERIA,SFP,trade_and_other_payables,Trade and other payables,EQUITY AND LIABILITIES,480,-9702083.34,9702083.34
2026-02,NIGERIA,SFP,trade_receivables,Trade Receivables (Debtors),ASSETS,320,24775633.31,24775633.31
2026-02,NIGERIA,SFP,translation_reserve,Translation reserve,EQUITY AND LIABILITIES,430,-127350.79,127350.79
2026-02,RWANDA,SCI,actuarial_fees,Actuarial Fees,INCOME,10,-431776.16,431776.16
2026-02,RWANDA,SCI,advertising_pr,Advertising & PR,EXPENSES,150,18197.57,18197.57
2026-02,RWANDA,SCI,communications,Communications,EXPENSES,120,206037.56,206037.56
2026-02,RWANDA,SCI,depreciation,Depreciation,EXPENSES,180,583334.04,583334.04
2026-02,RWANDA,SCI,entertainment,Entertainment,EXPENSES,100,15879.29,15879.29
2026-02,RWANDA,SCI,finance_costs,Finance cost,EXPENSES,220,0.0,0.0
2026-02,RWANDA,SCI,general_expenses,General Expenses,EXPENSES,200,218804.41,218804.41
2026-02,RWANDA,SCI,insurance,Insurance,EXPENSES,160,140091.83,140091.83
2026-02,RWANDA,SCI,insurance_commissions,Insurance Commissions,INCOME,40,-7700261.68,7700261.68
2026-02,RWANDA,SCI,it_costs,IT Costs,EXPENSES,110,97604.57,97604.57
2026-02,RWANDA,SCI,management_expense,Management Expense,EXPENSES,210,0.0,0.0
2026-02,RWANDA,SCI,motor_vehicle_expenses,Motor Vehicle Expenses,EXPENSES,190,120514.4,120514.4
2026-02,RWANDA,SCI,other_income,Other Income,INCOME,70,-296401.82,296401.82
2026-02,RWANDA,SCI,pension_admin_fee,Pension Admin Fee,INCOME,20,-157459.24,157459.24
2026-02,RWANDA,SCI,personnel_costs,Personnel Costs,EXPENSES,80,6071709.53,6071709.53
2026-02,RWANDA,SCI,premises,Premises,EXPENSES,140,473590.14,473590.14
2026-02,RWANDA,SCI,printing_stationery,Printing & Stationery,EXPENSES,130,60337.37,60337.37
2026-02,RWANDA,SCI,professional_fees,Professional Fees,EXPENSES,170,469335.99,469335.99
2026-02,RWANDA,SCI,saas_income,SAAS (Software as a Service),INCOME,50,0.0,-0.0
2026-02,RWANDA,SCI,taxation,Taxation,EXPENSES,230,0.0,0.0
2026-02,RWANDA,SCI,travelling,Travelling,EXPENSES,90,453504.71,453504.71
2026-02,RWANDA,SFP,borrowings,Borrowings,EQUITY AND LIABILITIES,510,0.0,-0.0
2026-02,RWANDA,SFP,computer_software,Intangible - computer software,ASSETS,250,3546023.9,3546023.9
2026-02,RWANDA,SFP,deferred_tax,Deferred tax,ASSETS,310,-360174.76,-360174.76
2026-02,RWANDA,SFP,deposit_for_investment_in_subsidiary,Deposit for investment in subsidiary,ASSETS,290,0.0,0.0
2026-02,RWANDA,SFP,deposits,Cash - Deposits,ASSETS,380,13286093.85,13286093.85
2026-02,RWANDA,SFP,due_from_to_related_parties,Due from/to related parties,ASSETS,350,-1363435.87,-1363435.87
2026-02,RWANDA,SFP,goodwill,Intangible - goodwill,ASSETS,260,0.0,0.0
2026-02,RWANDA,SFP,investment_in_associate,Investment in associate,ASSETS,270,0.0,0.0
2026-02,RWANDA,SFP,investment_unquoted_equity,Investment in unquoted equity securities,ASSETS,280,0.0,0.0
2026-02,RWANDA,SFP,net_profit,Net Profit (derived),EQUITY AND LIABILITIES,460,343042.52,-343042.52
2026-02,RWANDA,SFP,non_controlling_interests,Non-controlling interests,EQUITY AND LIABILITIES,470,0.0,-0.0
2026-02,RWANDA,SFP,office_cash,Cash - Office Cash,ASSETS,360,23564319.86,23564319.86
2026-02,RWANDA,SFP,other_receivables,Other Receivables,ASSETS,340,2979231.97,2979231.97
2026-02,RWANDA,SFP,placements,Cash - Placements,ASSETS,390,0.0,0.0
2026-02,RWANDA,SFP,ppe,"Property, Plant and Equipment",ASSETS,240,9292884.56,9292884.56
2026-02,RWANDA,SFP,premium_payable,Premium payable,EQUITY AND LIABILITIES,500,0.0,-0.0
2026-02,RWANDA,SFP,premium_receivables,Premium Receivables,ASSETS,330,0.0,0.0
2026-02,RWANDA,SFP,proposed_dividend,Proposed dividend,EQUITY AND LIABILITIES,440,0.0,-0.0
2026-02,RWANDA,SFP,retained_earnings,Retained earnings,EQUITY AND LIABILITIES,450,-1801609.03,1801609.03
2026-02,RWANDA,SFP,share_capital,Share capital,EQUITY AND LIABILITIES,420,-51307445.47,51307445.47
2026-02,RWANDA,SFP,tax_recoverable,Tax recoverable,ASSETS,400,-1004378.47,-1004378.47
2026-02,RWANDA,SFP,trade_and_other_payables,Trade and other payables,EQUITY AND LIABILITIES,480,-4047246.05,4047246.05
2026-02,RWANDA,SFP,trade_receivables,Trade Receivables (Debtors),ASSETS,320,6873301.75,6873301.75
2026-02,RWANDA,SFP,translation_reserve,Translation reserve,EQUITY AND LIABILITIES,430,-608.77,608.77
2026-02,ZAAC,SCI,actuarial_fees,Actuarial Fees,INCOME,10,-68449055.62,68449055.62
2026-02,ZAAC,SCI,advertising_pr,Advertising & PR,EXPENSES,150,2723347.14,2723347.14
2026-02,ZAAC,SCI,communications,Communications,EXPENSES,120,448110.24,448110.24
2026-02,ZAAC,SCI,depreciation,Depreciation,EXPENSES,180,6831361.25,6831361.25
2026-02,ZAAC,SCI,entertainment,Entertainment,EXPENSES,100,778142.6,778142.6
2026-02,ZAAC,SCI,finance_costs,Finance cost,EXPENSES,220,110409.93,110409.93
2026-02,ZAAC,SCI,general_expenses,General Expenses,EXPENSES,200,1850845.08,1850845.08
2026-02,ZAAC,SCI,insurance,Insurance,EXPENSES,160,2743356.43,2743356.43
2026-02,ZAAC,SCI,insurance_commissions,Insurance Commissions,INCOME,40,0.0,-0.0
2026-02,ZAAC,SCI,it_costs,IT Costs,EXPENSES,110,3572802.87,3572802.87
2026-02,ZAAC,SCI,management_expense,Management Expense,EXPENSES,210,0.0,0.0
2026-02,ZAAC,SCI,motor_vehicle_expenses,Motor Vehicle Expenses,EXPENSES,190,1298409.4,1298409.4
2026-02,ZAAC,SCI,other_income,Other Income,INCOME,70,-4765612.0,4765612.0
2026-02,ZAAC,SCI,pension_admin_fee,Pension Admin Fee,INCOME,20,-77041761.17,77041761.17
2026-02,ZAAC,SCI,personnel_costs,Personnel Costs,EXPENSES,80,109409173.55,109409173.55
2026-02,ZAAC,SCI,premises,Premises,EXPENSES,140,6690008.03,6690008.03
2026-02,ZAAC,SCI,printing_stationery,Printing & Stationery,EXPENSES,130,570018.91,570018.91
2026-02,ZAAC,SCI,professional_fees,Professional Fees,EXPENSES,170,5760450.79,5760450.79
2026-02,ZAAC,SCI,retail_income,Retail,INCOME,60,-19138509.5,19138509.5
2026-02,ZAAC,SCI,saas_income,SAAS (Software as a Service),INCOME,50,-5103347.0,5103347.0
2026-02,ZAAC,SCI,taxation,Taxation,EXPENSES,230,21909338.32,21909338.32
2026-02,ZAAC,SCI,travelling,Travelling,EXPENSES,90,2540883.33,2540883.33
2026-02,ZAAC,SCI,umbrella_fund,Umbrella Fund,INCOME,30,-43860042.0,43860042.0
2026-02,ZAAC,SFP,accrued_income,Accrued Income,ASSETS,410,171797159.43,171797159.43
2026-02,ZAAC,SFP,borrowings,Borrowings,EQUITY AND LIABILITIES,510,0.43,-0.43
2026-02,ZAAC,SFP,computer_software,Intangible - computer software,ASSETS,250,22525357.28,22525357.28
2026-02,ZAAC,SFP,deferred_tax,Deferred tax,ASSETS,310,15764930.24,15764930.24
2026-02,ZAAC,SFP,deposit_for_investment_in_subsidiary,Deposit for investment in subsidiary,ASSETS,290,36808446.31,36808446.31
2026-02,ZAAC,SFP,due_from_to_related_parties,Due from/to related parties,ASSETS,350,160659933.4,160659933.4
2026-02,ZAAC,SFP,goodwill,Intangible - goodwill,ASSETS,260,3771579.6,3771579.6
2026-02,ZAAC,SFP,investment_in_associate,Investment in associate,ASSETS,270,0.0,0.0
2026-02,ZAAC,SFP,investment_unquoted_equity,Investment in unquoted equity securities,ASSETS,280,0.0,0.0
2026-02,ZAAC,SFP,net_profit,Net Profit (derived),EQUITY AND LIABILITIES,460,-51121669.42,51121669.42
2026-02,ZAAC,SFP,non_controlling_interests,Non-controlling interests,EQUITY AND LIABILITIES,470,0.0,-0.0
2026-02,ZAAC,SFP,office_cash,Cash - Office Cash,ASSETS,360,76295631.5,76295631.5
2026-02,ZAAC,SFP,other_receivables,Other Receivables,ASSETS,340,46314100.36,46314100.36
2026-02,ZAAC,SFP,placements,Cash - Placements,ASSETS,390,19911431.83,19911431.83
2026-02,ZAAC,SFP,ppe,"Property, Plant and Equipment",ASSETS,240,99214380.27,99214380.27
2026-02,ZAAC,SFP,premium_payable,Premium payable,EQUITY AND LIABILITIES,500,0.0,-0.0
2026-02,ZAAC,SFP,premium_receivables,Premium Receivables,ASSETS,330,0.0,0.0
2026-02,ZAAC,SFP,proposed_dividend,Proposed dividend,EQUITY AND LIABILITIES,440,0.0,-0.0
2026-02,ZAAC,SFP,retained_earnings,Retained earnings,EQUITY AND LIABILITIES,450,-1021890949.75,1021890949.75
2026-02,ZAAC,SFP,share_capital,Share capital,EQUITY AND LIABILITIES,420,-25000000.0,25000000.0
2026-02,ZAAC,SFP,tax_recoverable,Tax recoverable,ASSETS,400,-2492275.01,-2492275.01
2026-02,ZAAC,SFP,trade_and_other_payables,Trade and other payables,EQUITY AND LIABILITIES,480,-92789351.91,92789351.91
2026-02,ZAAC,SFP,trade_receivables,Trade Receivables (Debtors),ASSETS,320,540231295.44,540231295.44
2026-02,ZAAC,SFP,translation_reserve,Translation reserve,EQUITY AND LIABILITIES,430,0.0,-0.0
2026-02,ZAMRE,SCI,actuarial_fees,Actuarial Fees,INCOME,10,0.0,-0.0
2026-02,ZAMRE,SCI,advertising_pr,Advertising & PR,EXPENSES,150,44239.87,44239.87
2026-02,ZAMRE,SCI,communications,Communications,EXPENSES,120,3137.0,3137.0
2026-02,ZAMRE,SCI,depreciation,Depreciation,EXPENSES,180,0.0,0.0
2026-02,ZAMRE,SCI,entertainment,Entertainment,EXPENSES,100,50986.8,50986.8
2026-02,ZAMRE,SCI,finance_costs,Finance cost,EXPENSES,220,24412.0,24412.0
2026-02,ZAMRE,SCI,general_expenses,General Expenses,EXPENSES,200,165439.85,165439.85
2026-02,ZAMRE,SCI,insurance,Insurance,EXPENSES,160,0.0,0.0
2026-02,ZAMRE,SCI,insurance_commissions,Insurance Commissions,INCOME,40,-14008899.93,14008899.93
2026-02,ZAMRE,SCI,it_costs,IT Costs,EXPENSES,110,0.0,0.0
2026-02,ZAMRE,SCI,management_expense,Management Expense,EXPENSES,210,0.0,0.0
2026-02,ZAMRE,SCI,motor_vehicle_expenses,Motor Vehicle Expenses,EXPENSES,190,56562.76,56562.76
2026-02,ZAMRE,SCI,other_income,Other Income,INCOME,70,-182351.23,182351.23
2026-02,ZAMRE,SCI,personnel_costs,Personnel Costs,EXPENSES,80,5628487.74,5628487.74
2026-02,ZAMRE,SCI,premises,Premises,EXPENSES,140,20591.73,20591.73
2026-02,ZAMRE,SCI,printing_stationery,Printing & Stationery,EXPENSES,130,11127.06,11127.06
2026-02,ZAMRE,SCI,professional_fees,Professional Fees,EXPENSES,170,0.0,0.0
2026-02,ZAMRE,SCI,saas_income,SAAS (Software as a Service),INCOME,50,0.0,-0.0
2026-02,ZAMRE,SCI,taxation,Taxation,EXPENSES,230,2387609.5,2387609.5
2026-02,ZAMRE,SCI,travelling,Travelling,EXPENSES,90,227568.0,227568.0
2026-02,ZAMRE,SFP,borrowings,Borrowings,EQUITY AND LIABILITIES,510,0.0,-0.0
2026-02,ZAMRE,SFP,client_cash,Cash - Client Cash,ASSETS,370,45182117.01,45182117.01
2026-02,ZAMRE,SFP,computer_software,Intangible - computer software,ASSETS,250,4408000.0,4408000.0
2026-02,ZAMRE,SFP,deferred_tax,Deferred tax,ASSETS,310,0.0,0.0
2026-02,ZAMRE,SFP,deposit_for_investment_in_subsidiary,Deposit for investment in subsidiary,ASSETS,290,0.0,0.0
2026-02,ZAMRE,SFP,deposits,Cash - Deposits,ASSETS,380,38160000.0,38160000.0
2026-02,ZAMRE,SFP,due_from_to_related_parties,Due from/to related parties,ASSETS,350,-47133768.53,-47133768.53
2026-02,ZAMRE,SFP,goodwill,Intangible - goodwill,ASSETS,260,0.0,0.0
2026-02,ZAMRE,SFP,investment_in_associate,Investment in associate,ASSETS,270,0.0,0.0
2026-02,ZAMRE,SFP,investment_unquoted_equity,Investment in unquoted equity securities,ASSETS,280,0.0,0.0
2026-02,ZAMRE,SFP,net_profit,Net Profit (derived),EQUITY AND LIABILITIES,460,-5571088.85,5571088.85
2026-02,ZAMRE,SFP,non_controlling_interests,Non-controlling interests,EQUITY AND LIABILITIES,470,0.0,-0.0
2026-02,ZAMRE,SFP,office_cash,Cash - Office Cash,ASSETS,360,2626690.54,2626690.54
2026-02,ZAMRE,SFP,other_receivables,Other Receivables,ASSETS,340,54010.35,54010.35
2026-02,ZAMRE,SFP,ppe,"Property, Plant and Equipment",ASSETS,240,0.0,0.0
2026-02,ZAMRE,SFP,premium_payable,Premium payable,EQUITY AND LIABILITIES,500,-172542005.16,172542005.16
2026-02,ZAMRE,SFP,premium_receivables,Premium Receivables,ASSETS,330,125392104.85,125392104.85
2026-02,ZAMRE,SFP,proposed_dividend,Proposed dividend,EQUITY AND LIABILITIES,440,0.0,-0.0
2026-02,ZAMRE,SFP,retained_earnings,Retained earnings,EQUITY AND LIABILITIES,450,-5224564.6,5224564.6
2026-02,ZAMRE,SFP,share_capital,Share capital,EQUITY AND LIABILITIES,420,-5000000.0,5000000.0
2026-02,ZAMRE,SFP,tax_recoverable,Tax recoverable,ASSETS,400,-4626708.61,-4626708.61
2026-02,ZAMRE,SFP,trade_and_other_payables,Trade and other payables,EQUITY AND LIABILITIES,480,0.0,-0.0
2026-02,ZAMRE,SFP,trade_receivables,Trade Receivables (Debtors),ASSETS,320,24275213.0,24275213.0
2026-02,ZAMRE,SFP,translation_reserve,Translation reserve,EQUITY AND LIABILITIES,430,0.0,-0.0
2026-02,ZARIB,SCI,actuarial_fees,Actuarial Fees,INCOME,10,0.0,-0.0
2026-02,ZARIB,SCI,advertising_pr,Advertising & PR,EXPENSES,150,580740.69,580740.69
2026-02,ZARIB,SCI,communications,Communications,EXPENSES,120,704751.74,704751.74
2026-02,ZARIB,SCI,depreciation,Depreciation,EXPENSES,180,4268181.96,4268181.96
2026-02,ZARIB,SCI,entertainment,Entertainment,EXPENSES,100,3009855.17,3009855.17
2026-02,ZARIB,SCI,finance_costs,Finance cost,EXPENSES,220,188768.6,188768.6
2026-02,ZARIB,SCI,general_expenses,General Expenses,EXPENSES,200,3729457.0,3729457.0
2026-02,ZARIB,SCI,insurance,Insurance,EXPENSES,160,2275226.66,2275226.66
2026-02,ZARIB,SCI,insurance_commissions,Insurance Commissions,INCOME,40,-513772902.97,513772902.97
2026-02,ZARIB,SCI,it_costs,IT Costs,EXPENSES,110,1514010.69,1514010.69
2026-02,ZARIB,SCI,management_expense,Management Expense,EXPENSES,210,0.0,0.0
2026-02,ZARIB,SCI,motor_vehicle_expenses,Motor Vehicle Expenses,EXPENSES,190,1509355.46,1509355.46
2026-02,ZARIB,SCI,other_income,Other Income,INCOME,70,-5556851.33,5556851.33
2026-02,ZARIB,SCI,personnel_costs,Personnel Costs,EXPENSES,80,51161172.66,51161172.66
2026-02,ZARIB,SCI,premises,Premises,EXPENSES,140,7890452.16,7890452.16
2026-02,ZARIB,SCI,printing_stationery,Printing & Stationery,EXPENSES,130,379811.15,379811.15
2026-02,ZARIB,SCI,professional_fees,Professional Fees,EXPENSES,170,1619308.36,1619308.36
2026-02,ZARIB,SCI,saas_income,SAAS (Software as a Service),INCOME,50,0.0,-0.0
2026-02,ZARIB,SCI,taxation,Taxation,EXPENSES,230,133030620.72,133030620.72
2026-02,ZARIB,SCI,travelling,Travelling,EXPENSES,90,938552.0,938552.0
2026-02,ZARIB,SFP,borrowings,Borrowings,EQUITY AND LIABILITIES,510,0.0,-0.0
2026-02,ZARIB,SFP,client_cash,Cash - Client Cash,ASSETS,370,347351768.66,347351768.66
2026-02,ZARIB,SFP,computer_software,Intangible - computer software,ASSETS,250,16888695.68,16888695.68
2026-02,ZARIB,SFP,deferred_tax,Deferred tax,ASSETS,310,31050038.23,31050038.23
2026-02,ZARIB,SFP,deposit_for_investment_in_subsidiary,Deposit for investment in subsidiary,ASSETS,290,1060688.0,1060688.0
2026-02,ZARIB,SFP,deposits,Cash - Deposits,ASSETS,380,421793557.23,421793557.23
2026-02,ZARIB,SFP,due_from_to_related_parties,Due from/to related parties,ASSETS,350,329405302.38,329405302.38
2026-02,ZARIB,SFP,goodwill,Intangible - goodwill,ASSETS,260,0.0,0.0
2026-02,ZARIB,SFP,investment_in_associate,Investment in associate,ASSETS,270,0.0,0.0
2026-02,ZARIB,SFP,investment_unquoted_equity,Investment in unquoted equity securities,ASSETS,280,0.0,0.0
2026-02,ZARIB,SFP,net_profit,Net Profit (derived),EQUITY AND LIABILITIES,460,-306529489.28,306529489.28
2026-02,ZARIB,SFP,non_controlling_interests,Non-controlling interests,EQUITY AND LIABILITIES,470,0.0,-0.0
2026-02,ZARIB,SFP,office_cash,Cash - Office Cash,ASSETS,360,99829060.32,99829060.32
2026-02,ZARIB,SFP,other_receivables,Other Receivables,ASSETS,340,-34348729.68,-34348729.68
2026-02,ZARIB,SFP,placements,Cash - Placements,ASSETS,390,129512975.91,129512975.91
2026-02,ZARIB,SFP,ppe,"Property, Plant and Equipment",ASSETS,240,66897548.65,66897548.65
2026-02,ZARIB,SFP,premium_payable,Premium payable,EQUITY AND LIABILITIES,500,-1651388968.87,1651388968.87
2026-02,ZARIB,SFP,premium_receivables,Premium Receivables,ASSETS,330,1504822858.5,1504822858.5
2026-02,ZARIB,SFP,proposed_dividend,Proposed dividend,EQUITY AND LIABILITIES,440,0.0,-0.0
2026-02,ZARIB,SFP,retained_earnings,Retained earnings,EQUITY AND LIABILITIES,450,-1155073703.75,1155073703.75
2026-02,ZARIB,SFP,share_capital,Share capital,EQUITY AND LIABILITIES,420,-33360000.0,33360000.0
2026-02,ZARIB,SFP,tax_recoverable,Tax recoverable,ASSETS,400,-117135968.94,-117135968.94
2026-02,ZARIB,SFP,trade_and_other_payables,Trade and other payables,EQUITY AND LIABILITIES,480,-59684097.34,59684097.34
2026-02,ZARIB,SFP,trade_receivables,Trade Receivables (Debtors),ASSETS,320,409667315.24,409667315.24
2026-02,ZARIB,SFP,translation_reserve,Translation reserve,EQUITY AND LIABILITIES,430,-758850.95,758850.95
2026-02,ZATL,SCI,actuarial_fees,Actuarial Fees,INCOME,10,-2081397.27,2081397.27
2026-02,ZATL,SCI,advertising_pr,Advertising & PR,EXPENSES,150,0.0,0.0
2026-02,ZATL,SCI,communications,Communications,EXPENSES,120,69838.34,69838.34
2026-02,ZATL,SCI,depreciation,Depreciation,EXPENSES,180,22512.19,22512.19
2026-02,ZATL,SCI,entertainment,Entertainment,EXPENSES,100,0.0,0.0
2026-02,ZATL,SCI,finance_costs,Finance cost,EXPENSES,220,0.0,0.0
2026-02,ZATL,SCI,general_expenses,General Expenses,EXPENSES,200,107194.66,107194.66
2026-02,ZATL,SCI,insurance,Insurance,EXPENSES,160,68002.29,68002.29
2026-02,ZATL,SCI,insurance_commissions,Insurance Commissions,INCOME,40,0.0,-0.0
2026-02,ZATL,SCI,it_costs,IT Costs,EXPENSES,110,1386.65,1386.65
2026-02,ZATL,SCI,management_expense,Management Expense,EXPENSES,210,221872.86,221872.86
2026-02,ZATL,SCI,motor_vehicle_expenses,Motor Vehicle Expenses,EXPENSES,190,11639.72,11639.72
2026-02,ZATL,SCI,other_income,Other Income,INCOME,70,-2433.75,2433.75
2026-02,ZATL,SCI,personnel_costs,Personnel Costs,EXPENSES,80,1071285.43,1071285.43
2026-02,ZATL,SCI,premises,Premises,EXPENSES,140,163057.36,163057.36
2026-02,ZATL,SCI,printing_stationery,Printing & Stationery,EXPENSES,130,63158.15,63158.15
2026-02,ZATL,SCI,professional_fees,Professional Fees,EXPENSES,170,63259.37,63259.37
2026-02,ZATL,SCI,saas_income,SAAS (Software as a Service),INCOME,50,0.0,-0.0
2026-02,ZATL,SCI,taxation,Taxation,EXPENSES,230,0.0,0.0
2026-02,ZATL,SCI,travelling,Travelling,EXPENSES,90,0.0,0.0
2026-02,ZATL,SFP,borrowings,Borrowings,EQUITY AND LIABILITIES,510,0.0,-0.0
2026-02,ZATL,SFP,computer_software,Intangible - computer software,ASSETS,250,0.0,0.0
2026-02,ZATL,SFP,deferred_tax,Deferred tax,ASSETS,310,-22547.07,-22547.07
2026-02,ZATL,SFP,deposit_for_investment_in_subsidiary,Deposit for investment in subsidiary,ASSETS,290,0.0,0.0
2026-02,ZATL,SFP,deposits,Cash - Deposits,ASSETS,380,505050.51,505050.51
2026-02,ZATL,SFP,due_from_to_related_parties,Due from/to related parties,ASSETS,350,3063456.01,3063456.01
2026-02,ZATL,SFP,goodwill,Intangible - goodwill,ASSETS,260,0.0,0.0
2026-02,ZATL,SFP,investment_in_associate,Investment in associate,ASSETS,270,0.0,0.0
2026-02,ZATL,SFP,investment_unquoted_equity,Investment in unquoted equity securities,ASSETS,280,0.0,0.0
2026-02,ZATL,SFP,net_profit,Net Profit (derived),EQUITY AND LIABILITIES,460,-220623.99,220623.99
2026-02,ZATL,SFP,non_controlling_interests,Non-controlling interests,EQUITY AND LIABILITIES,470,0.0,-0.0
2026-02,ZATL,SFP,office_cash,Cash - Office Cash,ASSETS,360,937508.35,937508.35
2026-02,ZATL,SFP,other_receivables,Other Receivables,ASSETS,340,180388.99,180388.99
2026-02,ZATL,SFP,placements,Cash - Placements,ASSETS,390,0.0,0.0
2026-02,ZATL,SFP,ppe,"Property, Plant and Equipment",ASSETS,240,326333.43,326333.43
2026-02,ZATL,SFP,premium_payable,Premium payable,EQUITY AND LIABILITIES,500,0.0,-0.0
2026-02,ZATL,SFP,premium_receivables,Premium Receivables,ASSETS,330,0.0,0.0
2026-02,ZATL,SFP,proposed_dividend,Proposed dividend,EQUITY AND LIABILITIES,440,0.0,-0.0
2026-02,ZATL,SFP,retained_earnings,Retained earnings,EQUITY AND LIABILITIES,450,7609520.82,-7609520.82
2026-02,ZATL,SFP,share_capital,Share capital,EQUITY AND LIABILITIES,420,-5070419.24,5070419.24
2026-02,ZATL,SFP,tax_recoverable,Tax recoverable,ASSETS,400,1340434.93,1340434.93
2026-02,ZATL,SFP,trade_and_other_payables,Trade and other payables,EQUITY AND LIABILITIES,480,-1390874.5,1390874.5
2026-02,ZATL,SFP,trade_receivables,Trade Receivables (Debtors),ASSETS,320,2822421.22,2822421.22
2026-02,ZATL,SFP,translation_reserve,Translation reserve,EQUITY AND LIABILITIES,430,-10080649.45,10080649.45
2026-02,ZHL,SCI,actuarial_fees,Actuarial Fees,INCOME,10,0.0,-0.0
2026-02,ZHL,SCI,advertising_pr,Advertising & PR,EXPENSES,150,0.0,0.0
2026-02,ZHL,SCI,communications,Communications,EXPENSES,120,0.0,0.0
2026-02,ZHL,SCI,depreciation,Depreciation,EXPENSES,180,0.0,0.0
2026-02,ZHL,SCI,entertainment,Entertainment,EXPENSES,100,0.0,0.0
2026-02,ZHL,SCI,finance_costs,Finance cost,EXPENSES,220,0.0,0.0
2026-02,ZHL,SCI,general_expenses,General Expenses,EXPENSES,200,1440.0,1440.0
2026-02,ZHL,SCI,insurance,Insurance,EXPENSES,160,0.0,0.0
2026-02,ZHL,SCI,insurance_commissions,Insurance Commissions,INCOME,40,0.0,-0.0
2026-02,ZHL,SCI,it_costs,IT Costs,EXPENSES,110,0.0,0.0
2026-02,ZHL,SCI,management_expense,Management Expense,EXPENSES,210,0.0,0.0
2026-02,ZHL,SCI,motor_vehicle_expenses,Motor Vehicle Expenses,EXPENSES,190,0.0,0.0
2026-02,ZHL,SCI,other_income,Other Income,INCOME,70,-53463.6,53463.6
2026-02,ZHL,SCI,personnel_costs,Personnel Costs,EXPENSES,80,0.0,0.0
2026-02,ZHL,SCI,premises,Premises,EXPENSES,140,0.0,0.0
2026-02,ZHL,SCI,printing_stationery,Printing & Stationery,EXPENSES,130,0.0,0.0
2026-02,ZHL,SCI,professional_fees,Professional Fees,EXPENSES,170,308333.34,308333.34
2026-02,ZHL,SCI,saas_income,SAAS (Software as a Service),INCOME,50,0.0,-0.0
2026-02,ZHL,SCI,taxation,Taxation,EXPENSES,230,0.0,0.0
2026-02,ZHL,SCI,travelling,Travelling,EXPENSES,90,0.0,0.0
2026-02,ZHL,SFP,borrowings,Borrowings,EQUITY AND LIABILITIES,510,0.0,-0.0
2026-02,ZHL,SFP,computer_software,Intangible - computer software,ASSETS,250,0.0,0.0
2026-02,ZHL,SFP,deferred_tax,Deferred tax,ASSETS,310,0.0,0.0
2026-02,ZHL,SFP,deposit_for_investment_in_subsidiary,Deposit for investment in subsidiary,ASSETS,290,1278387321.58,1278387321.58
2026-02,ZHL,SFP,deposits,Cash - Deposits,ASSETS,380,4500000.0,4500000.0
2026-02,ZHL,SFP,due_from_to_related_parties,Due from/to related parties,ASSETS,350,-248414988.8,-248414988.8
2026-02,ZHL,SFP,goodwill,Intangible - goodwill,ASSETS,260,0.0,0.0
2026-02,ZHL,SFP,investment_in_associate,Investment in associate,ASSETS,270,15969831.66,15969831.66
2026-02,ZHL,SFP,investment_unquoted_equity,Investment in unquoted equity securities,ASSETS,280,0.0,0.0
2026-02,ZHL,SFP,net_profit,Net Profit (derived),EQUITY AND LIABILITIES,460,256309.74,-256309.74
2026-02,ZHL,SFP,non_controlling_interests,Non-controlling interests,EQUITY AND LIABILITIES,470,0.0,-0.0
2026-02,ZHL,SFP,office_cash,Cash - Office Cash,ASSETS,360,5002806.1,5002806.1
2026-02,ZHL,SFP,other_receivables,Other Receivables,ASSETS,340,350685.52,350685.52
2026-02,ZHL,SFP,placements,Cash - Placements,ASSETS,390,0.0,0.0
2026-02,ZHL,SFP,ppe,"Property, Plant and Equipment",ASSETS,240,0.0,0.0
2026-02,ZHL,SFP,premium_payable,Premium payable,EQUITY AND LIABILITIES,500,0.0,-0.0
2026-02,ZHL,SFP,premium_receivables,Premium Receivables,ASSETS,330,0.0,0.0
2026-02,ZHL,SFP,proposed_dividend,Proposed dividend,EQUITY AND LIABILITIES,440,0.0,-0.0
2026-02,ZHL,SFP,retained_earnings,Retained earnings,EQUITY AND LIABILITIES,450,-30127713.66,30127713.66
2026-02,ZHL,SFP,share_capital,Share capital,EQUITY AND LIABILITIES,420,-10000000.0,10000000.0
2026-02,ZHL,SFP,tax_recoverable,Tax recoverable,ASSETS,400,252358.94,252358.94
2026-02,ZHL,SFP,trade_and_other_payables,Trade and other payables,EQUITY AND LIABILITIES,480,-1016176612.08,1016176612.08
2026-02,ZHL,SFP,trade_receivables,Trade Receivables (Debtors),ASSETS,320,1.0,1.0
2026-02,ZHL,SFP,translation_reserve,Translation reserve,EQUITY AND LIABILITIES,430,0.0,-0.0
2026-03,C&P,SCI,actuarial_fees,Actuarial Fees,INCOME,10,0.0,-0.0
2026-03,C&P,SCI,advertising_pr,Advertising & PR,EXPENSES,150,0.0,0.0
2026-03,C&P,SCI,communications,Communications,EXPENSES,120,0.0,0.0
2026-03,C&P,SCI,depreciation,Depreciation,EXPENSES,180,0.0,0.0
2026-03,C&P,SCI,entertainment,Entertainment,EXPENSES,100,0.0,0.0
2026-03,C&P,SCI,finance_costs,Finance cost,EXPENSES,220,0.0,0.0
2026-03,C&P,SCI,general_expenses,General Expenses,EXPENSES,200,1751734.01,1751734.01
2026-03,C&P,SCI,insurance,Insurance,EXPENSES,160,1043385.24,1043385.24
2026-03,C&P,SCI,insurance_commissions,Insurance Commissions,INCOME,40,-49812.2,49812.2
2026-03,C&P,SCI,it_costs,IT Costs,EXPENSES,110,0.0,0.0
2026-03,C&P,SCI,management_expense,Management Expense,EXPENSES,210,0.0,0.0
2026-03,C&P,SCI,motor_vehicle_expenses,Motor Vehicle Expenses,EXPENSES,190,0.0,0.0
2026-03,C&P,SCI,other_income,Other Income,INCOME,70,0.0,-0.0
2026-03,C&P,SCI,pension_admin_fee,Pension Admin Fee,INCOME,20,-12183190.24,12183190.24
2026-03,C&P,SCI,personnel_costs,Personnel Costs,EXPENSES,80,0.0,0.0
2026-03,C&P,SCI,premises,Premises,EXPENSES,140,0.0,0.0
2026-03,C&P,SCI,printing_stationery,Printing & Stationery,EXPENSES,130,0.0,0.0
2026-03,C&P,SCI,professional_fees,Professional Fees,EXPENSES,170,859649.99,859649.99
2026-03,C&P,SCI,saas_income,SAAS (Software as a Service),INCOME,50,0.0,-0.0
2026-03,C&P,SCI,taxation,Taxation,EXPENSES,230,2573469.96,2573469.96
2026-03,C&P,SCI,travelling,Travelling,EXPENSES,90,0.0,0.0
2026-03,C&P,SFP,accrued_income,Accrued Income,ASSETS,410,12183190.24,12183190.24
2026-03,C&P,SFP,borrowings,Borrowings,EQUITY AND LIABILITIES,510,0.0,-0.0
2026-03,C&P,SFP,computer_software,Intangible - computer software,ASSETS,250,0.0,0.0
2026-03,C&P,SFP,deferred_tax,Deferred tax,ASSETS,310,4287361.0,4287361.0
2026-03,C&P,SFP,deposit_for_investment_in_subsidiary,Deposit for investment in subsidiary,ASSETS,290,0.0,0.0
2026-03,C&P,SFP,deposits,Cash - Deposits,ASSETS,380,22284303.0,22284303.0
2026-03,C&P,SFP,due_from_to_related_parties,Due from/to related parties,ASSETS,350,94390230.57,94390230.57
2026-03,C&P,SFP,goodwill,Intangible - goodwill,ASSETS,260,0.0,0.0
2026-03,C&P,SFP,investment_in_associate,Investment in associate,ASSETS,270,0.0,0.0
2026-03,C&P,SFP,investment_unquoted_equity,Investment in unquoted equity securities,ASSETS,280,0.0,0.0
2026-03,C&P,SFP,net_profit,Net Profit (derived),EQUITY AND LIABILITIES,460,-6004763.24,6004763.24
2026-03,C&P,SFP,non_controlling_interests,Non-controlling interests,EQUITY AND LIABILITIES,470,0.0,-0.0
2026-03,C&P,SFP,office_cash,Cash - Office Cash,ASSETS,360,1455540.83,1455540.83
2026-03,C&P,SFP,other_receivables,Other Receivables,ASSETS,340,-8150765.58,-8150765.58
2026-03,C&P,SFP,placements,Cash - Placements,ASSETS,390,695590.6,695590.6
2026-03,C&P,SFP,ppe,"Property, Plant and Equipment",ASSETS,240,0.0,0.0
2026-03,C&P,SFP,premium_payable,Premium payable,EQUITY AND LIABILITIES,500,0.0,-0.0
2026-03,C&P,SFP,premium_receivables,Premium Receivables,ASSETS,330,0.0,0.0
2026-03,C&P,SFP,proposed_dividend,Proposed dividend,EQUITY AND LIABILITIES,440,0.0,-0.0
2026-03,C&P,SFP,retained_earnings,Retained earnings,EQUITY AND LIABILITIES,450,-133494469.71,133494469.71
2026-03,C&P,SFP,share_capital,Share capital,EQUITY AND LIABILITIES,420,-25000000.0,25000000.0
2026-03,C&P,SFP,tax_recoverable,Tax recoverable,ASSETS,400,-1688303.96,-1688303.96
2026-03,C&P,SFP,trade_and_other_payables,Trade and other payables,EQUITY AND LIABILITIES,480,-6383627.17,6383627.17
2026-03,C&P,SFP,trade_receivables,Trade Receivables (Debtors),ASSETS,320,45425713.42,45425713.42
2026-03,C&P,SFP,translation_reserve,Translation reserve,EQUITY AND LIABILITIES,430,0.0,-0.0
2026-03,DRC,SCI,actuarial_fees,Actuarial Fees,INCOME,10,0.0,-0.0
2026-03,DRC,SCI,advertising_pr,Advertising & PR,EXPENSES,150,2326069.43,2326069.43
2026-03,DRC,SCI,communications,Communications,EXPENSES,120,531532.6,531532.6
2026-03,DRC,SCI,depreciation,Depreciation,EXPENSES,180,1056834.24,1056834.24
2026-03,DRC,SCI,entertainment,Entertainment,EXPENSES,100,163965.52,163965.52
2026-03,DRC,SCI,finance_costs,Finance cost,EXPENSES,220,0.0,0.0
2026-03,DRC,SCI,general_expenses,General Expenses,EXPENSES,200,2196288.82,2196288.82
2026-03,DRC,SCI,insurance,Insurance,EXPENSES,160,0.0,0.0
2026-03,DRC,SCI,insurance_commissions,Insurance Commissions,INCOME,40,-18090512.88,18090512.88
2026-03,DRC,SCI,it_costs,IT Costs,EXPENSES,110,360504.55,360504.55
2026-03,DRC,SCI,management_expense,Management Expense,EXPENSES,210,475341.46,475341.46
2026-03,DRC,SCI,motor_vehicle_expenses,Motor Vehicle Expenses,EXPENSES,190,862350.21,862350.21
2026-03,DRC,SCI,other_income,Other Income,INCOME,70,0.0,-0.0
2026-03,DRC,SCI,personnel_costs,Personnel Costs,EXPENSES,80,5706452.53,5706452.53
2026-03,DRC,SCI,premises,Premises,EXPENSES,140,3204739.37,3204739.37
2026-03,DRC,SCI,printing_stationery,Printing & Stationery,EXPENSES,130,131853.71,131853.71
2026-03,DRC,SCI,professional_fees,Professional Fees,EXPENSES,170,3053697.47,3053697.47
2026-03,DRC,SCI,saas_income,SAAS (Software as a Service),INCOME,50,0.0,-0.0
2026-03,DRC,SCI,taxation,Taxation,EXPENSES,230,0.0,0.0
2026-03,DRC,SCI,travelling,Travelling,EXPENSES,90,1493593.67,1493593.67
2026-03,DRC,SFP,borrowings,Borrowings,EQUITY AND LIABILITIES,510,0.0,-0.0
2026-03,DRC,SFP,computer_software,Intangible - computer software,ASSETS,250,0.0,0.0
2026-03,DRC,SFP,deferred_tax,Deferred tax,ASSETS,310,0.0,0.0
2026-03,DRC,SFP,deposit_for_investment_in_subsidiary,Deposit for investment in subsidiary,ASSETS,290,0.0,0.0
2026-03,DRC,SFP,deposits,Cash - Deposits,ASSETS,380,0.0,0.0
2026-03,DRC,SFP,due_from_to_related_parties,Due from/to related parties,ASSETS,350,-10129706.6,-10129706.6
2026-03,DRC,SFP,goodwill,Intangible - goodwill,ASSETS,260,0.0,0.0
2026-03,DRC,SFP,investment_in_associate,Investment in associate,ASSETS,270,0.0,0.0
2026-03,DRC,SFP,investment_unquoted_equity,Investment in unquoted equity securities,ASSETS,280,0.0,0.0
2026-03,DRC,SFP,net_profit,Net Profit (derived),EQUITY AND LIABILITIES,460,3472710.69,-3472710.69
2026-03,DRC,SFP,non_controlling_interests,Non-controlling interests,EQUITY AND LIABILITIES,470,0.0,-0.0
2026-03,DRC,SFP,office_cash,Cash - Office Cash,ASSETS,360,9625448.27,9625448.27
2026-03,DRC,SFP,other_receivables,Other Receivables,ASSETS,340,10939721.41,10939721.41
2026-03,DRC,SFP,placements,Cash - Placements,ASSETS,390,537455.45,537455.45
2026-03,DRC,SFP,ppe,"Property, Plant and Equipment",ASSETS,240,11942486.07,11942486.07
2026-03,DRC,SFP,premium_payable,Premium payable,EQUITY AND LIABILITIES,500,-54540747.28,54540747.28
2026-03,DRC,SFP,premium_receivables,Premium Receivables,ASSETS,330,0.0,0.0
2026-03,DRC,SFP,proposed_dividend,Proposed dividend,EQUITY AND LIABILITIES,440,0.0,-0.0
2026-03,DRC,SFP,retained_earnings,Retained earnings,EQUITY AND LIABILITIES,450,51467741.67,-51467741.67
2026-03,DRC,SFP,share_capital,Share capital,EQUITY AND LIABILITIES,420,-74730610.26,74730610.26
2026-03,DRC,SFP,tax_recoverable,Tax recoverable,ASSETS,400,-143815.62,-143815.62
2026-03,DRC,SFP,trade_and_other_payables,Trade and other payables,EQUITY AND LIABILITIES,480,2202540.88,-2202540.88
2026-03,DRC,SFP,trade_receivables,Trade Receivables (Debtors),ASSETS,320,49340574.48,49340574.48
2026-03,DRC,SFP,translation_reserve,Translation reserve,EQUITY AND LIABILITIES,430,16200.85,-16200.85
2026-03,MALAWI,SCI,actuarial_fees,Actuarial Fees,INCOME,10,0.0,-0.0
2026-03,MALAWI,SCI,advertising_pr,Advertising & PR,EXPENSES,150,593596.31,593596.31
2026-03,MALAWI,SCI,communications,Communications,EXPENSES,120,231207.4,231207.4
2026-03,MALAWI,SCI,depreciation,Depreciation,EXPENSES,180,3865452.82,3865452.82
2026-03,MALAWI,SCI,entertainment,Entertainment,EXPENSES,100,22360.48,22360.48
2026-03,MALAWI,SCI,finance_costs,Finance cost,EXPENSES,220,0.0,0.0
2026-03,MALAWI,SCI,general_expenses,General Expenses,EXPENSES,200,400346.33,400346.33
2026-03,MALAWI,SCI,insurance,Insurance,EXPENSES,160,852958.29,852958.29
2026-03,MALAWI,SCI,insurance_commissions,Insurance Commissions,INCOME,40,0.0,-0.0
2026-03,MALAWI,SCI,it_costs,IT Costs,EXPENSES,110,0.0,0.0
2026-03,MALAWI,SCI,management_expense,Management Expense,EXPENSES,210,4257128.22,4257128.22
2026-03,MALAWI,SCI,motor_vehicle_expenses,Motor Vehicle Expenses,EXPENSES,190,332789.22,332789.22
2026-03,MALAWI,SCI,other_income,Other Income,INCOME,70,-3004714.48,3004714.48
2026-03,MALAWI,SCI,pension_admin_fee,Pension Admin Fee,INCOME,20,-53169578.91,53169578.91
2026-03,MALAWI,SCI,personnel_costs,Personnel Costs,EXPENSES,80,11376846.03,11376846.03
2026-03,MALAWI,SCI,premises,Premises,EXPENSES,140,1021996.35,1021996.35
2026-03,MALAWI,SCI,printing_stationery,Printing & Stationery,EXPENSES,130,375368.23,375368.23
2026-03,MALAWI,SCI,professional_fees,Professional Fees,EXPENSES,170,1513901.65,1513901.65
2026-03,MALAWI,SCI,saas_income,SAAS (Software as a Service),INCOME,50,0.0,-0.0
2026-03,MALAWI,SCI,taxation,Taxation,EXPENSES,230,9737758.03,9737758.03
2026-03,MALAWI,SCI,travelling,Travelling,EXPENSES,90,977285.35,977285.35
2026-03,MALAWI,SFP,borrowings,Borrowings,EQUITY AND LIABILITIES,510,0.0,-0.0
2026-03,MALAWI,SFP,computer_software,Intangible - computer software,ASSETS,250,10236836.43,10236836.43
2026-03,MALAWI,SFP,deferred_tax,Deferred tax,ASSETS,310,10911075.62,10911075.62
2026-03,MALAWI,SFP,deposit_for_investment_in_subsidiary,Deposit for investment in subsidiary,ASSETS,290,0.0,0.0
2026-03,MALAWI,SFP,deposits,Cash - Deposits,ASSETS,380,73386418.36,73386418.36
2026-03,MALAWI,SFP,due_from_to_related_parties,Due from/to related parties,ASSETS,350,-47771302.37,-47771302.37
2026-03,MALAWI,SFP,goodwill,Intangible - goodwill,ASSETS,260,0.0,0.0
2026-03,MALAWI,SFP,investment_in_associate,Investment in associate,ASSETS,270,0.0,0.0
2026-03,MALAWI,SFP,investment_unquoted_equity,Investment in unquoted equity securities,ASSETS,280,0.0,0.0
2026-03,MALAWI,SFP,net_profit,Net Profit (derived),EQUITY AND LIABILITIES,460,-20615298.66,20615298.66
2026-03,MALAWI,SFP,non_controlling_interests,Non-controlling interests,EQUITY AND LIABILITIES,470,0.0,-0.0
2026-03,MALAWI,SFP,office_cash,Cash - Office Cash,ASSETS,360,29698941.8,29698941.8
2026-03,MALAWI,SFP,other_receivables,Other Receivables,ASSETS,340,6966146.95,6966146.95
2026-03,MALAWI,SFP,placements,Cash - Placements,ASSETS,390,0.0,0.0
2026-03,MALAWI,SFP,ppe,"Property, Plant and Equipment",ASSETS,240,13237534.71,13237534.71
2026-03,MALAWI,SFP,premium_payable,Premium payable,EQUITY AND LIABILITIES,500,0.0,-0.0
2026-03,MALAWI,SFP,premium_receivables,Premium Receivables,ASSETS,330,0.0,0.0
2026-03,MALAWI,SFP,proposed_dividend,Proposed dividend,EQUITY AND LIABILITIES,440,0.0,-0.0
2026-03,MALAWI,SFP,retained_earnings,Retained earnings,EQUITY AND LIABILITIES,450,-110807030.82,110807030.82
2026-03,MALAWI,SFP,share_capital,Share capital,EQUITY AND LIABILITIES,420,-832094.26,832094.26
2026-03,MALAWI,SFP,tax_recoverable,Tax recoverable,ASSETS,400,-727222.42,-727222.42
2026-03,MALAWI,SFP,trade_and_other_payables,Trade and other payables,EQUITY AND LIABILITIES,480,-28870715.04,28870715.04
2026-03,MALAWI,SFP,trade_receivables,Trade Receivables (Debtors),ASSETS,320,95396037.01,95396037.01
2026-03,MALAWI,SFP,translation_reserve,Translation reserve,EQUITY AND LIABILITIES,430,-30209327.33,30209327.33
2026-03,MENA,SCI,actuarial_fees,Actuarial Fees,INCOME,10,0.0,-0.0
2026-03,MENA,SCI,advertising_pr,Advertising & PR,EXPENSES,150,680948.69,680948.69
2026-03,MENA,SCI,communications,Communications,EXPENSES,120,0.0,0.0
2026-03,MENA,SCI,depreciation,Depreciation,EXPENSES,180,26254.43,26254.43
2026-03,MENA,SCI,entertainment,Entertainment,EXPENSES,100,0.0,0.0
2026-03,MENA,SCI,finance_costs,Finance cost,EXPENSES,220,0.0,0.0
2026-03,MENA,SCI,general_expenses,General Expenses,EXPENSES,200,17646.11,17646.11
2026-03,MENA,SCI,insurance,Insurance,EXPENSES,160,0.0,0.0
2026-03,MENA,SCI,insurance_commissions,Insurance Commissions,INCOME,40,0.0,-0.0
2026-03,MENA,SCI,it_costs,IT Costs,EXPENSES,110,562938.7,562938.7
2026-03,MENA,SCI,management_expense,Management Expense,EXPENSES,210,0.0,0.0
2026-03,MENA,SCI,motor_vehicle_expenses,Motor Vehicle Expenses,EXPENSES,190,0.0,0.0
2026-03,MENA,SCI,other_income,Other Income,INCOME,70,0.0,-0.0
2026-03,MENA,SCI,pension_admin_fee,Pension Admin Fee,INCOME,20,-16711182.61,16711182.61
2026-03,MENA,SCI,personnel_costs,Personnel Costs,EXPENSES,80,16063583.43,16063583.43
2026-03,MENA,SCI,premises,Premises,EXPENSES,140,2466333.8,2466333.8
2026-03,MENA,SCI,printing_stationery,Printing & Stationery,EXPENSES,130,0.0,0.0
2026-03,MENA,SCI,professional_fees,Professional Fees,EXPENSES,170,1173025.3,1173025.3
2026-03,MENA,SCI,saas_income,SAAS (Software as a Service),INCOME,50,0.0,-0.0
2026-03,MENA,SCI,taxation,Taxation,EXPENSES,230,0.0,0.0
2026-03,MENA,SCI,travelling,Travelling,EXPENSES,90,92264.67,92264.67
2026-03,MENA,SFP,borrowings,Borrowings,EQUITY AND LIABILITIES,510,0.0,-0.0
2026-03,MENA,SFP,computer_software,Intangible - computer software,ASSETS,250,0.0,0.0
2026-03,MENA,SFP,deferred_tax,Deferred tax,ASSETS,310,0.0,0.0
2026-03,MENA,SFP,deposit_for_investment_in_subsidiary,Deposit for investment in subsidiary,ASSETS,290,0.0,0.0
2026-03,MENA,SFP,deposits,Cash - Deposits,ASSETS,380,0.0,0.0
2026-03,MENA,SFP,due_from_to_related_parties,Due from/to related parties,ASSETS,350,0.0,0.0
2026-03,MENA,SFP,goodwill,Intangible - goodwill,ASSETS,260,0.0,0.0
2026-03,MENA,SFP,investment_in_associate,Investment in associate,ASSETS,270,0.0,0.0
2026-03,MENA,SFP,investment_unquoted_equity,Investment in unquoted equity securities,ASSETS,280,0.0,0.0
2026-03,MENA,SFP,net_profit,Net Profit (derived),EQUITY AND LIABILITIES,460,4371812.54,-4371812.54
2026-03,MENA,SFP,non_controlling_interests,Non-controlling interests,EQUITY AND LIABILITIES,470,-37445654.92,37445654.92
2026-03,MENA,SFP,office_cash,Cash - Office Cash,ASSETS,360,5146220.89,5146220.89
2026-03,MENA,SFP,other_receivables,Other Receivables,ASSETS,340,-29632022.7,-29632022.7
2026-03,MENA,SFP,placements,Cash - Placements,ASSETS,390,0.0,0.0
2026-03,MENA,SFP,ppe,"Property, Plant and Equipment",ASSETS,240,10355812.93,10355812.93
2026-03,MENA,SFP,premium_payable,Premium payable,EQUITY AND LIABILITIES,500,0.0,-0.0
2026-03,MENA,SFP,premium_receivables,Premium Receivables,ASSETS,330,0.0,0.0
2026-03,MENA,SFP,proposed_dividend,Proposed dividend,EQUITY AND LIABILITIES,440,0.0,-0.0
2026-03,MENA,SFP,retained_earnings,Retained earnings,EQUITY AND LIABILITIES,450,-7346803.15,7346803.15
2026-03,MENA,SFP,share_capital,Share capital,EQUITY AND LIABILITIES,420,-26562170.92,26562170.92
2026-03,MENA,SFP,tax_recoverable,Tax recoverable,ASSETS,400,0.0,0.0
2026-03,MENA,SFP,trade_and_other_payables,Trade and other payables,EQUITY AND LIABILITIES,480,-8414693.13,8414693.13
2026-03,MENA,SFP,trade_receivables,Trade Receivables (Debtors),ASSETS,320,89497142.48,89497142.48
2026-03,MENA,SFP,translation_reserve,Translation reserve,EQUITY AND LIABILITIES,430,30359.52,-30359.52
2026-03,NIGERIA,SCI,actuarial_fees,Actuarial Fees,INCOME,10,-22157374.3,22157374.3
2026-03,NIGERIA,SCI,advertising_pr,Advertising & PR,EXPENSES,150,0.0,0.0
2026-03,NIGERIA,SCI,communications,Communications,EXPENSES,120,51847.84,51847.84
2026-03,NIGERIA,SCI,depreciation,Depreciation,EXPENSES,180,318495.59,318495.59
2026-03,NIGERIA,SCI,entertainment,Entertainment,EXPENSES,100,79651.73,79651.73
2026-03,NIGERIA,SCI,finance_costs,Finance cost,EXPENSES,220,0.0,0.0
2026-03,NIGERIA,SCI,general_expenses,General Expenses,EXPENSES,200,160278.57,160278.57
2026-03,NIGERIA,SCI,insurance,Insurance,EXPENSES,160,132195.77,132195.77
2026-03,NIGERIA,SCI,insurance_commissions,Insurance Commissions,INCOME,40,0.0,-0.0
2026-03,NIGERIA,SCI,it_costs,IT Costs,EXPENSES,110,80089.85,80089.85
2026-03,NIGERIA,SCI,management_expense,Management Expense,EXPENSES,210,1353074.25,1353074.25
2026-03,NIGERIA,SCI,motor_vehicle_expenses,Motor Vehicle Expenses,EXPENSES,190,233749.97,233749.97
2026-03,NIGERIA,SCI,other_income,Other Income,INCOME,70,-323257.95,323257.95
2026-03,NIGERIA,SCI,pension_admin_fee,Pension Admin Fee,INCOME,20,0.0,-0.0
2026-03,NIGERIA,SCI,personnel_costs,Personnel Costs,EXPENSES,80,6563377.22,6563377.22
2026-03,NIGERIA,SCI,premises,Premises,EXPENSES,140,563498.92,563498.92
2026-03,NIGERIA,SCI,printing_stationery,Printing & Stationery,EXPENSES,130,57886.21,57886.21
2026-03,NIGERIA,SCI,professional_fees,Professional Fees,EXPENSES,170,785555.68,785555.68
2026-03,NIGERIA,SCI,saas_income,SAAS (Software as a Service),INCOME,50,0.0,-0.0
2026-03,NIGERIA,SCI,taxation,Taxation,EXPENSES,230,3471745.62,3471745.62
2026-03,NIGERIA,SCI,travelling,Travelling,EXPENSES,90,528445.25,528445.25
2026-03,NIGERIA,SFP,borrowings,Borrowings,EQUITY AND LIABILITIES,510,0.0,-0.0
2026-03,NIGERIA,SFP,computer_software,Intangible - computer software,ASSETS,250,0.0,0.0
2026-03,NIGERIA,SFP,deferred_tax,Deferred tax,ASSETS,310,1596.98,1596.98
2026-03,NIGERIA,SFP,deposit_for_investment_in_subsidiary,Deposit for investment in subsidiary,ASSETS,290,0.0,0.0
2026-03,NIGERIA,SFP,deposits,Cash - Deposits,ASSETS,380,0.0,0.0
2026-03,NIGERIA,SFP,due_from_to_related_parties,Due from/to related parties,ASSETS,350,-13960645.11,-13960645.11
2026-03,NIGERIA,SFP,goodwill,Intangible - goodwill,ASSETS,260,0.0,0.0
2026-03,NIGERIA,SFP,investment_in_associate,Investment in associate,ASSETS,270,0.0,0.0
2026-03,NIGERIA,SFP,investment_unquoted_equity,Investment in unquoted equity securities,ASSETS,280,1268189.12,1268189.12
2026-03,NIGERIA,SFP,net_profit,Net Profit (derived),EQUITY AND LIABILITIES,460,-8100739.77,8100739.77
2026-03,NIGERIA,SFP,non_controlling_interests,Non-controlling interests,EQUITY AND LIABILITIES,470,0.0,-0.0
2026-03,NIGERIA,SFP,office_cash,Cash - Office Cash,ASSETS,360,16949159.71,16949159.71
2026-03,NIGERIA,SFP,other_receivables,Other Receivables,ASSETS,340,11502991.49,11502991.49
2026-03,NIGERIA,SFP,placements,Cash - Placements,ASSETS,390,0.0,0.0
2026-03,NIGERIA,SFP,ppe,"Property, Plant and Equipment",ASSETS,240,3479021.0,3479021.0
2026-03,NIGERIA,SFP,premium_payable,Premium payable,EQUITY AND LIABILITIES,500,0.0,-0.0
2026-03,NIGERIA,SFP,premium_receivables,Premium Receivables,ASSETS,330,0.0,0.0
2026-03,NIGERIA,SFP,proposed_dividend,Proposed dividend,EQUITY AND LIABILITIES,440,0.0,-0.0
2026-03,NIGERIA,SFP,retained_earnings,Retained earnings,EQUITY AND LIABILITIES,450,-19352300.2,19352300.2
2026-03,NIGERIA,SFP,share_capital,Share capital,EQUITY AND LIABILITIES,420,-6575795.44,6575795.44
2026-03,NIGERIA,SFP,tax_recoverable,Tax recoverable,ASSETS,400,-3507148.27,-3507148.27
2026-03,NIGERIA,SFP,trade_and_other_payables,Trade and other payables,EQUITY AND LIABILITIES,480,-8196030.44,8196030.44
2026-03,NIGERIA,SFP,trade_receivables,Trade Receivables (Debtors),ASSETS,320,26432458.45,26432458.45
2026-03,NIGERIA,SFP,translation_reserve,Translation reserve,EQUITY AND LIABILITIES,430,59242.48,-59242.48
2026-03,RWANDA,SCI,actuarial_fees,Actuarial Fees,INCOME,10,-1791542.61,1791542.61
2026-03,RWANDA,SCI,advertising_pr,Advertising & PR,EXPENSES,150,73754.61,73754.61
2026-03,RWANDA,SCI,communications,Communications,EXPENSES,120,307757.63,307757.63
2026-03,RWANDA,SCI,depreciation,Depreciation,EXPENSES,180,885367.06,885367.06
2026-03,RWANDA,SCI,entertainment,Entertainment,EXPENSES,100,36330.56,36330.56
2026-03,RWANDA,SCI,finance_costs,Finance cost,EXPENSES,220,0.0,0.0
2026-03,RWANDA,SCI,general_expenses,General Expenses,EXPENSES,200,1027337.67,1027337.67
2026-03,RWANDA,SCI,insurance,Insurance,EXPENSES,160,140258.02,140258.02
2026-03,RWANDA,SCI,insurance_commissions,Insurance Commissions,INCOME,40,-11794021.02,11794021.02
2026-03,RWANDA,SCI,it_costs,IT Costs,EXPENSES,110,97720.35,97720.35
2026-03,RWANDA,SCI,management_expense,Management Expense,EXPENSES,210,0.0,0.0
2026-03,RWANDA,SCI,motor_vehicle_expenses,Motor Vehicle Expenses,EXPENSES,190,179379.92,179379.92
2026-03,RWANDA,SCI,other_income,Other Income,INCOME,70,-381111.67,381111.67
2026-03,RWANDA,SCI,pension_admin_fee,Pension Admin Fee,INCOME,20,-217153.72,217153.72
2026-03,RWANDA,SCI,personnel_costs,Personnel Costs,EXPENSES,80,9367496.83,9367496.83
2026-03,RWANDA,SCI,premises,Premises,EXPENSES,140,711227.89,711227.89
2026-03,RWANDA,SCI,printing_stationery,Printing & Stationery,EXPENSES,130,84131.36,84131.36
2026-03,RWANDA,SCI,professional_fees,Professional Fees,EXPENSES,170,469892.74,469892.74
2026-03,RWANDA,SCI,saas_income,SAAS (Software as a Service),INCOME,50,0.0,-0.0
2026-03,RWANDA,SCI,taxation,Taxation,EXPENSES,230,27173.22,27173.22
2026-03,RWANDA,SCI,travelling,Travelling,EXPENSES,90,706127.15,706127.15
2026-03,RWANDA,SFP,borrowings,Borrowings,EQUITY AND LIABILITIES,510,0.0,-0.0
2026-03,RWANDA,SFP,computer_software,Intangible - computer software,ASSETS,250,3531337.92,3531337.92
2026-03,RWANDA,SFP,deferred_tax,Deferred tax,ASSETS,310,-669852.89,-669852.89
2026-03,RWANDA,SFP,deposit_for_investment_in_subsidiary,Deposit for investment in subsidiary,ASSETS,290,0.0,0.0
2026-03,RWANDA,SFP,deposits,Cash - Deposits,ASSETS,380,22261798.75,22261798.75
2026-03,RWANDA,SFP,due_from_to_related_parties,Due from/to related parties,ASSETS,350,-1370720.48,-1370720.48
2026-03,RWANDA,SFP,goodwill,Intangible - goodwill,ASSETS,260,0.0,0.0
2026-03,RWANDA,SFP,investment_in_associate,Investment in associate,ASSETS,270,0.0,0.0
2026-03,RWANDA,SFP,investment_unquoted_equity,Investment in unquoted equity securities,ASSETS,280,0.0,0.0
2026-03,RWANDA,SFP,net_profit,Net Profit (derived),EQUITY AND LIABILITIES,460,-69874.0,69874.0
2026-03,RWANDA,SFP,non_controlling_interests,Non-controlling interests,EQUITY AND LIABILITIES,470,0.0,-0.0
2026-03,RWANDA,SFP,office_cash,Cash - Office Cash,ASSETS,360,11331731.83,11331731.83
2026-03,RWANDA,SFP,other_receivables,Other Receivables,ASSETS,340,2341678.36,2341678.36
2026-03,RWANDA,SFP,placements,Cash - Placements,ASSETS,390,0.0,0.0
2026-03,RWANDA,SFP,ppe,"Property, Plant and Equipment",ASSETS,240,9074111.62,9074111.62
2026-03,RWANDA,SFP,premium_payable,Premium payable,EQUITY AND LIABILITIES,500,0.0,-0.0
2026-03,RWANDA,SFP,premium_receivables,Premium Receivables,ASSETS,330,0.0,0.0
2026-03,RWANDA,SFP,proposed_dividend,Proposed dividend,EQUITY AND LIABILITIES,440,0.0,-0.0
2026-03,RWANDA,SFP,retained_earnings,Retained earnings,EQUITY AND LIABILITIES,450,503855.91,-503855.91
2026-03,RWANDA,SFP,share_capital,Share capital,EQUITY AND LIABILITIES,420,-51581572.66,51581572.66
2026-03,RWANDA,SFP,tax_recoverable,Tax recoverable,ASSETS,400,-27092.86,-27092.86
2026-03,RWANDA,SFP,trade_and_other_payables,Trade and other payables,EQUITY AND LIABILITIES,480,-4155111.95,4155111.95
2026-03,RWANDA,SFP,trade_receivables,Trade Receivables (Debtors),ASSETS,320,8830020.49,8830020.49
2026-03,RWANDA,SFP,translation_reserve,Translation reserve,EQUITY AND LIABILITIES,430,-310.04,310.04
2026-03,ZAAC,SCI,actuarial_fees,Actuarial Fees,INCOME,10,-96415159.88,96415159.88
2026-03,ZAAC,SCI,advertising_pr,Advertising & PR,EXPENSES,150,6874742.08,6874742.08
2026-03,ZAAC,SCI,communications,Communications,EXPENSES,120,1237752.71,1237752.71
2026-03,ZAAC,SCI,depreciation,Depreciation,EXPENSES,180,10247044.62,10247044.62
2026-03,ZAAC,SCI,entertainment,Entertainment,EXPENSES,100,3876206.27,3876206.27
2026-03,ZAAC,SCI,finance_costs,Finance cost,EXPENSES,220,315065.07,315065.07
2026-03,ZAAC,SCI,general_expenses,General Expenses,EXPENSES,200,7290670.89,7290670.89
2026-03,ZAAC,SCI,insurance,Insurance,EXPENSES,160,3949359.75,3949359.75
2026-03,ZAAC,SCI,insurance_commissions,Insurance Commissions,INCOME,40,0.0,-0.0
2026-03,ZAAC,SCI,it_costs,IT Costs,EXPENSES,110,10109333.51,10109333.51
2026-03,ZAAC,SCI,management_expense,Management Expense,EXPENSES,210,0.0,0.0
2026-03,ZAAC,SCI,motor_vehicle_expenses,Motor Vehicle Expenses,EXPENSES,190,3319852.43,3319852.43
2026-03,ZAAC,SCI,other_income,Other Income,INCOME,70,-6767722.95,6767722.95
2026-03,ZAAC,SCI,pension_admin_fee,Pension Admin Fee,INCOME,20,-125552284.41,125552284.41
2026-03,ZAAC,SCI,personnel_costs,Personnel Costs,EXPENSES,80,186808207.24,186808207.24
2026-03,ZAAC,SCI,premises,Premises,EXPENSES,140,10059696.24,10059696.24
2026-03,ZAAC,SCI,printing_stationery,Printing & Stationery,EXPENSES,130,871242.42,871242.42
2026-03,ZAAC,SCI,professional_fees,Professional Fees,EXPENSES,170,10361899.8,10361899.8
2026-03,ZAAC,SCI,retail_income,Retail,INCOME,60,-28707764.9,28707764.9
2026-03,ZAAC,SCI,saas_income,SAAS (Software as a Service),INCOME,50,-8303347.0,8303347.0
2026-03,ZAAC,SCI,taxation,Taxation,EXPENSES,230,21010702.96,21010702.96
2026-03,ZAAC,SCI,travelling,Travelling,EXPENSES,90,6612235.49,6612235.49
2026-03,ZAAC,SCI,umbrella_fund,Umbrella Fund,INCOME,30,-66222585.92,66222585.92
2026-03,ZAAC,SFP,accrued_income,Accrued Income,ASSETS,410,184915296.26,184915296.26
2026-03,ZAAC,SFP,borrowings,Borrowings,EQUITY AND LIABILITIES,510,0.43,-0.43
2026-03,ZAAC,SFP,computer_software,Intangible - computer software,ASSETS,250,21742056.48,21742056.48
2026-03,ZAAC,SFP,deferred_tax,Deferred tax,ASSETS,310,15764930.24,15764930.24
2026-03,ZAAC,SFP,deposit_for_investment_in_subsidiary,Deposit for investment in subsidiary,ASSETS,290,36808446.31,36808446.31
2026-03,ZAAC,SFP,deposits,Cash - Deposits,ASSETS,380,60000000.0,60000000.0
2026-03,ZAAC,SFP,due_from_to_related_parties,Due from/to related parties,ASSETS,350,172568810.07,172568810.07
2026-03,ZAAC,SFP,goodwill,Intangible - goodwill,ASSETS,260,3706552.43,3706552.43
2026-03,ZAAC,SFP,investment_in_associate,Investment in associate,ASSETS,270,0.0,0.0
2026-03,ZAAC,SFP,investment_unquoted_equity,Investment in unquoted equity securities,ASSETS,280,0.0,0.0
2026-03,ZAAC,SFP,net_profit,Net Profit (derived),EQUITY AND LIABILITIES,460,-49024853.58,49024853.58
2026-03,ZAAC,SFP,non_controlling_interests,Non-controlling interests,EQUITY AND LIABILITIES,470,0.0,-0.0
2026-03,ZAAC,SFP,office_cash,Cash - Office Cash,ASSETS,360,81958363.02,81958363.02
2026-03,ZAAC,SFP,other_receivables,Other Receivables,ASSETS,340,51106021.12,51106021.12
2026-03,ZAAC,SFP,placements,Cash - Placements,ASSETS,390,20849321.49,20849321.49
2026-03,ZAAC,SFP,ppe,"Property, Plant and Equipment",ASSETS,240,96771024.87,96771024.87
2026-03,ZAAC,SFP,premium_payable,Premium payable,EQUITY AND LIABILITIES,500,0.0,-0.0
2026-03,ZAAC,SFP,premium_receivables,Premium Receivables,ASSETS,330,0.0,0.0
2026-03,ZAAC,SFP,proposed_dividend,Proposed dividend,EQUITY AND LIABILITIES,440,0.0,-0.0
2026-03,ZAAC,SFP,retained_earnings,Retained earnings,EQUITY AND LIABILITIES,450,-1021890949.75,1021890949.75
2026-03,ZAAC,SFP,share_capital,Share capital,EQUITY AND LIABILITIES,420,-25000000.0,25000000.0
2026-03,ZAAC,SFP,tax_recoverable,Tax recoverable,ASSETS,400,7909376.35,7909376.35
2026-03,ZAAC,SFP,trade_and_other_payables,Trade and other payables,EQUITY AND LIABILITIES,480,-93050395.36,93050395.36
2026-03,ZAAC,SFP,trade_receivables,Trade Receivables (Debtors),ASSETS,320,434865999.62,434865999.62
2026-03,ZAAC,SFP,translation_reserve,Translation reserve,EQUITY AND LIABILITIES,430,0.0,-0.0
2026-03,ZAMRE,SCI,actuarial_fees,Actuarial Fees,INCOME,10,0.0,-0.0
2026-03,ZAMRE,SCI,advertising_pr,Advertising & PR,EXPENSES,150,154410.59,154410.59
2026-03,ZAMRE,SCI,communications,Communications,EXPENSES,120,26048.74,26048.74
2026-03,ZAMRE,SCI,depreciation,Depreciation,EXPENSES,180,0.0,0.0
2026-03,ZAMRE,SCI,entertainment,Entertainment,EXPENSES,100,140541.8,140541.8
2026-03,ZAMRE,SCI,finance_costs,Finance cost,EXPENSES,220,4788.36,4788.36
2026-03,ZAMRE,SCI,general_expenses,General Expenses,EXPENSES,200,120531.16,120531.16
2026-03,ZAMRE,SCI,insurance,Insurance,EXPENSES,160,86192.55,86192.55
2026-03,ZAMRE,SCI,insurance_commissions,Insurance Commissions,INCOME,40,-26320003.93,26320003.93
2026-03,ZAMRE,SCI,it_costs,IT Costs,EXPENSES,110,263895.82,263895.82
2026-03,ZAMRE,SCI,management_expense,Management Expense,EXPENSES,210,0.0,0.0
2026-03,ZAMRE,SCI,motor_vehicle_expenses,Motor Vehicle Expenses,EXPENSES,190,72686.76,72686.76
2026-03,ZAMRE,SCI,other_income,Other Income,INCOME,70,-371731.51,371731.51
2026-03,ZAMRE,SCI,personnel_costs,Personnel Costs,EXPENSES,80,8558578.01,8558578.01
2026-03,ZAMRE,SCI,premises,Premises,EXPENSES,140,53373.23,53373.23
2026-03,ZAMRE,SCI,printing_stationery,Printing & Stationery,EXPENSES,130,0.0,0.0
2026-03,ZAMRE,SCI,professional_fees,Professional Fees,EXPENSES,170,98855.2,98855.2
2026-03,ZAMRE,SCI,saas_income,SAAS (Software as a Service),INCOME,50,0.0,-0.0
2026-03,ZAMRE,SCI,taxation,Taxation,EXPENSES,230,5065279.56,5065279.56
2026-03,ZAMRE,SCI,travelling,Travelling,EXPENSES,90,227568.0,227568.0
2026-03,ZAMRE,SFP,borrowings,Borrowings,EQUITY AND LIABILITIES,510,0.0,-0.0
2026-03,ZAMRE,SFP,client_cash,Cash - Client Cash,ASSETS,370,35221293.41,35221293.41
2026-03,ZAMRE,SFP,computer_software,Intangible - computer software,ASSETS,250,4674000.0,4674000.0
2026-03,ZAMRE,SFP,deferred_tax,Deferred tax,ASSETS,310,0.0,0.0
2026-03,ZAMRE,SFP,deposit_for_investment_in_subsidiary,Deposit for investment in subsidiary,ASSETS,290,0.0,0.0
2026-03,ZAMRE,SFP,deposits,Cash - Deposits,ASSETS,380,33160000.0,33160000.0
2026-03,ZAMRE,SFP,due_from_to_related_parties,Due from/to related parties,ASSETS,350,-50846807.27,-50846807.27
2026-03,ZAMRE,SFP,goodwill,Intangible - goodwill,ASSETS,260,0.0,0.0
2026-03,ZAMRE,SFP,investment_in_associate,Investment in associate,ASSETS,270,0.0,0.0
2026-03,ZAMRE,SFP,investment_unquoted_equity,Investment in unquoted equity securities,ASSETS,280,0.0,0.0
2026-03,ZAMRE,SFP,net_profit,Net Profit (derived),EQUITY AND LIABILITIES,460,-11818985.65,11818985.65
2026-03,ZAMRE,SFP,non_controlling_interests,Non-controlling interests,EQUITY AND LIABILITIES,470,0.0,-0.0
2026-03,ZAMRE,SFP,office_cash,Cash - Office Cash,ASSETS,360,10182922.81,10182922.81
2026-03,ZAMRE,SFP,other_receivables,Other Receivables,ASSETS,340,20798.53,20798.53
2026-03,ZAMRE,SFP,ppe,"Property, Plant and Equipment",ASSETS,240,0.0,0.0
2026-03,ZAMRE,SFP,premium_payable,Premium payable,EQUITY AND LIABILITIES,500,-159466294.01,159466294.01
2026-03,ZAMRE,SFP,premium_receivables,Premium Receivables,ASSETS,330,126789670.0,126789670.0
2026-03,ZAMRE,SFP,proposed_dividend,Proposed dividend,EQUITY AND LIABILITIES,440,0.0,-0.0
2026-03,ZAMRE,SFP,retained_earnings,Retained earnings,EQUITY AND LIABILITIES,450,-5224564.6,5224564.6
2026-03,ZAMRE,SFP,share_capital,Share capital,EQUITY AND LIABILITIES,420,-5000000.0,5000000.0
2026-03,ZAMRE,SFP,tax_recoverable,Tax recoverable,ASSETS,400,-7304377.67,-7304377.67
2026-03,ZAMRE,SFP,trade_and_other_payables,Trade and other payables,EQUITY AND LIABILITIES,480,0.0,-0.0
2026-03,ZAMRE,SFP,trade_receivables,Trade Receivables (Debtors),ASSETS,320,29612344.45,29612344.45
2026-03,ZAMRE,SFP,translation_reserve,Translation reserve,EQUITY AND LIABILITIES,430,0.0,-0.0
2026-03,ZARIB,SCI,actuarial_fees,Actuarial Fees,INCOME,10,0.0,-0.0
2026-03,ZARIB,SCI,advertising_pr,Advertising & PR,EXPENSES,150,1514461.91,1514461.91
2026-03,ZARIB,SCI,communications,Communications,EXPENSES,120,1576681.02,1576681.02
2026-03,ZARIB,SCI,depreciation,Depreciation,EXPENSES,180,6367123.26,6367123.26
2026-03,ZARIB,SCI,entertainment,Entertainment,EXPENSES,100,3646986.83,3646986.83
2026-03,ZARIB,SCI,finance_costs,Finance cost,EXPENSES,220,721017.58,721017.58
2026-03,ZARIB,SCI,general_expenses,General Expenses,EXPENSES,200,6003870.4,6003870.4
2026-03,ZARIB,SCI,insurance,Insurance,EXPENSES,160,3405306.24,3405306.24
2026-03,ZARIB,SCI,insurance_commissions,Insurance Commissions,INCOME,40,-651315695.6,651315695.6
2026-03,ZARIB,SCI,it_costs,IT Costs,EXPENSES,110,4926364.69,4926364.69
2026-03,ZARIB,SCI,management_expense,Management Expense,EXPENSES,210,0.0,0.0
2026-03,ZARIB,SCI,motor_vehicle_expenses,Motor Vehicle Expenses,EXPENSES,190,2462202.0,2462202.0
2026-03,ZARIB,SCI,other_income,Other Income,INCOME,70,-13001555.86,13001555.86
2026-03,ZARIB,SCI,personnel_costs,Personnel Costs,EXPENSES,80,129698005.67,129698005.67
2026-03,ZARIB,SCI,premises,Premises,EXPENSES,140,10419778.92,10419778.92
2026-03,ZARIB,SCI,printing_stationery,Printing & Stationery,EXPENSES,130,707531.96,707531.96
2026-03,ZARIB,SCI,professional_fees,Professional Fees,EXPENSES,170,2980337.36,2980337.36
2026-03,ZARIB,SCI,saas_income,SAAS (Software as a Service),INCOME,50,0.0,-0.0
2026-03,ZARIB,SCI,taxation,Taxation,EXPENSES,230,146438937.37,146438937.37
2026-03,ZARIB,SCI,travelling,Travelling,EXPENSES,90,1757792.02,1757792.02
2026-03,ZARIB,SFP,borrowings,Borrowings,EQUITY AND LIABILITIES,510,0.0,-0.0
2026-03,ZARIB,SFP,client_cash,Cash - Client Cash,ASSETS,370,113660264.94,113660264.94
2026-03,ZARIB,SFP,computer_software,Intangible - computer software,ASSETS,250,16465498.75,16465498.75
2026-03,ZARIB,SFP,deferred_revenue,Deferred Revenue,EQUITY AND LIABILITIES,490,0.0,-0.0
2026-03,ZARIB,SFP,deferred_tax,Deferred tax,ASSETS,310,31050038.23,31050038.23
2026-03,ZARIB,SFP,deposit_for_investment_in_subsidiary,Deposit for investment in subsidiary,ASSETS,290,1060688.0,1060688.0
2026-03,ZARIB,SFP,deposits,Cash - Deposits,ASSETS,380,371830978.47,371830978.47
2026-03,ZARIB,SFP,due_from_to_related_parties,Due from/to related parties,ASSETS,350,339370235.94,339370235.94
2026-03,ZARIB,SFP,goodwill,Intangible - goodwill,ASSETS,260,0.0,0.0
2026-03,ZARIB,SFP,investment_in_associate,Investment in associate,ASSETS,270,0.0,0.0
2026-03,ZARIB,SFP,investment_unquoted_equity,Investment in unquoted equity securities,ASSETS,280,0.0,0.0
2026-03,ZARIB,SFP,net_profit,Net Profit (derived),EQUITY AND LIABILITIES,460,-341690854.24,341690854.24
2026-03,ZARIB,SFP,non_controlling_interests,Non-controlling interests,EQUITY AND LIABILITIES,470,0.0,-0.0
2026-03,ZARIB,SFP,office_cash,Cash - Office Cash,ASSETS,360,130680522.5,130680522.5
2026-03,ZARIB,SFP,other_receivables,Other Receivables,ASSETS,340,-30508774.03,-30508774.03
2026-03,ZARIB,SFP,placements,Cash - Placements,ASSETS,390,179936116.0,179936116.0
2026-03,ZARIB,SFP,ppe,"Property, Plant and Equipment",ASSETS,240,65592150.29,65592150.29
2026-03,ZARIB,SFP,premium_payable,Premium payable,EQUITY AND LIABILITIES,500,-2072461566.19,2072461566.19
2026-03,ZARIB,SFP,premium_receivables,Premium Receivables,ASSETS,330,2129958096.16,2129958096.16
2026-03,ZARIB,SFP,proposed_dividend,Proposed dividend,EQUITY AND LIABILITIES,440,0.0,-0.0
2026-03,ZARIB,SFP,retained_earnings,Retained earnings,EQUITY AND LIABILITIES,450,-1201525218.75,1201525218.75
2026-03,ZARIB,SFP,share_capital,Share capital,EQUITY AND LIABILITIES,420,-33360000.0,33360000.0
2026-03,ZARIB,SFP,tax_recoverable,Tax recoverable,ASSETS,400,-117746682.59,-117746682.59
2026-03,ZARIB,SFP,trade_and_other_payables,Trade and other payables,EQUITY AND LIABILITIES,480,-68123605.2,68123605.2
2026-03,ZARIB,SFP,trade_receivables,Trade Receivables (Debtors),ASSETS,320,486570962.67,486570962.67
2026-03,ZARIB,SFP,translation_reserve,Translation reserve,EQUITY AND LIABILITIES,430,-758850.95,758850.95
2026-03,ZATL,SCI,actuarial_fees,Actuarial Fees,INCOME,10,-5034807.51,5034807.51
2026-03,ZATL,SCI,advertising_pr,Advertising & PR,EXPENSES,150,0.0,0.0
2026-03,ZATL,SCI,communications,Communications,EXPENSES,120,69686.1,69686.1
2026-03,ZATL,SCI,depreciation,Depreciation,EXPENSES,180,33694.67,33694.67
2026-03,ZATL,SCI,entertainment,Entertainment,EXPENSES,100,8155.29,8155.29
2026-03,ZATL,SCI,finance_costs,Finance cost,EXPENSES,220,0.0,0.0
2026-03,ZATL,SCI,general_expenses,General Expenses,EXPENSES,200,195017.93,195017.93
2026-03,ZATL,SCI,insurance,Insurance,EXPENSES,160,104120.86,104120.86
2026-03,ZATL,SCI,insurance_commissions,Insurance Commissions,INCOME,40,0.0,-0.0
2026-03,ZATL,SCI,it_costs,IT Costs,EXPENSES,110,2075.43,2075.43
2026-03,ZATL,SCI,management_expense,Management Expense,EXPENSES,210,334977.76,334977.76
2026-03,ZATL,SCI,motor_vehicle_expenses,Motor Vehicle Expenses,EXPENSES,190,19188.92,19188.92
2026-03,ZATL,SCI,other_income,Other Income,INCOME,70,-5693.42,5693.42
2026-03,ZATL,SCI,personnel_costs,Personnel Costs,EXPENSES,80,1410088.38,1410088.38
2026-03,ZATL,SCI,premises,Premises,EXPENSES,140,234534.11,234534.11
2026-03,ZATL,SCI,printing_stationery,Printing & Stationery,EXPENSES,130,120486.25,120486.25
2026-03,ZATL,SCI,professional_fees,Professional Fees,EXPENSES,170,123718.06,123718.06
2026-03,ZATL,SCI,saas_income,SAAS (Software as a Service),INCOME,50,0.0,-0.0
2026-03,ZATL,SCI,taxation,Taxation,EXPENSES,230,670472.04,670472.04
2026-03,ZATL,SCI,travelling,Travelling,EXPENSES,90,149850.35,149850.35
2026-03,ZATL,SFP,borrowings,Borrowings,EQUITY AND LIABILITIES,510,0.0,-0.0
2026-03,ZATL,SFP,computer_software,Intangible - computer software,ASSETS,250,0.0,0.0
2026-03,ZATL,SFP,deferred_tax,Deferred tax,ASSETS,310,1177856.16,1177856.16
2026-03,ZATL,SFP,deposit_for_investment_in_subsidiary,Deposit for investment in subsidiary,ASSETS,290,0.0,0.0
2026-03,ZATL,SFP,deposits,Cash - Deposits,ASSETS,380,502765.21,502765.21
2026-03,ZATL,SFP,due_from_to_related_parties,Due from/to related parties,ASSETS,350,2697185.7,2697185.7
2026-03,ZATL,SFP,goodwill,Intangible - goodwill,ASSETS,260,0.0,0.0
2026-03,ZATL,SFP,investment_in_associate,Investment in associate,ASSETS,270,0.0,0.0
2026-03,ZATL,SFP,investment_unquoted_equity,Investment in unquoted equity securities,ASSETS,280,0.0,0.0
2026-03,ZATL,SFP,net_profit,Net Profit (derived),EQUITY AND LIABILITIES,460,-1564434.76,1564434.76
2026-03,ZATL,SFP,non_controlling_interests,Non-controlling interests,EQUITY AND LIABILITIES,470,0.0,-0.0
2026-03,ZATL,SFP,office_cash,Cash - Office Cash,ASSETS,360,2059120.8,2059120.8
2026-03,ZATL,SFP,other_receivables,Other Receivables,ASSETS,340,-1354072.19,-1354072.19
2026-03,ZATL,SFP,placements,Cash - Placements,ASSETS,390,0.0,0.0
2026-03,ZATL,SFP,ppe,"Property, Plant and Equipment",ASSETS,240,313674.33,313674.33
2026-03,ZATL,SFP,premium_payable,Premium payable,EQUITY AND LIABILITIES,500,0.0,-0.0
2026-03,ZATL,SFP,premium_receivables,Premium Receivables,ASSETS,330,0.0,0.0
2026-03,ZATL,SFP,proposed_dividend,Proposed dividend,EQUITY AND LIABILITIES,440,0.0,-0.0
2026-03,ZATL,SFP,retained_earnings,Retained earnings,EQUITY AND LIABILITIES,450,4420719.22,-4420719.22
2026-03,ZATL,SFP,share_capital,Share capital,EQUITY AND LIABILITIES,420,-5047476.12,5047476.12
2026-03,ZATL,SFP,tax_recoverable,Tax recoverable,ASSETS,400,1980098.56,1980098.56
2026-03,ZATL,SFP,trade_and_other_payables,Trade and other payables,EQUITY AND LIABILITIES,480,944899.54,-944899.54
2026-03,ZATL,SFP,trade_receivables,Trade Receivables (Debtors),ASSETS,320,3895378.17,3895378.17
2026-03,ZATL,SFP,translation_reserve,Translation reserve,EQUITY AND LIABILITIES,430,-10025714.62,10025714.62
2026-03,ZHL,SCI,actuarial_fees,Actuarial Fees,INCOME,10,0.0,-0.0
2026-03,ZHL,SCI,advertising_pr,Advertising & PR,EXPENSES,150,0.0,0.0
2026-03,ZHL,SCI,communications,Communications,EXPENSES,120,0.0,0.0
2026-03,ZHL,SCI,depreciation,Depreciation,EXPENSES,180,0.0,0.0
2026-03,ZHL,SCI,entertainment,Entertainment,EXPENSES,100,0.0,0.0
2026-03,ZHL,SCI,finance_costs,Finance cost,EXPENSES,220,0.0,0.0
2026-03,ZHL,SCI,general_expenses,General Expenses,EXPENSES,200,186303.85,186303.85
2026-03,ZHL,SCI,insurance,Insurance,EXPENSES,160,0.0,0.0
2026-03,ZHL,SCI,insurance_commissions,Insurance Commissions,INCOME,40,0.0,-0.0
2026-03,ZHL,SCI,it_costs,IT Costs,EXPENSES,110,0.0,0.0
2026-03,ZHL,SCI,management_expense,Management Expense,EXPENSES,210,0.0,0.0
2026-03,ZHL,SCI,motor_vehicle_expenses,Motor Vehicle Expenses,EXPENSES,190,0.0,0.0
2026-03,ZHL,SCI,other_income,Other Income,INCOME,70,-53463.6,53463.6
2026-03,ZHL,SCI,personnel_costs,Personnel Costs,EXPENSES,80,0.0,0.0
2026-03,ZHL,SCI,premises,Premises,EXPENSES,140,0.0,0.0
2026-03,ZHL,SCI,printing_stationery,Printing & Stationery,EXPENSES,130,0.0,0.0
2026-03,ZHL,SCI,professional_fees,Professional Fees,EXPENSES,170,16114463.48,16114463.48
2026-03,ZHL,SCI,saas_income,SAAS (Software as a Service),INCOME,50,0.0,-0.0
2026-03,ZHL,SCI,taxation,Taxation,EXPENSES,230,0.0,0.0
2026-03,ZHL,SCI,travelling,Travelling,EXPENSES,90,0.0,0.0
2026-03,ZHL,SFP,borrowings,Borrowings,EQUITY AND LIABILITIES,510,0.0,-0.0
2026-03,ZHL,SFP,computer_software,Intangible - computer software,ASSETS,250,0.0,0.0
2026-03,ZHL,SFP,deferred_tax,Deferred tax,ASSETS,310,0.0,0.0
2026-03,ZHL,SFP,deposit_for_investment_in_subsidiary,Deposit for investment in subsidiary,ASSETS,290,1278387321.58,1278387321.58
2026-03,ZHL,SFP,deposits,Cash - Deposits,ASSETS,380,4500000.0,4500000.0
2026-03,ZHL,SFP,due_from_to_related_parties,Due from/to related parties,ASSETS,350,-266605482.4,-266605482.4
2026-03,ZHL,SFP,goodwill,Intangible - goodwill,ASSETS,260,0.0,0.0
2026-03,ZHL,SFP,investment_in_associate,Investment in associate,ASSETS,270,15969831.66,15969831.66
2026-03,ZHL,SFP,investment_unquoted_equity,Investment in unquoted equity securities,ASSETS,280,0.0,0.0
2026-03,ZHL,SFP,net_profit,Net Profit (derived),EQUITY AND LIABILITIES,460,16247303.73,-16247303.73
2026-03,ZHL,SFP,non_controlling_interests,Non-controlling interests,EQUITY AND LIABILITIES,470,0.0,-0.0
2026-03,ZHL,SFP,office_cash,Cash - Office Cash,ASSETS,360,972232.1,972232.1
2026-03,ZHL,SFP,other_receivables,Other Receivables,ASSETS,340,350685.52,350685.52
2026-03,ZHL,SFP,placements,Cash - Placements,ASSETS,390,0.0,0.0
2026-03,ZHL,SFP,ppe,"Property, Plant and Equipment",ASSETS,240,0.0,0.0
2026-03,ZHL,SFP,premium_payable,Premium payable,EQUITY AND LIABILITIES,500,0.0,-0.0
2026-03,ZHL,SFP,premium_receivables,Premium Receivables,ASSETS,330,0.0,0.0
2026-03,ZHL,SFP,proposed_dividend,Proposed dividend,EQUITY AND LIABILITIES,440,0.0,-0.0
2026-03,ZHL,SFP,retained_earnings,Retained earnings,EQUITY AND LIABILITIES,450,-30127713.66,30127713.66
2026-03,ZHL,SFP,share_capital,Share capital,EQUITY AND LIABILITIES,420,-10000000.0,10000000.0
2026-03,ZHL,SFP,tax_recoverable,Tax recoverable,ASSETS,400,252358.94,252358.94
2026-03,ZHL,SFP,trade_and_other_payables,Trade and other payables,EQUITY AND LIABILITIES,480,-1009946538.47,1009946538.47
2026-03,ZHL,SFP,trade_receivables,Trade Receivables (Debtors),ASSETS,320,1.0,1.0
2026-03,ZHL,SFP,translation_reserve,Translation reserve,EQUITY AND LIABILITIES,430,0.0,-0.0
2026-04,C&P,SCI,actuarial_fees,Actuarial Fees,INCOME,10,0.0,-0.0
2026-04,C&P,SCI,advertising_pr,Advertising & PR,EXPENSES,150,0.0,0.0
2026-04,C&P,SCI,communications,Communications,EXPENSES,120,0.0,0.0
2026-04,C&P,SCI,depreciation,Depreciation,EXPENSES,180,0.0,0.0
2026-04,C&P,SCI,entertainment,Entertainment,EXPENSES,100,0.0,0.0
2026-04,C&P,SCI,finance_costs,Finance cost,EXPENSES,220,0.0,0.0
2026-04,C&P,SCI,general_expenses,General Expenses,EXPENSES,200,2319422.18,2319422.18
2026-04,C&P,SCI,insurance,Insurance,EXPENSES,160,1391180.32,1391180.32
2026-04,C&P,SCI,insurance_commissions,Insurance Commissions,INCOME,40,-111488.75,111488.75
2026-04,C&P,SCI,it_costs,IT Costs,EXPENSES,110,0.0,0.0
2026-04,C&P,SCI,management_expense,Management Expense,EXPENSES,210,0.0,0.0
2026-04,C&P,SCI,motor_vehicle_expenses,Motor Vehicle Expenses,EXPENSES,190,0.0,0.0
2026-04,C&P,SCI,other_income,Other Income,INCOME,70,0.0,-0.0
2026-04,C&P,SCI,pension_admin_fee,Pension Admin Fee,INCOME,20,-16660920.32,16660920.32
2026-04,C&P,SCI,personnel_costs,Personnel Costs,EXPENSES,80,0.0,0.0
2026-04,C&P,SCI,premises,Premises,EXPENSES,140,0.0,0.0
2026-04,C&P,SCI,printing_stationery,Printing & Stationery,EXPENSES,130,0.0,0.0
2026-04,C&P,SCI,professional_fees,Professional Fees,EXPENSES,170,1056733.32,1056733.32
2026-04,C&P,SCI,saas_income,SAAS (Software as a Service),INCOME,50,0.0,-0.0
2026-04,C&P,SCI,taxation,Taxation,EXPENSES,230,3601521.98,3601521.98
2026-04,C&P,SCI,travelling,Travelling,EXPENSES,90,0.0,0.0
2026-04,C&P,SFP,accrued_income,Accrued Income,ASSETS,410,16660920.32,16660920.32
2026-04,C&P,SFP,borrowings,Borrowings,EQUITY AND LIABILITIES,510,0.0,-0.0
2026-04,C&P,SFP,computer_software,Intangible - computer software,ASSETS,250,0.0,0.0
2026-04,C&P,SFP,deferred_tax,Deferred tax,ASSETS,310,4287361.0,4287361.0
2026-04,C&P,SFP,deposit_for_investment_in_subsidiary,Deposit for investment in subsidiary,ASSETS,290,0.0,0.0
2026-04,C&P,SFP,deposits,Cash - Deposits,ASSETS,380,22284303.0,22284303.0
2026-04,C&P,SFP,due_from_to_related_parties,Due from/to related parties,ASSETS,350,92114182.15,92114182.15
2026-04,C&P,SFP,goodwill,Intangible - goodwill,ASSETS,260,0.0,0.0
2026-04,C&P,SFP,investment_in_associate,Investment in associate,ASSETS,270,0.0,0.0
2026-04,C&P,SFP,investment_unquoted_equity,Investment in unquoted equity securities,ASSETS,280,0.0,0.0
2026-04,C&P,SFP,net_profit,Net Profit (derived),EQUITY AND LIABILITIES,460,-8403551.28,8403551.28
2026-04,C&P,SFP,non_controlling_interests,Non-controlling interests,EQUITY AND LIABILITIES,470,0.0,-0.0
2026-04,C&P,SFP,office_cash,Cash - Office Cash,ASSETS,360,6023667.38,6023667.38
2026-04,C&P,SFP,other_receivables,Other Receivables,ASSETS,340,-8161870.83,-8161870.83
2026-04,C&P,SFP,placements,Cash - Placements,ASSETS,390,347795.52,347795.52
2026-04,C&P,SFP,ppe,"Property, Plant and Equipment",ASSETS,240,0.0,0.0
2026-04,C&P,SFP,premium_payable,Premium payable,EQUITY AND LIABILITIES,500,0.0,-0.0
2026-04,C&P,SFP,premium_receivables,Premium Receivables,ASSETS,330,0.0,0.0
2026-04,C&P,SFP,proposed_dividend,Proposed dividend,EQUITY AND LIABILITIES,440,0.0,-0.0
2026-04,C&P,SFP,retained_earnings,Retained earnings,EQUITY AND LIABILITIES,450,-133494469.71,133494469.71
2026-04,C&P,SFP,share_capital,Share capital,EQUITY AND LIABILITIES,420,-25000000.0,25000000.0
2026-04,C&P,SFP,tax_recoverable,Tax recoverable,ASSETS,400,-993355.97,-993355.97
2026-04,C&P,SFP,trade_and_other_payables,Trade and other payables,EQUITY AND LIABILITIES,480,-6556688.25,6556688.25
2026-04,C&P,SFP,trade_receivables,Trade Receivables (Debtors),ASSETS,320,40891706.67,40891706.67
2026-04,C&P,SFP,translation_reserve,Translation reserve,EQUITY AND LIABILITIES,430,0.0,-0.0
2026-04,DRC,SCI,actuarial_fees,Actuarial Fees,INCOME,10,0.0,-0.0
2026-04,DRC,SCI,advertising_pr,Advertising & PR,EXPENSES,150,2588852.9,2588852.9
2026-04,DRC,SCI,communications,Communications,EXPENSES,120,731767.25,731767.25
2026-04,DRC,SCI,depreciation,Depreciation,EXPENSES,180,1408685.57,1408685.57
2026-04,DRC,SCI,entertainment,Entertainment,EXPENSES,100,274392.03,274392.03
2026-04,DRC,SCI,finance_costs,Finance cost,EXPENSES,220,0.0,0.0
2026-04,DRC,SCI,general_expenses,General Expenses,EXPENSES,200,2602993.08,2602993.08
2026-04,DRC,SCI,insurance,Insurance,EXPENSES,160,0.0,0.0
2026-04,DRC,SCI,insurance_commissions,Insurance Commissions,INCOME,40,-22791627.94,22791627.94
2026-04,DRC,SCI,it_costs,IT Costs,EXPENSES,110,384960.0,384960.0
2026-04,DRC,SCI,management_expense,Management Expense,EXPENSES,210,633596.67,633596.67
2026-04,DRC,SCI,motor_vehicle_expenses,Motor Vehicle Expenses,EXPENSES,190,1035970.4,1035970.4
2026-04,DRC,SCI,other_income,Other Income,INCOME,70,0.0,-0.0
2026-04,DRC,SCI,personnel_costs,Personnel Costs,EXPENSES,80,7624466.57,7624466.57
2026-04,DRC,SCI,premises,Premises,EXPENSES,140,4442933.9,4442933.9
2026-04,DRC,SCI,printing_stationery,Printing & Stationery,EXPENSES,130,241708.15,241708.15
2026-04,DRC,SCI,professional_fees,Professional Fees,EXPENSES,170,5463166.14,5463166.14
2026-04,DRC,SCI,saas_income,SAAS (Software as a Service),INCOME,50,0.0,-0.0
2026-04,DRC,SCI,taxation,Taxation,EXPENSES,230,0.0,0.0
2026-04,DRC,SCI,travelling,Travelling,EXPENSES,90,1909447.09,1909447.09
2026-04,DRC,SFP,borrowings,Borrowings,EQUITY AND LIABILITIES,510,0.0,-0.0
2026-04,DRC,SFP,computer_software,Intangible - computer software,ASSETS,250,0.0,0.0
2026-04,DRC,SFP,deferred_tax,Deferred tax,ASSETS,310,0.0,0.0
2026-04,DRC,SFP,deposit_for_investment_in_subsidiary,Deposit for investment in subsidiary,ASSETS,290,0.0,0.0
2026-04,DRC,SFP,deposits,Cash - Deposits,ASSETS,380,0.0,0.0
2026-04,DRC,SFP,due_from_to_related_parties,Due from/to related parties,ASSETS,350,-10070454.88,-10070454.88
2026-04,DRC,SFP,goodwill,Intangible - goodwill,ASSETS,260,0.0,0.0
2026-04,DRC,SFP,investment_in_associate,Investment in associate,ASSETS,270,0.0,0.0
2026-04,DRC,SFP,investment_unquoted_equity,Investment in unquoted equity securities,ASSETS,280,0.0,0.0
2026-04,DRC,SFP,net_profit,Net Profit (derived),EQUITY AND LIABILITIES,460,6551311.79,-6551311.79
2026-04,DRC,SFP,non_controlling_interests,Non-controlling interests,EQUITY AND LIABILITIES,470,0.0,-0.0
2026-04,DRC,SFP,office_cash,Cash - Office Cash,ASSETS,360,12569986.09,12569986.09
2026-04,DRC,SFP,other_receivables,Other Receivables,ASSETS,340,11442933.92,11442933.92
2026-04,DRC,SFP,placements,Cash - Placements,ASSETS,390,534311.7,534311.7
2026-04,DRC,SFP,ppe,"Property, Plant and Equipment",ASSETS,240,12040042.91,12040042.91
2026-04,DRC,SFP,premium_payable,Premium payable,EQUITY AND LIABILITIES,500,-54221721.9,54221721.9
2026-04,DRC,SFP,premium_receivables,Premium Receivables,ASSETS,330,0.0,0.0
2026-04,DRC,SFP,proposed_dividend,Proposed dividend,EQUITY AND LIABILITIES,440,0.0,-0.0
2026-04,DRC,SFP,retained_earnings,Retained earnings,EQUITY AND LIABILITIES,450,51166691.23,-51166691.23
2026-04,DRC,SFP,share_capital,Share capital,EQUITY AND LIABILITIES,420,-74293488.24,74293488.24
2026-04,DRC,SFP,tax_recoverable,Tax recoverable,ASSETS,400,12029.6,12029.6
2026-04,DRC,SFP,trade_and_other_payables,Trade and other payables,EQUITY AND LIABILITIES,480,680436.56,-680436.56
2026-04,DRC,SFP,trade_receivables,Trade Receivables (Debtors),ASSETS,320,43593875.22,43593875.22
2026-04,DRC,SFP,translation_reserve,Translation reserve,EQUITY AND LIABILITIES,430,-5954.01,5954.01
2026-04,MALAWI,SCI,actuarial_fees,Actuarial Fees,INCOME,10,0.0,-0.0
2026-04,MALAWI,SCI,advertising_pr,Advertising & PR,EXPENSES,150,1719087.67,1719087.67
2026-04,MALAWI,SCI,communications,Communications,EXPENSES,120,306059.88,306059.88
2026-04,MALAWI,SCI,depreciation,Depreciation,EXPENSES,180,5564649.98,5564649.98
2026-04,MALAWI,SCI,entertainment,Entertainment,EXPENSES,100,877207.89,877207.89
2026-04,MALAWI,SCI,finance_costs,Finance cost,EXPENSES,220,0.0,0.0
2026-04,MALAWI,SCI,general_expenses,General Expenses,EXPENSES,200,436746.08,436746.08
2026-04,MALAWI,SCI,insurance,Insurance,EXPENSES,160,1126178.56,1126178.56
2026-04,MALAWI,SCI,insurance_commissions,Insurance Commissions,INCOME,40,0.0,-0.0
2026-04,MALAWI,SCI,it_costs,IT Costs,EXPENSES,110,0.0,0.0
2026-04,MALAWI,SCI,management_expense,Management Expense,EXPENSES,210,5675148.43,5675148.43
2026-04,MALAWI,SCI,motor_vehicle_expenses,Motor Vehicle Expenses,EXPENSES,190,332729.27,332729.27
2026-04,MALAWI,SCI,other_income,Other Income,INCOME,70,-4300392.0,4300392.0
2026-04,MALAWI,SCI,pension_admin_fee,Pension Admin Fee,INCOME,20,-70452993.21,70452993.21
2026-04,MALAWI,SCI,personnel_costs,Personnel Costs,EXPENSES,80,14795796.99,14795796.99
2026-04,MALAWI,SCI,premises,Premises,EXPENSES,140,1346547.21,1346547.21
2026-04,MALAWI,SCI,printing_stationery,Printing & Stationery,EXPENSES,130,584397.08,584397.08
2026-04,MALAWI,SCI,professional_fees,Professional Fees,EXPENSES,170,1708664.17,1708664.17
2026-04,MALAWI,SCI,saas_income,SAAS (Software as a Service),INCOME,50,0.0,-0.0
2026-04,MALAWI,SCI,taxation,Taxation,EXPENSES,230,12381364.95,12381364.95
2026-04,MALAWI,SCI,travelling,Travelling,EXPENSES,90,1053320.29,1053320.29
2026-04,MALAWI,SFP,borrowings,Borrowings,EQUITY AND LIABILITIES,510,0.0,-0.0
2026-04,MALAWI,SFP,computer_software,Intangible - computer software,ASSETS,250,10165013.43,10165013.43
2026-04,MALAWI,SFP,deferred_tax,Deferred tax,ASSETS,310,10834522.07,10834522.07
2026-04,MALAWI,SFP,deposit_for_investment_in_subsidiary,Deposit for investment in subsidiary,ASSETS,290,0.0,0.0
2026-04,MALAWI,SFP,deposits,Cash - Deposits,ASSETS,380,114953975.2,114953975.2
2026-04,MALAWI,SFP,due_from_to_related_parties,Due from/to related parties,ASSETS,350,-48854152.79,-48854152.79
2026-04,MALAWI,SFP,goodwill,Intangible - goodwill,ASSETS,260,0.0,0.0
2026-04,MALAWI,SFP,investment_in_associate,Investment in associate,ASSETS,270,0.0,0.0
2026-04,MALAWI,SFP,investment_unquoted_equity,Investment in unquoted equity securities,ASSETS,280,0.0,0.0
2026-04,MALAWI,SFP,net_profit,Net Profit (derived),EQUITY AND LIABILITIES,460,-26845486.75,26845486.75
2026-04,MALAWI,SFP,non_controlling_interests,Non-controlling interests,EQUITY AND LIABILITIES,470,0.0,-0.0
2026-04,MALAWI,SFP,office_cash,Cash - Office Cash,ASSETS,360,1312783.51,1312783.51
2026-04,MALAWI,SFP,other_receivables,Other Receivables,ASSETS,340,7357301.51,7357301.51
2026-04,MALAWI,SFP,placements,Cash - Placements,ASSETS,390,0.0,0.0
2026-04,MALAWI,SFP,ppe,"Property, Plant and Equipment",ASSETS,240,12526030.29,12526030.29
2026-04,MALAWI,SFP,premium_payable,Premium payable,EQUITY AND LIABILITIES,500,0.0,-0.0
2026-04,MALAWI,SFP,premium_receivables,Premium Receivables,ASSETS,330,0.0,0.0
2026-04,MALAWI,SFP,proposed_dividend,Proposed dividend,EQUITY AND LIABILITIES,440,0.0,-0.0
2026-04,MALAWI,SFP,retained_earnings,Retained earnings,EQUITY AND LIABILITIES,450,-110029593.99,110029593.99
2026-04,MALAWI,SFP,share_capital,Share capital,EQUITY AND LIABILITIES,420,-826256.18,826256.18
2026-04,MALAWI,SFP,tax_recoverable,Tax recoverable,ASSETS,400,2942094.55,2942094.55
2026-04,MALAWI,SFP,trade_and_other_payables,Trade and other payables,EQUITY AND LIABILITIES,480,-23651283.45,23651283.45
2026-04,MALAWI,SFP,trade_receivables,Trade Receivables (Debtors),ASSETS,320,79968131.73,79968131.73
2026-04,MALAWI,SFP,translation_reserve,Translation reserve,EQUITY AND LIABILITIES,430,-29853079.12,29853079.12
2026-04,MENA,SCI,actuarial_fees,Actuarial Fees,INCOME,10,-25495883.85,25495883.85
2026-04,MENA,SCI,advertising_pr,Advertising & PR,EXPENSES,150,0.0,0.0
2026-04,MENA,SCI,communications,Communications,EXPENSES,120,0.0,0.0
2026-04,MENA,SCI,depreciation,Depreciation,EXPENSES,180,0.0,0.0
2026-04,MENA,SCI,entertainment,Entertainment,EXPENSES,100,0.0,0.0
2026-04,MENA,SCI,finance_costs,Finance cost,EXPENSES,220,0.0,0.0
2026-04,MENA,SCI,general_expenses,General Expenses,EXPENSES,200,1113983.22,1113983.22
2026-04,MENA,SCI,insurance,Insurance,EXPENSES,160,0.0,0.0
2026-04,MENA,SCI,insurance_commissions,Insurance Commissions,INCOME,40,0.0,-0.0
2026-04,MENA,SCI,it_costs,IT Costs,EXPENSES,110,704085.0,704085.0
2026-04,MENA,SCI,management_expense,Management Expense,EXPENSES,210,0.0,0.0
2026-04,MENA,SCI,motor_vehicle_expenses,Motor Vehicle Expenses,EXPENSES,190,0.0,0.0
2026-04,MENA,SCI,other_income,Other Income,INCOME,70,0.0,-0.0
2026-04,MENA,SCI,pension_admin_fee,Pension Admin Fee,INCOME,20,0.0,-0.0
2026-04,MENA,SCI,personnel_costs,Personnel Costs,EXPENSES,80,21401825.32,21401825.32
2026-04,MENA,SCI,premises,Premises,EXPENSES,140,2639685.07,2639685.07
2026-04,MENA,SCI,printing_stationery,Printing & Stationery,EXPENSES,130,0.0,0.0
2026-04,MENA,SCI,professional_fees,Professional Fees,EXPENSES,170,18387402.62,18387402.62
2026-04,MENA,SCI,saas_income,SAAS (Software as a Service),INCOME,50,0.0,-0.0
2026-04,MENA,SCI,taxation,Taxation,EXPENSES,230,0.0,0.0
2026-04,MENA,SCI,travelling,Travelling,EXPENSES,90,1641879.4,1641879.4
2026-04,MENA,SFP,borrowings,Borrowings,EQUITY AND LIABILITIES,510,0.0,-0.0
2026-04,MENA,SFP,computer_software,Intangible - computer software,ASSETS,250,0.0,0.0
2026-04,MENA,SFP,deferred_tax,Deferred tax,ASSETS,310,0.0,0.0
2026-04,MENA,SFP,deposit_for_investment_in_subsidiary,Deposit for investment in subsidiary,ASSETS,290,0.0,0.0
2026-04,MENA,SFP,deposits,Cash - Deposits,ASSETS,380,0.0,0.0
2026-04,MENA,SFP,due_from_to_related_parties,Due from/to related parties,ASSETS,350,0.0,0.0
2026-04,MENA,SFP,goodwill,Intangible - goodwill,ASSETS,260,0.0,0.0
2026-04,MENA,SFP,investment_in_associate,Investment in associate,ASSETS,270,0.0,0.0
2026-04,MENA,SFP,investment_unquoted_equity,Investment in unquoted equity securities,ASSETS,280,0.0,0.0
2026-04,MENA,SFP,net_profit,Net Profit (derived),EQUITY AND LIABILITIES,460,20392976.77,-20392976.77
2026-04,MENA,SFP,non_controlling_interests,Non-controlling interests,EQUITY AND LIABILITIES,470,-81573570.63,81573570.63
2026-04,MENA,SFP,office_cash,Cash - Office Cash,ASSETS,360,2517586.68,2517586.68
2026-04,MENA,SFP,other_receivables,Other Receivables,ASSETS,340,9089715.9,9089715.9
2026-04,MENA,SFP,placements,Cash - Placements,ASSETS,390,0.0,0.0
2026-04,MENA,SFP,ppe,"Property, Plant and Equipment",ASSETS,240,10277774.58,10277774.58
2026-04,MENA,SFP,premium_payable,Premium payable,EQUITY AND LIABILITIES,500,0.0,-0.0
2026-04,MENA,SFP,premium_receivables,Premium Receivables,ASSETS,330,0.0,0.0
2026-04,MENA,SFP,proposed_dividend,Proposed dividend,EQUITY AND LIABILITIES,440,0.0,-0.0
2026-04,MENA,SFP,retained_earnings,Retained earnings,EQUITY AND LIABILITIES,450,-7272732.83,7272732.83
2026-04,MENA,SFP,share_capital,Share capital,EQUITY AND LIABILITIES,420,-37758562.09,37758562.09
2026-04,MENA,SFP,tax_recoverable,Tax recoverable,ASSETS,400,0.0,0.0
2026-04,MENA,SFP,trade_and_other_payables,Trade and other payables,EQUITY AND LIABILITIES,480,-8161208.08,8161208.08
2026-04,MENA,SFP,trade_receivables,Trade Receivables (Debtors),ASSETS,320,92536827.21,92536827.21
2026-04,MENA,SFP,translation_reserve,Translation reserve,EQUITY AND LIABILITIES,430,-48804.0,48804.0
2026-04,NIGERIA,SCI,actuarial_fees,Actuarial Fees,INCOME,10,-29277659.64,29277659.64
2026-04,NIGERIA,SCI,advertising_pr,Advertising & PR,EXPENSES,150,47141.42,47141.42
2026-04,NIGERIA,SCI,communications,Communications,EXPENSES,120,277170.36,277170.36
2026-04,NIGERIA,SCI,depreciation,Depreciation,EXPENSES,180,329489.89,329489.89
2026-04,NIGERIA,SCI,entertainment,Entertainment,EXPENSES,100,103537.65,103537.65
2026-04,NIGERIA,SCI,finance_costs,Finance cost,EXPENSES,220,0.0,0.0
2026-04,NIGERIA,SCI,general_expenses,General Expenses,EXPENSES,200,355892.3,355892.3
2026-04,NIGERIA,SCI,insurance,Insurance,EXPENSES,160,168771.11,168771.11
2026-04,NIGERIA,SCI,insurance_commissions,Insurance Commissions,INCOME,40,0.0,-0.0
2026-04,NIGERIA,SCI,it_costs,IT Costs,EXPENSES,110,79970.71,79970.71
2026-04,NIGERIA,SCI,management_expense,Management Expense,EXPENSES,210,1743580.55,1743580.55
2026-04,NIGERIA,SCI,motor_vehicle_expenses,Motor Vehicle Expenses,EXPENSES,190,437807.5,437807.5
2026-04,NIGERIA,SCI,other_income,Other Income,INCOME,70,-322777.05,322777.05
2026-04,NIGERIA,SCI,pension_admin_fee,Pension Admin Fee,INCOME,20,0.0,-0.0
2026-04,NIGERIA,SCI,personnel_costs,Personnel Costs,EXPENSES,80,8558953.84,8558953.84
2026-04,NIGERIA,SCI,premises,Premises,EXPENSES,140,826564.16,826564.16
2026-04,NIGERIA,SCI,printing_stationery,Printing & Stationery,EXPENSES,130,63871.92,63871.92
2026-04,NIGERIA,SCI,professional_fees,Professional Fees,EXPENSES,170,998814.49,998814.49
2026-04,NIGERIA,SCI,saas_income,SAAS (Software as a Service),INCOME,50,0.0,-0.0
2026-04,NIGERIA,SCI,taxation,Taxation,EXPENSES,230,4441295.6,4441295.6
2026-04,NIGERIA,SCI,travelling,Travelling,EXPENSES,90,804552.13,804552.13
2026-04,NIGERIA,SFP,borrowings,Borrowings,EQUITY AND LIABILITIES,510,0.0,-0.0
2026-04,NIGERIA,SFP,computer_software,Intangible - computer software,ASSETS,250,0.0,0.0
2026-04,NIGERIA,SFP,deferred_tax,Deferred tax,ASSETS,310,58936.46,58936.46
2026-04,NIGERIA,SFP,deposit_for_investment_in_subsidiary,Deposit for investment in subsidiary,ASSETS,290,0.0,0.0
2026-04,NIGERIA,SFP,deposits,Cash - Deposits,ASSETS,380,0.0,0.0
2026-04,NIGERIA,SFP,due_from_to_related_parties,Due from/to related parties,ASSETS,350,-3681157.69,-3681157.69
2026-04,NIGERIA,SFP,goodwill,Intangible - goodwill,ASSETS,260,0.0,0.0
2026-04,NIGERIA,SFP,investment_in_associate,Investment in associate,ASSETS,270,0.0,0.0
2026-04,NIGERIA,SFP,investment_unquoted_equity,Investment in unquoted equity securities,ASSETS,280,938614.6,938614.6
2026-04,NIGERIA,SFP,net_profit,Net Profit (derived),EQUITY AND LIABILITIES,460,-10363023.06,10363023.06
2026-04,NIGERIA,SFP,non_controlling_interests,Non-controlling interests,EQUITY AND LIABILITIES,470,0.0,-0.0
2026-04,NIGERIA,SFP,office_cash,Cash - Office Cash,ASSETS,360,135308.43,135308.43
2026-04,NIGERIA,SFP,other_receivables,Other Receivables,ASSETS,340,10939612.54,10939612.54
2026-04,NIGERIA,SFP,placements,Cash - Placements,ASSETS,390,0.0,0.0
2026-04,NIGERIA,SFP,ppe,"Property, Plant and Equipment",ASSETS,240,3572097.24,3572097.24
2026-04,NIGERIA,SFP,premium_payable,Premium payable,EQUITY AND LIABILITIES,500,0.0,-0.0
2026-04,NIGERIA,SFP,premium_receivables,Premium Receivables,ASSETS,330,0.0,0.0
2026-04,NIGERIA,SFP,proposed_dividend,Proposed dividend,EQUITY AND LIABILITIES,440,0.0,-0.0
2026-04,NIGERIA,SFP,retained_earnings,Retained earnings,EQUITY AND LIABILITIES,450,-8027072.65,8027072.65
2026-04,NIGERIA,SFP,share_capital,Share capital,EQUITY AND LIABILITIES,420,-6570302.23,6570302.23
2026-04,NIGERIA,SFP,tax_recoverable,Tax recoverable,ASSETS,400,-11143429.88,-11143429.88
2026-04,NIGERIA,SFP,trade_and_other_payables,Trade and other payables,EQUITY AND LIABILITIES,480,-6441334.9,6441334.9
2026-04,NIGERIA,SFP,trade_receivables,Trade Receivables (Debtors),ASSETS,320,30535434.48,30535434.48
2026-04,NIGERIA,SFP,translation_reserve,Translation reserve,EQUITY AND LIABILITIES,430,46316.65,-46316.65
2026-04,RWANDA,SCI,actuarial_fees,Actuarial Fees,INCOME,10,-4284941.32,4284941.32
2026-04,RWANDA,SCI,advertising_pr,Advertising & PR,EXPENSES,150,100956.75,100956.75
2026-04,RWANDA,SCI,communications,Communications,EXPENSES,120,402805.37,402805.37
2026-04,RWANDA,SCI,depreciation,Depreciation,EXPENSES,180,1184987.36,1184987.36
2026-04,RWANDA,SCI,entertainment,Entertainment,EXPENSES,100,236483.79,236483.79
2026-04,RWANDA,SCI,finance_costs,Finance cost,EXPENSES,220,0.0,0.0
2026-04,RWANDA,SCI,general_expenses,General Expenses,EXPENSES,200,1032493.47,1032493.47
2026-04,RWANDA,SCI,insurance,Insurance,EXPENSES,160,200330.6,200330.6
2026-04,RWANDA,SCI,insurance_commissions,Insurance Commissions,INCOME,40,-15829814.82,15829814.82
2026-04,RWANDA,SCI,it_costs,IT Costs,EXPENSES,110,97583.55,97583.55
2026-04,RWANDA,SCI,management_expense,Management Expense,EXPENSES,210,0.0,0.0
2026-04,RWANDA,SCI,motor_vehicle_expenses,Motor Vehicle Expenses,EXPENSES,190,236988.74,236988.74
2026-04,RWANDA,SCI,other_income,Other Income,INCOME,70,-462100.86,462100.86
2026-04,RWANDA,SCI,pension_admin_fee,Pension Admin Fee,INCOME,20,-279953.45,279953.45
2026-04,RWANDA,SCI,personnel_costs,Personnel Costs,EXPENSES,80,12613409.74,12613409.74
2026-04,RWANDA,SCI,premises,Premises,EXPENSES,140,946976.3,946976.3
2026-04,RWANDA,SCI,printing_stationery,Printing & Stationery,EXPENSES,130,102808.61,102808.61
2026-04,RWANDA,SCI,professional_fees,Professional Fees,EXPENSES,170,469234.93,469234.93
2026-04,RWANDA,SCI,saas_income,SAAS (Software as a Service),INCOME,50,0.0,-0.0
2026-04,RWANDA,SCI,taxation,Taxation,EXPENSES,230,455475.97,455475.97
2026-04,RWANDA,SCI,travelling,Travelling,EXPENSES,90,1713498.0,1713498.0
2026-04,RWANDA,SFP,borrowings,Borrowings,EQUITY AND LIABILITIES,510,0.0,-0.0
2026-04,RWANDA,SFP,computer_software,Intangible - computer software,ASSETS,250,3469897.51,3469897.51
2026-04,RWANDA,SFP,deferred_tax,Deferred tax,ASSETS,310,-664527.21,-664527.21
2026-04,RWANDA,SFP,deposit_for_investment_in_subsidiary,Deposit for investment in subsidiary,ASSETS,290,0.0,0.0
2026-04,RWANDA,SFP,deposits,Cash - Deposits,ASSETS,380,22084805.65,22084805.65
2026-04,RWANDA,SFP,due_from_to_related_parties,Due from/to related parties,ASSETS,350,-1359822.53,-1359822.53
2026-04,RWANDA,SFP,goodwill,Intangible - goodwill,ASSETS,260,0.0,0.0
2026-04,RWANDA,SFP,investment_in_associate,Investment in associate,ASSETS,270,0.0,0.0
2026-04,RWANDA,SFP,investment_unquoted_equity,Investment in unquoted equity securities,ASSETS,280,0.0,0.0
2026-04,RWANDA,SFP,net_profit,Net Profit (derived),EQUITY AND LIABILITIES,460,-1062777.27,1062777.27
2026-04,RWANDA,SFP,non_controlling_interests,Non-controlling interests,EQUITY AND LIABILITIES,470,0.0,-0.0
2026-04,RWANDA,SFP,office_cash,Cash - Office Cash,ASSETS,360,14807518.68,14807518.68
2026-04,RWANDA,SFP,other_receivables,Other Receivables,ASSETS,340,1587323.5,1587323.5
2026-04,RWANDA,SFP,placements,Cash - Placements,ASSETS,390,0.0,0.0
2026-04,RWANDA,SFP,ppe,"Property, Plant and Equipment",ASSETS,240,8735737.59,8735737.59
2026-04,RWANDA,SFP,premium_payable,Premium payable,EQUITY AND LIABILITIES,500,0.0,-0.0
2026-04,RWANDA,SFP,premium_receivables,Premium Receivables,ASSETS,330,0.0,0.0
2026-04,RWANDA,SFP,proposed_dividend,Proposed dividend,EQUITY AND LIABILITIES,440,0.0,-0.0
2026-04,RWANDA,SFP,retained_earnings,Retained earnings,EQUITY AND LIABILITIES,450,499849.99,-499849.99
2026-04,RWANDA,SFP,share_capital,Share capital,EQUITY AND LIABILITIES,420,-51171471.82,51171471.82
2026-04,RWANDA,SFP,tax_recoverable,Tax recoverable,ASSETS,400,-453560.4,-453560.4
2026-04,RWANDA,SFP,trade_and_other_payables,Trade and other payables,EQUITY AND LIABILITIES,480,-4387802.73,4387802.73
2026-04,RWANDA,SFP,trade_receivables,Trade Receivables (Debtors),ASSETS,320,7910359.02,7910359.02
2026-04,RWANDA,SFP,translation_reserve,Translation reserve,EQUITY AND LIABILITIES,430,4470.0,-4470.0
2026-04,ZAAC,SCI,actuarial_fees,Actuarial Fees,INCOME,10,-124054353.23,124054353.23
2026-04,ZAAC,SCI,advertising_pr,Advertising & PR,EXPENSES,150,7910712.4,7910712.4
2026-04,ZAAC,SCI,communications,Communications,EXPENSES,120,1675651.38,1675651.38
2026-04,ZAAC,SCI,depreciation,Depreciation,EXPENSES,180,13662725.26,13662725.26
2026-04,ZAAC,SCI,entertainment,Entertainment,EXPENSES,100,5154568.73,5154568.73
2026-04,ZAAC,SCI,finance_costs,Finance cost,EXPENSES,220,640762.47,640762.47
2026-04,ZAAC,SCI,general_expenses,General Expenses,EXPENSES,200,9417033.83,9417033.83
2026-04,ZAAC,SCI,insurance,Insurance,EXPENSES,160,5265653.0,5265653.0
2026-04,ZAAC,SCI,insurance_commissions,Insurance Commissions,INCOME,40,0.0,-0.0
2026-04,ZAAC,SCI,it_costs,IT Costs,EXPENSES,110,16672280.59,16672280.59
2026-04,ZAAC,SCI,management_expense,Management Expense,EXPENSES,210,0.0,0.0
2026-04,ZAAC,SCI,motor_vehicle_expenses,Motor Vehicle Expenses,EXPENSES,190,5293167.0,5293167.0
2026-04,ZAAC,SCI,other_income,Other Income,INCOME,70,-9317489.74,9317489.74
2026-04,ZAAC,SCI,pension_admin_fee,Pension Admin Fee,INCOME,20,-167454307.78,167454307.78
2026-04,ZAAC,SCI,personnel_costs,Personnel Costs,EXPENSES,80,253105133.21,253105133.21
2026-04,ZAAC,SCI,premises,Premises,EXPENSES,140,13440278.6,13440278.6
2026-04,ZAAC,SCI,printing_stationery,Printing & Stationery,EXPENSES,130,1150215.96,1150215.96
2026-04,ZAAC,SCI,professional_fees,Professional Fees,EXPENSES,170,14078622.25,14078622.25
2026-04,ZAAC,SCI,retail_income,Retail,INCOME,60,-39729007.54,39729007.54
2026-04,ZAAC,SCI,saas_income,SAAS (Software as a Service),INCOME,50,-9068347.0,9068347.0
2026-04,ZAAC,SCI,taxation,Taxation,EXPENSES,230,26889216.56,26889216.56
2026-04,ZAAC,SCI,travelling,Travelling,EXPENSES,90,8860191.07,8860191.07
2026-04,ZAAC,SCI,umbrella_fund,Umbrella Fund,INCOME,30,-96334212.31,96334212.31
2026-04,ZAAC,SFP,accrued_income,Accrued Income,ASSETS,410,208209655.94,208209655.94
2026-04,ZAAC,SFP,borrowings,Borrowings,EQUITY AND LIABILITIES,510,0.43,-0.43
2026-04,ZAAC,SFP,computer_software,Intangible - computer software,ASSETS,250,20958755.78,20958755.78
2026-04,ZAAC,SFP,deferred_tax,Deferred tax,ASSETS,310,15764930.24,15764930.24
2026-04,ZAAC,SFP,deposit_for_investment_in_subsidiary,Deposit for investment in subsidiary,ASSETS,290,36808446.31,36808446.31
2026-04,ZAAC,SFP,deposits,Cash - Deposits,ASSETS,380,58000000.0,58000000.0
2026-04,ZAAC,SFP,due_from_to_related_parties,Due from/to related parties,ASSETS,350,194738827.92,194738827.92
2026-04,ZAAC,SFP,goodwill,Intangible - goodwill,ASSETS,260,3641525.26,3641525.26
2026-04,ZAAC,SFP,investment_in_associate,Investment in associate,ASSETS,270,0.0,0.0
2026-04,ZAAC,SFP,investment_unquoted_equity,Investment in unquoted equity securities,ASSETS,280,0.0,0.0
2026-04,ZAAC,SFP,net_profit,Net Profit (derived),EQUITY AND LIABILITIES,460,-62741505.29,62741505.29
2026-04,ZAAC,SFP,non_controlling_interests,Non-controlling interests,EQUITY AND LIABILITIES,470,0.0,-0.0
2026-04,ZAAC,SFP,office_cash,Cash - Office Cash,ASSETS,360,37290488.71,37290488.71
2026-04,ZAAC,SFP,other_receivables,Other Receivables,ASSETS,340,40402460.63,40402460.63
2026-04,ZAAC,SFP,placements,Cash - Placements,ASSETS,390,20849321.49,20849321.49
2026-04,ZAAC,SFP,ppe,"Property, Plant and Equipment",ASSETS,240,95850900.55,95850900.55
2026-04,ZAAC,SFP,premium_payable,Premium payable,EQUITY AND LIABILITIES,500,0.0,-0.0
2026-04,ZAAC,SFP,premium_receivables,Premium Receivables,ASSETS,330,0.0,0.0
2026-04,ZAAC,SFP,proposed_dividend,Proposed dividend,EQUITY AND LIABILITIES,440,0.0,-0.0
2026-04,ZAAC,SFP,retained_earnings,Retained earnings,EQUITY AND LIABILITIES,450,-1021890949.75,1021890949.75
2026-04,ZAAC,SFP,share_capital,Share capital,EQUITY AND LIABILITIES,420,-25000000.0,25000000.0
2026-04,ZAAC,SFP,tax_recoverable,Tax recoverable,ASSETS,400,24791496.75,24791496.75
2026-04,ZAAC,SFP,trade_and_other_payables,Trade and other payables,EQUITY AND LIABILITIES,480,-80480626.43,80480626.43
2026-04,ZAAC,SFP,trade_receivables,Trade Receivables (Debtors),ASSETS,320,432806271.46,432806271.46
2026-04,ZAAC,SFP,translation_reserve,Translation reserve,EQUITY AND LIABILITIES,430,0.0,-0.0
2026-04,ZAMRE,SCI,actuarial_fees,Actuarial Fees,INCOME,10,0.0,-0.0
2026-04,ZAMRE,SCI,advertising_pr,Advertising & PR,EXPENSES,150,164844.86,164844.86
2026-04,ZAMRE,SCI,communications,Communications,EXPENSES,120,26048.74,26048.74
2026-04,ZAMRE,SCI,depreciation,Depreciation,EXPENSES,180,0.0,0.0
2026-04,ZAMRE,SCI,entertainment,Entertainment,EXPENSES,100,252733.8,252733.8
2026-04,ZAMRE,SCI,finance_costs,Finance cost,EXPENSES,220,6384.48,6384.48
2026-04,ZAMRE,SCI,general_expenses,General Expenses,EXPENSES,200,125258.99,125258.99
2026-04,ZAMRE,SCI,insurance,Insurance,EXPENSES,160,86192.55,86192.55
2026-04,ZAMRE,SCI,insurance_commissions,Insurance Commissions,INCOME,40,-32259306.0,32259306.0
2026-04,ZAMRE,SCI,it_costs,IT Costs,EXPENSES,110,428879.43,428879.43
2026-04,ZAMRE,SCI,management_expense,Management Expense,EXPENSES,210,0.0,0.0
2026-04,ZAMRE,SCI,motor_vehicle_expenses,Motor Vehicle Expenses,EXPENSES,190,89986.82,89986.82
2026-04,ZAMRE,SCI,other_income,Other Income,INCOME,70,-530346.0,530346.0
2026-04,ZAMRE,SCI,personnel_costs,Personnel Costs,EXPENSES,80,11309635.01,11309635.01
2026-04,ZAMRE,SCI,premises,Premises,EXPENSES,140,63822.88,63822.88
2026-04,ZAMRE,SCI,printing_stationery,Printing & Stationery,EXPENSES,130,17761.4,17761.4
2026-04,ZAMRE,SCI,professional_fees,Professional Fees,EXPENSES,170,98855.2,98855.2
2026-04,ZAMRE,SCI,saas_income,SAAS (Software as a Service),INCOME,50,0.0,-0.0
2026-04,ZAMRE,SCI,taxation,Taxation,EXPENSES,230,5825870.95,5825870.95
2026-04,ZAMRE,SCI,travelling,Travelling,EXPENSES,90,699678.0,699678.0
2026-04,ZAMRE,SFP,borrowings,Borrowings,EQUITY AND LIABILITIES,510,0.0,-0.0
2026-04,ZAMRE,SFP,client_cash,Cash - Client Cash,ASSETS,370,73429241.4,73429241.4
2026-04,ZAMRE,SFP,computer_software,Intangible - computer software,ASSETS,250,4674000.0,4674000.0
2026-04,ZAMRE,SFP,deferred_tax,Deferred tax,ASSETS,310,0.0,0.0
2026-04,ZAMRE,SFP,deposit_for_investment_in_subsidiary,Deposit for investment in subsidiary,ASSETS,290,0.0,0.0
2026-04,ZAMRE,SFP,deposits,Cash - Deposits,ASSETS,380,33160000.0,33160000.0
2026-04,ZAMRE,SFP,due_from_to_related_parties,Due from/to related parties,ASSETS,350,-57419573.48,-57419573.48
2026-04,ZAMRE,SFP,goodwill,Intangible - goodwill,ASSETS,260,0.0,0.0
2026-04,ZAMRE,SFP,investment_in_associate,Investment in associate,ASSETS,270,0.0,0.0
2026-04,ZAMRE,SFP,investment_unquoted_equity,Investment in unquoted equity securities,ASSETS,280,0.0,0.0
2026-04,ZAMRE,SFP,net_profit,Net Profit (derived),EQUITY AND LIABILITIES,460,-13593698.89,13593698.89
2026-04,ZAMRE,SFP,non_controlling_interests,Non-controlling interests,EQUITY AND LIABILITIES,470,0.0,-0.0
2026-04,ZAMRE,SFP,office_cash,Cash - Office Cash,ASSETS,360,8479154.19,8479154.19
2026-04,ZAMRE,SFP,other_receivables,Other Receivables,ASSETS,340,456372.0,456372.0
2026-04,ZAMRE,SFP,ppe,"Property, Plant and Equipment",ASSETS,240,0.0,0.0
2026-04,ZAMRE,SFP,premium_payable,Premium payable,EQUITY AND LIABILITIES,500,-209249264.81,209249264.81
2026-04,ZAMRE,SFP,premium_receivables,Premium Receivables,ASSETS,330,141466496.95,141466496.95
2026-04,ZAMRE,SFP,proposed_dividend,Proposed dividend,EQUITY AND LIABILITIES,440,0.0,-0.0
2026-04,ZAMRE,SFP,retained_earnings,Retained earnings,EQUITY AND LIABILITIES,450,-4833892.0,4833892.0
2026-04,ZAMRE,SFP,share_capital,Share capital,EQUITY AND LIABILITIES,420,-5000000.0,5000000.0
2026-04,ZAMRE,SFP,tax_recoverable,Tax recoverable,ASSETS,400,-5215105.95,-5215105.95
2026-04,ZAMRE,SFP,trade_and_other_payables,Trade and other payables,EQUITY AND LIABILITIES,480,0.0,-0.0
2026-04,ZAMRE,SFP,trade_receivables,Trade Receivables (Debtors),ASSETS,320,33646270.59,33646270.59
2026-04,ZAMRE,SFP,translation_reserve,Translation reserve,EQUITY AND LIABILITIES,430,0.0,-0.0
2026-04,ZARIB,SCI,actuarial_fees,Actuarial Fees,INCOME,10,0.0,-0.0
2026-04,ZARIB,SCI,advertising_pr,Advertising & PR,EXPENSES,150,2069572.22,2069572.22
2026-04,ZARIB,SCI,communications,Communications,EXPENSES,120,2011700.72,2011700.72
2026-04,ZARIB,SCI,depreciation,Depreciation,EXPENSES,180,8399181.19,8399181.19
2026-04,ZARIB,SCI,entertainment,Entertainment,EXPENSES,100,6690346.62,6690346.62
2026-04,ZARIB,SCI,finance_costs,Finance cost,EXPENSES,220,1720318.26,1720318.26
2026-04,ZARIB,SCI,general_expenses,General Expenses,EXPENSES,200,8625740.11,8625740.11
2026-04,ZARIB,SCI,insurance,Insurance,EXPENSES,160,4561957.9,4561957.9
2026-04,ZARIB,SCI,insurance_commissions,Insurance Commissions,INCOME,40,-833228807.49,833228807.49
2026-04,ZARIB,SCI,it_costs,IT Costs,EXPENSES,110,6489897.19,6489897.19
2026-04,ZARIB,SCI,management_expense,Management Expense,EXPENSES,210,0.0,0.0
2026-04,ZARIB,SCI,motor_vehicle_expenses,Motor Vehicle Expenses,EXPENSES,190,3537755.38,3537755.38
2026-04,ZARIB,SCI,other_income,Other Income,INCOME,70,-20659389.39,20659389.39
2026-04,ZARIB,SCI,personnel_costs,Personnel Costs,EXPENSES,80,184785371.85,184785371.85
2026-04,ZARIB,SCI,premises,Premises,EXPENSES,140,13913610.98,13913610.98
2026-04,ZARIB,SCI,printing_stationery,Printing & Stationery,EXPENSES,130,942610.72,942610.72
2026-04,ZARIB,SCI,professional_fees,Professional Fees,EXPENSES,170,5135248.32,5135248.32
2026-04,ZARIB,SCI,saas_income,SAAS (Software as a Service),INCOME,50,0.0,-0.0
2026-04,ZARIB,SCI,taxation,Taxation,EXPENSES,230,180384968.65,180384968.65
2026-04,ZARIB,SCI,travelling,Travelling,EXPENSES,90,3721656.22,3721656.22
2026-04,ZARIB,SFP,borrowings,Borrowings,EQUITY AND LIABILITIES,510,0.0,-0.0
2026-04,ZARIB,SFP,client_cash,Cash - Client Cash,ASSETS,370,194905837.97,194905837.97
2026-04,ZARIB,SFP,computer_software,Intangible - computer software,ASSETS,250,22565801.83,22565801.83
2026-04,ZARIB,SFP,deferred_revenue,Deferred Revenue,EQUITY AND LIABILITIES,490,0.0,-0.0
2026-04,ZARIB,SFP,deferred_tax,Deferred tax,ASSETS,310,31050038.23,31050038.23
2026-04,ZARIB,SFP,deposit_for_investment_in_subsidiary,Deposit for investment in subsidiary,ASSETS,290,1060688.0,1060688.0
2026-04,ZARIB,SFP,deposits,Cash - Deposits,ASSETS,380,896271492.17,896271492.17
2026-04,ZARIB,SFP,due_from_to_related_parties,Due from/to related parties,ASSETS,350,331542532.96,331542532.96
2026-04,ZARIB,SFP,goodwill,Intangible - goodwill,ASSETS,260,0.0,0.0
2026-04,ZARIB,SFP,investment_in_associate,Investment in associate,ASSETS,270,0.0,0.0
2026-04,ZARIB,SFP,investment_unquoted_equity,Investment in unquoted equity securities,ASSETS,280,0.0,0.0
2026-04,ZARIB,SFP,net_profit,Net Profit (derived),EQUITY AND LIABILITIES,460,-420898260.55,420898260.55
2026-04,ZARIB,SFP,non_controlling_interests,Non-controlling interests,EQUITY AND LIABILITIES,470,0.0,-0.0
2026-04,ZARIB,SFP,office_cash,Cash - Office Cash,ASSETS,360,23130739.02,23130739.02
2026-04,ZARIB,SFP,other_receivables,Other Receivables,ASSETS,340,-36070222.81,-36070222.81
2026-04,ZARIB,SFP,placements,Cash - Placements,ASSETS,390,142446879.6,142446879.6
2026-04,ZARIB,SFP,ppe,"Property, Plant and Equipment",ASSETS,240,65368530.77,65368530.77
2026-04,ZARIB,SFP,premium_payable,Premium payable,EQUITY AND LIABILITIES,500,-2482020635.29,2482020635.29
2026-04,ZARIB,SFP,premium_receivables,Premium Receivables,ASSETS,330,2201631043.3,2201631043.3
2026-04,ZARIB,SFP,proposed_dividend,Proposed dividend,EQUITY AND LIABILITIES,440,0.0,-0.0
2026-04,ZARIB,SFP,retained_earnings,Retained earnings,EQUITY AND LIABILITIES,450,-1189689872.0,1189689872.0
2026-04,ZARIB,SFP,share_capital,Share capital,EQUITY AND LIABILITIES,420,-33360000.0,33360000.0
2026-04,ZARIB,SFP,tax_recoverable,Tax recoverable,ASSETS,400,-106417101.89,-106417101.89
2026-04,ZARIB,SFP,trade_and_other_payables,Trade and other payables,EQUITY AND LIABILITIES,480,-71225598.39,71225598.39
2026-04,ZARIB,SFP,trade_receivables,Trade Receivables (Debtors),ASSETS,320,430466958.04,430466958.04
2026-04,ZARIB,SFP,translation_reserve,Translation reserve,EQUITY AND LIABILITIES,430,-758850.95,758850.95
2026-04,ZATL,SCI,actuarial_fees,Actuarial Fees,INCOME,10,-7492708.42,7492708.42
2026-04,ZATL,SCI,advertising_pr,Advertising & PR,EXPENSES,150,0.0,0.0
2026-04,ZATL,SCI,communications,Communications,EXPENSES,120,69372.57,69372.57
2026-04,ZATL,SCI,depreciation,Depreciation,EXPENSES,180,44724.1,44724.1
2026-04,ZATL,SCI,entertainment,Entertainment,EXPENSES,100,12642.9,12642.9
2026-04,ZATL,SCI,finance_costs,Finance cost,EXPENSES,220,0.0,0.0
2026-04,ZATL,SCI,general_expenses,General Expenses,EXPENSES,200,751261.13,751261.13
2026-04,ZATL,SCI,insurance,Insurance,EXPENSES,160,138591.44,138591.44
2026-04,ZATL,SCI,insurance_commissions,Insurance Commissions,INCOME,40,0.0,-0.0
2026-04,ZATL,SCI,it_costs,IT Costs,EXPENSES,110,2754.8,2754.8
2026-04,ZATL,SCI,management_expense,Management Expense,EXPENSES,210,447442.59,447442.59
2026-04,ZATL,SCI,motor_vehicle_expenses,Motor Vehicle Expenses,EXPENSES,190,28151.19,28151.19
2026-04,ZATL,SCI,other_income,Other Income,INCOME,70,-9732.21,9732.21
2026-04,ZATL,SCI,personnel_costs,Personnel Costs,EXPENSES,80,1743155.04,1743155.04
2026-04,ZATL,SCI,premises,Premises,EXPENSES,140,300765.3,300765.3
2026-04,ZATL,SCI,printing_stationery,Printing & Stationery,EXPENSES,130,125373.33,125373.33
2026-04,ZATL,SCI,professional_fees,Professional Fees,EXPENSES,170,164215.27,164215.27
2026-04,ZATL,SCI,saas_income,SAAS (Software as a Service),INCOME,50,0.0,-0.0
2026-04,ZATL,SCI,taxation,Taxation,EXPENSES,230,1033088.63,1033088.63
2026-04,ZATL,SCI,travelling,Travelling,EXPENSES,90,230362.19,230362.19
2026-04,ZATL,SFP,borrowings,Borrowings,EQUITY AND LIABILITIES,510,0.0,-0.0
2026-04,ZATL,SFP,computer_software,Intangible - computer software,ASSETS,250,0.0,0.0
2026-04,ZATL,SFP,deferred_tax,Deferred tax,ASSETS,310,1412603.24,1412603.24
2026-04,ZATL,SFP,deposit_for_investment_in_subsidiary,Deposit for investment in subsidiary,ASSETS,290,0.0,0.0
2026-04,ZATL,SFP,deposits,Cash - Deposits,ASSETS,380,502765.21,502765.21
2026-04,ZATL,SFP,due_from_to_related_parties,Due from/to related parties,ASSETS,350,2583198.97,2583198.97
2026-04,ZATL,SFP,goodwill,Intangible - goodwill,ASSETS,260,0.0,0.0
2026-04,ZATL,SFP,investment_in_associate,Investment in associate,ASSETS,270,0.0,0.0
2026-04,ZATL,SFP,investment_unquoted_equity,Investment in unquoted equity securities,ASSETS,280,0.0,0.0
2026-04,ZATL,SFP,net_profit,Net Profit (derived),EQUITY AND LIABILITIES,460,-2410540.14,2410540.14
2026-04,ZATL,SFP,non_controlling_interests,Non-controlling interests,EQUITY AND LIABILITIES,470,0.0,-0.0
2026-04,ZATL,SFP,office_cash,Cash - Office Cash,ASSETS,360,3226640.71,3226640.71
2026-04,ZATL,SFP,other_receivables,Other Receivables,ASSETS,340,-1385639.59,-1385639.59
2026-04,ZATL,SFP,placements,Cash - Placements,ASSETS,390,0.0,0.0
2026-04,ZATL,SFP,ppe,"Property, Plant and Equipment",ASSETS,240,302491.9,302491.9
2026-04,ZATL,SFP,premium_payable,Premium payable,EQUITY AND LIABILITIES,500,0.0,-0.0
2026-04,ZATL,SFP,premium_receivables,Premium Receivables,ASSETS,330,0.0,0.0
2026-04,ZATL,SFP,proposed_dividend,Proposed dividend,EQUITY AND LIABILITIES,440,0.0,-0.0
2026-04,ZATL,SFP,retained_earnings,Retained earnings,EQUITY AND LIABILITIES,450,7661280.69,-7661280.69
2026-04,ZATL,SFP,share_capital,Share capital,EQUITY AND LIABILITIES,420,-5047476.12,5047476.12
2026-04,ZATL,SFP,tax_recoverable,Tax recoverable,ASSETS,400,514336.93,514336.93
2026-04,ZATL,SFP,trade_and_other_payables,Trade and other payables,EQUITY AND LIABILITIES,480,-1228763.48,1228763.48
2026-04,ZATL,SFP,trade_receivables,Trade Receivables (Debtors),ASSETS,320,3905029.83,3905029.83
2026-04,ZATL,SFP,translation_reserve,Translation reserve,EQUITY AND LIABILITIES,430,-10035928.14,10035928.14
2026-04,ZHL,SCI,actuarial_fees,Actuarial Fees,INCOME,10,0.0,-0.0
2026-04,ZHL,SCI,advertising_pr,Advertising & PR,EXPENSES,150,0.0,0.0
2026-04,ZHL,SCI,communications,Communications,EXPENSES,120,0.0,0.0
2026-04,ZHL,SCI,depreciation,Depreciation,EXPENSES,180,0.0,0.0
2026-04,ZHL,SCI,entertainment,Entertainment,EXPENSES,100,11699.99,11699.99
2026-04,ZHL,SCI,finance_costs,Finance cost,EXPENSES,220,0.0,0.0
2026-04,ZHL,SCI,general_expenses,General Expenses,EXPENSES,200,187570.1,187570.1
2026-04,ZHL,SCI,insurance,Insurance,EXPENSES,160,0.0,0.0
2026-04,ZHL,SCI,insurance_commissions,Insurance Commissions,INCOME,40,0.0,-0.0
2026-04,ZHL,SCI,it_costs,IT Costs,EXPENSES,110,0.0,0.0
2026-04,ZHL,SCI,management_expense,Management Expense,EXPENSES,210,0.0,0.0
2026-04,ZHL,SCI,motor_vehicle_expenses,Motor Vehicle Expenses,EXPENSES,190,0.0,0.0
2026-04,ZHL,SCI,other_income,Other Income,INCOME,70,-108739.63,108739.63
2026-04,ZHL,SCI,personnel_costs,Personnel Costs,EXPENSES,80,0.0,0.0
2026-04,ZHL,SCI,premises,Premises,EXPENSES,140,0.0,0.0
2026-04,ZHL,SCI,printing_stationery,Printing & Stationery,EXPENSES,130,0.0,0.0
2026-04,ZHL,SCI,professional_fees,Professional Fees,EXPENSES,170,19664217.47,19664217.47
2026-04,ZHL,SCI,saas_income,SAAS (Software as a Service),INCOME,50,0.0,-0.0
2026-04,ZHL,SCI,taxation,Taxation,EXPENSES,230,0.0,0.0
2026-04,ZHL,SCI,travelling,Travelling,EXPENSES,90,0.0,0.0
2026-04,ZHL,SFP,borrowings,Borrowings,EQUITY AND LIABILITIES,510,0.0,-0.0
2026-04,ZHL,SFP,computer_software,Intangible - computer software,ASSETS,250,0.0,0.0
2026-04,ZHL,SFP,deferred_tax,Deferred tax,ASSETS,310,0.0,0.0
2026-04,ZHL,SFP,deposit_for_investment_in_subsidiary,Deposit for investment in subsidiary,ASSETS,290,1278387321.58,1278387321.58
2026-04,ZHL,SFP,deposits,Cash - Deposits,ASSETS,380,4500000.0,4500000.0
2026-04,ZHL,SFP,due_from_to_related_parties,Due from/to related parties,ASSETS,350,-269728888.64,-269728888.64
2026-04,ZHL,SFP,goodwill,Intangible - goodwill,ASSETS,260,0.0,0.0
2026-04,ZHL,SFP,investment_in_associate,Investment in associate,ASSETS,270,15969831.66,15969831.66
2026-04,ZHL,SFP,investment_unquoted_equity,Investment in unquoted equity securities,ASSETS,280,0.0,0.0
2026-04,ZHL,SFP,net_profit,Net Profit (derived),EQUITY AND LIABILITIES,460,19754747.93,-19754747.93
2026-04,ZHL,SFP,non_controlling_interests,Non-controlling interests,EQUITY AND LIABILITIES,470,0.0,-0.0
2026-04,ZHL,SFP,office_cash,Cash - Office Cash,ASSETS,360,188696.25,188696.25
2026-04,ZHL,SFP,other_receivables,Other Receivables,ASSETS,340,405961.55,405961.55
2026-04,ZHL,SFP,placements,Cash - Placements,ASSETS,390,0.0,0.0
2026-04,ZHL,SFP,ppe,"Property, Plant and Equipment",ASSETS,240,0.0,0.0
2026-04,ZHL,SFP,premium_payable,Premium payable,EQUITY AND LIABILITIES,500,0.0,-0.0
2026-04,ZHL,SFP,premium_receivables,Premium Receivables,ASSETS,330,0.0,0.0
2026-04,ZHL,SFP,proposed_dividend,Proposed dividend,EQUITY AND LIABILITIES,440,0.0,-0.0
2026-04,ZHL,SFP,retained_earnings,Retained earnings,EQUITY AND LIABILITIES,450,-30127713.66,30127713.66
2026-04,ZHL,SFP,share_capital,Share capital,EQUITY AND LIABILITIES,420,-10000000.0,10000000.0
2026-04,ZHL,SFP,tax_recoverable,Tax recoverable,ASSETS,400,252358.94,252358.94
2026-04,ZHL,SFP,trade_and_other_payables,Trade and other payables,EQUITY AND LIABILITIES,480,-1009602316.61,1009602316.61
2026-04,ZHL,SFP,trade_receivables,Trade Receivables (Debtors),ASSETS,320,1.0,1.0
2026-04,ZHL,SFP,translation_reserve,Translation reserve,EQUITY AND LIABILITIES,430,0.0,-0.0
2026-05,C&P,SCI,actuarial_fees,Actuarial Fees,INCOME,10,0.0,-0.0
2026-05,C&P,SCI,advertising_pr,Advertising & PR,EXPENSES,150,0.0,0.0
2026-05,C&P,SCI,communications,Communications,EXPENSES,120,0.0,0.0
2026-05,C&P,SCI,depreciation,Depreciation,EXPENSES,180,0.0,0.0
2026-05,C&P,SCI,entertainment,Entertainment,EXPENSES,100,0.0,0.0
2026-05,C&P,SCI,finance_costs,Finance cost,EXPENSES,220,0.0,0.0
2026-05,C&P,SCI,general_expenses,General Expenses,EXPENSES,200,2885655.85,2885655.85
2026-05,C&P,SCI,insurance,Insurance,EXPENSES,160,1738975.4,1738975.4
2026-05,C&P,SCI,insurance_commissions,Insurance Commissions,INCOME,40,0.0,-0.0
2026-05,C&P,SCI,it_costs,IT Costs,EXPENSES,110,0.0,0.0
2026-05,C&P,SCI,management_expense,Management Expense,EXPENSES,210,0.0,0.0
2026-05,C&P,SCI,motor_vehicle_expenses,Motor Vehicle Expenses,EXPENSES,190,0.0,0.0
2026-05,C&P,SCI,other_income,Other Income,INCOME,70,-179954.3,179954.3
2026-05,C&P,SCI,pension_admin_fee,Pension Admin Fee,INCOME,20,-21132702.22,21132702.22
2026-05,C&P,SCI,personnel_costs,Personnel Costs,EXPENSES,80,0.0,0.0
2026-05,C&P,SCI,premises,Premises,EXPENSES,140,0.0,0.0
2026-05,C&P,SCI,printing_stationery,Printing & Stationery,EXPENSES,130,0.0,0.0
2026-05,C&P,SCI,professional_fees,Professional Fees,EXPENSES,170,753316.65,753316.65
2026-05,C&P,SCI,saas_income,SAAS (Software as a Service),INCOME,50,0.0,-0.0
2026-05,C&P,SCI,taxation,Taxation,EXPENSES,230,4780412.59,4780412.59
2026-05,C&P,SCI,travelling,Travelling,EXPENSES,90,0.0,0.0
2026-05,C&P,SFP,accrued_income,Accrued Income,ASSETS,410,11077486.33,11077486.33
2026-05,C&P,SFP,borrowings,Borrowings,EQUITY AND LIABILITIES,510,0.0,-0.0
2026-05,C&P,SFP,computer_software,Intangible - computer software,ASSETS,250,0.0,0.0
2026-05,C&P,SFP,deferred_tax,Deferred tax,ASSETS,310,4287361.0,4287361.0
2026-05,C&P,SFP,deposit_for_investment_in_subsidiary,Deposit for investment in subsidiary,ASSETS,290,0.0,0.0
2026-05,C&P,SFP,deposits,Cash - Deposits,ASSETS,380,22284303.0,22284303.0
2026-05,C&P,SFP,due_from_to_related_parties,Due from/to related parties,ASSETS,350,91376423.23,91376423.23
2026-05,C&P,SFP,goodwill,Intangible - goodwill,ASSETS,260,0.0,0.0
2026-05,C&P,SFP,investment_in_associate,Investment in associate,ASSETS,270,0.0,0.0
2026-05,C&P,SFP,investment_unquoted_equity,Investment in unquoted equity securities,ASSETS,280,0.0,0.0
2026-05,C&P,SFP,net_profit,Net Profit (derived),EQUITY AND LIABILITIES,460,-11154296.03,11154296.03
2026-05,C&P,SFP,non_controlling_interests,Non-controlling interests,EQUITY AND LIABILITIES,470,0.0,-0.0
2026-05,C&P,SFP,office_cash,Cash - Office Cash,ASSETS,360,6994261.83,6994261.83
2026-05,C&P,SFP,other_receivables,Other Receivables,ASSETS,340,-8300765.58,-8300765.58
2026-05,C&P,SFP,placements,Cash - Placements,ASSETS,390,0.44,0.44
2026-05,C&P,SFP,ppe,"Property, Plant and Equipment",ASSETS,240,0.0,0.0
2026-05,C&P,SFP,premium_payable,Premium payable,EQUITY AND LIABILITIES,500,0.0,-0.0
2026-05,C&P,SFP,premium_receivables,Premium Receivables,ASSETS,330,0.0,0.0
2026-05,C&P,SFP,proposed_dividend,Proposed dividend,EQUITY AND LIABILITIES,440,0.0,-0.0
2026-05,C&P,SFP,retained_earnings,Retained earnings,EQUITY AND LIABILITIES,450,-133494469.71,133494469.71
2026-05,C&P,SFP,share_capital,Share capital,EQUITY AND LIABILITIES,420,-25000000.0,25000000.0
2026-05,C&P,SFP,tax_recoverable,Tax recoverable,ASSETS,400,-2172246.59,-2172246.59
2026-05,C&P,SFP,trade_and_other_payables,Trade and other payables,EQUITY AND LIABILITIES,480,-7847644.39,7847644.39
2026-05,C&P,SFP,trade_receivables,Trade Receivables (Debtors),ASSETS,320,51949586.47,51949586.47
2026-05,C&P,SFP,translation_reserve,Translation reserve,EQUITY AND LIABILITIES,430,0.0,-0.0
2026-05,DRC,SCI,actuarial_fees,Actuarial Fees,INCOME,10,0.0,-0.0
2026-05,DRC,SCI,advertising_pr,Advertising & PR,EXPENSES,150,2597664.56,2597664.56
2026-05,DRC,SCI,communications,Communications,EXPENSES,120,773453.2,773453.2
2026-05,DRC,SCI,depreciation,Depreciation,EXPENSES,180,1761571.99,1761571.99
2026-05,DRC,SCI,entertainment,Entertainment,EXPENSES,100,322652.86,322652.86
2026-05,DRC,SCI,finance_costs,Finance cost,EXPENSES,220,0.0,0.0
2026-05,DRC,SCI,general_expenses,General Expenses,EXPENSES,200,3616007.53,3616007.53
2026-05,DRC,SCI,insurance,Insurance,EXPENSES,160,0.0,0.0
2026-05,DRC,SCI,insurance_commissions,Insurance Commissions,INCOME,40,-25057589.19,25057589.19
2026-05,DRC,SCI,it_costs,IT Costs,EXPENSES,110,385116.32,385116.32
2026-05,DRC,SCI,management_expense,Management Expense,EXPENSES,210,792317.44,792317.44
2026-05,DRC,SCI,motor_vehicle_expenses,Motor Vehicle Expenses,EXPENSES,190,1133376.67,1133376.67
2026-05,DRC,SCI,other_income,Other Income,INCOME,70,0.0,-0.0
2026-05,DRC,SCI,personnel_costs,Personnel Costs,EXPENSES,80,9404193.7,9404193.7
2026-05,DRC,SCI,premises,Premises,EXPENSES,140,5335890.66,5335890.66
2026-05,DRC,SCI,printing_stationery,Printing & Stationery,EXPENSES,130,337546.35,337546.35
2026-05,DRC,SCI,professional_fees,Professional Fees,EXPENSES,170,6262981.67,6262981.67
2026-05,DRC,SCI,saas_income,SAAS (Software as a Service),INCOME,50,0.0,-0.0
2026-05,DRC,SCI,taxation,Taxation,EXPENSES,230,0.0,0.0
2026-05,DRC,SCI,travelling,Travelling,EXPENSES,90,2757140.78,2757140.78
2026-05,DRC,SFP,borrowings,Borrowings,EQUITY AND LIABILITIES,510,0.0,-0.0
2026-05,DRC,SFP,computer_software,Intangible - computer software,ASSETS,250,0.0,0.0
2026-05,DRC,SFP,deferred_tax,Deferred tax,ASSETS,310,0.0,0.0
2026-05,DRC,SFP,deposit_for_investment_in_subsidiary,Deposit for investment in subsidiary,ASSETS,290,0.0,0.0
2026-05,DRC,SFP,deposits,Cash - Deposits,ASSETS,380,0.0,0.0
2026-05,DRC,SFP,due_from_to_related_parties,Due from/to related parties,ASSETS,350,-10100080.74,-10100080.74
2026-05,DRC,SFP,goodwill,Intangible - goodwill,ASSETS,260,0.0,0.0
2026-05,DRC,SFP,investment_in_associate,Investment in associate,ASSETS,270,0.0,0.0
2026-05,DRC,SFP,investment_unquoted_equity,Investment in unquoted equity securities,ASSETS,280,0.0,0.0
2026-05,DRC,SFP,net_profit,Net Profit (derived),EQUITY AND LIABILITIES,460,10422324.55,-10422324.55
2026-05,DRC,SFP,non_controlling_interests,Non-controlling interests,EQUITY AND LIABILITIES,470,0.0,-0.0
2026-05,DRC,SFP,office_cash,Cash - Office Cash,ASSETS,360,10082525.42,10082525.42
2026-05,DRC,SFP,other_receivables,Other Receivables,ASSETS,340,11589120.67,11589120.67
2026-05,DRC,SFP,placements,Cash - Placements,ASSETS,390,646788.74,646788.74
2026-05,DRC,SFP,ppe,"Property, Plant and Equipment",ASSETS,240,11889696.1,11889696.1
2026-05,DRC,SFP,premium_payable,Premium payable,EQUITY AND LIABILITIES,500,-51641252.09,51641252.09
2026-05,DRC,SFP,premium_receivables,Premium Receivables,ASSETS,330,0.0,0.0
2026-05,DRC,SFP,proposed_dividend,Proposed dividend,EQUITY AND LIABILITIES,440,0.0,-0.0
2026-05,DRC,SFP,retained_earnings,Retained earnings,EQUITY AND LIABILITIES,450,51317216.45,-51317216.45
2026-05,DRC,SFP,share_capital,Share capital,EQUITY AND LIABILITIES,420,-74512049.25,74512049.25
2026-05,DRC,SFP,tax_recoverable,Tax recoverable,ASSETS,400,12064.99,12064.99
2026-05,DRC,SFP,trade_and_other_payables,Trade and other payables,EQUITY AND LIABILITIES,480,1371782.93,-1371782.93
2026-05,DRC,SFP,trade_receivables,Trade Receivables (Debtors),ASSETS,320,38904940.27,38904940.27
2026-05,DRC,SFP,translation_reserve,Translation reserve,EQUITY AND LIABILITIES,430,16921.97,-16921.97
2026-05,MALAWI,SCI,actuarial_fees,Actuarial Fees,INCOME,10,0.0,-0.0
2026-05,MALAWI,SCI,advertising_pr,Advertising & PR,EXPENSES,150,1719429.87,1719429.87
2026-05,MALAWI,SCI,communications,Communications,EXPENSES,120,384905.73,384905.73
2026-05,MALAWI,SCI,depreciation,Depreciation,EXPENSES,180,6692725.3,6692725.3
2026-05,MALAWI,SCI,entertainment,Entertainment,EXPENSES,100,1040557.31,1040557.31
2026-05,MALAWI,SCI,finance_costs,Finance cost,EXPENSES,220,0.0,0.0
2026-05,MALAWI,SCI,general_expenses,General Expenses,EXPENSES,200,470581.62,470581.62
2026-05,MALAWI,SCI,insurance,Insurance,EXPENSES,160,1399831.09,1399831.09
2026-05,MALAWI,SCI,insurance_commissions,Insurance Commissions,INCOME,40,0.0,-0.0
2026-05,MALAWI,SCI,it_costs,IT Costs,EXPENSES,110,0.0,0.0
2026-05,MALAWI,SCI,management_expense,Management Expense,EXPENSES,210,7095347.68,7095347.68
2026-05,MALAWI,SCI,motor_vehicle_expenses,Motor Vehicle Expenses,EXPENSES,190,382765.14,382765.14
2026-05,MALAWI,SCI,other_income,Other Income,INCOME,70,-5783284.61,5783284.61
2026-05,MALAWI,SCI,pension_admin_fee,Pension Admin Fee,INCOME,20,-90938418.73,90938418.73
2026-05,MALAWI,SCI,personnel_costs,Personnel Costs,EXPENSES,80,18707974.83,18707974.83
2026-05,MALAWI,SCI,premises,Premises,EXPENSES,140,2031998.15,2031998.15
2026-05,MALAWI,SCI,printing_stationery,Printing & Stationery,EXPENSES,130,1017041.99,1017041.99
2026-05,MALAWI,SCI,professional_fees,Professional Fees,EXPENSES,170,2035534.15,2035534.15
2026-05,MALAWI,SCI,saas_income,SAAS (Software as a Service),INCOME,50,0.0,-0.0
2026-05,MALAWI,SCI,taxation,Taxation,EXPENSES,230,16453747.77,16453747.77
2026-05,MALAWI,SCI,travelling,Travelling,EXPENSES,90,2178482.56,2178482.56
2026-05,MALAWI,SFP,borrowings,Borrowings,EQUITY AND LIABILITIES,510,0.0,-0.0
2026-05,MALAWI,SFP,computer_software,Intangible - computer software,ASSETS,250,10180633.72,10180633.72
2026-05,MALAWI,SFP,deferred_tax,Deferred tax,ASSETS,310,10851171.17,10851171.17
2026-05,MALAWI,SFP,deposit_for_investment_in_subsidiary,Deposit for investment in subsidiary,ASSETS,290,0.0,0.0
2026-05,MALAWI,SFP,deposits,Cash - Deposits,ASSETS,380,106132109.06,106132109.06
2026-05,MALAWI,SFP,due_from_to_related_parties,Due from/to related parties,ASSETS,350,-50349424.81,-50349424.81
2026-05,MALAWI,SFP,goodwill,Intangible - goodwill,ASSETS,260,0.0,0.0
2026-05,MALAWI,SFP,investment_in_associate,Investment in associate,ASSETS,270,0.0,0.0
2026-05,MALAWI,SFP,investment_unquoted_equity,Investment in unquoted equity securities,ASSETS,280,0.0,0.0
2026-05,MALAWI,SFP,net_profit,Net Profit (derived),EQUITY AND LIABILITIES,460,-35110780.17,35110780.17
2026-05,MALAWI,SFP,non_controlling_interests,Non-controlling interests,EQUITY AND LIABILITIES,470,0.0,-0.0
2026-05,MALAWI,SFP,office_cash,Cash - Office Cash,ASSETS,360,5027953.61,5027953.61
2026-05,MALAWI,SFP,other_receivables,Other Receivables,ASSETS,340,6551360.6,6551360.6
2026-05,MALAWI,SFP,placements,Cash - Placements,ASSETS,390,0.0,0.0
2026-05,MALAWI,SFP,ppe,"Property, Plant and Equipment",ASSETS,240,11871203.33,11871203.33
2026-05,MALAWI,SFP,premium_payable,Premium payable,EQUITY AND LIABILITIES,500,0.0,-0.0
2026-05,MALAWI,SFP,premium_receivables,Premium Receivables,ASSETS,330,0.0,0.0
2026-05,MALAWI,SFP,proposed_dividend,Proposed dividend,EQUITY AND LIABILITIES,440,0.0,-0.0
2026-05,MALAWI,SFP,retained_earnings,Retained earnings,EQUITY AND LIABILITIES,450,-112067687.32,112067687.32
2026-05,MALAWI,SFP,share_capital,Share capital,EQUITY AND LIABILITIES,420,-827525.86,827525.86
2026-05,MALAWI,SFP,tax_recoverable,Tax recoverable,ASSETS,400,810571.7,810571.7
2026-05,MALAWI,SFP,trade_and_other_payables,Trade and other payables,EQUITY AND LIABILITIES,480,-22873584.14,22873584.14
2026-05,MALAWI,SFP,trade_receivables,Trade Receivables (Debtors),ASSETS,320,99339636.49,99339636.49
2026-05,MALAWI,SFP,translation_reserve,Translation reserve,EQUITY AND LIABILITIES,430,-29535637.36,29535637.36
2026-05,MENA,SCI,actuarial_fees,Actuarial Fees,INCOME,10,-32696056.68,32696056.68
2026-05,MENA,SCI,advertising_pr,Advertising & PR,EXPENSES,150,1674165.06,1674165.06
2026-05,MENA,SCI,communications,Communications,EXPENSES,120,0.0,0.0
2026-05,MENA,SCI,depreciation,Depreciation,EXPENSES,180,0.0,0.0
2026-05,MENA,SCI,entertainment,Entertainment,EXPENSES,100,0.0,0.0
2026-05,MENA,SCI,finance_costs,Finance cost,EXPENSES,220,0.0,0.0
2026-05,MENA,SCI,general_expenses,General Expenses,EXPENSES,200,1613242.53,1613242.53
2026-05,MENA,SCI,insurance,Insurance,EXPENSES,160,0.0,0.0
2026-05,MENA,SCI,insurance_commissions,Insurance Commissions,INCOME,40,0.0,-0.0
2026-05,MENA,SCI,it_costs,IT Costs,EXPENSES,110,1011729.56,1011729.56
2026-05,MENA,SCI,management_expense,Management Expense,EXPENSES,210,0.0,0.0
2026-05,MENA,SCI,motor_vehicle_expenses,Motor Vehicle Expenses,EXPENSES,190,0.0,0.0
2026-05,MENA,SCI,other_income,Other Income,INCOME,70,0.0,-0.0
2026-05,MENA,SCI,pension_admin_fee,Pension Admin Fee,INCOME,20,0.0,-0.0
2026-05,MENA,SCI,personnel_costs,Personnel Costs,EXPENSES,80,23057179.91,23057179.91
2026-05,MENA,SCI,premises,Premises,EXPENSES,140,3458237.18,3458237.18
2026-05,MENA,SCI,printing_stationery,Printing & Stationery,EXPENSES,130,0.0,0.0
2026-05,MENA,SCI,professional_fees,Professional Fees,EXPENSES,170,18354406.74,18354406.74
2026-05,MENA,SCI,saas_income,SAAS (Software as a Service),INCOME,50,0.0,-0.0
2026-05,MENA,SCI,taxation,Taxation,EXPENSES,230,0.0,0.0
2026-05,MENA,SCI,travelling,Travelling,EXPENSES,90,1664128.94,1664128.94
2026-05,MENA,SFP,borrowings,Borrowings,EQUITY AND LIABILITIES,510,0.0,-0.0
2026-05,MENA,SFP,computer_software,Intangible - computer software,ASSETS,250,0.0,0.0
2026-05,MENA,SFP,deferred_revenue,Deferred Revenue,EQUITY AND LIABILITIES,490,-12257280.0,12257280.0
2026-05,MENA,SFP,deferred_tax,Deferred tax,ASSETS,310,0.0,0.0
2026-05,MENA,SFP,deposit_for_investment_in_subsidiary,Deposit for investment in subsidiary,ASSETS,290,0.0,0.0
2026-05,MENA,SFP,deposits,Cash - Deposits,ASSETS,380,0.0,0.0
2026-05,MENA,SFP,due_from_to_related_parties,Due from/to related parties,ASSETS,350,0.0,0.0
2026-05,MENA,SFP,goodwill,Intangible - goodwill,ASSETS,260,0.0,0.0
2026-05,MENA,SFP,investment_in_associate,Investment in associate,ASSETS,270,0.0,0.0
2026-05,MENA,SFP,investment_unquoted_equity,Investment in unquoted equity securities,ASSETS,280,0.0,0.0
2026-05,MENA,SFP,net_profit,Net Profit (derived),EQUITY AND LIABILITIES,460,18137033.24,-18137033.24
2026-05,MENA,SFP,non_controlling_interests,Non-controlling interests,EQUITY AND LIABILITIES,470,-41464061.61,41464061.61
2026-05,MENA,SFP,office_cash,Cash - Office Cash,ASSETS,360,13004484.84,13004484.84
2026-05,MENA,SFP,other_receivables,Other Receivables,ASSETS,340,9281539.86,9281539.86
2026-05,MENA,SFP,placements,Cash - Placements,ASSETS,390,0.0,0.0
2026-05,MENA,SFP,ppe,"Property, Plant and Equipment",ASSETS,240,10248743.96,10248743.96
2026-05,MENA,SFP,premium_payable,Premium payable,EQUITY AND LIABILITIES,500,0.0,-0.0
2026-05,MENA,SFP,premium_receivables,Premium Receivables,ASSETS,330,0.0,0.0
2026-05,MENA,SFP,proposed_dividend,Proposed dividend,EQUITY AND LIABILITIES,440,0.0,-0.0
2026-05,MENA,SFP,retained_earnings,Retained earnings,EQUITY AND LIABILITIES,450,-7252190.26,7252190.26
2026-05,MENA,SFP,share_capital,Share capital,EQUITY AND LIABILITIES,420,-32906953.27,32906953.27
2026-05,MENA,SFP,tax_recoverable,Tax recoverable,ASSETS,400,0.0,0.0
2026-05,MENA,SFP,trade_and_other_payables,Trade and other payables,EQUITY AND LIABILITIES,480,-43788975.21,43788975.21
2026-05,MENA,SFP,trade_receivables,Trade Receivables (Debtors),ASSETS,320,87073350.76,87073350.76
2026-05,MENA,SFP,translation_reserve,Translation reserve,EQUITY AND LIABILITIES,430,-75695.84,75695.84
2026-05,NIGERIA,SCI,actuarial_fees,Actuarial Fees,INCOME,10,-36154819.63,36154819.63
2026-05,NIGERIA,SCI,advertising_pr,Advertising & PR,EXPENSES,150,141450.39,141450.39
2026-05,NIGERIA,SCI,communications,Communications,EXPENSES,120,310441.16,310441.16
2026-05,NIGERIA,SCI,depreciation,Depreciation,EXPENSES,180,433120.9,433120.9
2026-05,NIGERIA,SCI,entertainment,Entertainment,EXPENSES,100,125689.04,125689.04
2026-05,NIGERIA,SCI,finance_costs,Finance cost,EXPENSES,220,0.0,0.0
2026-05,NIGERIA,SCI,general_expenses,General Expenses,EXPENSES,200,590909.66,590909.66
2026-05,NIGERIA,SCI,insurance,Insurance,EXPENSES,160,205581.1,205581.1
2026-05,NIGERIA,SCI,insurance_commissions,Insurance Commissions,INCOME,40,0.0,-0.0
2026-05,NIGERIA,SCI,it_costs,IT Costs,EXPENSES,110,79985.48,79985.48
2026-05,NIGERIA,SCI,management_expense,Management Expense,EXPENSES,210,2136494.14,2136494.14
2026-05,NIGERIA,SCI,motor_vehicle_expenses,Motor Vehicle Expenses,EXPENSES,190,437888.3,437888.3
2026-05,NIGERIA,SCI,other_income,Other Income,INCOME,70,-322836.68,322836.68
2026-05,NIGERIA,SCI,pension_admin_fee,Pension Admin Fee,INCOME,20,0.0,-0.0
2026-05,NIGERIA,SCI,personnel_costs,Personnel Costs,EXPENSES,80,11236257.54,11236257.54
2026-05,NIGERIA,SCI,premises,Premises,EXPENSES,140,1111452.83,1111452.83
2026-05,NIGERIA,SCI,printing_stationery,Printing & Stationery,EXPENSES,130,76717.97,76717.97
2026-05,NIGERIA,SCI,professional_fees,Professional Fees,EXPENSES,170,1151451.0,1151451.0
2026-05,NIGERIA,SCI,saas_income,SAAS (Software as a Service),INCOME,50,0.0,-0.0
2026-05,NIGERIA,SCI,taxation,Taxation,EXPENSES,230,1961617.69,1961617.69
2026-05,NIGERIA,SCI,travelling,Travelling,EXPENSES,90,1087678.03,1087678.03
2026-05,NIGERIA,SFP,borrowings,Borrowings,EQUITY AND LIABILITIES,510,0.0,-0.0
2026-05,NIGERIA,SFP,computer_software,Intangible - computer software,ASSETS,250,0.0,0.0
2026-05,NIGERIA,SFP,deferred_tax,Deferred tax,ASSETS,310,59255.7,59255.7
2026-05,NIGERIA,SFP,deposit_for_investment_in_subsidiary,Deposit for investment in subsidiary,ASSETS,290,0.0,0.0
2026-05,NIGERIA,SFP,deposits,Cash - Deposits,ASSETS,380,0.0,0.0
2026-05,NIGERIA,SFP,due_from_to_related_parties,Due from/to related parties,ASSETS,350,330914.5,330914.5
2026-05,NIGERIA,SFP,goodwill,Intangible - goodwill,ASSETS,260,0.0,0.0
2026-05,NIGERIA,SFP,investment_in_associate,Investment in associate,ASSETS,270,0.0,0.0
2026-05,NIGERIA,SFP,investment_unquoted_equity,Investment in unquoted equity securities,ASSETS,280,943698.92,943698.92
2026-05,NIGERIA,SFP,net_profit,Net Profit (derived),EQUITY AND LIABILITIES,460,-15390921.07,15390921.07
2026-05,NIGERIA,SFP,non_controlling_interests,Non-controlling interests,EQUITY AND LIABILITIES,470,0.0,-0.0
2026-05,NIGERIA,SFP,office_cash,Cash - Office Cash,ASSETS,360,287148.42,287148.42
2026-05,NIGERIA,SFP,other_receivables,Other Receivables,ASSETS,340,7931829.24,7931829.24
2026-05,NIGERIA,SFP,placements,Cash - Placements,ASSETS,390,0.0,0.0
2026-05,NIGERIA,SFP,ppe,"Property, Plant and Equipment",ASSETS,240,3610037.41,3610037.41
2026-05,NIGERIA,SFP,premium_payable,Premium payable,EQUITY AND LIABILITIES,500,0.0,-0.0
2026-05,NIGERIA,SFP,premium_receivables,Premium Receivables,ASSETS,330,0.0,0.0
2026-05,NIGERIA,SFP,proposed_dividend,Proposed dividend,EQUITY AND LIABILITIES,440,0.0,-0.0
2026-05,NIGERIA,SFP,retained_earnings,Retained earnings,EQUITY AND LIABILITIES,450,-8070553.99,8070553.99
2026-05,NIGERIA,SFP,share_capital,Share capital,EQUITY AND LIABILITIES,420,-6605892.46,6605892.46
2026-05,NIGERIA,SFP,tax_recoverable,Tax recoverable,ASSETS,400,-6758396.03,-6758396.03
2026-05,NIGERIA,SFP,trade_and_other_payables,Trade and other payables,EQUITY AND LIABILITIES,480,-6666625.93,6666625.93
2026-05,NIGERIA,SFP,trade_receivables,Trade Receivables (Debtors),ASSETS,320,30340870.5,30340870.5
2026-05,NIGERIA,SFP,translation_reserve,Translation reserve,EQUITY AND LIABILITIES,430,-11365.21,11365.21
2026-05,RWANDA,SCI,actuarial_fees,Actuarial Fees,INCOME,10,-4283604.75,4283604.75
2026-05,RWANDA,SCI,advertising_pr,Advertising & PR,EXPENSES,150,100925.25,100925.25
2026-05,RWANDA,SCI,communications,Communications,EXPENSES,120,498128.52,498128.52
2026-05,RWANDA,SCI,depreciation,Depreciation,EXPENSES,180,1485383.65,1485383.65
2026-05,RWANDA,SCI,entertainment,Entertainment,EXPENSES,100,245702.41,245702.41
2026-05,RWANDA,SCI,finance_costs,Finance cost,EXPENSES,220,0.0,0.0
2026-05,RWANDA,SCI,general_expenses,General Expenses,EXPENSES,200,1040832.52,1040832.52
2026-05,RWANDA,SCI,insurance,Insurance,EXPENSES,160,200268.11,200268.11
2026-05,RWANDA,SCI,insurance_commissions,Insurance Commissions,INCOME,40,-20846563.48,20846563.48
2026-05,RWANDA,SCI,it_costs,IT Costs,EXPENSES,110,97553.11,97553.11
2026-05,RWANDA,SCI,management_expense,Management Expense,EXPENSES,210,0.0,0.0
2026-05,RWANDA,SCI,motor_vehicle_expenses,Motor Vehicle Expenses,EXPENSES,190,293920.69,293920.69
2026-05,RWANDA,SCI,other_income,Other Income,INCOME,70,-546170.59,546170.59
2026-05,RWANDA,SCI,pension_admin_fee,Pension Admin Fee,INCOME,20,-345293.93,345293.93
2026-05,RWANDA,SCI,personnel_costs,Personnel Costs,EXPENSES,80,15867219.65,15867219.65
2026-05,RWANDA,SCI,premises,Premises,EXPENSES,140,1207297.51,1207297.51
2026-05,RWANDA,SCI,printing_stationery,Printing & Stationery,EXPENSES,130,102776.55,102776.55
2026-05,RWANDA,SCI,professional_fees,Professional Fees,EXPENSES,170,469088.56,469088.56
2026-05,RWANDA,SCI,saas_income,SAAS (Software as a Service),INCOME,50,0.0,-0.0
2026-05,RWANDA,SCI,taxation,Taxation,EXPENSES,230,808674.57,808674.57
2026-05,RWANDA,SCI,travelling,Travelling,EXPENSES,90,1716954.33,1716954.33
2026-05,RWANDA,SFP,borrowings,Borrowings,EQUITY AND LIABILITIES,510,0.0,-0.0
2026-05,RWANDA,SFP,computer_software,Intangible - computer software,ASSETS,250,3445664.73,3445664.73
2026-05,RWANDA,SFP,deferred_tax,Deferred tax,ASSETS,310,-666293.0,-666293.0
2026-05,RWANDA,SFP,deposit_for_investment_in_subsidiary,Deposit for investment in subsidiary,ASSETS,290,0.0,0.0
2026-05,RWANDA,SFP,deposits,Cash - Deposits,ASSETS,380,22143489.81,22143489.81
2026-05,RWANDA,SFP,due_from_to_related_parties,Due from/to related parties,ASSETS,350,-1363435.87,-1363435.87
2026-05,RWANDA,SFP,goodwill,Intangible - goodwill,ASSETS,260,0.0,0.0
2026-05,RWANDA,SFP,investment_in_associate,Investment in associate,ASSETS,270,0.0,0.0
2026-05,RWANDA,SFP,investment_unquoted_equity,Investment in unquoted equity securities,ASSETS,280,0.0,0.0
2026-05,RWANDA,SFP,net_profit,Net Profit (derived),EQUITY AND LIABILITIES,460,-1886907.32,1886907.32
2026-05,RWANDA,SFP,non_controlling_interests,Non-controlling interests,EQUITY AND LIABILITIES,470,0.0,-0.0
2026-05,RWANDA,SFP,office_cash,Cash - Office Cash,ASSETS,360,18082370.55,18082370.55
2026-05,RWANDA,SFP,other_receivables,Other Receivables,ASSETS,340,764708.59,764708.59
2026-05,RWANDA,SFP,placements,Cash - Placements,ASSETS,390,0.0,0.0
2026-05,RWANDA,SFP,ppe,"Property, Plant and Equipment",ASSETS,240,8492012.89,8492012.89
2026-05,RWANDA,SFP,premium_payable,Premium payable,EQUITY AND LIABILITIES,500,0.0,-0.0
2026-05,RWANDA,SFP,premium_receivables,Premium Receivables,ASSETS,330,0.0,0.0
2026-05,RWANDA,SFP,proposed_dividend,Proposed dividend,EQUITY AND LIABILITIES,440,0.0,-0.0
2026-05,RWANDA,SFP,retained_earnings,Retained earnings,EQUITY AND LIABILITIES,450,501178.2,-501178.2
2026-05,RWANDA,SFP,share_capital,Share capital,EQUITY AND LIABILITIES,420,-51307445.62,51307445.62
2026-05,RWANDA,SFP,tax_recoverable,Tax recoverable,ASSETS,400,-807665.27,-807665.27
2026-05,RWANDA,SFP,trade_and_other_payables,Trade and other payables,EQUITY AND LIABILITIES,480,-4391063.21,4391063.21
2026-05,RWANDA,SFP,trade_receivables,Trade Receivables (Debtors),ASSETS,320,6991030.57,6991030.57
2026-05,RWANDA,SFP,translation_reserve,Translation reserve,EQUITY AND LIABILITIES,430,2354.95,-2354.95
2026-05,ZAAC,SCI,actuarial_fees,Actuarial Fees,INCOME,10,-176649945.08,176649945.08
2026-05,ZAAC,SCI,advertising_pr,Advertising & PR,EXPENSES,150,10909331.26,10909331.26
2026-05,ZAAC,SCI,communications,Communications,EXPENSES,120,2114494.53,2114494.53
2026-05,ZAAC,SCI,depreciation,Depreciation,EXPENSES,180,17078408.94,17078408.94
2026-05,ZAAC,SCI,entertainment,Entertainment,EXPENSES,100,13074837.21,13074837.21
2026-05,ZAAC,SCI,finance_costs,Finance cost,EXPENSES,220,782377.31,782377.31
2026-05,ZAAC,SCI,general_expenses,General Expenses,EXPENSES,200,10689907.88,10689907.88
2026-05,ZAAC,SCI,insurance,Insurance,EXPENSES,160,6582066.25,6582066.25
2026-05,ZAAC,SCI,insurance_commissions,Insurance Commissions,INCOME,40,0.0,-0.0
2026-05,ZAAC,SCI,it_costs,IT Costs,EXPENSES,110,23059040.17,23059040.17
2026-05,ZAAC,SCI,management_expense,Management Expense,EXPENSES,210,0.0,0.0
2026-05,ZAAC,SCI,motor_vehicle_expenses,Motor Vehicle Expenses,EXPENSES,190,5871651.35,5871651.35
2026-05,ZAAC,SCI,other_income,Other Income,INCOME,70,-12049338.37,12049338.37
2026-05,ZAAC,SCI,pension_admin_fee,Pension Admin Fee,INCOME,20,-220102732.4,220102732.4
2026-05,ZAAC,SCI,personnel_costs,Personnel Costs,EXPENSES,80,316713002.36,316713002.36
2026-05,ZAAC,SCI,premises,Premises,EXPENSES,140,16678416.13,16678416.13
2026-05,ZAAC,SCI,printing_stationery,Printing & Stationery,EXPENSES,130,1592078.71,1592078.71
2026-05,ZAAC,SCI,professional_fees,Professional Fees,EXPENSES,170,16796702.25,16796702.25
2026-05,ZAAC,SCI,retail_income,Retail,INCOME,60,-50504469.83,50504469.83
2026-05,ZAAC,SCI,saas_income,SAAS (Software as a Service),INCOME,50,-15228347.0,15228347.0
2026-05,ZAAC,SCI,taxation,Taxation,EXPENSES,230,43537933.96,43537933.96
2026-05,ZAAC,SCI,travelling,Travelling,EXPENSES,90,12257607.75,12257607.75
2026-05,ZAAC,SCI,umbrella_fund,Umbrella Fund,INCOME,30,-124791535.96,124791535.96
2026-05,ZAAC,SFP,accrued_income,Accrued Income,ASSETS,410,168779107.81,168779107.81
2026-05,ZAAC,SFP,borrowings,Borrowings,EQUITY AND LIABILITIES,510,0.43,-0.43
2026-05,ZAAC,SFP,computer_software,Intangible - computer software,ASSETS,250,20175454.98,20175454.98
2026-05,ZAAC,SFP,deferred_tax,Deferred tax,ASSETS,310,13683636.24,13683636.24
2026-05,ZAAC,SFP,deposit_for_investment_in_subsidiary,Deposit for investment in subsidiary,ASSETS,290,36808446.31,36808446.31
2026-05,ZAAC,SFP,deposits,Cash - Deposits,ASSETS,380,63000000.0,63000000.0
2026-05,ZAAC,SFP,due_from_to_related_parties,Due from/to related parties,ASSETS,350,213285301.56,213285301.56
2026-05,ZAAC,SFP,goodwill,Intangible - goodwill,ASSETS,260,3576498.09,3576498.09
2026-05,ZAAC,SFP,investment_in_associate,Investment in associate,ASSETS,270,0.0,0.0
2026-05,ZAAC,SFP,investment_unquoted_equity,Investment in unquoted equity securities,ASSETS,280,0.0,0.0
2026-05,ZAAC,SFP,net_profit,Net Profit (derived),EQUITY AND LIABILITIES,460,-101588512.58,101588512.58
2026-05,ZAAC,SFP,non_controlling_interests,Non-controlling interests,EQUITY AND LIABILITIES,470,0.0,-0.0
2026-05,ZAAC,SFP,office_cash,Cash - Office Cash,ASSETS,360,58490540.96,58490540.96
2026-05,ZAAC,SFP,other_receivables,Other Receivables,ASSETS,340,22931040.03,22931040.03
2026-05,ZAAC,SFP,placements,Cash - Placements,ASSETS,390,20849321.49,20849321.49
2026-05,ZAAC,SFP,ppe,"Property, Plant and Equipment",ASSETS,240,94235544.84,94235544.84
2026-05,ZAAC,SFP,premium_payable,Premium payable,EQUITY AND LIABILITIES,500,0.0,-0.0
2026-05,ZAAC,SFP,premium_receivables,Premium Receivables,ASSETS,330,0.0,0.0
2026-05,ZAAC,SFP,proposed_dividend,Proposed dividend,EQUITY AND LIABILITIES,440,0.0,-0.0
2026-05,ZAAC,SFP,retained_earnings,Retained earnings,EQUITY AND LIABILITIES,450,-1019809655.75,1019809655.75
2026-05,ZAAC,SFP,share_capital,Share capital,EQUITY AND LIABILITIES,420,-25000000.0,25000000.0
2026-05,ZAAC,SFP,tax_recoverable,Tax recoverable,ASSETS,400,8468751.35,8468751.35
2026-05,ZAAC,SFP,trade_and_other_payables,Trade and other payables,EQUITY AND LIABILITIES,480,-89297798.99,89297798.99
2026-05,ZAAC,SFP,trade_receivables,Trade Receivables (Debtors),ASSETS,320,511412323.24,511412323.24
2026-05,ZAAC,SFP,translation_reserve,Translation reserve,EQUITY AND LIABILITIES,430,0.0,-0.0
2026-05,ZAMRE,SCI,actuarial_fees,Actuarial Fees,INCOME,10,0.0,-0.0
2026-05,ZAMRE,SCI,advertising_pr,Advertising & PR,EXPENSES,150,299626.15,299626.15
2026-05,ZAMRE,SCI,communications,Communications,EXPENSES,120,35010.7,35010.7
2026-05,ZAMRE,SCI,depreciation,Depreciation,EXPENSES,180,0.0,0.0
2026-05,ZAMRE,SCI,entertainment,Entertainment,EXPENSES,100,342993.8,342993.8
2026-05,ZAMRE,SCI,finance_costs,Finance cost,EXPENSES,220,6384.48,6384.48
2026-05,ZAMRE,SCI,general_expenses,General Expenses,EXPENSES,200,135969.91,135969.91
2026-05,ZAMRE,SCI,insurance,Insurance,EXPENSES,160,86192.55,86192.55
2026-05,ZAMRE,SCI,insurance_commissions,Insurance Commissions,INCOME,40,-35969538.0,35969538.0
2026-05,ZAMRE,SCI,it_costs,IT Costs,EXPENSES,110,592462.86,592462.86
2026-05,ZAMRE,SCI,management_expense,Management Expense,EXPENSES,210,0.0,0.0
2026-05,ZAMRE,SCI,motor_vehicle_expenses,Motor Vehicle Expenses,EXPENSES,190,108853.54,108853.54
2026-05,ZAMRE,SCI,other_income,Other Income,INCOME,70,-694246.82,694246.82
2026-05,ZAMRE,SCI,personnel_costs,Personnel Costs,EXPENSES,80,12861384.0,12861384.0
2026-05,ZAMRE,SCI,premises,Premises,EXPENSES,140,83310.37,83310.37
2026-05,ZAMRE,SCI,printing_stationery,Printing & Stationery,EXPENSES,130,33258.54,33258.54
2026-05,ZAMRE,SCI,professional_fees,Professional Fees,EXPENSES,170,493045.2,493045.2
2026-05,ZAMRE,SCI,saas_income,SAAS (Software as a Service),INCOME,50,0.0,-0.0
2026-05,ZAMRE,SCI,taxation,Taxation,EXPENSES,230,6238384.42,6238384.42
2026-05,ZAMRE,SCI,travelling,Travelling,EXPENSES,90,790678.0,790678.0
2026-05,ZAMRE,SFP,borrowings,Borrowings,EQUITY AND LIABILITIES,510,0.0,-0.0
2026-05,ZAMRE,SFP,client_cash,Cash - Client Cash,ASSETS,370,33699586.43,33699586.43
2026-05,ZAMRE,SFP,computer_software,Intangible - computer software,ASSETS,250,4674000.0,4674000.0
2026-05,ZAMRE,SFP,deferred_tax,Deferred tax,ASSETS,310,0.0,0.0
2026-05,ZAMRE,SFP,deposit_for_investment_in_subsidiary,Deposit for investment in subsidiary,ASSETS,290,0.0,0.0
2026-05,ZAMRE,SFP,deposits,Cash - Deposits,ASSETS,380,43160000.0,43160000.0
2026-05,ZAMRE,SFP,due_from_to_related_parties,Due from/to related parties,ASSETS,350,-71577078.6,-71577078.6
2026-05,ZAMRE,SFP,goodwill,Intangible - goodwill,ASSETS,260,0.0,0.0
2026-05,ZAMRE,SFP,investment_in_associate,Investment in associate,ASSETS,270,0.0,0.0
2026-05,ZAMRE,SFP,investment_unquoted_equity,Investment in unquoted equity securities,ASSETS,280,0.0,0.0
2026-05,ZAMRE,SFP,net_profit,Net Profit (derived),EQUITY AND LIABILITIES,460,-14556230.3,14556230.3
2026-05,ZAMRE,SFP,non_controlling_interests,Non-controlling interests,EQUITY AND LIABILITIES,470,0.0,-0.0
2026-05,ZAMRE,SFP,office_cash,Cash - Office Cash,ASSETS,360,53832266.95,53832266.95
2026-05,ZAMRE,SFP,other_receivables,Other Receivables,ASSETS,340,505533.74,505533.74
2026-05,ZAMRE,SFP,ppe,"Property, Plant and Equipment",ASSETS,240,0.0,0.0
2026-05,ZAMRE,SFP,premium_payable,Premium payable,EQUITY AND LIABILITIES,500,-228549793.71,228549793.71
2026-05,ZAMRE,SFP,premium_receivables,Premium Receivables,ASSETS,330,163705271.9,163705271.9
2026-05,ZAMRE,SFP,proposed_dividend,Proposed dividend,EQUITY AND LIABILITIES,440,0.0,-0.0
2026-05,ZAMRE,SFP,retained_earnings,Retained earnings,EQUITY AND LIABILITIES,450,-4833892.0,4833892.0
2026-05,ZAMRE,SFP,share_capital,Share capital,EQUITY AND LIABILITIES,420,-5000000.0,5000000.0
2026-05,ZAMRE,SFP,tax_recoverable,Tax recoverable,ASSETS,400,-5627619.42,-5627619.42
2026-05,ZAMRE,SFP,trade_and_other_payables,Trade and other payables,EQUITY AND LIABILITIES,480,0.0,-0.0
2026-05,ZAMRE,SFP,trade_receivables,Trade Receivables (Debtors),ASSETS,320,30567955.0,30567955.0
2026-05,ZAMRE,SFP,translation_reserve,Translation reserve,EQUITY AND LIABILITIES,430,0.0,-0.0
2026-05,ZARIB,SCI,actuarial_fees,Actuarial Fees,INCOME,10,0.0,-0.0
2026-05,ZARIB,SCI,advertising_pr,Advertising & PR,EXPENSES,150,2658243.29,2658243.29
2026-05,ZARIB,SCI,communications,Communications,EXPENSES,120,2452569.33,2452569.33
2026-05,ZARIB,SCI,depreciation,Depreciation,EXPENSES,180,10501111.22,10501111.22
2026-05,ZARIB,SCI,entertainment,Entertainment,EXPENSES,100,8107212.4,8107212.4
2026-05,ZARIB,SCI,finance_costs,Finance cost,EXPENSES,220,1906002.96,1906002.96
2026-05,ZARIB,SCI,general_expenses,General Expenses,EXPENSES,200,9913002.76,9913002.76
2026-05,ZARIB,SCI,insurance,Insurance,EXPENSES,160,8192037.48,8192037.48
2026-05,ZARIB,SCI,insurance_commissions,Insurance Commissions,INCOME,40,-884741909.86,884741909.86
2026-05,ZARIB,SCI,it_costs,IT Costs,EXPENSES,110,15926326.67,15926326.67
2026-05,ZARIB,SCI,management_expense,Management Expense,EXPENSES,210,0.0,0.0
2026-05,ZARIB,SCI,motor_vehicle_expenses,Motor Vehicle Expenses,EXPENSES,190,4464613.7,4464613.7
2026-05,ZARIB,SCI,other_income,Other Income,INCOME,70,-22847779.89,22847779.89
2026-05,ZARIB,SCI,personnel_costs,Personnel Costs,EXPENSES,80,233812206.14,233812206.14
2026-05,ZARIB,SCI,premises,Premises,EXPENSES,140,16986895.76,16986895.76
2026-05,ZARIB,SCI,printing_stationery,Printing & Stationery,EXPENSES,130,1239674.36,1239674.36
2026-05,ZARIB,SCI,professional_fees,Professional Fees,EXPENSES,170,8182214.32,8182214.32
2026-05,ZARIB,SCI,saas_income,SAAS (Software as a Service),INCOME,50,0.0,-0.0
2026-05,ZARIB,SCI,taxation,Taxation,EXPENSES,230,173605857.83,173605857.83
2026-05,ZARIB,SCI,travelling,Travelling,EXPENSES,90,4561386.24,4561386.24
2026-05,ZARIB,SFP,borrowings,Borrowings,EQUITY AND LIABILITIES,510,0.0,-0.0
2026-05,ZARIB,SFP,client_cash,Cash - Client Cash,ASSETS,370,403087836.44,403087836.44
2026-05,ZARIB,SFP,computer_software,Intangible - computer software,ASSETS,250,22142604.9,22142604.9
2026-05,ZARIB,SFP,deferred_revenue,Deferred Revenue,EQUITY AND LIABILITIES,490,0.0,-0.0
2026-05,ZARIB,SFP,deferred_tax,Deferred tax,ASSETS,310,33970530.5,33970530.5
2026-05,ZARIB,SFP,deposit_for_investment_in_subsidiary,Deposit for investment in subsidiary,ASSETS,290,1060688.0,1060688.0
2026-05,ZARIB,SFP,deposits,Cash - Deposits,ASSETS,380,484415098.32,484415098.32
2026-05,ZARIB,SFP,due_from_to_related_parties,Due from/to related parties,ASSETS,350,359224522.25,359224522.25
2026-05,ZARIB,SFP,goodwill,Intangible - goodwill,ASSETS,260,0.0,0.0
2026-05,ZARIB,SFP,investment_in_associate,Investment in associate,ASSETS,270,0.0,0.0
2026-05,ZARIB,SFP,investment_unquoted_equity,Investment in unquoted equity securities,ASSETS,280,0.0,0.0
2026-05,ZARIB,SFP,net_profit,Net Profit (derived),EQUITY AND LIABILITIES,460,-405080335.31,405080335.31
2026-05,ZARIB,SFP,non_controlling_interests,Non-controlling interests,EQUITY AND LIABILITIES,470,0.0,-0.0
2026-05,ZARIB,SFP,office_cash,Cash - Office Cash,ASSETS,360,110643981.5,110643981.5
2026-05,ZARIB,SFP,other_receivables,Other Receivables,ASSETS,340,-42181347.46,-42181347.46
2026-05,ZARIB,SFP,placements,Cash - Placements,ASSETS,390,222446879.6,222446879.6
2026-05,ZARIB,SFP,ppe,"Property, Plant and Equipment",ASSETS,240,63697181.4,63697181.4
2026-05,ZARIB,SFP,premium_payable,Premium payable,EQUITY AND LIABILITIES,500,-1638966451.51,1638966451.51
2026-05,ZARIB,SFP,premium_receivables,Premium Receivables,ASSETS,330,1358845229.31,1358845229.31
2026-05,ZARIB,SFP,proposed_dividend,Proposed dividend,EQUITY AND LIABILITIES,440,0.0,-0.0
2026-05,ZARIB,SFP,retained_earnings,Retained earnings,EQUITY AND LIABILITIES,450,-1189689872.0,1189689872.0
2026-05,ZARIB,SFP,share_capital,Share capital,EQUITY AND LIABILITIES,420,-33360000.0,33360000.0
2026-05,ZARIB,SFP,tax_recoverable,Tax recoverable,ASSETS,400,-86104107.05,-86104107.05
2026-05,ZARIB,SFP,trade_and_other_payables,Trade and other payables,EQUITY AND LIABILITIES,480,-43830280.98,43830280.98
2026-05,ZARIB,SFP,trade_receivables,Trade Receivables (Debtors),ASSETS,320,380436693.21,380436693.21
2026-05,ZARIB,SFP,translation_reserve,Translation reserve,EQUITY AND LIABILITIES,430,-758850.95,758850.95
2026-05,ZATL,SCI,actuarial_fees,Actuarial Fees,INCOME,10,-7385993.86,7385993.86
2026-05,ZATL,SCI,advertising_pr,Advertising & PR,EXPENSES,150,0.0,0.0
2026-05,ZATL,SCI,communications,Communications,EXPENSES,120,119672.94,119672.94
2026-05,ZATL,SCI,depreciation,Depreciation,EXPENSES,180,55108.91,55108.91
2026-05,ZATL,SCI,entertainment,Entertainment,EXPENSES,100,25207.45,25207.45
2026-05,ZATL,SCI,finance_costs,Finance cost,EXPENSES,220,0.0,0.0
2026-05,ZATL,SCI,general_expenses,General Expenses,EXPENSES,200,914575.55,914575.55
2026-05,ZATL,SCI,insurance,Insurance,EXPENSES,160,172207.0,172207.0
2026-05,ZATL,SCI,insurance_commissions,Insurance Commissions,INCOME,40,0.0,-0.0
2026-05,ZATL,SCI,it_costs,IT Costs,EXPENSES,110,3394.45,3394.45
2026-05,ZATL,SCI,management_expense,Management Expense,EXPENSES,210,553730.49,553730.49
2026-05,ZATL,SCI,motor_vehicle_expenses,Motor Vehicle Expenses,EXPENSES,190,56987.12,56987.12
2026-05,ZATL,SCI,other_income,Other Income,INCOME,70,-12062.46,12062.46
2026-05,ZATL,SCI,personnel_costs,Personnel Costs,EXPENSES,80,2154441.06,2154441.06
2026-05,ZATL,SCI,premises,Premises,EXPENSES,140,367368.68,367368.68
2026-05,ZATL,SCI,printing_stationery,Printing & Stationery,EXPENSES,130,220218.04,220218.04
2026-05,ZATL,SCI,professional_fees,Professional Fees,EXPENSES,170,263965.97,263965.97
2026-05,ZATL,SCI,saas_income,SAAS (Software as a Service),INCOME,50,0.0,-0.0
2026-05,ZATL,SCI,taxation,Taxation,EXPENSES,230,603807.49,603807.49
2026-05,ZATL,SCI,travelling,Travelling,EXPENSES,90,478487.02,478487.02
2026-05,ZATL,SFP,borrowings,Borrowings,EQUITY AND LIABILITIES,510,0.0,-0.0
2026-05,ZATL,SFP,computer_software,Intangible - computer software,ASSETS,250,0.0,0.0
2026-05,ZATL,SFP,deferred_tax,Deferred tax,ASSETS,310,1392303.19,1392303.19
2026-05,ZATL,SFP,deposit_for_investment_in_subsidiary,Deposit for investment in subsidiary,ASSETS,290,0.0,0.0
2026-05,ZATL,SFP,deposits,Cash - Deposits,ASSETS,380,495540.14,495540.14
2026-05,ZATL,SFP,due_from_to_related_parties,Due from/to related parties,ASSETS,350,2433416.09,2433416.09
2026-05,ZATL,SFP,goodwill,Intangible - goodwill,ASSETS,260,0.0,0.0
2026-05,ZATL,SFP,investment_in_associate,Investment in associate,ASSETS,270,0.0,0.0
2026-05,ZATL,SFP,investment_unquoted_equity,Investment in unquoted equity securities,ASSETS,280,0.0,0.0
2026-05,ZATL,SFP,net_profit,Net Profit (derived),EQUITY AND LIABILITIES,460,-1408884.14,1408884.14
2026-05,ZATL,SFP,non_controlling_interests,Non-controlling interests,EQUITY AND LIABILITIES,470,0.0,-0.0
2026-05,ZATL,SFP,office_cash,Cash - Office Cash,ASSETS,360,3287131.93,3287131.93
2026-05,ZATL,SFP,other_receivables,Other Receivables,ASSETS,340,-1400042.71,-1400042.71
2026-05,ZATL,SFP,placements,Cash - Placements,ASSETS,390,0.0,0.0
2026-05,ZATL,SFP,ppe,"Property, Plant and Equipment",ASSETS,240,368887.18,368887.18
2026-05,ZATL,SFP,premium_payable,Premium payable,EQUITY AND LIABILITIES,500,0.0,-0.0
2026-05,ZATL,SFP,premium_receivables,Premium Receivables,ASSETS,330,0.0,0.0
2026-05,ZATL,SFP,proposed_dividend,Proposed dividend,EQUITY AND LIABILITIES,440,0.0,-0.0
2026-05,ZATL,SFP,retained_earnings,Retained earnings,EQUITY AND LIABILITIES,450,7551183.0,-7551183.0
2026-05,ZATL,SFP,share_capital,Share capital,EQUITY AND LIABILITIES,420,-4974940.54,4974940.54
2026-05,ZATL,SFP,tax_recoverable,Tax recoverable,ASSETS,400,1736428.24,1736428.24
2026-05,ZATL,SFP,trade_and_other_payables,Trade and other payables,EQUITY AND LIABILITIES,480,-918562.18,918562.18
2026-05,ZATL,SFP,trade_receivables,Trade Receivables (Debtors),ASSETS,320,1328803.42,1328803.42
2026-05,ZATL,SFP,translation_reserve,Translation reserve,EQUITY AND LIABILITIES,430,-9891263.63,9891263.63
2026-05,ZHL,SCI,actuarial_fees,Actuarial Fees,INCOME,10,0.0,-0.0
2026-05,ZHL,SCI,advertising_pr,Advertising & PR,EXPENSES,150,0.0,0.0
2026-05,ZHL,SCI,communications,Communications,EXPENSES,120,0.0,0.0
2026-05,ZHL,SCI,depreciation,Depreciation,EXPENSES,180,0.0,0.0
2026-05,ZHL,SCI,entertainment,Entertainment,EXPENSES,100,11699.99,11699.99
2026-05,ZHL,SCI,finance_costs,Finance cost,EXPENSES,220,0.0,0.0
2026-05,ZHL,SCI,general_expenses,General Expenses,EXPENSES,200,188635.1,188635.1
2026-05,ZHL,SCI,insurance,Insurance,EXPENSES,160,0.0,0.0
2026-05,ZHL,SCI,insurance_commissions,Insurance Commissions,INCOME,40,0.0,-0.0
2026-05,ZHL,SCI,it_costs,IT Costs,EXPENSES,110,0.0,0.0
2026-05,ZHL,SCI,management_expense,Management Expense,EXPENSES,210,0.0,0.0
2026-05,ZHL,SCI,motor_vehicle_expenses,Motor Vehicle Expenses,EXPENSES,190,0.0,0.0
2026-05,ZHL,SCI,other_income,Other Income,INCOME,70,-136830.73,136830.73
2026-05,ZHL,SCI,personnel_costs,Personnel Costs,EXPENSES,80,0.0,0.0
2026-05,ZHL,SCI,premises,Premises,EXPENSES,140,0.0,0.0
2026-05,ZHL,SCI,printing_stationery,Printing & Stationery,EXPENSES,130,0.0,0.0
2026-05,ZHL,SCI,professional_fees,Professional Fees,EXPENSES,170,20550412.1,20550412.1
2026-05,ZHL,SCI,saas_income,SAAS (Software as a Service),INCOME,50,0.0,-0.0
2026-05,ZHL,SCI,taxation,Taxation,EXPENSES,230,0.0,0.0
2026-05,ZHL,SCI,travelling,Travelling,EXPENSES,90,0.0,0.0
2026-05,ZHL,SFP,borrowings,Borrowings,EQUITY AND LIABILITIES,510,0.0,-0.0
2026-05,ZHL,SFP,computer_software,Intangible - computer software,ASSETS,250,0.0,0.0
2026-05,ZHL,SFP,deferred_tax,Deferred tax,ASSETS,310,0.0,0.0
2026-05,ZHL,SFP,deposit_for_investment_in_subsidiary,Deposit for investment in subsidiary,ASSETS,290,1278387321.58,1278387321.58
2026-05,ZHL,SFP,deposits,Cash - Deposits,ASSETS,380,4500000.0,4500000.0
2026-05,ZHL,SFP,due_from_to_related_parties,Due from/to related parties,ASSETS,350,-272422022.6,-272422022.6
2026-05,ZHL,SFP,goodwill,Intangible - goodwill,ASSETS,260,0.0,0.0
2026-05,ZHL,SFP,investment_in_associate,Investment in associate,ASSETS,270,15969831.66,15969831.66
2026-05,ZHL,SFP,investment_unquoted_equity,Investment in unquoted equity securities,ASSETS,280,0.0,0.0
2026-05,ZHL,SFP,net_profit,Net Profit (derived),EQUITY AND LIABILITIES,460,20613916.46,-20613916.46
2026-05,ZHL,SFP,non_controlling_interests,Non-controlling interests,EQUITY AND LIABILITIES,470,0.0,-0.0
2026-05,ZHL,SFP,office_cash,Cash - Office Cash,ASSETS,360,1756257.42,1756257.42
2026-05,ZHL,SFP,other_receivables,Other Receivables,ASSETS,340,434052.65,434052.65
2026-05,ZHL,SFP,placements,Cash - Placements,ASSETS,390,0.0,0.0
2026-05,ZHL,SFP,ppe,"Property, Plant and Equipment",ASSETS,240,0.0,0.0
2026-05,ZHL,SFP,premium_payable,Premium payable,EQUITY AND LIABILITIES,500,0.0,-0.0
2026-05,ZHL,SFP,premium_receivables,Premium Receivables,ASSETS,330,0.0,0.0
2026-05,ZHL,SFP,proposed_dividend,Proposed dividend,EQUITY AND LIABILITIES,440,0.0,-0.0
2026-05,ZHL,SFP,retained_earnings,Retained earnings,EQUITY AND LIABILITIES,450,-30127713.66,30127713.66
2026-05,ZHL,SFP,share_capital,Share capital,EQUITY AND LIABILITIES,420,-10000000.0,10000000.0
2026-05,ZHL,SFP,tax_recoverable,Tax recoverable,ASSETS,400,252358.94,252358.94
2026-05,ZHL,SFP,trade_and_other_payables,Trade and other payables,EQUITY AND LIABILITIES,480,-1009364003.45,1009364003.45
2026-05,ZHL,SFP,trade_receivables,Trade Receivables (Debtors),ASSETS,320,1.0,1.0
2026-05,ZHL,SFP,translation_reserve,Translation reserve,EQUITY AND LIABILITIES,430,0.0,-0.0
2026-06,C&P,SCI,actuarial_fees,Actuarial Fees,INCOME,10,0.0,-0.0
2026-06,C&P,SCI,advertising_pr,Advertising & PR,EXPENSES,150,0.0,0.0
2026-06,C&P,SCI,communications,Communications,EXPENSES,120,0.0,0.0
2026-06,C&P,SCI,depreciation,Depreciation,EXPENSES,180,0.0,0.0
2026-06,C&P,SCI,entertainment,Entertainment,EXPENSES,100,0.0,0.0
2026-06,C&P,SCI,finance_costs,Finance cost,EXPENSES,220,0.0,0.0
2026-06,C&P,SCI,general_expenses,General Expenses,EXPENSES,200,75247.5,75247.5
2026-06,C&P,SCI,insurance,Insurance,EXPENSES,160,2086770.48,2086770.48
2026-06,C&P,SCI,insurance_commissions,Insurance Commissions,INCOME,40,0.0,-0.0
2026-06,C&P,SCI,it_costs,IT Costs,EXPENSES,110,0.0,0.0
2026-06,C&P,SCI,management_expense,Management Expense,EXPENSES,210,3384922.02,3384922.02
2026-06,C&P,SCI,motor_vehicle_expenses,Motor Vehicle Expenses,EXPENSES,190,0.0,0.0
2026-06,C&P,SCI,other_income,Other Income,INCOME,70,-239128.1,239128.1
2026-06,C&P,SCI,pension_admin_fee,Pension Admin Fee,INCOME,20,-25197334.54,25197334.54
2026-06,C&P,SCI,personnel_costs,Personnel Costs,EXPENSES,80,0.0,0.0
2026-06,C&P,SCI,premises,Premises,EXPENSES,140,0.0,0.0
2026-06,C&P,SCI,printing_stationery,Printing & Stationery,EXPENSES,130,0.0,0.0
2026-06,C&P,SCI,professional_fees,Professional Fees,EXPENSES,170,857199.98,857199.98
2026-06,C&P,SCI,saas_income,SAAS (Software as a Service),INCOME,50,0.0,-0.0
2026-06,C&P,SCI,taxation,Taxation,EXPENSES,230,4921724.88,4921724.88
2026-06,C&P,SCI,travelling,Travelling,EXPENSES,90,0.0,0.0
2026-06,C&P,SFP,accrued_income,Accrued Income,ASSETS,410,0.0,0.0
2026-06,C&P,SFP,borrowings,Borrowings,EQUITY AND LIABILITIES,510,0.0,-0.0
2026-06,C&P,SFP,computer_software,Intangible - computer software,ASSETS,250,0.0,0.0
2026-06,C&P,SFP,deferred_revenue,Deferred Revenue,EQUITY AND LIABILITIES,490,0.0,-0.0
2026-06,C&P,SFP,deferred_tax,Deferred tax,ASSETS,310,4287361.0,4287361.0
2026-06,C&P,SFP,deposit_for_investment_in_subsidiary,Deposit for investment in subsidiary,ASSETS,290,0.0,0.0
2026-06,C&P,SFP,deposits,Cash - Deposits,ASSETS,380,22284303.0,22284303.0
2026-06,C&P,SFP,due_from_to_related_parties,Due from/to related parties,ASSETS,350,87712683.56,87712683.56
2026-06,C&P,SFP,goodwill,Intangible - goodwill,ASSETS,260,0.0,0.0
2026-06,C&P,SFP,investment_in_associate,Investment in associate,ASSETS,270,0.0,0.0
2026-06,C&P,SFP,investment_unquoted_equity,Investment in unquoted equity securities,ASSETS,280,0.0,0.0
2026-06,C&P,SFP,net_profit,Net Profit (derived),EQUITY AND LIABILITIES,460,-11484024.73,11484024.73
2026-06,C&P,SFP,non_controlling_interests,Non-controlling interests,EQUITY AND LIABILITIES,470,0.0,-0.0
2026-06,C&P,SFP,office_cash,Cash - Office Cash,ASSETS,360,12646453.33,12646453.33
2026-06,C&P,SFP,other_receivables,Other Receivables,ASSETS,340,7341367.2,7341367.2
2026-06,C&P,SFP,placements,Cash - Placements,ASSETS,390,0.0,0.0
2026-06,C&P,SFP,ppe,"Property, Plant and Equipment",ASSETS,240,0.0,0.0
2026-06,C&P,SFP,premium_payable,Premium payable,EQUITY AND LIABILITIES,500,0.0,-0.0
2026-06,C&P,SFP,premium_receivables,Premium Receivables,ASSETS,330,0.0,0.0
2026-06,C&P,SFP,proposed_dividend,Proposed dividend,EQUITY AND LIABILITIES,440,0.0,-0.0
2026-06,C&P,SFP,retained_earnings,Retained earnings,EQUITY AND LIABILITIES,450,-133494469.71,133494469.71
2026-06,C&P,SFP,share_capital,Share capital,EQUITY AND LIABILITIES,420,-25000000.0,25000000.0
2026-06,C&P,SFP,tax_recoverable,Tax recoverable,ASSETS,400,4181233.12,4181233.12
2026-06,C&P,SFP,trade_and_other_payables,Trade and other payables,EQUITY AND LIABILITIES,480,-14104509.77,14104509.77
2026-06,C&P,SFP,trade_receivables,Trade Receivables (Debtors),ASSETS,320,45629603.0,45629603.0
2026-06,C&P,SFP,translation_reserve,Translation reserve,EQUITY AND LIABILITIES,430,0.0,-0.0
2026-06,DRC,SCI,actuarial_fees,Actuarial Fees,INCOME,10,0.0,-0.0
2026-06,DRC,SCI,advertising_pr,Advertising & PR,EXPENSES,150,2598200.14,2598200.14
2026-06,DRC,SCI,communications,Communications,EXPENSES,120,965075.33,965075.33
2026-06,DRC,SCI,depreciation,Depreciation,EXPENSES,180,2114322.23,2114322.23
2026-06,DRC,SCI,entertainment,Entertainment,EXPENSES,100,346640.57,346640.57
2026-06,DRC,SCI,finance_costs,Finance cost,EXPENSES,220,0.0,0.0
2026-06,DRC,SCI,general_expenses,General Expenses,EXPENSES,200,4345871.36,4345871.36
2026-06,DRC,SCI,insurance,Insurance,EXPENSES,160,0.0,0.0
2026-06,DRC,SCI,insurance_commissions,Insurance Commissions,INCOME,40,-41801336.38,41801336.38
2026-06,DRC,SCI,it_costs,IT Costs,EXPENSES,110,385195.72,385195.72
2026-06,DRC,SCI,management_expense,Management Expense,EXPENSES,210,950976.95,950976.95
2026-06,DRC,SCI,motor_vehicle_expenses,Motor Vehicle Expenses,EXPENSES,190,1514991.04,1514991.04
2026-06,DRC,SCI,other_income,Other Income,INCOME,70,0.0,-0.0
2026-06,DRC,SCI,personnel_costs,Personnel Costs,EXPENSES,80,11113105.08,11113105.08
2026-06,DRC,SCI,premises,Premises,EXPENSES,140,6257160.36,6257160.36
2026-06,DRC,SCI,printing_stationery,Printing & Stationery,EXPENSES,130,424291.62,424291.62
2026-06,DRC,SCI,professional_fees,Professional Fees,EXPENSES,170,7516451.72,7516451.72
2026-06,DRC,SCI,saas_income,SAAS (Software as a Service),INCOME,50,0.0,-0.0
2026-06,DRC,SCI,taxation,Taxation,EXPENSES,230,0.0,0.0
2026-06,DRC,SCI,travelling,Travelling,EXPENSES,90,3249949.4,3249949.4
2026-06,DRC,SFP,borrowings,Borrowings,EQUITY AND LIABILITIES,510,0.0,-0.0
2026-06,DRC,SFP,client_cash,Cash - Client Cash,ASSETS,370,7184040.99,7184040.99
2026-06,DRC,SFP,computer_software,Intangible - computer software,ASSETS,250,0.0,0.0
2026-06,DRC,SFP,deferred_tax,Deferred tax,ASSETS,310,0.0,0.0
2026-06,DRC,SFP,deposit_for_investment_in_subsidiary,Deposit for investment in subsidiary,ASSETS,290,0.0,0.0
2026-06,DRC,SFP,deposits,Cash - Deposits,ASSETS,380,0.0,0.0
2026-06,DRC,SFP,due_from_to_related_parties,Due from/to related parties,ASSETS,350,-10096182.6,-10096182.6
2026-06,DRC,SFP,goodwill,Intangible - goodwill,ASSETS,260,0.0,0.0
2026-06,DRC,SFP,investment_in_associate,Investment in associate,ASSETS,270,0.0,0.0
2026-06,DRC,SFP,investment_unquoted_equity,Investment in unquoted equity securities,ASSETS,280,0.0,0.0
2026-06,DRC,SFP,net_profit,Net Profit (derived),EQUITY AND LIABILITIES,460,-19104.87,19104.87
2026-06,DRC,SFP,non_controlling_interests,Non-controlling interests,EQUITY AND LIABILITIES,470,0.0,-0.0
2026-06,DRC,SFP,office_cash,Cash - Office Cash,ASSETS,360,3227997.29,3227997.29
2026-06,DRC,SFP,other_receivables,Other Receivables,ASSETS,340,5106494.51,5106494.51
2026-06,DRC,SFP,placements,Cash - Placements,ASSETS,390,646539.11,646539.11
2026-06,DRC,SFP,ppe,"Property, Plant and Equipment",ASSETS,240,11532357.02,11532357.02
2026-06,DRC,SFP,premium_payable,Premium payable,EQUITY AND LIABILITIES,500,-6321956.07,6321956.07
2026-06,DRC,SFP,premium_receivables,Premium Receivables,ASSETS,330,0.0,0.0
2026-06,DRC,SFP,proposed_dividend,Proposed dividend,EQUITY AND LIABILITIES,440,0.0,-0.0
2026-06,DRC,SFP,retained_earnings,Retained earnings,EQUITY AND LIABILITIES,450,51297410.5,-51297410.5
2026-06,DRC,SFP,share_capital,Share capital,EQUITY AND LIABILITIES,420,-74483291.23,74483291.23
2026-06,DRC,SFP,tax_recoverable,Tax recoverable,ASSETS,400,12060.33,12060.33
2026-06,DRC,SFP,trade_and_other_payables,Trade and other payables,EQUITY AND LIABILITIES,480,-37197409.89,37197409.89
2026-06,DRC,SFP,trade_receivables,Trade Receivables (Debtors),ASSETS,320,49111065.06,49111065.06
2026-06,DRC,SFP,translation_reserve,Translation reserve,EQUITY AND LIABILITIES,430,-20.16,20.16
2026-06,MALAWI,SCI,actuarial_fees,Actuarial Fees,INCOME,10,0.0,-0.0
2026-06,MALAWI,SCI,advertising_pr,Advertising & PR,EXPENSES,150,1757691.56,1757691.56
2026-06,MALAWI,SCI,communications,Communications,EXPENSES,120,462237.59,462237.59
2026-06,MALAWI,SCI,depreciation,Depreciation,EXPENSES,180,7010751.38,7010751.38
2026-06,MALAWI,SCI,entertainment,Entertainment,EXPENSES,100,1041145.81,1041145.81
2026-06,MALAWI,SCI,finance_costs,Finance cost,EXPENSES,220,0.0,0.0
2026-06,MALAWI,SCI,general_expenses,General Expenses,EXPENSES,200,739254.23,739254.23
2026-06,MALAWI,SCI,insurance,Insurance,EXPENSES,160,1674205.76,1674205.76
2026-06,MALAWI,SCI,insurance_commissions,Insurance Commissions,INCOME,40,0.0,-0.0
2026-06,MALAWI,SCI,it_costs,IT Costs,EXPENSES,110,0.0,0.0
2026-06,MALAWI,SCI,management_expense,Management Expense,EXPENSES,210,8519232.61,8519232.61
2026-06,MALAWI,SCI,motor_vehicle_expenses,Motor Vehicle Expenses,EXPENSES,190,1729628.28,1729628.28
2026-06,MALAWI,SCI,other_income,Other Income,INCOME,70,-6894834.78,6894834.78
2026-06,MALAWI,SCI,pension_admin_fee,Pension Admin Fee,INCOME,20,-114072021.13,114072021.13
2026-06,MALAWI,SCI,personnel_costs,Personnel Costs,EXPENSES,80,22721413.34,22721413.34
2026-06,MALAWI,SCI,premises,Premises,EXPENSES,140,2452397.37,2452397.37
2026-06,MALAWI,SCI,printing_stationery,Printing & Stationery,EXPENSES,130,1109446.95,1109446.95
2026-06,MALAWI,SCI,professional_fees,Professional Fees,EXPENSES,170,2201379.57,2201379.57
2026-06,MALAWI,SCI,saas_income,SAAS (Software as a Service),INCOME,50,0.0,-0.0
2026-06,MALAWI,SCI,taxation,Taxation,EXPENSES,230,21270805.09,21270805.09
2026-06,MALAWI,SCI,travelling,Travelling,EXPENSES,90,2520351.95,2520351.95
2026-06,MALAWI,SFP,borrowings,Borrowings,EQUITY AND LIABILITIES,510,0.0,-0.0
2026-06,MALAWI,SFP,computer_software,Intangible - computer software,ASSETS,250,10207054.37,10207054.37
2026-06,MALAWI,SFP,deferred_tax,Deferred tax,ASSETS,310,10879332.0,10879332.0
2026-06,MALAWI,SFP,deposit_for_investment_in_subsidiary,Deposit for investment in subsidiary,ASSETS,290,0.0,0.0
2026-06,MALAWI,SFP,deposits,Cash - Deposits,ASSETS,380,84597623.54,84597623.54
2026-06,MALAWI,SFP,due_from_to_related_parties,Due from/to related parties,ASSETS,350,-51903975.97,-51903975.97
2026-06,MALAWI,SFP,goodwill,Intangible - goodwill,ASSETS,260,0.0,0.0
2026-06,MALAWI,SFP,investment_in_associate,Investment in associate,ASSETS,270,0.0,0.0
2026-06,MALAWI,SFP,investment_unquoted_equity,Investment in unquoted equity securities,ASSETS,280,0.0,0.0
2026-06,MALAWI,SFP,net_profit,Net Profit (derived),EQUITY AND LIABILITIES,460,-45756914.42,45756914.42
2026-06,MALAWI,SFP,non_controlling_interests,Non-controlling interests,EQUITY AND LIABILITIES,470,0.0,-0.0
2026-06,MALAWI,SFP,office_cash,Cash - Office Cash,ASSETS,360,20319170.1,20319170.1
2026-06,MALAWI,SFP,other_receivables,Other Receivables,ASSETS,340,6104662.42,6104662.42
2026-06,MALAWI,SFP,placements,Cash - Placements,ASSETS,390,0.0,0.0
2026-06,MALAWI,SFP,ppe,"Property, Plant and Equipment",ASSETS,240,11295376.49,11295376.49
2026-06,MALAWI,SFP,premium_payable,Premium payable,EQUITY AND LIABILITIES,500,0.0,-0.0
2026-06,MALAWI,SFP,premium_receivables,Premium Receivables,ASSETS,330,0.0,0.0
2026-06,MALAWI,SFP,proposed_dividend,Proposed dividend,EQUITY AND LIABILITIES,440,0.0,-0.0
2026-06,MALAWI,SFP,retained_earnings,Retained earnings,EQUITY AND LIABILITIES,450,-112358524.05,112358524.05
2026-06,MALAWI,SFP,share_capital,Share capital,EQUITY AND LIABILITIES,420,-829673.45,829673.45
2026-06,MALAWI,SFP,tax_recoverable,Tax recoverable,ASSETS,400,-3801498.94,-3801498.94
2026-06,MALAWI,SFP,trade_and_other_payables,Trade and other payables,EQUITY AND LIABILITIES,480,-22027060.92,22027060.92
2026-06,MALAWI,SFP,trade_receivables,Trade Receivables (Debtors),ASSETS,320,122988010.49,122988010.49
2026-06,MALAWI,SFP,translation_reserve,Translation reserve,EQUITY AND LIABILITIES,430,-29713581.68,29713581.68
2026-06,MENA,SCI,actuarial_fees,Actuarial Fees,INCOME,10,-49755666.68,49755666.68
2026-06,MENA,SCI,advertising_pr,Advertising & PR,EXPENSES,150,1673867.05,1673867.05
2026-06,MENA,SCI,communications,Communications,EXPENSES,120,0.0,0.0
2026-06,MENA,SCI,depreciation,Depreciation,EXPENSES,180,0.0,0.0
2026-06,MENA,SCI,entertainment,Entertainment,EXPENSES,100,0.0,0.0
2026-06,MENA,SCI,finance_costs,Finance cost,EXPENSES,220,0.0,0.0
2026-06,MENA,SCI,general_expenses,General Expenses,EXPENSES,200,18616637.27,18616637.27
2026-06,MENA,SCI,insurance,Insurance,EXPENSES,160,0.0,0.0
2026-06,MENA,SCI,insurance_commissions,Insurance Commissions,INCOME,40,0.0,-0.0
2026-06,MENA,SCI,it_costs,IT Costs,EXPENSES,110,1230076.94,1230076.94
2026-06,MENA,SCI,management_expense,Management Expense,EXPENSES,210,0.0,0.0
2026-06,MENA,SCI,motor_vehicle_expenses,Motor Vehicle Expenses,EXPENSES,190,0.0,0.0
2026-06,MENA,SCI,other_income,Other Income,INCOME,70,0.0,-0.0
2026-06,MENA,SCI,pension_admin_fee,Pension Admin Fee,INCOME,20,0.0,-0.0
2026-06,MENA,SCI,personnel_costs,Personnel Costs,EXPENSES,80,28346609.33,28346609.33
2026-06,MENA,SCI,premises,Premises,EXPENSES,140,3633428.1,3633428.1
2026-06,MENA,SCI,printing_stationery,Printing & Stationery,EXPENSES,130,0.0,0.0
2026-06,MENA,SCI,professional_fees,Professional Fees,EXPENSES,170,1353921.02,1353921.02
2026-06,MENA,SCI,saas_income,SAAS (Software as a Service),INCOME,50,0.0,-0.0
2026-06,MENA,SCI,taxation,Taxation,EXPENSES,230,0.0,0.0
2026-06,MENA,SCI,travelling,Travelling,EXPENSES,90,1792070.55,1792070.55
2026-06,MENA,SFP,borrowings,Borrowings,EQUITY AND LIABILITIES,510,0.0,-0.0
2026-06,MENA,SFP,computer_software,Intangible - computer software,ASSETS,250,0.0,0.0
2026-06,MENA,SFP,deferred_revenue,Deferred Revenue,EQUITY AND LIABILITIES,490,-3.51,3.51
2026-06,MENA,SFP,deferred_tax,Deferred tax,ASSETS,310,0.0,0.0
2026-06,MENA,SFP,deposit_for_investment_in_subsidiary,Deposit for investment in subsidiary,ASSETS,290,0.0,0.0
2026-06,MENA,SFP,deposits,Cash - Deposits,ASSETS,380,0.0,0.0
2026-06,MENA,SFP,due_from_to_related_parties,Due from/to related parties,ASSETS,350,0.0,0.0
2026-06,MENA,SFP,goodwill,Intangible - goodwill,ASSETS,260,0.0,0.0
2026-06,MENA,SFP,investment_in_associate,Investment in associate,ASSETS,270,0.0,0.0
2026-06,MENA,SFP,investment_unquoted_equity,Investment in unquoted equity securities,ASSETS,280,0.0,0.0
2026-06,MENA,SFP,net_profit,Net Profit (derived),EQUITY AND LIABILITIES,460,6890943.57,-6890943.57
2026-06,MENA,SFP,non_controlling_interests,Non-controlling interests,EQUITY AND LIABILITIES,470,-64571289.14,64571289.14
2026-06,MENA,SFP,office_cash,Cash - Office Cash,ASSETS,360,734882.71,734882.71
2026-06,MENA,SFP,other_receivables,Other Receivables,ASSETS,340,9310481.07,9310481.07
2026-06,MENA,SFP,placements,Cash - Placements,ASSETS,390,0.0,0.0
2026-06,MENA,SFP,ppe,"Property, Plant and Equipment",ASSETS,240,10280701.05,10280701.05
2026-06,MENA,SFP,premium_payable,Premium payable,EQUITY AND LIABILITIES,500,0.0,-0.0
2026-06,MENA,SFP,premium_receivables,Premium Receivables,ASSETS,330,0.0,0.0
2026-06,MENA,SFP,proposed_dividend,Proposed dividend,EQUITY AND LIABILITIES,440,0.0,-0.0
2026-06,MENA,SFP,retained_earnings,Retained earnings,EQUITY AND LIABILITIES,450,-7274803.66,7274803.66
2026-06,MENA,SFP,share_capital,Share capital,EQUITY AND LIABILITIES,420,-33009561.98,33009561.98
2026-06,MENA,SFP,tax_recoverable,Tax recoverable,ASSETS,400,0.0,0.0
2026-06,MENA,SFP,trade_and_other_payables,Trade and other payables,EQUITY AND LIABILITIES,480,-15040312.99,15040312.99
2026-06,MENA,SFP,trade_receivables,Trade Receivables (Debtors),ASSETS,320,92685097.09,92685097.09
2026-06,MENA,SFP,translation_reserve,Translation reserve,EQUITY AND LIABILITIES,430,-6134.2,6134.2
2026-06,NIGERIA,SCI,actuarial_fees,Actuarial Fees,INCOME,10,-42861883.05,42861883.05
2026-06,NIGERIA,SCI,advertising_pr,Advertising & PR,EXPENSES,150,753779.42,753779.42
2026-06,NIGERIA,SCI,communications,Communications,EXPENSES,120,353074.99,353074.99
2026-06,NIGERIA,SCI,depreciation,Depreciation,EXPENSES,180,536248.1,536248.1
2026-06,NIGERIA,SCI,entertainment,Entertainment,EXPENSES,100,153352.65,153352.65
2026-06,NIGERIA,SCI,finance_costs,Finance cost,EXPENSES,220,0.0,0.0
2026-06,NIGERIA,SCI,general_expenses,General Expenses,EXPENSES,200,618330.67,618330.67
2026-06,NIGERIA,SCI,insurance,Insurance,EXPENSES,160,242159.87,242159.87
2026-06,NIGERIA,SCI,insurance_commissions,Insurance Commissions,INCOME,40,0.0,-0.0
2026-06,NIGERIA,SCI,it_costs,IT Costs,EXPENSES,110,79919.46,79919.46
2026-06,NIGERIA,SCI,management_expense,Management Expense,EXPENSES,210,2526998.39,2526998.39
2026-06,NIGERIA,SCI,motor_vehicle_expenses,Motor Vehicle Expenses,EXPENSES,190,454788.44,454788.44
2026-06,NIGERIA,SCI,other_income,Other Income,INCOME,70,0.0,-0.0
2026-06,NIGERIA,SCI,pension_admin_fee,Pension Admin Fee,INCOME,20,0.0,-0.0
2026-06,NIGERIA,SCI,personnel_costs,Personnel Costs,EXPENSES,80,13165083.23,13165083.23
2026-06,NIGERIA,SCI,premises,Premises,EXPENSES,140,1399388.66,1399388.66
2026-06,NIGERIA,SCI,printing_stationery,Printing & Stationery,EXPENSES,130,83834.4,83834.4
2026-06,NIGERIA,SCI,professional_fees,Professional Fees,EXPENSES,170,1326382.56,1326382.56
2026-06,NIGERIA,SCI,saas_income,SAAS (Software as a Service),INCOME,50,0.0,-0.0
2026-06,NIGERIA,SCI,taxation,Taxation,EXPENSES,230,1959998.68,1959998.68
2026-06,NIGERIA,SCI,travelling,Travelling,EXPENSES,90,2462928.65,2462928.65
2026-06,NIGERIA,SFP,borrowings,Borrowings,EQUITY AND LIABILITIES,510,0.0,-0.0
2026-06,NIGERIA,SFP,computer_software,Intangible - computer software,ASSETS,250,0.0,0.0
2026-06,NIGERIA,SFP,deferred_tax,Deferred tax,ASSETS,310,570224.82,570224.82
2026-06,NIGERIA,SFP,deposit_for_investment_in_subsidiary,Deposit for investment in subsidiary,ASSETS,290,0.0,0.0
2026-06,NIGERIA,SFP,deposits,Cash - Deposits,ASSETS,380,0.0,0.0
2026-06,NIGERIA,SFP,due_from_to_related_parties,Due from/to related parties,ASSETS,350,-403765.46,-403765.46
2026-06,NIGERIA,SFP,goodwill,Intangible - goodwill,ASSETS,260,0.0,0.0
2026-06,NIGERIA,SFP,investment_in_associate,Investment in associate,ASSETS,270,0.0,0.0
2026-06,NIGERIA,SFP,investment_unquoted_equity,Investment in unquoted equity securities,ASSETS,280,938332.77,938332.77
2026-06,NIGERIA,SFP,net_profit,Net Profit (derived),EQUITY AND LIABILITIES,460,-17068185.09,17068185.09
2026-06,NIGERIA,SFP,non_controlling_interests,Non-controlling interests,EQUITY AND LIABILITIES,470,0.0,-0.0
2026-06,NIGERIA,SFP,office_cash,Cash - Office Cash,ASSETS,360,422751.47,422751.47
2026-06,NIGERIA,SFP,other_receivables,Other Receivables,ASSETS,340,7649832.86,7649832.86
2026-06,NIGERIA,SFP,placements,Cash - Placements,ASSETS,390,0.0,0.0
2026-06,NIGERIA,SFP,ppe,"Property, Plant and Equipment",ASSETS,240,3498885.3,3498885.3
2026-06,NIGERIA,SFP,premium_payable,Premium payable,EQUITY AND LIABILITIES,500,0.0,-0.0
2026-06,NIGERIA,SFP,premium_receivables,Premium Receivables,ASSETS,330,0.0,0.0
2026-06,NIGERIA,SFP,proposed_dividend,Proposed dividend,EQUITY AND LIABILITIES,440,0.0,-0.0
2026-06,NIGERIA,SFP,retained_earnings,Retained earnings,EQUITY AND LIABILITIES,450,-8031183.15,8031183.15
2026-06,NIGERIA,SFP,share_capital,Share capital,EQUITY AND LIABILITIES,420,-6568329.39,6568329.39
2026-06,NIGERIA,SFP,tax_recoverable,Tax recoverable,ASSETS,400,-1557722.87,-1557722.87
2026-06,NIGERIA,SFP,trade_and_other_payables,Trade and other payables,EQUITY AND LIABILITIES,480,-6814824.06,6814824.06
2026-06,NIGERIA,SFP,trade_receivables,Trade Receivables (Debtors),ASSETS,320,27293489.07,27293489.07
2026-06,NIGERIA,SFP,translation_reserve,Translation reserve,EQUITY AND LIABILITIES,430,70493.74,-70493.74
2026-06,RWANDA,SCI,actuarial_fees,Actuarial Fees,INCOME,10,-7211729.47,7211729.47
2026-06,RWANDA,SCI,advertising_pr,Advertising & PR,EXPENSES,150,110727.16,110727.16
2026-06,RWANDA,SCI,communications,Communications,EXPENSES,120,603848.22,603848.22
2026-06,RWANDA,SCI,depreciation,Depreciation,EXPENSES,180,1785252.41,1785252.41
2026-06,RWANDA,SCI,entertainment,Entertainment,EXPENSES,100,290528.36,290528.36
2026-06,RWANDA,SCI,finance_costs,Finance cost,EXPENSES,220,0.0,0.0
2026-06,RWANDA,SCI,general_expenses,General Expenses,EXPENSES,200,1099398.29,1099398.29
2026-06,RWANDA,SCI,insurance,Insurance,EXPENSES,160,229861.93,229861.93
2026-06,RWANDA,SCI,insurance_commissions,Insurance Commissions,INCOME,40,-27911554.55,27911554.55
2026-06,RWANDA,SCI,it_costs,IT Costs,EXPENSES,110,141824.15,141824.15
2026-06,RWANDA,SCI,management_expense,Management Expense,EXPENSES,210,0.0,0.0
2026-06,RWANDA,SCI,motor_vehicle_expenses,Motor Vehicle Expenses,EXPENSES,190,369372.57,369372.57
2026-06,RWANDA,SCI,other_income,Other Income,INCOME,70,-811214.71,811214.71
2026-06,RWANDA,SCI,pension_admin_fee,Pension Admin Fee,INCOME,20,-412650.12,412650.12
2026-06,RWANDA,SCI,personnel_costs,Personnel Costs,EXPENSES,80,19086604.25,19086604.25
2026-06,RWANDA,SCI,premises,Premises,EXPENSES,140,1458988.71,1458988.71
2026-06,RWANDA,SCI,printing_stationery,Printing & Stationery,EXPENSES,130,163375.75,163375.75
2026-06,RWANDA,SCI,professional_fees,Professional Fees,EXPENSES,170,833492.54,833492.54
2026-06,RWANDA,SCI,saas_income,SAAS (Software as a Service),INCOME,50,0.0,-0.0
2026-06,RWANDA,SCI,taxation,Taxation,EXPENSES,230,2487358.02,2487358.02
2026-06,RWANDA,SCI,travelling,Travelling,EXPENSES,90,1861791.89,1861791.89
2026-06,RWANDA,SFP,borrowings,Borrowings,EQUITY AND LIABILITIES,510,0.0,-0.0
2026-06,RWANDA,SFP,computer_software,Intangible - computer software,ASSETS,250,3406177.71,3406177.71
2026-06,RWANDA,SFP,deferred_tax,Deferred tax,ASSETS,310,-665114.77,-665114.77
2026-06,RWANDA,SFP,deposit_for_investment_in_subsidiary,Deposit for investment in subsidiary,ASSETS,290,0.0,0.0
2026-06,RWANDA,SFP,deposits,Cash - Deposits,ASSETS,380,22104332.45,22104332.45
2026-06,RWANDA,SFP,due_from_to_related_parties,Due from/to related parties,ASSETS,350,-1361024.85,-1361024.85
2026-06,RWANDA,SFP,goodwill,Intangible - goodwill,ASSETS,260,0.0,0.0
2026-06,RWANDA,SFP,investment_in_associate,Investment in associate,ASSETS,270,0.0,0.0
2026-06,RWANDA,SFP,investment_unquoted_equity,Investment in unquoted equity securities,ASSETS,280,0.0,0.0
2026-06,RWANDA,SFP,net_profit,Net Profit (derived),EQUITY AND LIABILITIES,460,-5824724.6,5824724.6
2026-06,RWANDA,SFP,non_controlling_interests,Non-controlling interests,EQUITY AND LIABILITIES,470,0.0,-0.0
2026-06,RWANDA,SFP,office_cash,Cash - Office Cash,ASSETS,360,17537812.95,17537812.95
2026-06,RWANDA,SFP,other_receivables,Other Receivables,ASSETS,340,3413507.25,3413507.25
2026-06,RWANDA,SFP,placements,Cash - Placements,ASSETS,390,0.0,0.0
2026-06,RWANDA,SFP,ppe,"Property, Plant and Equipment",ASSETS,240,8210530.46,8210530.46
2026-06,RWANDA,SFP,premium_payable,Premium payable,EQUITY AND LIABILITIES,500,0.0,-0.0
2026-06,RWANDA,SFP,premium_receivables,Premium Receivables,ASSETS,330,0.0,0.0
2026-06,RWANDA,SFP,proposed_dividend,Proposed dividend,EQUITY AND LIABILITIES,440,0.0,-0.0
2026-06,RWANDA,SFP,retained_earnings,Retained earnings,EQUITY AND LIABILITIES,450,500291.95,-500291.95
2026-06,RWANDA,SFP,share_capital,Share capital,EQUITY AND LIABILITIES,420,-51216716.27,51216716.27
2026-06,RWANDA,SFP,tax_recoverable,Tax recoverable,ASSETS,400,-2487358.02,-2487358.02
2026-06,RWANDA,SFP,trade_and_other_payables,Trade and other payables,EQUITY AND LIABILITIES,480,-4334292.1,4334292.1
2026-06,RWANDA,SFP,trade_receivables,Trade Receivables (Debtors),ASSETS,320,10695688.6,10695688.6
2026-06,RWANDA,SFP,translation_reserve,Translation reserve,EQUITY AND LIABILITIES,430,20889.23,-20889.23
2026-06,ZAAC,SCI,actuarial_fees,Actuarial Fees,INCOME,10,-194839442.0,194839442.0
2026-06,ZAAC,SCI,advertising_pr,Advertising & PR,EXPENSES,150,12455483.05,12455483.05
2026-06,ZAAC,SCI,communications,Communications,EXPENSES,120,2628681.71,2628681.71
2026-06,ZAAC,SCI,depreciation,Depreciation,EXPENSES,180,20494089.53,20494089.53
2026-06,ZAAC,SCI,entertainment,Entertainment,EXPENSES,100,31869476.02,31869476.02
2026-06,ZAAC,SCI,finance_costs,Finance cost,EXPENSES,220,949517.0,949517.0
2026-06,ZAAC,SCI,general_expenses,General Expenses,EXPENSES,200,12549265.86,12549265.86
2026-06,ZAAC,SCI,insurance,Insurance,EXPENSES,160,7898479.5,7898479.5
2026-06,ZAAC,SCI,insurance_commissions,Insurance Commissions,INCOME,40,0.0,-0.0
2026-06,ZAAC,SCI,it_costs,IT Costs,EXPENSES,110,27831078.88,27831078.88
2026-06,ZAAC,SCI,management_expense,Management Expense,EXPENSES,210,0.0,0.0
2026-06,ZAAC,SCI,motor_vehicle_expenses,Motor Vehicle Expenses,EXPENSES,190,8306556.2,8306556.2
2026-06,ZAAC,SCI,other_income,Other Income,INCOME,70,-50639624.35,50639624.35
2026-06,ZAAC,SCI,pension_admin_fee,Pension Admin Fee,INCOME,20,-254926353.36,254926353.36
2026-06,ZAAC,SCI,personnel_costs,Personnel Costs,EXPENSES,80,389272172.28,389272172.28
2026-06,ZAAC,SCI,premises,Premises,EXPENSES,140,20021655.9,20021655.9
2026-06,ZAAC,SCI,printing_stationery,Printing & Stationery,EXPENSES,130,2062990.2,2062990.2
2026-06,ZAAC,SCI,professional_fees,Professional Fees,EXPENSES,170,21806690.28,21806690.28
2026-06,ZAAC,SCI,retail_income,Retail,INCOME,60,-60712365.6,60712365.6
2026-06,ZAAC,SCI,saas_income,SAAS (Software as a Service),INCOME,50,-15228347.0,15228347.0
2026-06,ZAAC,SCI,taxation,Taxation,EXPENSES,230,56119232.7,56119232.7
2026-06,ZAAC,SCI,travelling,Travelling,EXPENSES,90,17238512.33,17238512.33
2026-06,ZAAC,SCI,umbrella_fund,Umbrella Fund,INCOME,30,-156675502.41,156675502.41
2026-06,ZAAC,SFP,accrued_income,Accrued Income,ASSETS,410,221845930.99,221845930.99
2026-06,ZAAC,SFP,borrowings,Borrowings,EQUITY AND LIABILITIES,510,0.43,-0.43
2026-06,ZAAC,SFP,computer_software,Intangible - computer software,ASSETS,250,19392154.3,19392154.3
2026-06,ZAAC,SFP,deferred_tax,Deferred tax,ASSETS,310,-13683636.24,-13683636.24
2026-06,ZAAC,SFP,deposit_for_investment_in_subsidiary,Deposit for investment in subsidiary,ASSETS,290,36808446.31,36808446.31
2026-06,ZAAC,SFP,deposits,Cash - Deposits,ASSETS,380,56000000.0,56000000.0
2026-06,ZAAC,SFP,due_from_to_related_parties,Due from/to related parties,ASSETS,350,206613571.85,206613571.85
2026-06,ZAAC,SFP,goodwill,Intangible - goodwill,ASSETS,260,3511470.92,3511470.92
2026-06,ZAAC,SFP,investment_in_associate,Investment in associate,ASSETS,270,0.0,0.0
2026-06,ZAAC,SFP,investment_unquoted_equity,Investment in unquoted equity securities,ASSETS,280,0.0,0.0
2026-06,ZAAC,SFP,net_profit,Net Profit (derived),EQUITY AND LIABILITIES,460,-101517753.28,101517753.28
2026-06,ZAAC,SFP,non_controlling_interests,Non-controlling interests,EQUITY AND LIABILITIES,470,0.0,-0.0
2026-06,ZAAC,SFP,office_cash,Cash - Office Cash,ASSETS,360,30336299.11,30336299.11
2026-06,ZAAC,SFP,other_receivables,Other Receivables,ASSETS,340,15558082.19,15558082.19
2026-06,ZAAC,SFP,placements,Cash - Placements,ASSETS,390,20849321.49,20849321.49
2026-06,ZAAC,SFP,ppe,"Property, Plant and Equipment",ASSETS,240,92300692.1,92300692.1
2026-06,ZAAC,SFP,premium_payable,Premium payable,EQUITY AND LIABILITIES,500,0.0,-0.0
2026-06,ZAAC,SFP,premium_receivables,Premium Receivables,ASSETS,330,0.0,0.0
2026-06,ZAAC,SFP,proposed_dividend,Proposed dividend,EQUITY AND LIABILITIES,440,0.0,-0.0
2026-06,ZAAC,SFP,retained_earnings,Retained earnings,EQUITY AND LIABILITIES,450,-1019809655.75,1019809655.75
2026-06,ZAAC,SFP,share_capital,Share capital,EQUITY AND LIABILITIES,420,-25000000.0,25000000.0
2026-06,ZAAC,SFP,tax_recoverable,Tax recoverable,ASSETS,400,49762269.09,49762269.09
2026-06,ZAAC,SFP,trade_and_other_payables,Trade and other payables,EQUITY AND LIABILITIES,480,-96941464.33,96941464.33
2026-06,ZAAC,SFP,trade_receivables,Trade Receivables (Debtors),ASSETS,320,503974270.82,503974270.82
2026-06,ZAAC,SFP,translation_reserve,Translation reserve,EQUITY AND LIABILITIES,430,0.0,-0.0
2026-06,ZAMRE,SCI,actuarial_fees,Actuarial Fees,INCOME,10,0.0,-0.0
2026-06,ZAMRE,SCI,advertising_pr,Advertising & PR,EXPENSES,150,346828.79,346828.79
2026-06,ZAMRE,SCI,communications,Communications,EXPENSES,120,40337.42,40337.42
2026-06,ZAMRE,SCI,depreciation,Depreciation,EXPENSES,180,0.0,0.0
2026-06,ZAMRE,SCI,entertainment,Entertainment,EXPENSES,100,956411.8,956411.8
2026-06,ZAMRE,SCI,finance_costs,Finance cost,EXPENSES,220,7980.6,7980.6
2026-06,ZAMRE,SCI,general_expenses,General Expenses,EXPENSES,200,147387.7,147387.7
2026-06,ZAMRE,SCI,insurance,Insurance,EXPENSES,160,86192.55,86192.55
2026-06,ZAMRE,SCI,insurance_commissions,Insurance Commissions,INCOME,40,-47590934.0,47590934.0
2026-06,ZAMRE,SCI,it_costs,IT Costs,EXPENSES,110,592462.86,592462.86
2026-06,ZAMRE,SCI,management_expense,Management Expense,EXPENSES,210,0.0,0.0
2026-06,ZAMRE,SCI,motor_vehicle_expenses,Motor Vehicle Expenses,EXPENSES,190,128743.82,128743.82
2026-06,ZAMRE,SCI,other_income,Other Income,INCOME,70,-956969.32,956969.32
2026-06,ZAMRE,SCI,personnel_costs,Personnel Costs,EXPENSES,80,15824470.67,15824470.67
2026-06,ZAMRE,SCI,premises,Premises,EXPENSES,140,102474.17,102474.17
2026-06,ZAMRE,SCI,printing_stationery,Printing & Stationery,EXPENSES,130,43375.28,43375.28
2026-06,ZAMRE,SCI,professional_fees,Professional Fees,EXPENSES,170,501582.8,501582.8
2026-06,ZAMRE,SCI,saas_income,SAAS (Software as a Service),INCOME,50,0.0,-0.0
2026-06,ZAMRE,SCI,taxation,Taxation,EXPENSES,230,8163555.71,8163555.71
2026-06,ZAMRE,SCI,travelling,Travelling,EXPENSES,90,2557802.5,2557802.5
2026-06,ZAMRE,SFP,borrowings,Borrowings,EQUITY AND LIABILITIES,510,0.0,-0.0
2026-06,ZAMRE,SFP,client_cash,Cash - Client Cash,ASSETS,370,69724302.66,69724302.66
2026-06,ZAMRE,SFP,computer_software,Intangible - computer software,ASSETS,250,6878000.0,6878000.0
2026-06,ZAMRE,SFP,deferred_tax,Deferred tax,ASSETS,310,0.0,0.0
2026-06,ZAMRE,SFP,deposit_for_investment_in_subsidiary,Deposit for investment in subsidiary,ASSETS,290,0.0,0.0
2026-06,ZAMRE,SFP,deposits,Cash - Deposits,ASSETS,380,33160000.0,33160000.0
2026-06,ZAMRE,SFP,due_from_to_related_parties,Due from/to related parties,ASSETS,350,-67509436.66,-67509436.66
2026-06,ZAMRE,SFP,goodwill,Intangible - goodwill,ASSETS,260,0.0,0.0
2026-06,ZAMRE,SFP,investment_in_associate,Investment in associate,ASSETS,270,0.0,0.0
2026-06,ZAMRE,SFP,investment_unquoted_equity,Investment in unquoted equity securities,ASSETS,280,0.0,0.0
2026-06,ZAMRE,SFP,net_profit,Net Profit (derived),EQUITY AND LIABILITIES,460,-19048296.65,19048296.65
2026-06,ZAMRE,SFP,non_controlling_interests,Non-controlling interests,EQUITY AND LIABILITIES,470,0.0,-0.0
2026-06,ZAMRE,SFP,office_cash,Cash - Office Cash,ASSETS,360,17943811.83,17943811.83
2026-06,ZAMRE,SFP,other_receivables,Other Receivables,ASSETS,340,118401.23,118401.23
2026-06,ZAMRE,SFP,ppe,"Property, Plant and Equipment",ASSETS,240,0.0,0.0
2026-06,ZAMRE,SFP,premium_payable,Premium payable,EQUITY AND LIABILITIES,500,-247392608.98,247392608.98
2026-06,ZAMRE,SFP,premium_receivables,Premium Receivables,ASSETS,330,184229673.89,184229673.89
2026-06,ZAMRE,SFP,proposed_dividend,Proposed dividend,EQUITY AND LIABILITIES,440,0.0,-0.0
2026-06,ZAMRE,SFP,retained_earnings,Retained earnings,EQUITY AND LIABILITIES,450,-4833892.0,4833892.0
2026-06,ZAMRE,SFP,share_capital,Share capital,EQUITY AND LIABILITIES,420,-5000000.0,5000000.0
2026-06,ZAMRE,SFP,tax_recoverable,Tax recoverable,ASSETS,400,-6942790.71,-6942790.71
2026-06,ZAMRE,SFP,trade_and_other_payables,Trade and other payables,EQUITY AND LIABILITIES,480,0.0,-0.0
2026-06,ZAMRE,SFP,trade_receivables,Trade Receivables (Debtors),ASSETS,320,38672835.4,38672835.4
2026-06,ZAMRE,SFP,translation_reserve,Translation reserve,EQUITY AND LIABILITIES,430,0.0,-0.0
2026-06,ZARIB,SCI,actuarial_fees,Actuarial Fees,INCOME,10,0.0,-0.0
2026-06,ZARIB,SCI,advertising_pr,Advertising & PR,EXPENSES,150,3372640.28,3372640.28
2026-06,ZARIB,SCI,communications,Communications,EXPENSES,120,2723424.85,2723424.85
2026-06,ZARIB,SCI,depreciation,Depreciation,EXPENSES,180,12598771.79,12598771.79
2026-06,ZARIB,SCI,entertainment,Entertainment,EXPENSES,100,9919669.39,9919669.39
2026-06,ZARIB,SCI,finance_costs,Finance cost,EXPENSES,220,1982510.64,1982510.64
2026-06,ZARIB,SCI,general_expenses,General Expenses,EXPENSES,200,11652775.6,11652775.6
2026-06,ZARIB,SCI,insurance,Insurance,EXPENSES,160,9322117.06,9322117.06
2026-06,ZARIB,SCI,insurance_commissions,Insurance Commissions,INCOME,40,-952898664.32,952898664.32
2026-06,ZARIB,SCI,it_costs,IT Costs,EXPENSES,110,23452894.92,23452894.92
2026-06,ZARIB,SCI,management_expense,Management Expense,EXPENSES,210,0.0,0.0
2026-06,ZARIB,SCI,motor_vehicle_expenses,Motor Vehicle Expenses,EXPENSES,190,5422844.94,5422844.94
2026-06,ZARIB,SCI,other_income,Other Income,INCOME,70,-25919547.54,25919547.54
2026-06,ZARIB,SCI,personnel_costs,Personnel Costs,EXPENSES,80,285912620.75,285912620.75
2026-06,ZARIB,SCI,premises,Premises,EXPENSES,140,20380340.53,20380340.53
2026-06,ZARIB,SCI,printing_stationery,Printing & Stationery,EXPENSES,130,1635826.16,1635826.16
2026-06,ZARIB,SCI,professional_fees,Professional Fees,EXPENSES,170,8665140.72,8665140.72
2026-06,ZARIB,SCI,saas_income,SAAS (Software as a Service),INCOME,50,0.0,-0.0
2026-06,ZARIB,SCI,taxation,Taxation,EXPENSES,230,177398957.89,177398957.89
2026-06,ZARIB,SCI,travelling,Travelling,EXPENSES,90,7154514.23,7154514.23
2026-06,ZARIB,SFP,borrowings,Borrowings,EQUITY AND LIABILITIES,510,0.0,-0.0
2026-06,ZARIB,SFP,client_cash,Cash - Client Cash,ASSETS,370,247110290.47,247110290.47
2026-06,ZARIB,SFP,computer_software,Intangible - computer software,ASSETS,250,21719407.96,21719407.96
2026-06,ZARIB,SFP,deferred_revenue,Deferred Revenue,EQUITY AND LIABILITIES,490,0.0,-0.0
2026-06,ZARIB,SFP,deferred_tax,Deferred tax,ASSETS,310,33970530.5,33970530.5
2026-06,ZARIB,SFP,deposit_for_investment_in_subsidiary,Deposit for investment in subsidiary,ASSETS,290,1060688.0,1060688.0
2026-06,ZARIB,SFP,deposits,Cash - Deposits,ASSETS,380,571246225.04,571246225.04
2026-06,ZARIB,SFP,due_from_to_related_parties,Due from/to related parties,ASSETS,350,384776366.61,384776366.61
2026-06,ZARIB,SFP,goodwill,Intangible - goodwill,ASSETS,260,0.0,0.0
2026-06,ZARIB,SFP,investment_in_associate,Investment in associate,ASSETS,270,0.0,0.0
2026-06,ZARIB,SFP,investment_unquoted_equity,Investment in unquoted equity securities,ASSETS,280,0.0,0.0
2026-06,ZARIB,SFP,net_profit,Net Profit (derived),EQUITY AND LIABILITIES,460,-397223162.11,397223162.11
2026-06,ZARIB,SFP,non_controlling_interests,Non-controlling interests,EQUITY AND LIABILITIES,470,0.0,-0.0
2026-06,ZARIB,SFP,office_cash,Cash - Office Cash,ASSETS,360,8375746.24,8375746.24
2026-06,ZARIB,SFP,other_receivables,Other Receivables,ASSETS,340,-4029445.34,-4029445.34
2026-06,ZARIB,SFP,placements,Cash - Placements,ASSETS,390,122824131.6,122824131.6
2026-06,ZARIB,SFP,ppe,"Property, Plant and Equipment",ASSETS,240,63000806.82,63000806.82
2026-06,ZARIB,SFP,premium_payable,Premium payable,EQUITY AND LIABILITIES,500,-1493164134.29,1493164134.29
2026-06,ZARIB,SFP,premium_receivables,Premium Receivables,ASSETS,330,1278748697.52,1278748697.52
2026-06,ZARIB,SFP,proposed_dividend,Proposed dividend,EQUITY AND LIABILITIES,440,0.0,-0.0
2026-06,ZARIB,SFP,retained_earnings,Retained earnings,EQUITY AND LIABILITIES,450,-1189689872.0,1189689872.0
2026-06,ZARIB,SFP,share_capital,Share capital,EQUITY AND LIABILITIES,420,-33360000.0,33360000.0
2026-06,ZARIB,SFP,tax_recoverable,Tax recoverable,ASSETS,400,24057293.0,24057293.0
2026-06,ZARIB,SFP,trade_and_other_payables,Trade and other payables,EQUITY AND LIABILITIES,480,-34291136.75,34291136.75
2026-06,ZARIB,SFP,trade_receivables,Trade Receivables (Debtors),ASSETS,320,395626418.06,395626418.06
2026-06,ZARIB,SFP,translation_reserve,Translation reserve,EQUITY AND LIABILITIES,430,-758850.95,758850.95
2026-06,ZATL,SCI,actuarial_fees,Actuarial Fees,INCOME,10,-7789986.21,7789986.21
2026-06,ZATL,SCI,advertising_pr,Advertising & PR,EXPENSES,150,9998.12,9998.12
2026-06,ZATL,SCI,communications,Communications,EXPENSES,120,120727.3,120727.3
2026-06,ZATL,SCI,depreciation,Depreciation,EXPENSES,180,66713.32,66713.32
2026-06,ZATL,SCI,entertainment,Entertainment,EXPENSES,100,95831.98,95831.98
2026-06,ZATL,SCI,finance_costs,Finance cost,EXPENSES,220,0.0,0.0
2026-06,ZATL,SCI,general_expenses,General Expenses,EXPENSES,200,967539.06,967539.06
2026-06,ZATL,SCI,insurance,Insurance,EXPENSES,160,208469.04,208469.04
2026-06,ZATL,SCI,insurance_commissions,Insurance Commissions,INCOME,40,0.0,-0.0
2026-06,ZATL,SCI,it_costs,IT Costs,EXPENSES,110,4109.23,4109.23
2026-06,ZATL,SCI,management_expense,Management Expense,EXPENSES,210,672885.48,672885.48
2026-06,ZATL,SCI,motor_vehicle_expenses,Motor Vehicle Expenses,EXPENSES,190,176226.87,176226.87
2026-06,ZATL,SCI,other_income,Other Income,INCOME,70,-14578.99,14578.99
2026-06,ZATL,SCI,personnel_costs,Personnel Costs,EXPENSES,80,2555138.47,2555138.47
2026-06,ZATL,SCI,premises,Premises,EXPENSES,140,568543.1,568543.1
2026-06,ZATL,SCI,printing_stationery,Printing & Stationery,EXPENSES,130,222158.23,222158.23
2026-06,ZATL,SCI,professional_fees,Professional Fees,EXPENSES,170,307117.25,307117.25
2026-06,ZATL,SCI,saas_income,SAAS (Software as a Service),INCOME,50,0.0,-0.0
2026-06,ZATL,SCI,taxation,Taxation,EXPENSES,230,270341.64,270341.64
2026-06,ZATL,SCI,travelling,Travelling,EXPENSES,90,927968.93,927968.93
2026-06,ZATL,SFP,borrowings,Borrowings,EQUITY AND LIABILITIES,510,0.0,-0.0
2026-06,ZATL,SFP,computer_software,Intangible - computer software,ASSETS,250,0.0,0.0
2026-06,ZATL,SFP,deferred_tax,Deferred tax,ASSETS,310,1385437.79,1385437.79
2026-06,ZATL,SFP,deposit_for_investment_in_subsidiary,Deposit for investment in subsidiary,ASSETS,290,0.0,0.0
2026-06,ZATL,SFP,deposits,Cash - Deposits,ASSETS,380,493096.65,493096.65
2026-06,ZATL,SFP,due_from_to_related_parties,Due from/to related parties,ASSETS,350,2543411.16,2543411.16
2026-06,ZATL,SFP,goodwill,Intangible - goodwill,ASSETS,260,0.0,0.0
2026-06,ZATL,SFP,investment_in_associate,Investment in associate,ASSETS,270,0.0,0.0
2026-06,ZATL,SFP,investment_unquoted_equity,Investment in unquoted equity securities,ASSETS,280,0.0,0.0
2026-06,ZATL,SFP,net_profit,Net Profit (derived),EQUITY AND LIABILITIES,460,-630797.17,630797.17
2026-06,ZATL,SFP,non_controlling_interests,Non-controlling interests,EQUITY AND LIABILITIES,470,0.0,-0.0
2026-06,ZATL,SFP,office_cash,Cash - Office Cash,ASSETS,360,3934362.07,3934362.07
2026-06,ZATL,SFP,other_receivables,Other Receivables,ASSETS,340,-1660422.84,-1660422.84
2026-06,ZATL,SFP,placements,Cash - Placements,ASSETS,390,0.0,0.0
2026-06,ZATL,SFP,ppe,"Property, Plant and Equipment",ASSETS,240,356100.78,356100.78
2026-06,ZATL,SFP,premium_payable,Premium payable,EQUITY AND LIABILITIES,500,0.0,-0.0
2026-06,ZATL,SFP,premium_receivables,Premium Receivables,ASSETS,330,0.0,0.0
2026-06,ZATL,SFP,proposed_dividend,Proposed dividend,EQUITY AND LIABILITIES,440,0.0,-0.0
2026-06,ZATL,SFP,retained_earnings,Retained earnings,EQUITY AND LIABILITIES,450,7513948.37,-7513948.37
2026-06,ZATL,SFP,share_capital,Share capital,EQUITY AND LIABILITIES,420,-4950409.27,4950409.27
2026-06,ZATL,SFP,tax_recoverable,Tax recoverable,ASSETS,400,2161867.03,2161867.03
2026-06,ZATL,SFP,trade_and_other_payables,Trade and other payables,EQUITY AND LIABILITIES,480,-2936991.44,2936991.44
2026-06,ZATL,SFP,trade_receivables,Trade Receivables (Debtors),ASSETS,320,1620612.34,1620612.34
2026-06,ZATL,SFP,translation_reserve,Translation reserve,EQUITY AND LIABILITIES,430,-9830215.47,9830215.47
2026-06,ZHL,SCI,actuarial_fees,Actuarial Fees,INCOME,10,0.0,-0.0
2026-06,ZHL,SCI,advertising_pr,Advertising & PR,EXPENSES,150,0.0,0.0
2026-06,ZHL,SCI,communications,Communications,EXPENSES,120,0.0,0.0
2026-06,ZHL,SCI,depreciation,Depreciation,EXPENSES,180,0.0,0.0
2026-06,ZHL,SCI,entertainment,Entertainment,EXPENSES,100,11699.99,11699.99
2026-06,ZHL,SCI,finance_costs,Finance cost,EXPENSES,220,0.0,0.0
2026-06,ZHL,SCI,general_expenses,General Expenses,EXPENSES,200,189355.1,189355.1
2026-06,ZHL,SCI,insurance,Insurance,EXPENSES,160,0.0,0.0
2026-06,ZHL,SCI,insurance_commissions,Insurance Commissions,INCOME,40,0.0,-0.0
2026-06,ZHL,SCI,it_costs,IT Costs,EXPENSES,110,0.0,0.0
2026-06,ZHL,SCI,management_expense,Management Expense,EXPENSES,210,0.0,0.0
2026-06,ZHL,SCI,motor_vehicle_expenses,Motor Vehicle Expenses,EXPENSES,190,0.0,0.0
2026-06,ZHL,SCI,other_income,Other Income,INCOME,70,-164015.66,164015.66
2026-06,ZHL,SCI,personnel_costs,Personnel Costs,EXPENSES,80,0.0,0.0
2026-06,ZHL,SCI,premises,Premises,EXPENSES,140,0.0,0.0
2026-06,ZHL,SCI,printing_stationery,Printing & Stationery,EXPENSES,130,0.0,0.0
2026-06,ZHL,SCI,professional_fees,Professional Fees,EXPENSES,170,21059142.32,21059142.32
2026-06,ZHL,SCI,saas_income,SAAS (Software as a Service),INCOME,50,0.0,-0.0
2026-06,ZHL,SCI,taxation,Taxation,EXPENSES,230,0.0,0.0
2026-06,ZHL,SCI,travelling,Travelling,EXPENSES,90,0.0,0.0
2026-06,ZHL,SFP,borrowings,Borrowings,EQUITY AND LIABILITIES,510,0.0,-0.0
2026-06,ZHL,SFP,computer_software,Intangible - computer software,ASSETS,250,0.0,0.0
2026-06,ZHL,SFP,deferred_tax,Deferred tax,ASSETS,310,0.0,0.0
2026-06,ZHL,SFP,deposit_for_investment_in_subsidiary,Deposit for investment in subsidiary,ASSETS,290,1278387321.58,1278387321.58
2026-06,ZHL,SFP,deposits,Cash - Deposits,ASSETS,380,4500000.0,4500000.0
2026-06,ZHL,SFP,due_from_to_related_parties,Due from/to related parties,ASSETS,350,-272963031.15,-272963031.15
2026-06,ZHL,SFP,goodwill,Intangible - goodwill,ASSETS,260,0.0,0.0
2026-06,ZHL,SFP,investment_in_associate,Investment in associate,ASSETS,270,15969831.66,15969831.66
2026-06,ZHL,SFP,investment_unquoted_equity,Investment in unquoted equity securities,ASSETS,280,0.0,0.0
2026-06,ZHL,SFP,net_profit,Net Profit (derived),EQUITY AND LIABILITIES,460,21096181.75,-21096181.75
2026-06,ZHL,SFP,non_controlling_interests,Non-controlling interests,EQUITY AND LIABILITIES,470,0.0,-0.0
2026-06,ZHL,SFP,office_cash,Cash - Office Cash,ASSETS,360,1755537.42,1755537.42
2026-06,ZHL,SFP,other_receivables,Other Receivables,ASSETS,340,461237.58,461237.58
2026-06,ZHL,SFP,placements,Cash - Placements,ASSETS,390,0.0,0.0
2026-06,ZHL,SFP,ppe,"Property, Plant and Equipment",ASSETS,240,0.0,0.0
2026-06,ZHL,SFP,premium_payable,Premium payable,EQUITY AND LIABILITIES,500,0.0,-0.0
2026-06,ZHL,SFP,premium_receivables,Premium Receivables,ASSETS,330,0.0,0.0
2026-06,ZHL,SFP,proposed_dividend,Proposed dividend,EQUITY AND LIABILITIES,440,0.0,-0.0
2026-06,ZHL,SFP,retained_earnings,Retained earnings,EQUITY AND LIABILITIES,450,-30127713.66,30127713.66
2026-06,ZHL,SFP,share_capital,Share capital,EQUITY AND LIABILITIES,420,-10000000.0,10000000.0
2026-06,ZHL,SFP,tax_recoverable,Tax recoverable,ASSETS,400,438803.94,438803.94
2026-06,ZHL,SFP,trade_and_other_payables,Trade and other payables,EQUITY AND LIABILITIES,480,-1009518170.12,1009518170.12
2026-06,ZHL,SFP,trade_receivables,Trade Receivables (Debtors),ASSETS,320,1.0,1.0
2026-06,ZHL,SFP,translation_reserve,Translation reserve,EQUITY AND LIABILITIES,430,0.0,-0.0
