period,period_end,entity,statement,section_group,line_label,row_type,statement_line_code,amount_client_basis,amount_presentation,source_tab,source_row,source_file
2026-02,2026-02-28,ZAAC,SCI,INCOME,Actuarial Fees,detail,actuarial_fees,-68449055.62,68449055.62,SCI Detailed,8,Feb 2026 Consolidated Accounts.xlsx
2026-02,2026-02-28,ZAMRE,SCI,INCOME,Actuarial Fees,detail,actuarial_fees,0.0,-0.0,SCI Detailed,8,Feb 2026 Consolidated Accounts.xlsx
2026-02,2026-02-28,ZARIB,SCI,INCOME,Actuarial Fees,detail,actuarial_fees,0.0,-0.0,SCI Detailed,8,Feb 2026 Consolidated Accounts.xlsx
2026-02,2026-02-28,MALAWI,SCI,INCOME,Actuarial Fees,detail,actuarial_fees,0.0,-0.0,SCI Detailed,8,Feb 2026 Consolidated Accounts.xlsx
2026-02,2026-02-28,MENA,SCI,INCOME,Actuarial Fees,detail,actuarial_fees,0.0,-0.0,SCI Detailed,8,Feb 2026 Consolidated Accounts.xlsx
2026-02,2026-02-28,NIGERIA,SCI,INCOME,Actuarial Fees,detail,actuarial_fees,0.0,-0.0,SCI Detailed,8,Feb 2026 Consolidated Accounts.xlsx
2026-02,2026-02-28,RWANDA,SCI,INCOME,Actuarial Fees,detail,actuarial_fees,-431776.16,431776.16,SCI Detailed,8,Feb 2026 Consolidated Accounts.xlsx
2026-02,2026-02-28,ZHL,SCI,INCOME,Actuarial Fees,detail,actuarial_fees,0.0,-0.0,SCI Detailed,8,Feb 2026 Consolidated Accounts.xlsx
2026-02,2026-02-28,ZATL,SCI,INCOME,Actuarial Fees,detail,actuarial_fees,-2081397.27,2081397.27,SCI Detailed,8,Feb 2026 Consolidated Accounts.xlsx
2026-02,2026-02-28,DRC,SCI,INCOME,Actuarial Fees,detail,actuarial_fees,0.0,-0.0,SCI Detailed,8,Feb 2026 Consolidated Accounts.xlsx
2026-02,2026-02-28,C&P,SCI,INCOME,Actuarial Fees,detail,actuarial_fees,0.0,-0.0,SCI Detailed,8,Feb 2026 Consolidated Accounts.xlsx
2026-02,2026-02-28,ZAAC,SCI,INCOME,Pension Admin Fee,detail,pension_admin_fee,-77041761.17,77041761.17,SCI Detailed,9,Feb 2026 Consolidated Accounts.xlsx
2026-02,2026-02-28,MALAWI,SCI,INCOME,Pension Admin Fee,detail,pension_admin_fee,-36130002.85,36130002.85,SCI Detailed,9,Feb 2026 Consolidated Accounts.xlsx
2026-02,2026-02-28,MENA,SCI,INCOME,Pension Admin Fee,detail,pension_admin_fee,-14538518.03,14538518.03,SCI Detailed,9,Feb 2026 Consolidated Accounts.xlsx
2026-02,2026-02-28,NIGERIA,SCI,INCOME,Pension Admin Fee,detail,pension_admin_fee,-12728655.9,12728655.9,SCI Detailed,9,Feb 2026 Consolidated Accounts.xlsx
2026-02,2026-02-28,RWANDA,SCI,INCOME,Pension Admin Fee,detail,pension_admin_fee,-157459.24,157459.24,SCI Detailed,9,Feb 2026 Consolidated Accounts.xlsx
2026-02,2026-02-28,C&P,SCI,INCOME,Pension Admin Fee,detail,pension_admin_fee,-8122126.83,8122126.83,SCI Detailed,9,Feb 2026 Consolidated Accounts.xlsx
2026-02,2026-02-28,ZAAC,SCI,INCOME,Umbrella Fund,detail,umbrella_fund,-43860042.0,43860042.0,SCI Detailed,10,Feb 2026 Consolidated Accounts.xlsx
2026-02,2026-02-28,ZAAC,SCI,INCOME,Insurance Commissions,detail,insurance_commissions,0.0,-0.0,SCI Detailed,11,Feb 2026 Consolidated Accounts.xlsx
2026-02,2026-02-28,ZAMRE,SCI,INCOME,Insurance Commissions,detail,insurance_commissions,-14008899.93,14008899.93,SCI Detailed,11,Feb 2026 Consolidated Accounts.xlsx
2026-02,2026-02-28,ZARIB,SCI,INCOME,Insurance Commissions,detail,insurance_commissions,-513772902.97,513772902.97,SCI Detailed,11,Feb 2026 Consolidated Accounts.xlsx
2026-02,2026-02-28,MALAWI,SCI,INCOME,Insurance Commissions,detail,insurance_commissions,0.0,-0.0,SCI Detailed,11,Feb 2026 Consolidated Accounts.xlsx
2026-02,2026-02-28,MENA,SCI,INCOME,Insurance Commissions,detail,insurance_commissions,0.0,-0.0,SCI Detailed,11,Feb 2026 Consolidated Accounts.xlsx
2026-02,2026-02-28,NIGERIA,SCI,INCOME,Insurance Commissions,detail,insurance_commissions,0.0,-0.0,SCI Detailed,11,Feb 2026 Consolidated Accounts.xlsx
2026-02,2026-02-28,RWANDA,SCI,INCOME,Insurance Commissions,detail,insurance_commissions,-7700261.68,7700261.68,SCI Detailed,11,Feb 2026 Consolidated Accounts.xlsx
2026-02,2026-02-28,ZHL,SCI,INCOME,Insurance Commissions,detail,insurance_commissions,0.0,-0.0,SCI Detailed,11,Feb 2026 Consolidated Accounts.xlsx
2026-02,2026-02-28,ZATL,SCI,INCOME,Insurance Commissions,detail,insurance_commissions,0.0,-0.0,SCI Detailed,11,Feb 2026 Consolidated Accounts.xlsx
2026-02,2026-02-28,DRC,SCI,INCOME,Insurance Commissions,detail,insurance_commissions,-7598108.07,7598108.07,SCI Detailed,11,Feb 2026 Consolidated Accounts.xlsx
2026-02,2026-02-28,C&P,SCI,INCOME,Insurance Commissions,detail,insurance_commissions,0.0,-0.0,SCI Detailed,11,Feb 2026 Consolidated Accounts.xlsx
2026-02,2026-02-28,ZAAC,SCI,INCOME,SAAS (Software as a Service),detail,saas_income,-5103347.0,5103347.0,SCI Detailed,12,Feb 2026 Consolidated Accounts.xlsx
2026-02,2026-02-28,ZAMRE,SCI,INCOME,SAAS (Software as a Service),detail,saas_income,0.0,-0.0,SCI Detailed,12,Feb 2026 Consolidated Accounts.xlsx
2026-02,2026-02-28,ZARIB,SCI,INCOME,SAAS (Software as a Service),detail,saas_income,0.0,-0.0,SCI Detailed,12,Feb 2026 Consolidated Accounts.xlsx
2026-02,2026-02-28,MALAWI,SCI,INCOME,SAAS (Software as a Service),detail,saas_income,0.0,-0.0,SCI Detailed,12,Feb 2026 Consolidated Accounts.xlsx
2026-02,2026-02-28,MENA,SCI,INCOME,SAAS (Software as a Service),detail,saas_income,0.0,-0.0,SCI Detailed,12,Feb 2026 Consolidated Accounts.xlsx
2026-02,2026-02-28,NIGERIA,SCI,INCOME,SAAS (Software as a Service),detail,saas_income,0.0,-0.0,SCI Detailed,12,Feb 2026 Consolidated Accounts.xlsx
2026-02,2026-02-28,RWANDA,SCI,INCOME,SAAS (Software as a Service),detail,saas_income,0.0,-0.0,SCI Detailed,12,Feb 2026 Consolidated Accounts.xlsx
2026-02,2026-02-28,ZHL,SCI,INCOME,SAAS (Software as a Service),detail,saas_income,0.0,-0.0,SCI Detailed,12,Feb 2026 Consolidated Accounts.xlsx
2026-02,2026-02-28,ZATL,SCI,INCOME,SAAS (Software as a Service),detail,saas_income,0.0,-0.0,SCI Detailed,12,Feb 2026 Consolidated Accounts.xlsx
2026-02,2026-02-28,DRC,SCI,INCOME,SAAS (Software as a Service),detail,saas_income,0.0,-0.0,SCI Detailed,12,Feb 2026 Consolidated Accounts.xlsx
2026-02,2026-02-28,C&P,SCI,INCOME,SAAS (Software as a Service),detail,saas_income,0.0,-0.0,SCI Detailed,12,Feb 2026 Consolidated Accounts.xlsx
2026-02,2026-02-28,ZAAC,SCI,INCOME,Retail,detail,retail_income,-19138509.5,19138509.5,SCI Detailed,13,Feb 2026 Consolidated Accounts.xlsx
2026-02,2026-02-28,ZAAC,SCI,INCOME,Other Income,detail,other_income,-4765612.0,4765612.0,SCI Detailed,14,Feb 2026 Consolidated Accounts.xlsx
2026-02,2026-02-28,ZAMRE,SCI,INCOME,Other Income,detail,other_income,-182351.23,182351.23,SCI Detailed,14,Feb 2026 Consolidated Accounts.xlsx
2026-02,2026-02-28,ZARIB,SCI,INCOME,Other Income,detail,other_income,-5556851.33,5556851.33,SCI Detailed,14,Feb 2026 Consolidated Accounts.xlsx
2026-02,2026-02-28,MALAWI,SCI,INCOME,Other Income,detail,other_income,-2062952.21,2062952.21,SCI Detailed,14,Feb 2026 Consolidated Accounts.xlsx
2026-02,2026-02-28,MENA,SCI,INCOME,Other Income,detail,other_income,0.0,-0.0,SCI Detailed,14,Feb 2026 Consolidated Accounts.xlsx
2026-02,2026-02-28,NIGERIA,SCI,INCOME,Other Income,detail,other_income,-324085.37,324085.37,SCI Detailed,14,Feb 2026 Consolidated Accounts.xlsx
2026-02,2026-02-28,RWANDA,SCI,INCOME,Other Income,detail,other_income,-296401.82,296401.82,SCI Detailed,14,Feb 2026 Consolidated Accounts.xlsx
2026-02,2026-02-28,ZHL,SCI,INCOME,Other Income,detail,other_income,-53463.6,53463.6,SCI Detailed,14,Feb 2026 Consolidated Accounts.xlsx
2026-02,2026-02-28,ZATL,SCI,INCOME,Other Income,detail,other_income,-2433.75,2433.75,SCI Detailed,14,Feb 2026 Consolidated Accounts.xlsx
2026-02,2026-02-28,DRC,SCI,INCOME,Other Income,detail,other_income,0.0,-0.0,SCI Detailed,14,Feb 2026 Consolidated Accounts.xlsx
2026-02,2026-02-28,C&P,SCI,INCOME,Other Income,detail,other_income,0.0,-0.0,SCI Detailed,14,Feb 2026 Consolidated Accounts.xlsx
2026-02,2026-02-28,ZAAC,SCI,INCOME,Total Income,total,,-218358327.29,-218358327.29,SCI Detailed,15,Feb 2026 Consolidated Accounts.xlsx
2026-02,2026-02-28,ZAMRE,SCI,INCOME,Total Income,total,,-14191251.16,-14191251.16,SCI Detailed,15,Feb 2026 Consolidated Accounts.xlsx
2026-02,2026-02-28,ZARIB,SCI,INCOME,Total Income,total,,-519329754.3,-519329754.3,SCI Detailed,15,Feb 2026 Consolidated Accounts.xlsx
2026-02,2026-02-28,MALAWI,SCI,INCOME,Total Income,total,,-38192955.06,-38192955.06,SCI Detailed,15,Feb 2026 Consolidated Accounts.xlsx
2026-02,2026-02-28,MENA,SCI,INCOME,Total Income,total,,-14538518.03,-14538518.03,SCI Detailed,15,Feb 2026 Consolidated Accounts.xlsx
2026-02,2026-02-28,NIGERIA,SCI,INCOME,Total Income,total,,-13052741.27,-13052741.27,SCI Detailed,15,Feb 2026 Consolidated Accounts.xlsx
2026-02,2026-02-28,RWANDA,SCI,INCOME,Total Income,total,,-8585898.9,-8585898.9,SCI Detailed,15,Feb 2026 Consolidated Accounts.xlsx
2026-02,2026-02-28,ZHL,SCI,INCOME,Total Income,total,,-53463.6,-53463.6,SCI Detailed,15,Feb 2026 Consolidated Accounts.xlsx
2026-02,2026-02-28,ZATL,SCI,INCOME,Total Income,total,,-2083831.02,-2083831.02,SCI Detailed,15,Feb 2026 Consolidated Accounts.xlsx
2026-02,2026-02-28,DRC,SCI,INCOME,Total Income,total,,-7598108.07,-7598108.07,SCI Detailed,15,Feb 2026 Consolidated Accounts.xlsx
2026-02,2026-02-28,C&P,SCI,INCOME,Total Income,total,,-8122126.83,-8122126.83,SCI Detailed,15,Feb 2026 Consolidated Accounts.xlsx
2026-02,2026-02-28,ZAAC,SCI,Personnel Costs,Emol.Pack-Salaries,detail,personnel_costs,103310996.08,103310996.08,SCI Detailed,19,Feb 2026 Consolidated Accounts.xlsx
2026-02,2026-02-28,ZAMRE,SCI,Personnel Costs,Emol.Pack-Salaries,detail,personnel_costs,0.0,0.0,SCI Detailed,19,Feb 2026 Consolidated Accounts.xlsx
2026-02,2026-02-28,ZARIB,SCI,Personnel Costs,Emol.Pack-Salaries,detail,personnel_costs,25344936.0,25344936.0,SCI Detailed,19,Feb 2026 Consolidated Accounts.xlsx
2026-02,2026-02-28,MALAWI,SCI,Personnel Costs,Emol.Pack-Salaries,detail,personnel_costs,5894060.47,5894060.47,SCI Detailed,19,Feb 2026 Consolidated Accounts.xlsx
2026-02,2026-02-28,MENA,SCI,Personnel Costs,Emol.Pack-Salaries,detail,personnel_costs,10671087.63,10671087.63,SCI Detailed,19,Feb 2026 Consolidated Accounts.xlsx
2026-02,2026-02-28,NIGERIA,SCI,Personnel Costs,Emol.Pack-Salaries,detail,personnel_costs,2172950.35,2172950.35,SCI Detailed,19,Feb 2026 Consolidated Accounts.xlsx
2026-02,2026-02-28,RWANDA,SCI,Personnel Costs,Emol.Pack-Salaries,detail,personnel_costs,4832787.0,4832787.0,SCI Detailed,19,Feb 2026 Consolidated Accounts.xlsx
2026-02,2026-02-28,ZHL,SCI,Personnel Costs,Emol.Pack-Salaries,detail,personnel_costs,0.0,0.0,SCI Detailed,19,Feb 2026 Consolidated Accounts.xlsx
2026-02,2026-02-28,ZATL,SCI,Personnel Costs,Emol.Pack-Salaries,detail,personnel_costs,998287.28,998287.28,SCI Detailed,19,Feb 2026 Consolidated Accounts.xlsx
2026-02,2026-02-28,DRC,SCI,Personnel Costs,Emol.Pack-Salaries,detail,personnel_costs,2441180.1,2441180.1,SCI Detailed,19,Feb 2026 Consolidated Accounts.xlsx
2026-02,2026-02-28,ZAAC,SCI,Personnel Costs,Emol.Pack-Housing Subsid,detail,personnel_costs,1546518.0,1546518.0,SCI Detailed,20,Feb 2026 Consolidated Accounts.xlsx
2026-02,2026-02-28,ZAMRE,SCI,Personnel Costs,Emol.Pack-Housing Subsid,detail,personnel_costs,0.0,0.0,SCI Detailed,20,Feb 2026 Consolidated Accounts.xlsx
2026-02,2026-02-28,ZARIB,SCI,Personnel Costs,Emol.Pack-Housing Subsid,detail,personnel_costs,0.0,0.0,SCI Detailed,20,Feb 2026 Consolidated Accounts.xlsx
2026-02,2026-02-28,MALAWI,SCI,Personnel Costs,Emol.Pack-Housing Subsid,detail,personnel_costs,0.0,0.0,SCI Detailed,20,Feb 2026 Consolidated Accounts.xlsx
2026-02,2026-02-28,MENA,SCI,Personnel Costs,Emol.Pack-Housing Subsid,detail,personnel_costs,0.0,0.0,SCI Detailed,20,Feb 2026 Consolidated Accounts.xlsx
2026-02,2026-02-28,NIGERIA,SCI,Personnel Costs,Emol.Pack-Housing Subsid,detail,personnel_costs,0.0,0.0,SCI Detailed,20,Feb 2026 Consolidated Accounts.xlsx
2026-02,2026-02-28,RWANDA,SCI,Personnel Costs,Emol.Pack-Housing Subsid,detail,personnel_costs,0.0,0.0,SCI Detailed,20,Feb 2026 Consolidated Accounts.xlsx
2026-02,2026-02-28,ZHL,SCI,Personnel Costs,Emol.Pack-Housing Subsid,detail,personnel_costs,0.0,0.0,SCI Detailed,20,Feb 2026 Consolidated Accounts.xlsx
2026-02,2026-02-28,ZATL,SCI,Personnel Costs,Emol.Pack-Housing Subsid,detail,personnel_costs,0.0,0.0,SCI Detailed,20,Feb 2026 Consolidated Accounts.xlsx
2026-02,2026-02-28,DRC,SCI,Personnel Costs,Emol.Pack-Housing Subsid,detail,personnel_costs,0.0,0.0,SCI Detailed,20,Feb 2026 Consolidated Accounts.xlsx
2026-02,2026-02-28,ZAAC,SCI,Personnel Costs,Emol.Pack-Other,detail,personnel_costs,278200.0,278200.0,SCI Detailed,21,Feb 2026 Consolidated Accounts.xlsx
2026-02,2026-02-28,ZAMRE,SCI,Personnel Costs,Emol.Pack-Other,detail,personnel_costs,0.0,0.0,SCI Detailed,21,Feb 2026 Consolidated Accounts.xlsx
2026-02,2026-02-28,ZARIB,SCI,Personnel Costs,Emol.Pack-Other,detail,personnel_costs,597539.4,597539.4,SCI Detailed,21,Feb 2026 Consolidated Accounts.xlsx
2026-02,2026-02-28,MALAWI,SCI,Personnel Costs,Emol.Pack-Other,detail,personnel_costs,531097.98,531097.98,SCI Detailed,21,Feb 2026 Consolidated Accounts.xlsx
2026-02,2026-02-28,MENA,SCI,Personnel Costs,Emol.Pack-Other,detail,personnel_costs,0.0,0.0,SCI Detailed,21,Feb 2026 Consolidated Accounts.xlsx
2026-02,2026-02-28,NIGERIA,SCI,Personnel Costs,Emol.Pack-Other,detail,personnel_costs,1869428.71,1869428.71,SCI Detailed,21,Feb 2026 Consolidated Accounts.xlsx
2026-02,2026-02-28,RWANDA,SCI,Personnel Costs,Emol.Pack-Other,detail,personnel_costs,0.0,0.0,SCI Detailed,21,Feb 2026 Consolidated Accounts.xlsx
2026-02,2026-02-28,ZHL,SCI,Personnel Costs,Emol.Pack-Other,detail,personnel_costs,0.0,0.0,SCI Detailed,21,Feb 2026 Consolidated Accounts.xlsx
2026-02,2026-02-28,ZATL,SCI,Personnel Costs,Emol.Pack-Other,detail,personnel_costs,8350.24,8350.24,SCI Detailed,21,Feb 2026 Consolidated Accounts.xlsx
2026-02,2026-02-28,DRC,SCI,Personnel Costs,Emol.Pack-Other,detail,personnel_costs,581258.92,581258.92,SCI Detailed,21,Feb 2026 Consolidated Accounts.xlsx
2026-02,2026-02-28,ZAAC,SCI,Personnel Costs,Emol.Pack-Med.Contribut.,detail,personnel_costs,5777293.58,5777293.58,SCI Detailed,22,Feb 2026 Consolidated Accounts.xlsx
2026-02,2026-02-28,ZAMRE,SCI,Personnel Costs,Emol.Pack-Med.Contribut.,detail,personnel_costs,0.0,0.0,SCI Detailed,22,Feb 2026 Consolidated Accounts.xlsx
2026-02,2026-02-28,ZARIB,SCI,Personnel Costs,Emol.Pack-Med.Contribut.,detail,personnel_costs,3692430.36,3692430.36,SCI Detailed,22,Feb 2026 Consolidated Accounts.xlsx
2026-02,2026-02-28,MALAWI,SCI,Personnel Costs,Emol.Pack-Med.Contribut.,detail,personnel_costs,256924.8,256924.8,SCI Detailed,22,Feb 2026 Consolidated Accounts.xlsx
2026-02,2026-02-28,MENA,SCI,Personnel Costs,Emol.Pack-Med.Contribut.,detail,personnel_costs,0.0,0.0,SCI Detailed,22,Feb 2026 Consolidated Accounts.xlsx
2026-02,2026-02-28,NIGERIA,SCI,Personnel Costs,Emol.Pack-Med.Contribut.,detail,personnel_costs,119039.91,119039.91,SCI Detailed,22,Feb 2026 Consolidated Accounts.xlsx
2026-02,2026-02-28,RWANDA,SCI,Personnel Costs,Emol.Pack-Med.Contribut.,detail,personnel_costs,397420.77,397420.77,SCI Detailed,22,Feb 2026 Consolidated Accounts.xlsx
2026-02,2026-02-28,ZHL,SCI,Personnel Costs,Emol.Pack-Med.Contribut.,detail,personnel_costs,0.0,0.0,SCI Detailed,22,Feb 2026 Consolidated Accounts.xlsx
2026-02,2026-02-28,ZATL,SCI,Personnel Costs,Emol.Pack-Med.Contribut.,detail,personnel_costs,0.0,0.0,SCI Detailed,22,Feb 2026 Consolidated Accounts.xlsx
2026-02,2026-02-28,DRC,SCI,Personnel Costs,Emol.Pack-Med.Contribut.,detail,personnel_costs,0.0,0.0,SCI Detailed,22,Feb 2026 Consolidated Accounts.xlsx
2026-02,2026-02-28,ZAAC,SCI,Personnel Costs,Emol.Pack-Pens.Contribut.,detail,personnel_costs,8894962.0,8894962.0,SCI Detailed,23,Feb 2026 Consolidated Accounts.xlsx
2026-02,2026-02-28,ZAMRE,SCI,Personnel Costs,Emol.Pack-Pens.Contribut.,detail,personnel_costs,0.0,0.0,SCI Detailed,23,Feb 2026 Consolidated Accounts.xlsx
2026-02,2026-02-28,ZARIB,SCI,Personnel Costs,Emol.Pack-Pens.Contribut.,detail,personnel_costs,2002840.0,2002840.0,SCI Detailed,23,Feb 2026 Consolidated Accounts.xlsx
2026-02,2026-02-28,MALAWI,SCI,Personnel Costs,Emol.Pack-Pens.Contribut.,detail,personnel_costs,589406.05,589406.05,SCI Detailed,23,Feb 2026 Consolidated Accounts.xlsx
2026-02,2026-02-28,MENA,SCI,Personnel Costs,Emol.Pack-Pens.Contribut.,detail,personnel_costs,0.0,0.0,SCI Detailed,23,Feb 2026 Consolidated Accounts.xlsx
2026-02,2026-02-28,NIGERIA,SCI,Personnel Costs,Emol.Pack-Pens.Contribut.,detail,personnel_costs,95626.32,95626.32,SCI Detailed,23,Feb 2026 Consolidated Accounts.xlsx
2026-02,2026-02-28,RWANDA,SCI,Personnel Costs,Emol.Pack-Pens.Contribut.,detail,personnel_costs,0.0,0.0,SCI Detailed,23,Feb 2026 Consolidated Accounts.xlsx
2026-02,2026-02-28,ZHL,SCI,Personnel Costs,Emol.Pack-Pens.Contribut.,detail,personnel_costs,0.0,0.0,SCI Detailed,23,Feb 2026 Consolidated Accounts.xlsx
2026-02,2026-02-28,ZATL,SCI,Personnel Costs,Emol.Pack-Pens.Contribut.,detail,personnel_costs,61569.46,61569.46,SCI Detailed,23,Feb 2026 Consolidated Accounts.xlsx
2026-02,2026-02-28,DRC,SCI,Personnel Costs,Emol.Pack-Pens.Contribut.,detail,personnel_costs,0.0,0.0,SCI Detailed,23,Feb 2026 Consolidated Accounts.xlsx
2026-02,2026-02-28,ZAAC,SCI,Personnel Costs,Co.Contrib-Life Assurance,detail,personnel_costs,1860571.16,1860571.16,SCI Detailed,24,Feb 2026 Consolidated Accounts.xlsx
2026-02,2026-02-28,ZAMRE,SCI,Personnel Costs,Co.Contrib-Life Assurance,detail,personnel_costs,0.0,0.0,SCI Detailed,24,Feb 2026 Consolidated Accounts.xlsx
2026-02,2026-02-28,ZARIB,SCI,Personnel Costs,Co.Contrib-Life Assurance,detail,personnel_costs,779250.82,779250.82,SCI Detailed,24,Feb 2026 Consolidated Accounts.xlsx
2026-02,2026-02-28,MALAWI,SCI,Personnel Costs,Co.Contrib-Life Assurance,detail,personnel_costs,117881.21,117881.21,SCI Detailed,24,Feb 2026 Consolidated Accounts.xlsx
2026-02,2026-02-28,MENA,SCI,Personnel Costs,Co.Contrib-Life Assurance,detail,personnel_costs,0.0,0.0,SCI Detailed,24,Feb 2026 Consolidated Accounts.xlsx
2026-02,2026-02-28,NIGERIA,SCI,Personnel Costs,Co.Contrib-Life Assurance,detail,personnel_costs,84711.92,84711.92,SCI Detailed,24,Feb 2026 Consolidated Accounts.xlsx
2026-02,2026-02-28,RWANDA,SCI,Personnel Costs,Co.Contrib-Life Assurance,detail,personnel_costs,241017.17,241017.17,SCI Detailed,24,Feb 2026 Consolidated Accounts.xlsx
2026-02,2026-02-28,ZHL,SCI,Personnel Costs,Co.Contrib-Life Assurance,detail,personnel_costs,0.0,0.0,SCI Detailed,24,Feb 2026 Consolidated Accounts.xlsx
2026-02,2026-02-28,ZATL,SCI,Personnel Costs,Co.Contrib-Life Assurance,detail,personnel_costs,0.0,0.0,SCI Detailed,24,Feb 2026 Consolidated Accounts.xlsx
2026-02,2026-02-28,DRC,SCI,Personnel Costs,Co.Contrib-Life Assurance,detail,personnel_costs,0.0,0.0,SCI Detailed,24,Feb 2026 Consolidated Accounts.xlsx
2026-02,2026-02-28,ZAAC,SCI,Personnel Costs,Temporary Staff-General,detail,personnel_costs,15000.0,15000.0,SCI Detailed,25,Feb 2026 Consolidated Accounts.xlsx
2026-02,2026-02-28,ZAMRE,SCI,Personnel Costs,Temporary Staff-General,detail,personnel_costs,0.0,0.0,SCI Detailed,25,Feb 2026 Consolidated Accounts.xlsx
2026-02,2026-02-28,ZARIB,SCI,Personnel Costs,Temporary Staff-General,detail,personnel_costs,18000.0,18000.0,SCI Detailed,25,Feb 2026 Consolidated Accounts.xlsx
2026-02,2026-02-28,MALAWI,SCI,Personnel Costs,Temporary Staff-General,detail,personnel_costs,0.0,0.0,SCI Detailed,25,Feb 2026 Consolidated Accounts.xlsx
2026-02,2026-02-28,MENA,SCI,Personnel Costs,Temporary Staff-General,detail,personnel_costs,0.0,0.0,SCI Detailed,25,Feb 2026 Consolidated Accounts.xlsx
2026-02,2026-02-28,NIGERIA,SCI,Personnel Costs,Temporary Staff-General,detail,personnel_costs,0.0,0.0,SCI Detailed,25,Feb 2026 Consolidated Accounts.xlsx
2026-02,2026-02-28,RWANDA,SCI,Personnel Costs,Temporary Staff-General,detail,personnel_costs,0.0,0.0,SCI Detailed,25,Feb 2026 Consolidated Accounts.xlsx
2026-02,2026-02-28,ZHL,SCI,Personnel Costs,Temporary Staff-General,detail,personnel_costs,0.0,0.0,SCI Detailed,25,Feb 2026 Consolidated Accounts.xlsx
2026-02,2026-02-28,ZATL,SCI,Personnel Costs,Temporary Staff-General,detail,personnel_costs,0.0,0.0,SCI Detailed,25,Feb 2026 Consolidated Accounts.xlsx
2026-02,2026-02-28,DRC,SCI,Personnel Costs,Temporary Staff-General,detail,personnel_costs,0.0,0.0,SCI Detailed,25,Feb 2026 Consolidated Accounts.xlsx
2026-02,2026-02-28,ZAAC,SCI,Personnel Costs,Welfare-General,detail,personnel_costs,78120.0,78120.0,SCI Detailed,26,Feb 2026 Consolidated Accounts.xlsx
2026-02,2026-02-28,ZAMRE,SCI,Personnel Costs,Welfare-General,detail,personnel_costs,0.0,0.0,SCI Detailed,26,Feb 2026 Consolidated Accounts.xlsx
2026-02,2026-02-28,ZARIB,SCI,Personnel Costs,Welfare-General,detail,personnel_costs,46347.84,46347.84,SCI Detailed,26,Feb 2026 Consolidated Accounts.xlsx
2026-02,2026-02-28,MALAWI,SCI,Personnel Costs,Welfare-General,detail,personnel_costs,157366.07,157366.07,SCI Detailed,26,Feb 2026 Consolidated Accounts.xlsx
2026-02,2026-02-28,MENA,SCI,Personnel Costs,Welfare-General,detail,personnel_costs,0.0,0.0,SCI Detailed,26,Feb 2026 Consolidated Accounts.xlsx
2026-02,2026-02-28,NIGERIA,SCI,Personnel Costs,Welfare-General,detail,personnel_costs,0.0,0.0,SCI Detailed,26,Feb 2026 Consolidated Accounts.xlsx
2026-02,2026-02-28,RWANDA,SCI,Personnel Costs,Welfare-General,detail,personnel_costs,0.0,0.0,SCI Detailed,26,Feb 2026 Consolidated Accounts.xlsx
2026-02,2026-02-28,ZHL,SCI,Personnel Costs,Welfare-General,detail,personnel_costs,0.0,0.0,SCI Detailed,26,Feb 2026 Consolidated Accounts.xlsx
2026-02,2026-02-28,ZATL,SCI,Personnel Costs,Welfare-General,detail,personnel_costs,0.0,0.0,SCI Detailed,26,Feb 2026 Consolidated Accounts.xlsx
2026-02,2026-02-28,DRC,SCI,Personnel Costs,Welfare-General,detail,personnel_costs,0.0,0.0,SCI Detailed,26,Feb 2026 Consolidated Accounts.xlsx
2026-02,2026-02-28,ZAAC,SCI,Personnel Costs,Other Staff Costs,detail,personnel_costs,-13682059.17,-13682059.17,SCI Detailed,27,Feb 2026 Consolidated Accounts.xlsx
2026-02,2026-02-28,ZAMRE,SCI,Personnel Costs,Other Staff Costs,detail,personnel_costs,5628487.74,5628487.74,SCI Detailed,27,Feb 2026 Consolidated Accounts.xlsx
2026-02,2026-02-28,ZARIB,SCI,Personnel Costs,Other Staff Costs,detail,personnel_costs,17315930.87,17315930.87,SCI Detailed,27,Feb 2026 Consolidated Accounts.xlsx
2026-02,2026-02-28,MALAWI,SCI,Personnel Costs,Other Staff Costs,detail,personnel_costs,1433880.53,1433880.53,SCI Detailed,27,Feb 2026 Consolidated Accounts.xlsx
2026-02,2026-02-28,MENA,SCI,Personnel Costs,Other Staff Costs,detail,personnel_costs,0.0,0.0,SCI Detailed,27,Feb 2026 Consolidated Accounts.xlsx
2026-02,2026-02-28,NIGERIA,SCI,Personnel Costs,Other Staff Costs,detail,personnel_costs,1022688.0,1022688.0,SCI Detailed,27,Feb 2026 Consolidated Accounts.xlsx
2026-02,2026-02-28,RWANDA,SCI,Personnel Costs,Other Staff Costs,detail,personnel_costs,401121.32,401121.32,SCI Detailed,27,Feb 2026 Consolidated Accounts.xlsx
2026-02,2026-02-28,ZHL,SCI,Personnel Costs,Other Staff Costs,detail,personnel_costs,0.0,0.0,SCI Detailed,27,Feb 2026 Consolidated Accounts.xlsx
2026-02,2026-02-28,ZATL,SCI,Personnel Costs,Other Staff Costs,detail,personnel_costs,3078.45,3078.45,SCI Detailed,27,Feb 2026 Consolidated Accounts.xlsx
2026-02,2026-02-28,DRC,SCI,Personnel Costs,Other Staff Costs,detail,personnel_costs,685509.83,685509.83,SCI Detailed,27,Feb 2026 Consolidated Accounts.xlsx
2026-02,2026-02-28,ZAAC,SCI,Personnel Costs,Other Staff Benefits,detail,personnel_costs,0.0,0.0,SCI Detailed,28,Feb 2026 Consolidated Accounts.xlsx
2026-02,2026-02-28,ZAMRE,SCI,Personnel Costs,Other Staff Benefits,detail,personnel_costs,0.0,0.0,SCI Detailed,28,Feb 2026 Consolidated Accounts.xlsx
2026-02,2026-02-28,ZARIB,SCI,Personnel Costs,Other Staff Benefits,detail,personnel_costs,0.0,0.0,SCI Detailed,28,Feb 2026 Consolidated Accounts.xlsx
2026-02,2026-02-28,MALAWI,SCI,Personnel Costs,Other Staff Benefits,detail,personnel_costs,0.0,0.0,SCI Detailed,28,Feb 2026 Consolidated Accounts.xlsx
2026-02,2026-02-28,MENA,SCI,Personnel Costs,Other Staff Benefits,detail,personnel_costs,0.0,0.0,SCI Detailed,28,Feb 2026 Consolidated Accounts.xlsx
2026-02,2026-02-28,NIGERIA,SCI,Personnel Costs,Other Staff Benefits,detail,personnel_costs,0.0,0.0,SCI Detailed,28,Feb 2026 Consolidated Accounts.xlsx
2026-02,2026-02-28,RWANDA,SCI,Personnel Costs,Other Staff Benefits,detail,personnel_costs,67879.54,67879.54,SCI Detailed,28,Feb 2026 Consolidated Accounts.xlsx
2026-02,2026-02-28,ZHL,SCI,Personnel Costs,Other Staff Benefits,detail,personnel_costs,0.0,0.0,SCI Detailed,28,Feb 2026 Consolidated Accounts.xlsx
2026-02,2026-02-28,ZATL,SCI,Personnel Costs,Other Staff Benefits,detail,personnel_costs,0.0,0.0,SCI Detailed,28,Feb 2026 Consolidated Accounts.xlsx
2026-02,2026-02-28,DRC,SCI,Personnel Costs,Other Staff Benefits,detail,personnel_costs,0.0,0.0,SCI Detailed,28,Feb 2026 Consolidated Accounts.xlsx
2026-02,2026-02-28,C&P,SCI,Personnel Costs,Other Staff Benefits,detail,personnel_costs,0.0,0.0,SCI Detailed,28,Feb 2026 Consolidated Accounts.xlsx
2026-02,2026-02-28,ZAAC,SCI,Personnel Costs,Training EXTERNAL,detail,personnel_costs,903052.52,903052.52,SCI Detailed,29,Feb 2026 Consolidated Accounts.xlsx
2026-02,2026-02-28,ZAMRE,SCI,Personnel Costs,Training EXTERNAL,detail,personnel_costs,0.0,0.0,SCI Detailed,29,Feb 2026 Consolidated Accounts.xlsx
2026-02,2026-02-28,ZARIB,SCI,Personnel Costs,Training EXTERNAL,detail,personnel_costs,1240380.57,1240380.57,SCI Detailed,29,Feb 2026 Consolidated Accounts.xlsx
2026-02,2026-02-28,MALAWI,SCI,Personnel Costs,Training EXTERNAL,detail,personnel_costs,0.0,0.0,SCI Detailed,29,Feb 2026 Consolidated Accounts.xlsx
2026-02,2026-02-28,MENA,SCI,Personnel Costs,Training EXTERNAL,detail,personnel_costs,0.0,0.0,SCI Detailed,29,Feb 2026 Consolidated Accounts.xlsx
2026-02,2026-02-28,NIGERIA,SCI,Personnel Costs,Training EXTERNAL,detail,personnel_costs,184596.75,184596.75,SCI Detailed,29,Feb 2026 Consolidated Accounts.xlsx
2026-02,2026-02-28,RWANDA,SCI,Personnel Costs,Training EXTERNAL,detail,personnel_costs,131483.73,131483.73,SCI Detailed,29,Feb 2026 Consolidated Accounts.xlsx
2026-02,2026-02-28,ZHL,SCI,Personnel Costs,Training EXTERNAL,detail,personnel_costs,0.0,0.0,SCI Detailed,29,Feb 2026 Consolidated Accounts.xlsx
2026-02,2026-02-28,ZATL,SCI,Personnel Costs,Training EXTERNAL,detail,personnel_costs,0.0,0.0,SCI Detailed,29,Feb 2026 Consolidated Accounts.xlsx
2026-02,2026-02-28,DRC,SCI,Personnel Costs,Training EXTERNAL,detail,personnel_costs,168589.23,168589.23,SCI Detailed,29,Feb 2026 Consolidated Accounts.xlsx
2026-02,2026-02-28,ZAAC,SCI,Personnel Costs,Commission Leads,detail,personnel_costs,306919.38,306919.38,SCI Detailed,30,Feb 2026 Consolidated Accounts.xlsx
2026-02,2026-02-28,ZAMRE,SCI,Personnel Costs,Commission Leads,detail,personnel_costs,0.0,0.0,SCI Detailed,30,Feb 2026 Consolidated Accounts.xlsx
2026-02,2026-02-28,ZARIB,SCI,Personnel Costs,Commission Leads,detail,personnel_costs,0.0,0.0,SCI Detailed,30,Feb 2026 Consolidated Accounts.xlsx
2026-02,2026-02-28,MALAWI,SCI,Personnel Costs,Commission Leads,detail,personnel_costs,0.0,0.0,SCI Detailed,30,Feb 2026 Consolidated Accounts.xlsx
2026-02,2026-02-28,MENA,SCI,Personnel Costs,Commission Leads,detail,personnel_costs,0.0,0.0,SCI Detailed,30,Feb 2026 Consolidated Accounts.xlsx
2026-02,2026-02-28,NIGERIA,SCI,Personnel Costs,Commission Leads,detail,personnel_costs,0.0,0.0,SCI Detailed,30,Feb 2026 Consolidated Accounts.xlsx
2026-02,2026-02-28,RWANDA,SCI,Personnel Costs,Commission Leads,detail,personnel_costs,0.0,0.0,SCI Detailed,30,Feb 2026 Consolidated Accounts.xlsx
2026-02,2026-02-28,ZHL,SCI,Personnel Costs,Commission Leads,detail,personnel_costs,0.0,0.0,SCI Detailed,30,Feb 2026 Consolidated Accounts.xlsx
2026-02,2026-02-28,ZATL,SCI,Personnel Costs,Commission Leads,detail,personnel_costs,0.0,0.0,SCI Detailed,30,Feb 2026 Consolidated Accounts.xlsx
2026-02,2026-02-28,DRC,SCI,Personnel Costs,Commission Leads,detail,personnel_costs,0.0,0.0,SCI Detailed,30,Feb 2026 Consolidated Accounts.xlsx
2026-02,2026-02-28,ZAAC,SCI,Personnel Costs,Training Internal,detail,personnel_costs,119600.0,119600.0,SCI Detailed,32,Feb 2026 Consolidated Accounts.xlsx
2026-02,2026-02-28,ZAMRE,SCI,Personnel Costs,Training Internal,detail,personnel_costs,0.0,0.0,SCI Detailed,32,Feb 2026 Consolidated Accounts.xlsx
2026-02,2026-02-28,ZARIB,SCI,Personnel Costs,Training Internal,detail,personnel_costs,123516.8,123516.8,SCI Detailed,32,Feb 2026 Consolidated Accounts.xlsx
2026-02,2026-02-28,MALAWI,SCI,Personnel Costs,Training Internal,detail,personnel_costs,0.0,0.0,SCI Detailed,32,Feb 2026 Consolidated Accounts.xlsx
2026-02,2026-02-28,MENA,SCI,Personnel Costs,Training Internal,detail,personnel_costs,0.0,0.0,SCI Detailed,32,Feb 2026 Consolidated Accounts.xlsx
2026-02,2026-02-28,NIGERIA,SCI,Personnel Costs,Training Internal,detail,personnel_costs,0.0,0.0,SCI Detailed,32,Feb 2026 Consolidated Accounts.xlsx
2026-02,2026-02-28,RWANDA,SCI,Personnel Costs,Training Internal,detail,personnel_costs,0.0,0.0,SCI Detailed,32,Feb 2026 Consolidated Accounts.xlsx
2026-02,2026-02-28,ZHL,SCI,Personnel Costs,Training Internal,detail,personnel_costs,0.0,0.0,SCI Detailed,32,Feb 2026 Consolidated Accounts.xlsx
2026-02,2026-02-28,ZATL,SCI,Personnel Costs,Training Internal,detail,personnel_costs,0.0,0.0,SCI Detailed,32,Feb 2026 Consolidated Accounts.xlsx
2026-02,2026-02-28,DRC,SCI,Personnel Costs,Training Internal,detail,personnel_costs,0.0,0.0,SCI Detailed,32,Feb 2026 Consolidated Accounts.xlsx
2026-02,2026-02-28,ZAAC,SCI,Personnel Costs,(group_subtotal),group_subtotal,,109409173.55,109409173.55,SCI Detailed,33,Feb 2026 Consolidated Accounts.xlsx
2026-02,2026-02-28,ZAMRE,SCI,Personnel Costs,(group_subtotal),group_subtotal,,5628487.74,5628487.74,SCI Detailed,33,Feb 2026 Consolidated Accounts.xlsx
2026-02,2026-02-28,ZARIB,SCI,Personnel Costs,(group_subtotal),group_subtotal,,51161172.66,51161172.66,SCI Detailed,33,Feb 2026 Consolidated Accounts.xlsx
2026-02,2026-02-28,MALAWI,SCI,Personnel Costs,(group_subtotal),group_subtotal,,8980617.11,8980617.11,SCI Detailed,33,Feb 2026 Consolidated Accounts.xlsx
2026-02,2026-02-28,MENA,SCI,Personnel Costs,(group_subtotal),group_subtotal,,10671087.63,10671087.63,SCI Detailed,33,Feb 2026 Consolidated Accounts.xlsx
2026-02,2026-02-28,NIGERIA,SCI,Personnel Costs,(group_subtotal),group_subtotal,,5549041.96,5549041.96,SCI Detailed,33,Feb 2026 Consolidated Accounts.xlsx
2026-02,2026-02-28,RWANDA,SCI,Personnel Costs,(group_subtotal),group_subtotal,,6071709.53,6071709.53,SCI Detailed,33,Feb 2026 Consolidated Accounts.xlsx
2026-02,2026-02-28,ZHL,SCI,Personnel Costs,(group_subtotal),group_subtotal,,0.0,0.0,SCI Detailed,33,Feb 2026 Consolidated Accounts.xlsx
2026-02,2026-02-28,ZATL,SCI,Personnel Costs,(group_subtotal),group_subtotal,,1071285.43,1071285.43,SCI Detailed,33,Feb 2026 Consolidated Accounts.xlsx
2026-02,2026-02-28,DRC,SCI,Personnel Costs,(group_subtotal),group_subtotal,,3876538.06,3876538.06,SCI Detailed,33,Feb 2026 Consolidated Accounts.xlsx
2026-02,2026-02-28,ZAAC,SCI,Travelling,Trav. Air Fares,detail,travelling,1175932.0,1175932.0,SCI Detailed,35,Feb 2026 Consolidated Accounts.xlsx
2026-02,2026-02-28,ZAMRE,SCI,Travelling,Trav. Air Fares,detail,travelling,227568.0,227568.0,SCI Detailed,35,Feb 2026 Consolidated Accounts.xlsx
2026-02,2026-02-28,ZARIB,SCI,Travelling,Trav. Air Fares,detail,travelling,432668.0,432668.0,SCI Detailed,35,Feb 2026 Consolidated Accounts.xlsx
2026-02,2026-02-28,MALAWI,SCI,Travelling,Trav. Air Fares,detail,travelling,0.0,0.0,SCI Detailed,35,Feb 2026 Consolidated Accounts.xlsx
2026-02,2026-02-28,MENA,SCI,Travelling,Trav. Air Fares,detail,travelling,0.0,0.0,SCI Detailed,35,Feb 2026 Consolidated Accounts.xlsx
2026-02,2026-02-28,NIGERIA,SCI,Travelling,Trav. Air Fares,detail,travelling,178922.06,178922.06,SCI Detailed,35,Feb 2026 Consolidated Accounts.xlsx
2026-02,2026-02-28,RWANDA,SCI,Travelling,Trav. Air Fares,detail,travelling,453504.71,453504.71,SCI Detailed,35,Feb 2026 Consolidated Accounts.xlsx
2026-02,2026-02-28,ZHL,SCI,Travelling,Trav. Air Fares,detail,travelling,0.0,0.0,SCI Detailed,35,Feb 2026 Consolidated Accounts.xlsx
2026-02,2026-02-28,ZATL,SCI,Travelling,Trav. Air Fares,detail,travelling,0.0,0.0,SCI Detailed,35,Feb 2026 Consolidated Accounts.xlsx
2026-02,2026-02-28,DRC,SCI,Travelling,Trav. Air Fares,detail,travelling,0.0,0.0,SCI Detailed,35,Feb 2026 Consolidated Accounts.xlsx
2026-02,2026-02-28,C&P,SCI,Travelling,Trav. Air Fares,detail,travelling,0.0,0.0,SCI Detailed,35,Feb 2026 Consolidated Accounts.xlsx
2026-02,2026-02-28,ZAAC,SCI,Travelling,Trav. Accom.,detail,travelling,1364837.9,1364837.9,SCI Detailed,36,Feb 2026 Consolidated Accounts.xlsx
2026-02,2026-02-28,ZAMRE,SCI,Travelling,Trav. Accom.,detail,travelling,0.0,0.0,SCI Detailed,36,Feb 2026 Consolidated Accounts.xlsx
2026-02,2026-02-28,ZARIB,SCI,Travelling,Trav. Accom.,detail,travelling,505884.0,505884.0,SCI Detailed,36,Feb 2026 Consolidated Accounts.xlsx
2026-02,2026-02-28,MALAWI,SCI,Travelling,Trav. Accom.,detail,travelling,0.0,0.0,SCI Detailed,36,Feb 2026 Consolidated Accounts.xlsx
2026-02,2026-02-28,MENA,SCI,Travelling,Trav. Accom.,detail,travelling,0.0,0.0,SCI Detailed,36,Feb 2026 Consolidated Accounts.xlsx
2026-02,2026-02-28,NIGERIA,SCI,Travelling,Trav. Accom.,detail,travelling,0.0,0.0,SCI Detailed,36,Feb 2026 Consolidated Accounts.xlsx
2026-02,2026-02-28,RWANDA,SCI,Travelling,Trav. Accom.,detail,travelling,0.0,0.0,SCI Detailed,36,Feb 2026 Consolidated Accounts.xlsx
2026-02,2026-02-28,ZHL,SCI,Travelling,Trav. Accom.,detail,travelling,0.0,0.0,SCI Detailed,36,Feb 2026 Consolidated Accounts.xlsx
2026-02,2026-02-28,ZATL,SCI,Travelling,Trav. Accom.,detail,travelling,0.0,0.0,SCI Detailed,36,Feb 2026 Consolidated Accounts.xlsx
2026-02,2026-02-28,DRC,SCI,Travelling,Trav. Accom.,detail,travelling,819308.75,819308.75,SCI Detailed,36,Feb 2026 Consolidated Accounts.xlsx
2026-02,2026-02-28,C&P,SCI,Travelling,Trav. Accom.,detail,travelling,0.0,0.0,SCI Detailed,36,Feb 2026 Consolidated Accounts.xlsx
2026-02,2026-02-28,ZAAC,SCI,Travelling,Trav. Sundry exp.,detail,travelling,113.43,113.43,SCI Detailed,37,Feb 2026 Consolidated Accounts.xlsx
2026-02,2026-02-28,ZAMRE,SCI,Travelling,Trav. Sundry exp.,detail,travelling,0.0,0.0,SCI Detailed,37,Feb 2026 Consolidated Accounts.xlsx
2026-02,2026-02-28,ZARIB,SCI,Travelling,Trav. Sundry exp.,detail,travelling,0.0,0.0,SCI Detailed,37,Feb 2026 Consolidated Accounts.xlsx
2026-02,2026-02-28,MALAWI,SCI,Travelling,Trav. Sundry exp.,detail,travelling,144213.72,144213.72,SCI Detailed,37,Feb 2026 Consolidated Accounts.xlsx
2026-02,2026-02-28,MENA,SCI,Travelling,Trav. Sundry exp.,detail,travelling,91944.31,91944.31,SCI Detailed,37,Feb 2026 Consolidated Accounts.xlsx
2026-02,2026-02-28,NIGERIA,SCI,Travelling,Trav. Sundry exp.,detail,travelling,260234.08,260234.08,SCI Detailed,37,Feb 2026 Consolidated Accounts.xlsx
2026-02,2026-02-28,RWANDA,SCI,Travelling,Trav. Sundry exp.,detail,travelling,0.0,0.0,SCI Detailed,37,Feb 2026 Consolidated Accounts.xlsx
2026-02,2026-02-28,ZHL,SCI,Travelling,Trav. Sundry exp.,detail,travelling,0.0,0.0,SCI Detailed,37,Feb 2026 Consolidated Accounts.xlsx
2026-02,2026-02-28,ZATL,SCI,Travelling,Trav. Sundry exp.,detail,travelling,0.0,0.0,SCI Detailed,37,Feb 2026 Consolidated Accounts.xlsx
2026-02,2026-02-28,DRC,SCI,Travelling,Trav. Sundry exp.,detail,travelling,0.0,0.0,SCI Detailed,37,Feb 2026 Consolidated Accounts.xlsx
2026-02,2026-02-28,C&P,SCI,Travelling,Trav. Sundry exp.,detail,travelling,0.0,0.0,SCI Detailed,37,Feb 2026 Consolidated Accounts.xlsx
2026-02,2026-02-28,ZAAC,SCI,Travelling,(group_subtotal),group_subtotal,,2540883.33,2540883.33,SCI Detailed,39,Feb 2026 Consolidated Accounts.xlsx
2026-02,2026-02-28,ZAMRE,SCI,Travelling,(group_subtotal),group_subtotal,,227568.0,227568.0,SCI Detailed,39,Feb 2026 Consolidated Accounts.xlsx
2026-02,2026-02-28,ZARIB,SCI,Travelling,(group_subtotal),group_subtotal,,938552.0,938552.0,SCI Detailed,39,Feb 2026 Consolidated Accounts.xlsx
2026-02,2026-02-28,MALAWI,SCI,Travelling,(group_subtotal),group_subtotal,,144213.72,144213.72,SCI Detailed,39,Feb 2026 Consolidated Accounts.xlsx
2026-02,2026-02-28,MENA,SCI,Travelling,(group_subtotal),group_subtotal,,91944.31,91944.31,SCI Detailed,39,Feb 2026 Consolidated Accounts.xlsx
2026-02,2026-02-28,NIGERIA,SCI,Travelling,(group_subtotal),group_subtotal,,439156.14,439156.14,SCI Detailed,39,Feb 2026 Consolidated Accounts.xlsx
2026-02,2026-02-28,RWANDA,SCI,Travelling,(group_subtotal),group_subtotal,,453504.71,453504.71,SCI Detailed,39,Feb 2026 Consolidated Accounts.xlsx
2026-02,2026-02-28,ZHL,SCI,Travelling,(group_subtotal),group_subtotal,,0.0,0.0,SCI Detailed,39,Feb 2026 Consolidated Accounts.xlsx
2026-02,2026-02-28,ZATL,SCI,Travelling,(group_subtotal),group_subtotal,,0.0,0.0,SCI Detailed,39,Feb 2026 Consolidated Accounts.xlsx
2026-02,2026-02-28,DRC,SCI,Travelling,(group_subtotal),group_subtotal,,819308.75,819308.75,SCI Detailed,39,Feb 2026 Consolidated Accounts.xlsx
2026-02,2026-02-28,ZAAC,SCI,Entertainment,Entertainment-(IN TOWN),detail,entertainment,734142.6,734142.6,SCI Detailed,41,Feb 2026 Consolidated Accounts.xlsx
2026-02,2026-02-28,ZAMRE,SCI,Entertainment,Entertainment-(IN TOWN),detail,entertainment,36290.0,36290.0,SCI Detailed,41,Feb 2026 Consolidated Accounts.xlsx
2026-02,2026-02-28,ZARIB,SCI,Entertainment,Entertainment-(IN TOWN),detail,entertainment,1652736.92,1652736.92,SCI Detailed,41,Feb 2026 Consolidated Accounts.xlsx
2026-02,2026-02-28,MALAWI,SCI,Entertainment,Entertainment-(IN TOWN),detail,entertainment,0.0,0.0,SCI Detailed,41,Feb 2026 Consolidated Accounts.xlsx
2026-02,2026-02-28,MENA,SCI,Entertainment,Entertainment-(IN TOWN),detail,entertainment,0.0,0.0,SCI Detailed,41,Feb 2026 Consolidated Accounts.xlsx
2026-02,2026-02-28,NIGERIA,SCI,Entertainment,Entertainment-(IN TOWN),detail,entertainment,0.0,0.0,SCI Detailed,41,Feb 2026 Consolidated Accounts.xlsx
2026-02,2026-02-28,RWANDA,SCI,Entertainment,Entertainment-(IN TOWN),detail,entertainment,15879.29,15879.29,SCI Detailed,41,Feb 2026 Consolidated Accounts.xlsx
2026-02,2026-02-28,ZHL,SCI,Entertainment,Entertainment-(IN TOWN),detail,entertainment,0.0,0.0,SCI Detailed,41,Feb 2026 Consolidated Accounts.xlsx
2026-02,2026-02-28,ZATL,SCI,Entertainment,Entertainment-(IN TOWN),detail,entertainment,0.0,0.0,SCI Detailed,41,Feb 2026 Consolidated Accounts.xlsx
2026-02,2026-02-28,DRC,SCI,Entertainment,Entertainment-(IN TOWN),detail,entertainment,55514.3,55514.3,SCI Detailed,41,Feb 2026 Consolidated Accounts.xlsx
2026-02,2026-02-28,C&P,SCI,Entertainment,Entertainment-(IN TOWN),detail,entertainment,0.0,0.0,SCI Detailed,41,Feb 2026 Consolidated Accounts.xlsx
2026-02,2026-02-28,ZAAC,SCI,Entertainment,Entertainment-(OUT OF TOWN),detail,entertainment,30000.0,30000.0,SCI Detailed,42,Feb 2026 Consolidated Accounts.xlsx
2026-02,2026-02-28,ZAMRE,SCI,Entertainment,Entertainment-(OUT OF TOWN),detail,entertainment,14696.8,14696.8,SCI Detailed,42,Feb 2026 Consolidated Accounts.xlsx
2026-02,2026-02-28,ZARIB,SCI,Entertainment,Entertainment-(OUT OF TOWN),detail,entertainment,154000.0,154000.0,SCI Detailed,42,Feb 2026 Consolidated Accounts.xlsx
2026-02,2026-02-28,MALAWI,SCI,Entertainment,Entertainment-(OUT OF TOWN),detail,entertainment,0.0,0.0,SCI Detailed,42,Feb 2026 Consolidated Accounts.xlsx
2026-02,2026-02-28,MENA,SCI,Entertainment,Entertainment-(OUT OF TOWN),detail,entertainment,0.0,0.0,SCI Detailed,42,Feb 2026 Consolidated Accounts.xlsx
2026-02,2026-02-28,NIGERIA,SCI,Entertainment,Entertainment-(OUT OF TOWN),detail,entertainment,0.0,0.0,SCI Detailed,42,Feb 2026 Consolidated Accounts.xlsx
2026-02,2026-02-28,RWANDA,SCI,Entertainment,Entertainment-(OUT OF TOWN),detail,entertainment,0.0,0.0,SCI Detailed,42,Feb 2026 Consolidated Accounts.xlsx
2026-02,2026-02-28,ZHL,SCI,Entertainment,Entertainment-(OUT OF TOWN),detail,entertainment,0.0,0.0,SCI Detailed,42,Feb 2026 Consolidated Accounts.xlsx
2026-02,2026-02-28,ZATL,SCI,Entertainment,Entertainment-(OUT OF TOWN),detail,entertainment,0.0,0.0,SCI Detailed,42,Feb 2026 Consolidated Accounts.xlsx
2026-02,2026-02-28,DRC,SCI,Entertainment,Entertainment-(OUT OF TOWN),detail,entertainment,0.0,0.0,SCI Detailed,42,Feb 2026 Consolidated Accounts.xlsx
2026-02,2026-02-28,C&P,SCI,Entertainment,Entertainment-(OUT OF TOWN),detail,entertainment,0.0,0.0,SCI Detailed,42,Feb 2026 Consolidated Accounts.xlsx
2026-02,2026-02-28,ZAAC,SCI,Entertainment,CLIENT GIFTS AND REWARDS,detail,entertainment,0.0,0.0,SCI Detailed,43,Feb 2026 Consolidated Accounts.xlsx
2026-02,2026-02-28,ZAMRE,SCI,Entertainment,CLIENT GIFTS AND REWARDS,detail,entertainment,0.0,0.0,SCI Detailed,43,Feb 2026 Consolidated Accounts.xlsx
2026-02,2026-02-28,ZARIB,SCI,Entertainment,CLIENT GIFTS AND REWARDS,detail,entertainment,1203118.25,1203118.25,SCI Detailed,43,Feb 2026 Consolidated Accounts.xlsx
2026-02,2026-02-28,MALAWI,SCI,Entertainment,CLIENT GIFTS AND REWARDS,detail,entertainment,0.0,0.0,SCI Detailed,43,Feb 2026 Consolidated Accounts.xlsx
2026-02,2026-02-28,MENA,SCI,Entertainment,CLIENT GIFTS AND REWARDS,detail,entertainment,0.0,0.0,SCI Detailed,43,Feb 2026 Consolidated Accounts.xlsx
2026-02,2026-02-28,NIGERIA,SCI,Entertainment,CLIENT GIFTS AND REWARDS,detail,entertainment,0.0,0.0,SCI Detailed,43,Feb 2026 Consolidated Accounts.xlsx
2026-02,2026-02-28,RWANDA,SCI,Entertainment,CLIENT GIFTS AND REWARDS,detail,entertainment,0.0,0.0,SCI Detailed,43,Feb 2026 Consolidated Accounts.xlsx
2026-02,2026-02-28,ZHL,SCI,Entertainment,CLIENT GIFTS AND REWARDS,detail,entertainment,0.0,0.0,SCI Detailed,43,Feb 2026 Consolidated Accounts.xlsx
2026-02,2026-02-28,ZATL,SCI,Entertainment,CLIENT GIFTS AND REWARDS,detail,entertainment,0.0,0.0,SCI Detailed,43,Feb 2026 Consolidated Accounts.xlsx
2026-02,2026-02-28,DRC,SCI,Entertainment,CLIENT GIFTS AND REWARDS,detail,entertainment,0.0,0.0,SCI Detailed,43,Feb 2026 Consolidated Accounts.xlsx
2026-02,2026-02-28,C&P,SCI,Entertainment,CLIENT GIFTS AND REWARDS,detail,entertainment,0.0,0.0,SCI Detailed,43,Feb 2026 Consolidated Accounts.xlsx
2026-02,2026-02-28,ZAAC,SCI,Entertainment,Christmas Party,detail,entertainment,14000.0,14000.0,SCI Detailed,46,Feb 2026 Consolidated Accounts.xlsx
2026-02,2026-02-28,ZAMRE,SCI,Entertainment,Christmas Party,detail,entertainment,0.0,0.0,SCI Detailed,46,Feb 2026 Consolidated Accounts.xlsx
2026-02,2026-02-28,ZARIB,SCI,Entertainment,Christmas Party,detail,entertainment,0.0,0.0,SCI Detailed,46,Feb 2026 Consolidated Accounts.xlsx
2026-02,2026-02-28,MALAWI,SCI,Entertainment,Christmas Party,detail,entertainment,0.0,0.0,SCI Detailed,46,Feb 2026 Consolidated Accounts.xlsx
2026-02,2026-02-28,MENA,SCI,Entertainment,Christmas Party,detail,entertainment,0.0,0.0,SCI Detailed,46,Feb 2026 Consolidated Accounts.xlsx
2026-02,2026-02-28,NIGERIA,SCI,Entertainment,Christmas Party,detail,entertainment,0.0,0.0,SCI Detailed,46,Feb 2026 Consolidated Accounts.xlsx
2026-02,2026-02-28,RWANDA,SCI,Entertainment,Christmas Party,detail,entertainment,0.0,0.0,SCI Detailed,46,Feb 2026 Consolidated Accounts.xlsx
2026-02,2026-02-28,ZHL,SCI,Entertainment,Christmas Party,detail,entertainment,0.0,0.0,SCI Detailed,46,Feb 2026 Consolidated Accounts.xlsx
2026-02,2026-02-28,ZATL,SCI,Entertainment,Christmas Party,detail,entertainment,0.0,0.0,SCI Detailed,46,Feb 2026 Consolidated Accounts.xlsx
2026-02,2026-02-28,DRC,SCI,Entertainment,Christmas Party,detail,entertainment,0.0,0.0,SCI Detailed,46,Feb 2026 Consolidated Accounts.xlsx
2026-02,2026-02-28,C&P,SCI,Entertainment,Christmas Party,detail,entertainment,0.0,0.0,SCI Detailed,46,Feb 2026 Consolidated Accounts.xlsx
2026-02,2026-02-28,ZAAC,SCI,Entertainment,Conference Attended by us,detail,entertainment,0.0,0.0,SCI Detailed,47,Feb 2026 Consolidated Accounts.xlsx
2026-02,2026-02-28,ZAMRE,SCI,Entertainment,Conference Attended by us,detail,entertainment,0.0,0.0,SCI Detailed,47,Feb 2026 Consolidated Accounts.xlsx
2026-02,2026-02-28,ZARIB,SCI,Entertainment,Conference Attended by us,detail,entertainment,0.0,0.0,SCI Detailed,47,Feb 2026 Consolidated Accounts.xlsx
2026-02,2026-02-28,MALAWI,SCI,Entertainment,Conference Attended by us,detail,entertainment,0.0,0.0,SCI Detailed,47,Feb 2026 Consolidated Accounts.xlsx
2026-02,2026-02-28,MENA,SCI,Entertainment,Conference Attended by us,detail,entertainment,0.0,0.0,SCI Detailed,47,Feb 2026 Consolidated Accounts.xlsx
2026-02,2026-02-28,NIGERIA,SCI,Entertainment,Conference Attended by us,detail,entertainment,14379.61,14379.61,SCI Detailed,47,Feb 2026 Consolidated Accounts.xlsx
2026-02,2026-02-28,RWANDA,SCI,Entertainment,Conference Attended by us,detail,entertainment,0.0,0.0,SCI Detailed,47,Feb 2026 Consolidated Accounts.xlsx
2026-02,2026-02-28,ZHL,SCI,Entertainment,Conference Attended by us,detail,entertainment,0.0,0.0,SCI Detailed,47,Feb 2026 Consolidated Accounts.xlsx
2026-02,2026-02-28,ZATL,SCI,Entertainment,Conference Attended by us,detail,entertainment,0.0,0.0,SCI Detailed,47,Feb 2026 Consolidated Accounts.xlsx
2026-02,2026-02-28,DRC,SCI,Entertainment,Conference Attended by us,detail,entertainment,0.0,0.0,SCI Detailed,47,Feb 2026 Consolidated Accounts.xlsx
2026-02,2026-02-28,C&P,SCI,Entertainment,Conference Attended by us,detail,entertainment,0.0,0.0,SCI Detailed,47,Feb 2026 Consolidated Accounts.xlsx
2026-02,2026-02-28,ZAAC,SCI,Entertainment,(group_subtotal),group_subtotal,,778142.6,778142.6,SCI Detailed,48,Feb 2026 Consolidated Accounts.xlsx
2026-02,2026-02-28,ZAMRE,SCI,Entertainment,(group_subtotal),group_subtotal,,50986.8,50986.8,SCI Detailed,48,Feb 2026 Consolidated Accounts.xlsx
2026-02,2026-02-28,ZARIB,SCI,Entertainment,(group_subtotal),group_subtotal,,3009855.17,3009855.17,SCI Detailed,48,Feb 2026 Consolidated Accounts.xlsx
2026-02,2026-02-28,MALAWI,SCI,Entertainment,(group_subtotal),group_subtotal,,0.0,0.0,SCI Detailed,48,Feb 2026 Consolidated Accounts.xlsx
2026-02,2026-02-28,MENA,SCI,Entertainment,(group_subtotal),group_subtotal,,0.0,0.0,SCI Detailed,48,Feb 2026 Consolidated Accounts.xlsx
2026-02,2026-02-28,NIGERIA,SCI,Entertainment,(group_subtotal),group_subtotal,,14379.61,14379.61,SCI Detailed,48,Feb 2026 Consolidated Accounts.xlsx
2026-02,2026-02-28,RWANDA,SCI,Entertainment,(group_subtotal),group_subtotal,,15879.29,15879.29,SCI Detailed,48,Feb 2026 Consolidated Accounts.xlsx
2026-02,2026-02-28,ZHL,SCI,Entertainment,(group_subtotal),group_subtotal,,0.0,0.0,SCI Detailed,48,Feb 2026 Consolidated Accounts.xlsx
2026-02,2026-02-28,ZATL,SCI,Entertainment,(group_subtotal),group_subtotal,,0.0,0.0,SCI Detailed,48,Feb 2026 Consolidated Accounts.xlsx
2026-02,2026-02-28,DRC,SCI,Entertainment,(group_subtotal),group_subtotal,,55514.3,55514.3,SCI Detailed,48,Feb 2026 Consolidated Accounts.xlsx
2026-02,2026-02-28,C&P,SCI,Entertainment,(group_subtotal),group_subtotal,,0.0,0.0,SCI Detailed,48,Feb 2026 Consolidated Accounts.xlsx
2026-02,2026-02-28,ZAAC,SCI,IT Costs,Software Maintenance,detail,it_costs,750582.62,750582.62,SCI Detailed,50,Feb 2026 Consolidated Accounts.xlsx
2026-02,2026-02-28,ZAMRE,SCI,IT Costs,Software Maintenance,detail,it_costs,0.0,0.0,SCI Detailed,50,Feb 2026 Consolidated Accounts.xlsx
2026-02,2026-02-28,ZARIB,SCI,IT Costs,Software Maintenance,detail,it_costs,0.0,0.0,SCI Detailed,50,Feb 2026 Consolidated Accounts.xlsx
2026-02,2026-02-28,MALAWI,SCI,IT Costs,Software Maintenance,detail,it_costs,0.0,0.0,SCI Detailed,50,Feb 2026 Consolidated Accounts.xlsx
2026-02,2026-02-28,MENA,SCI,IT Costs,Software Maintenance,detail,it_costs,383120.32,383120.32,SCI Detailed,50,Feb 2026 Consolidated Accounts.xlsx
2026-02,2026-02-28,NIGERIA,SCI,IT Costs,Software Maintenance,detail,it_costs,0.0,0.0,SCI Detailed,50,Feb 2026 Consolidated Accounts.xlsx
2026-02,2026-02-28,RWANDA,SCI,IT Costs,Software Maintenance,detail,it_costs,0.0,0.0,SCI Detailed,50,Feb 2026 Consolidated Accounts.xlsx
2026-02,2026-02-28,ZHL,SCI,IT Costs,Software Maintenance,detail,it_costs,0.0,0.0,SCI Detailed,50,Feb 2026 Consolidated Accounts.xlsx
2026-02,2026-02-28,ZATL,SCI,IT Costs,Software Maintenance,detail,it_costs,1386.65,1386.65,SCI Detailed,50,Feb 2026 Consolidated Accounts.xlsx
2026-02,2026-02-28,DRC,SCI,IT Costs,Software Maintenance,detail,it_costs,0.0,0.0,SCI Detailed,50,Feb 2026 Consolidated Accounts.xlsx
2026-02,2026-02-28,C&P,SCI,IT Costs,Software Maintenance,detail,it_costs,0.0,0.0,SCI Detailed,50,Feb 2026 Consolidated Accounts.xlsx
2026-02,2026-02-28,ZAAC,SCI,IT Costs,Software Licence Fees,detail,it_costs,2796620.25,2796620.25,SCI Detailed,51,Feb 2026 Consolidated Accounts.xlsx
2026-02,2026-02-28,ZAMRE,SCI,IT Costs,Software Licence Fees,detail,it_costs,0.0,0.0,SCI Detailed,51,Feb 2026 Consolidated Accounts.xlsx
2026-02,2026-02-28,ZARIB,SCI,IT Costs,Software Licence Fees,detail,it_costs,0.0,0.0,SCI Detailed,51,Feb 2026 Consolidated Accounts.xlsx
2026-02,2026-02-28,MALAWI,SCI,IT Costs,Software Licence Fees,detail,it_costs,0.0,0.0,SCI Detailed,51,Feb 2026 Consolidated Accounts.xlsx
2026-02,2026-02-28,MENA,SCI,IT Costs,Software Licence Fees,detail,it_costs,0.0,0.0,SCI Detailed,51,Feb 2026 Consolidated Accounts.xlsx
2026-02,2026-02-28,NIGERIA,SCI,IT Costs,Software Licence Fees,detail,it_costs,0.0,0.0,SCI Detailed,51,Feb 2026 Consolidated Accounts.xlsx
2026-02,2026-02-28,RWANDA,SCI,IT Costs,Software Licence Fees,detail,it_costs,97604.57,97604.57,SCI Detailed,51,Feb 2026 Consolidated Accounts.xlsx
2026-02,2026-02-28,ZHL,SCI,IT Costs,Software Licence Fees,detail,it_costs,0.0,0.0,SCI Detailed,51,Feb 2026 Consolidated Accounts.xlsx
2026-02,2026-02-28,ZATL,SCI,IT Costs,Software Licence Fees,detail,it_costs,0.0,0.0,SCI Detailed,51,Feb 2026 Consolidated Accounts.xlsx
2026-02,2026-02-28,DRC,SCI,IT Costs,Software Licence Fees,detail,it_costs,141611.39,141611.39,SCI Detailed,51,Feb 2026 Consolidated Accounts.xlsx
2026-02,2026-02-28,C&P,SCI,IT Costs,Software Licence Fees,detail,it_costs,0.0,0.0,SCI Detailed,51,Feb 2026 Consolidated Accounts.xlsx
2026-02,2026-02-28,ZAAC,SCI,IT Costs,Software Implemantation,detail,it_costs,0.0,0.0,SCI Detailed,52,Feb 2026 Consolidated Accounts.xlsx
2026-02,2026-02-28,ZAMRE,SCI,IT Costs,Software Implemantation,detail,it_costs,0.0,0.0,SCI Detailed,52,Feb 2026 Consolidated Accounts.xlsx
2026-02,2026-02-28,ZARIB,SCI,IT Costs,Software Implemantation,detail,it_costs,0.0,0.0,SCI Detailed,52,Feb 2026 Consolidated Accounts.xlsx
2026-02,2026-02-28,MALAWI,SCI,IT Costs,Software Implemantation,detail,it_costs,0.0,0.0,SCI Detailed,52,Feb 2026 Consolidated Accounts.xlsx
2026-02,2026-02-28,MENA,SCI,IT Costs,Software Implemantation,detail,it_costs,0.0,0.0,SCI Detailed,52,Feb 2026 Consolidated Accounts.xlsx
2026-02,2026-02-28,NIGERIA,SCI,IT Costs,Software Implemantation,detail,it_costs,0.0,0.0,SCI Detailed,52,Feb 2026 Consolidated Accounts.xlsx
2026-02,2026-02-28,RWANDA,SCI,IT Costs,Software Implemantation,detail,it_costs,0.0,0.0,SCI Detailed,52,Feb 2026 Consolidated Accounts.xlsx
2026-02,2026-02-28,ZHL,SCI,IT Costs,Software Implemantation,detail,it_costs,0.0,0.0,SCI Detailed,52,Feb 2026 Consolidated Accounts.xlsx
2026-02,2026-02-28,ZATL,SCI,IT Costs,Software Implemantation,detail,it_costs,0.0,0.0,SCI Detailed,52,Feb 2026 Consolidated Accounts.xlsx
2026-02,2026-02-28,DRC,SCI,IT Costs,Software Implemantation,detail,it_costs,0.0,0.0,SCI Detailed,52,Feb 2026 Consolidated Accounts.xlsx
2026-02,2026-02-28,C&P,SCI,IT Costs,Software Implemantation,detail,it_costs,0.0,0.0,SCI Detailed,52,Feb 2026 Consolidated Accounts.xlsx
2026-02,2026-02-28,ZAAC,SCI,IT Costs,PC Supplies,detail,it_costs,25600.0,25600.0,SCI Detailed,53,Feb 2026 Consolidated Accounts.xlsx
2026-02,2026-02-28,ZAMRE,SCI,IT Costs,PC Supplies,detail,it_costs,0.0,0.0,SCI Detailed,53,Feb 2026 Consolidated Accounts.xlsx
2026-02,2026-02-28,ZARIB,SCI,IT Costs,PC Supplies,detail,it_costs,1514010.69,1514010.69,SCI Detailed,53,Feb 2026 Consolidated Accounts.xlsx
2026-02,2026-02-28,MALAWI,SCI,IT Costs,PC Supplies,detail,it_costs,0.0,0.0,SCI Detailed,53,Feb 2026 Consolidated Accounts.xlsx
2026-02,2026-02-28,MENA,SCI,IT Costs,PC Supplies,detail,it_costs,0.0,0.0,SCI Detailed,53,Feb 2026 Consolidated Accounts.xlsx
2026-02,2026-02-28,NIGERIA,SCI,IT Costs,PC Supplies,detail,it_costs,0.0,0.0,SCI Detailed,53,Feb 2026 Consolidated Accounts.xlsx
2026-02,2026-02-28,RWANDA,SCI,IT Costs,PC Supplies,detail,it_costs,0.0,0.0,SCI Detailed,53,Feb 2026 Consolidated Accounts.xlsx
2026-02,2026-02-28,ZHL,SCI,IT Costs,PC Supplies,detail,it_costs,0.0,0.0,SCI Detailed,53,Feb 2026 Consolidated Accounts.xlsx
2026-02,2026-02-28,ZATL,SCI,IT Costs,PC Supplies,detail,it_costs,0.0,0.0,SCI Detailed,53,Feb 2026 Consolidated Accounts.xlsx
2026-02,2026-02-28,DRC,SCI,IT Costs,PC Supplies,detail,it_costs,0.0,0.0,SCI Detailed,53,Feb 2026 Consolidated Accounts.xlsx
2026-02,2026-02-28,C&P,SCI,IT Costs,PC Supplies,detail,it_costs,0.0,0.0,SCI Detailed,53,Feb 2026 Consolidated Accounts.xlsx
2026-02,2026-02-28,ZAAC,SCI,IT Costs,Toner,detail,it_costs,0.0,0.0,SCI Detailed,55,Feb 2026 Consolidated Accounts.xlsx
2026-02,2026-02-28,ZAMRE,SCI,IT Costs,Toner,detail,it_costs,0.0,0.0,SCI Detailed,55,Feb 2026 Consolidated Accounts.xlsx
2026-02,2026-02-28,ZARIB,SCI,IT Costs,Toner,detail,it_costs,0.0,0.0,SCI Detailed,55,Feb 2026 Consolidated Accounts.xlsx
2026-02,2026-02-28,MALAWI,SCI,IT Costs,Toner,detail,it_costs,0.0,0.0,SCI Detailed,55,Feb 2026 Consolidated Accounts.xlsx
2026-02,2026-02-28,MENA,SCI,IT Costs,Toner,detail,it_costs,0.0,0.0,SCI Detailed,55,Feb 2026 Consolidated Accounts.xlsx
2026-02,2026-02-28,NIGERIA,SCI,IT Costs,Toner,detail,it_costs,80294.85,80294.85,SCI Detailed,55,Feb 2026 Consolidated Accounts.xlsx
2026-02,2026-02-28,RWANDA,SCI,IT Costs,Toner,detail,it_costs,0.0,0.0,SCI Detailed,55,Feb 2026 Consolidated Accounts.xlsx
2026-02,2026-02-28,ZHL,SCI,IT Costs,Toner,detail,it_costs,0.0,0.0,SCI Detailed,55,Feb 2026 Consolidated Accounts.xlsx
2026-02,2026-02-28,ZATL,SCI,IT Costs,Toner,detail,it_costs,0.0,0.0,SCI Detailed,55,Feb 2026 Consolidated Accounts.xlsx
2026-02,2026-02-28,DRC,SCI,IT Costs,Toner,detail,it_costs,0.0,0.0,SCI Detailed,55,Feb 2026 Consolidated Accounts.xlsx
2026-02,2026-02-28,C&P,SCI,IT Costs,Toner,detail,it_costs,0.0,0.0,SCI Detailed,55,Feb 2026 Consolidated Accounts.xlsx
2026-02,2026-02-28,ZAAC,SCI,IT Costs,(group_subtotal),group_subtotal,,3572802.87,3572802.87,SCI Detailed,56,Feb 2026 Consolidated Accounts.xlsx
2026-02,2026-02-28,ZAMRE,SCI,IT Costs,(group_subtotal),group_subtotal,,0.0,0.0,SCI Detailed,56,Feb 2026 Consolidated Accounts.xlsx
2026-02,2026-02-28,ZARIB,SCI,IT Costs,(group_subtotal),group_subtotal,,1514010.69,1514010.69,SCI Detailed,56,Feb 2026 Consolidated Accounts.xlsx
2026-02,2026-02-28,MALAWI,SCI,IT Costs,(group_subtotal),group_subtotal,,0.0,0.0,SCI Detailed,56,Feb 2026 Consolidated Accounts.xlsx
2026-02,2026-02-28,MENA,SCI,IT Costs,(group_subtotal),group_subtotal,,383120.32,383120.32,SCI Detailed,56,Feb 2026 Consolidated Accounts.xlsx
2026-02,2026-02-28,NIGERIA,SCI,IT Costs,(group_subtotal),group_subtotal,,80294.85,80294.85,SCI Detailed,56,Feb 2026 Consolidated Accounts.xlsx
2026-02,2026-02-28,RWANDA,SCI,IT Costs,(group_subtotal),group_subtotal,,97604.57,97604.57,SCI Detailed,56,Feb 2026 Consolidated Accounts.xlsx
2026-02,2026-02-28,ZHL,SCI,IT Costs,(group_subtotal),group_subtotal,,0.0,0.0,SCI Detailed,56,Feb 2026 Consolidated Accounts.xlsx
2026-02,2026-02-28,ZATL,SCI,IT Costs,(group_subtotal),group_subtotal,,1386.65,1386.65,SCI Detailed,56,Feb 2026 Consolidated Accounts.xlsx
2026-02,2026-02-28,DRC,SCI,IT Costs,(group_subtotal),group_subtotal,,141611.39,141611.39,SCI Detailed,56,Feb 2026 Consolidated Accounts.xlsx
2026-02,2026-02-28,C&P,SCI,IT Costs,(group_subtotal),group_subtotal,,0.0,0.0,SCI Detailed,56,Feb 2026 Consolidated Accounts.xlsx
2026-02,2026-02-28,ZAAC,SCI,Communications,Telephone-Variable,detail,communications,408821.7,408821.7,SCI Detailed,58,Feb 2026 Consolidated Accounts.xlsx
2026-02,2026-02-28,ZAMRE,SCI,Communications,Telephone-Variable,detail,communications,3137.0,3137.0,SCI Detailed,58,Feb 2026 Consolidated Accounts.xlsx
2026-02,2026-02-28,ZARIB,SCI,Communications,Telephone-Variable,detail,communications,661166.4,661166.4,SCI Detailed,58,Feb 2026 Consolidated Accounts.xlsx
2026-02,2026-02-28,MALAWI,SCI,Communications,Telephone-Variable,detail,communications,153649.65,153649.65,SCI Detailed,58,Feb 2026 Consolidated Accounts.xlsx
2026-02,2026-02-28,MENA,SCI,Communications,Telephone-Variable,detail,communications,0.0,0.0,SCI Detailed,58,Feb 2026 Consolidated Accounts.xlsx
2026-02,2026-02-28,NIGERIA,SCI,Communications,Telephone-Variable,detail,communications,16679.97,16679.97,SCI Detailed,58,Feb 2026 Consolidated Accounts.xlsx
2026-02,2026-02-28,RWANDA,SCI,Communications,Telephone-Variable,detail,communications,206037.56,206037.56,SCI Detailed,58,Feb 2026 Consolidated Accounts.xlsx
2026-02,2026-02-28,ZHL,SCI,Communications,Telephone-Variable,detail,communications,0.0,0.0,SCI Detailed,58,Feb 2026 Consolidated Accounts.xlsx
2026-02,2026-02-28,ZATL,SCI,Communications,Telephone-Variable,detail,communications,69838.34,69838.34,SCI Detailed,58,Feb 2026 Consolidated Accounts.xlsx
2026-02,2026-02-28,DRC,SCI,Communications,Telephone-Variable,detail,communications,470941.25,470941.25,SCI Detailed,58,Feb 2026 Consolidated Accounts.xlsx
2026-02,2026-02-28,C&P,SCI,Communications,Telephone-Variable,detail,communications,0.0,0.0,SCI Detailed,58,Feb 2026 Consolidated Accounts.xlsx
2026-02,2026-02-28,ZAAC,SCI,Communications,Courier Services Cost,detail,communications,39288.54,39288.54,SCI Detailed,59,Feb 2026 Consolidated Accounts.xlsx
2026-02,2026-02-28,ZAMRE,SCI,Communications,Courier Services Cost,detail,communications,0.0,0.0,SCI Detailed,59,Feb 2026 Consolidated Accounts.xlsx
2026-02,2026-02-28,ZARIB,SCI,Communications,Courier Services Cost,detail,communications,43585.34,43585.34,SCI Detailed,59,Feb 2026 Consolidated Accounts.xlsx
2026-02,2026-02-28,MALAWI,SCI,Communications,Courier Services Cost,detail,communications,0.0,0.0,SCI Detailed,59,Feb 2026 Consolidated Accounts.xlsx
2026-02,2026-02-28,MENA,SCI,Communications,Courier Services Cost,detail,communications,0.0,0.0,SCI Detailed,59,Feb 2026 Consolidated Accounts.xlsx
2026-02,2026-02-28,NIGERIA,SCI,Communications,Courier Services Cost,detail,communications,9466.5,9466.5,SCI Detailed,59,Feb 2026 Consolidated Accounts.xlsx
2026-02,2026-02-28,RWANDA,SCI,Communications,Courier Services Cost,detail,communications,0.0,0.0,SCI Detailed,59,Feb 2026 Consolidated Accounts.xlsx
2026-02,2026-02-28,ZHL,SCI,Communications,Courier Services Cost,detail,communications,0.0,0.0,SCI Detailed,59,Feb 2026 Consolidated Accounts.xlsx
2026-02,2026-02-28,ZATL,SCI,Communications,Courier Services Cost,detail,communications,0.0,0.0,SCI Detailed,59,Feb 2026 Consolidated Accounts.xlsx
2026-02,2026-02-28,DRC,SCI,Communications,Courier Services Cost,detail,communications,0.0,0.0,SCI Detailed,59,Feb 2026 Consolidated Accounts.xlsx
2026-02,2026-02-28,C&P,SCI,Communications,Courier Services Cost,detail,communications,0.0,0.0,SCI Detailed,59,Feb 2026 Consolidated Accounts.xlsx
2026-02,2026-02-28,ZAAC,SCI,Communications,(group_subtotal),group_subtotal,,448110.24,448110.24,SCI Detailed,62,Feb 2026 Consolidated Accounts.xlsx
2026-02,2026-02-28,ZAMRE,SCI,Communications,(group_subtotal),group_subtotal,,3137.0,3137.0,SCI Detailed,62,Feb 2026 Consolidated Accounts.xlsx
2026-02,2026-02-28,ZARIB,SCI,Communications,(group_subtotal),group_subtotal,,704751.74,704751.74,SCI Detailed,62,Feb 2026 Consolidated Accounts.xlsx
2026-02,2026-02-28,MALAWI,SCI,Communications,(group_subtotal),group_subtotal,,153649.65,153649.65,SCI Detailed,62,Feb 2026 Consolidated Accounts.xlsx
2026-02,2026-02-28,MENA,SCI,Communications,(group_subtotal),group_subtotal,,0.0,0.0,SCI Detailed,62,Feb 2026 Consolidated Accounts.xlsx
2026-02,2026-02-28,NIGERIA,SCI,Communications,(group_subtotal),group_subtotal,,26146.47,26146.47,SCI Detailed,62,Feb 2026 Consolidated Accounts.xlsx
2026-02,2026-02-28,RWANDA,SCI,Communications,(group_subtotal),group_subtotal,,206037.56,206037.56,SCI Detailed,62,Feb 2026 Consolidated Accounts.xlsx
2026-02,2026-02-28,ZHL,SCI,Communications,(group_subtotal),group_subtotal,,0.0,0.0,SCI Detailed,62,Feb 2026 Consolidated Accounts.xlsx
2026-02,2026-02-28,ZATL,SCI,Communications,(group_subtotal),group_subtotal,,69838.34,69838.34,SCI Detailed,62,Feb 2026 Consolidated Accounts.xlsx
2026-02,2026-02-28,DRC,SCI,Communications,(group_subtotal),group_subtotal,,470941.25,470941.25,SCI Detailed,62,Feb 2026 Consolidated Accounts.xlsx
2026-02,2026-02-28,C&P,SCI,Communications,(group_subtotal),group_subtotal,,0.0,0.0,SCI Detailed,62,Feb 2026 Consolidated Accounts.xlsx
2026-02,2026-02-28,ZAAC,SCI,Printing & Stationery,Printing-General,detail,printing_stationery,408089.71,408089.71,SCI Detailed,64,Feb 2026 Consolidated Accounts.xlsx
2026-02,2026-02-28,ZAMRE,SCI,Printing & Stationery,Printing-General,detail,printing_stationery,0.0,0.0,SCI Detailed,64,Feb 2026 Consolidated Accounts.xlsx
2026-02,2026-02-28,ZARIB,SCI,Printing & Stationery,Printing-General,detail,printing_stationery,338566.86,338566.86,SCI Detailed,64,Feb 2026 Consolidated Accounts.xlsx
2026-02,2026-02-28,MALAWI,SCI,Printing & Stationery,Printing-General,detail,printing_stationery,250690.95,250690.95,SCI Detailed,64,Feb 2026 Consolidated Accounts.xlsx
2026-02,2026-02-28,MENA,SCI,Printing & Stationery,Printing-General,detail,printing_stationery,0.0,0.0,SCI Detailed,64,Feb 2026 Consolidated Accounts.xlsx
2026-02,2026-02-28,NIGERIA,SCI,Printing & Stationery,Printing-General,detail,printing_stationery,44781.28,44781.28,SCI Detailed,64,Feb 2026 Consolidated Accounts.xlsx
2026-02,2026-02-28,RWANDA,SCI,Printing & Stationery,Printing-General,detail,printing_stationery,60337.37,60337.37,SCI Detailed,64,Feb 2026 Consolidated Accounts.xlsx
2026-02,2026-02-28,ZHL,SCI,Printing & Stationery,Printing-General,detail,printing_stationery,0.0,0.0,SCI Detailed,64,Feb 2026 Consolidated Accounts.xlsx
2026-02,2026-02-28,ZATL,SCI,Printing & Stationery,Printing-General,detail,printing_stationery,0.0,0.0,SCI Detailed,64,Feb 2026 Consolidated Accounts.xlsx
2026-02,2026-02-28,DRC,SCI,Printing & Stationery,Printing-General,detail,printing_stationery,75802.19,75802.19,SCI Detailed,64,Feb 2026 Consolidated Accounts.xlsx
2026-02,2026-02-28,C&P,SCI,Printing & Stationery,Printing-General,detail,printing_stationery,0.0,0.0,SCI Detailed,64,Feb 2026 Consolidated Accounts.xlsx
2026-02,2026-02-28,ZAAC,SCI,Printing & Stationery,Stationery-General,detail,printing_stationery,161929.2,161929.2,SCI Detailed,65,Feb 2026 Consolidated Accounts.xlsx
2026-02,2026-02-28,ZAMRE,SCI,Printing & Stationery,Stationery-General,detail,printing_stationery,11127.06,11127.06,SCI Detailed,65,Feb 2026 Consolidated Accounts.xlsx
2026-02,2026-02-28,ZARIB,SCI,Printing & Stationery,Stationery-General,detail,printing_stationery,41244.29,41244.29,SCI Detailed,65,Feb 2026 Consolidated Accounts.xlsx
2026-02,2026-02-28,MALAWI,SCI,Printing & Stationery,Stationery-General,detail,printing_stationery,0.0,0.0,SCI Detailed,65,Feb 2026 Consolidated Accounts.xlsx
2026-02,2026-02-28,MENA,SCI,Printing & Stationery,Stationery-General,detail,printing_stationery,0.0,0.0,SCI Detailed,65,Feb 2026 Consolidated Accounts.xlsx
2026-02,2026-02-28,NIGERIA,SCI,Printing & Stationery,Stationery-General,detail,printing_stationery,0.0,0.0,SCI Detailed,65,Feb 2026 Consolidated Accounts.xlsx
2026-02,2026-02-28,RWANDA,SCI,Printing & Stationery,Stationery-General,detail,printing_stationery,0.0,0.0,SCI Detailed,65,Feb 2026 Consolidated Accounts.xlsx
2026-02,2026-02-28,ZHL,SCI,Printing & Stationery,Stationery-General,detail,printing_stationery,0.0,0.0,SCI Detailed,65,Feb 2026 Consolidated Accounts.xlsx
2026-02,2026-02-28,ZATL,SCI,Printing & Stationery,Stationery-General,detail,printing_stationery,63158.15,63158.15,SCI Detailed,65,Feb 2026 Consolidated Accounts.xlsx
2026-02,2026-02-28,DRC,SCI,Printing & Stationery,Stationery-General,detail,printing_stationery,40255.8,40255.8,SCI Detailed,65,Feb 2026 Consolidated Accounts.xlsx
2026-02,2026-02-28,C&P,SCI,Printing & Stationery,Stationery-General,detail,printing_stationery,0.0,0.0,SCI Detailed,65,Feb 2026 Consolidated Accounts.xlsx
2026-02,2026-02-28,ZAAC,SCI,Printing & Stationery,(group_subtotal),group_subtotal,,570018.91,570018.91,SCI Detailed,67,Feb 2026 Consolidated Accounts.xlsx
2026-02,2026-02-28,ZAMRE,SCI,Printing & Stationery,(group_subtotal),group_subtotal,,11127.06,11127.06,SCI Detailed,67,Feb 2026 Consolidated Accounts.xlsx
2026-02,2026-02-28,ZARIB,SCI,Printing & Stationery,(group_subtotal),group_subtotal,,379811.15,379811.15,SCI Detailed,67,Feb 2026 Consolidated Accounts.xlsx
2026-02,2026-02-28,MALAWI,SCI,Printing & Stationery,(group_subtotal),group_subtotal,,250690.95,250690.95,SCI Detailed,67,Feb 2026 Consolidated Accounts.xlsx
2026-02,2026-02-28,MENA,SCI,Printing & Stationery,(group_subtotal),group_subtotal,,0.0,0.0,SCI Detailed,67,Feb 2026 Consolidated Accounts.xlsx
2026-02,2026-02-28,NIGERIA,SCI,Printing & Stationery,(group_subtotal),group_subtotal,,44781.28,44781.28,SCI Detailed,67,Feb 2026 Consolidated Accounts.xlsx
2026-02,2026-02-28,RWANDA,SCI,Printing & Stationery,(group_subtotal),group_subtotal,,60337.37,60337.37,SCI Detailed,67,Feb 2026 Consolidated Accounts.xlsx
2026-02,2026-02-28,ZHL,SCI,Printing & Stationery,(group_subtotal),group_subtotal,,0.0,0.0,SCI Detailed,67,Feb 2026 Consolidated Accounts.xlsx
2026-02,2026-02-28,ZATL,SCI,Printing & Stationery,(group_subtotal),group_subtotal,,63158.15,63158.15,SCI Detailed,67,Feb 2026 Consolidated Accounts.xlsx
2026-02,2026-02-28,DRC,SCI,Printing & Stationery,(group_subtotal),group_subtotal,,116057.99,116057.99,SCI Detailed,67,Feb 2026 Consolidated Accounts.xlsx
2026-02,2026-02-28,C&P,SCI,Printing & Stationery,(group_subtotal),group_subtotal,,0.0,0.0,SCI Detailed,67,Feb 2026 Consolidated Accounts.xlsx
2026-02,2026-02-28,ZAAC,SCI,Premises,Prem-Cleaning,detail,premises,495000.0,495000.0,SCI Detailed,69,Feb 2026 Consolidated Accounts.xlsx
2026-02,2026-02-28,ZAMRE,SCI,Premises,Prem-Cleaning,detail,premises,8751.89,8751.89,SCI Detailed,69,Feb 2026 Consolidated Accounts.xlsx
2026-02,2026-02-28,ZARIB,SCI,Premises,Prem-Cleaning,detail,premises,490560.0,490560.0,SCI Detailed,69,Feb 2026 Consolidated Accounts.xlsx
2026-02,2026-02-28,MALAWI,SCI,Premises,Prem-Cleaning,detail,premises,115604.27,115604.27,SCI Detailed,69,Feb 2026 Consolidated Accounts.xlsx
2026-02,2026-02-28,MENA,SCI,Premises,Prem-Cleaning,detail,premises,0.0,0.0,SCI Detailed,69,Feb 2026 Consolidated Accounts.xlsx
2026-02,2026-02-28,NIGERIA,SCI,Premises,Prem-Cleaning,detail,premises,0.0,0.0,SCI Detailed,69,Feb 2026 Consolidated Accounts.xlsx
2026-02,2026-02-28,RWANDA,SCI,Premises,Prem-Cleaning,detail,premises,26619.43,26619.43,SCI Detailed,69,Feb 2026 Consolidated Accounts.xlsx
2026-02,2026-02-28,ZHL,SCI,Premises,Prem-Cleaning,detail,premises,0.0,0.0,SCI Detailed,69,Feb 2026 Consolidated Accounts.xlsx
2026-02,2026-02-28,ZATL,SCI,Premises,Prem-Cleaning,detail,premises,15182.25,15182.25,SCI Detailed,69,Feb 2026 Consolidated Accounts.xlsx
2026-02,2026-02-28,DRC,SCI,Premises,Prem-Cleaning,detail,premises,0.0,0.0,SCI Detailed,69,Feb 2026 Consolidated Accounts.xlsx
2026-02,2026-02-28,C&P,SCI,Premises,Prem-Cleaning,detail,premises,0.0,0.0,SCI Detailed,69,Feb 2026 Consolidated Accounts.xlsx
2026-02,2026-02-28,ZAAC,SCI,Premises,Prem-Electricity,detail,premises,231401.31,231401.31,SCI Detailed,70,Feb 2026 Consolidated Accounts.xlsx
2026-02,2026-02-28,ZAMRE,SCI,Premises,Prem-Electricity,detail,premises,9548.2,9548.2,SCI Detailed,70,Feb 2026 Consolidated Accounts.xlsx
2026-02,2026-02-28,ZARIB,SCI,Premises,Prem-Electricity,detail,premises,1127556.19,1127556.19,SCI Detailed,70,Feb 2026 Consolidated Accounts.xlsx
2026-02,2026-02-28,MALAWI,SCI,Premises,Prem-Electricity,detail,premises,55129.61,55129.61,SCI Detailed,70,Feb 2026 Consolidated Accounts.xlsx
2026-02,2026-02-28,MENA,SCI,Premises,Prem-Electricity,detail,premises,0.0,0.0,SCI Detailed,70,Feb 2026 Consolidated Accounts.xlsx
2026-02,2026-02-28,NIGERIA,SCI,Premises,Prem-Electricity,detail,premises,67622.52,67622.52,SCI Detailed,70,Feb 2026 Consolidated Accounts.xlsx
2026-02,2026-02-28,RWANDA,SCI,Premises,Prem-Electricity,detail,premises,0.0,0.0,SCI Detailed,70,Feb 2026 Consolidated Accounts.xlsx
2026-02,2026-02-28,ZHL,SCI,Premises,Prem-Electricity,detail,premises,0.0,0.0,SCI Detailed,70,Feb 2026 Consolidated Accounts.xlsx
2026-02,2026-02-28,ZATL,SCI,Premises,Prem-Electricity,detail,premises,21103.33,21103.33,SCI Detailed,70,Feb 2026 Consolidated Accounts.xlsx
2026-02,2026-02-28,DRC,SCI,Premises,Prem-Electricity,detail,premises,79914.21,79914.21,SCI Detailed,70,Feb 2026 Consolidated Accounts.xlsx
2026-02,2026-02-28,C&P,SCI,Premises,Prem-Electricity,detail,premises,0.0,0.0,SCI Detailed,70,Feb 2026 Consolidated Accounts.xlsx
2026-02,2026-02-28,ZAAC,SCI,Premises,Prem-Security,detail,premises,126678.0,126678.0,SCI Detailed,71,Feb 2026 Consolidated Accounts.xlsx
2026-02,2026-02-28,ZAMRE,SCI,Premises,Prem-Security,detail,premises,2291.64,2291.64,SCI Detailed,71,Feb 2026 Consolidated Accounts.xlsx
2026-02,2026-02-28,ZARIB,SCI,Premises,Prem-Security,detail,premises,144654.84,144654.84,SCI Detailed,71,Feb 2026 Consolidated Accounts.xlsx
2026-02,2026-02-28,MALAWI,SCI,Premises,Prem-Security,detail,premises,0.0,0.0,SCI Detailed,71,Feb 2026 Consolidated Accounts.xlsx
2026-02,2026-02-28,MENA,SCI,Premises,Prem-Security,detail,premises,0.0,0.0,SCI Detailed,71,Feb 2026 Consolidated Accounts.xlsx
2026-02,2026-02-28,NIGERIA,SCI,Premises,Prem-Security,detail,premises,0.0,0.0,SCI Detailed,71,Feb 2026 Consolidated Accounts.xlsx
2026-02,2026-02-28,RWANDA,SCI,Premises,Prem-Security,detail,premises,0.0,0.0,SCI Detailed,71,Feb 2026 Consolidated Accounts.xlsx
2026-02,2026-02-28,ZHL,SCI,Premises,Prem-Security,detail,premises,0.0,0.0,SCI Detailed,71,Feb 2026 Consolidated Accounts.xlsx
2026-02,2026-02-28,ZATL,SCI,Premises,Prem-Security,detail,premises,0.0,0.0,SCI Detailed,71,Feb 2026 Consolidated Accounts.xlsx
2026-02,2026-02-28,DRC,SCI,Premises,Prem-Security,detail,premises,0.0,0.0,SCI Detailed,71,Feb 2026 Consolidated Accounts.xlsx
2026-02,2026-02-28,C&P,SCI,Premises,Prem-Security,detail,premises,0.0,0.0,SCI Detailed,71,Feb 2026 Consolidated Accounts.xlsx
2026-02,2026-02-28,ZAAC,SCI,Premises,Prem-Rates,detail,premises,905196.6,905196.6,SCI Detailed,72,Feb 2026 Consolidated Accounts.xlsx
2026-02,2026-02-28,ZAMRE,SCI,Premises,Prem-Rates,detail,premises,0.0,0.0,SCI Detailed,72,Feb 2026 Consolidated Accounts.xlsx
2026-02,2026-02-28,ZARIB,SCI,Premises,Prem-Rates,detail,premises,736182.38,736182.38,SCI Detailed,72,Feb 2026 Consolidated Accounts.xlsx
2026-02,2026-02-28,MALAWI,SCI,Premises,Prem-Rates,detail,premises,0.0,0.0,SCI Detailed,72,Feb 2026 Consolidated Accounts.xlsx
2026-02,2026-02-28,MENA,SCI,Premises,Prem-Rates,detail,premises,0.0,0.0,SCI Detailed,72,Feb 2026 Consolidated Accounts.xlsx
2026-02,2026-02-28,NIGERIA,SCI,Premises,Prem-Rates,detail,premises,0.0,0.0,SCI Detailed,72,Feb 2026 Consolidated Accounts.xlsx
2026-02,2026-02-28,RWANDA,SCI,Premises,Prem-Rates,detail,premises,0.0,0.0,SCI Detailed,72,Feb 2026 Consolidated Accounts.xlsx
2026-02,2026-02-28,ZHL,SCI,Premises,Prem-Rates,detail,premises,0.0,0.0,SCI Detailed,72,Feb 2026 Consolidated Accounts.xlsx
2026-02,2026-02-28,ZATL,SCI,Premises,Prem-Rates,detail,premises,22317.91,22317.91,SCI Detailed,72,Feb 2026 Consolidated Accounts.xlsx
2026-02,2026-02-28,DRC,SCI,Premises,Prem-Rates,detail,premises,0.0,0.0,SCI Detailed,72,Feb 2026 Consolidated Accounts.xlsx
2026-02,2026-02-28,C&P,SCI,Premises,Prem-Rates,detail,premises,0.0,0.0,SCI Detailed,72,Feb 2026 Consolidated Accounts.xlsx
2026-02,2026-02-28,ZAAC,SCI,Premises,Prem-Rental(EXTERNAL),detail,premises,4237172.12,4237172.12,SCI Detailed,73,Feb 2026 Consolidated Accounts.xlsx
2026-02,2026-02-28,ZAMRE,SCI,Premises,Prem-Rental(EXTERNAL),detail,premises,0.0,0.0,SCI Detailed,73,Feb 2026 Consolidated Accounts.xlsx
2026-02,2026-02-28,ZARIB,SCI,Premises,Prem-Rental(EXTERNAL),detail,premises,4633540.37,4633540.37,SCI Detailed,73,Feb 2026 Consolidated Accounts.xlsx
2026-02,2026-02-28,MALAWI,SCI,Premises,Prem-Rental(EXTERNAL),detail,premises,488164.54,488164.54,SCI Detailed,73,Feb 2026 Consolidated Accounts.xlsx
2026-02,2026-02-28,MENA,SCI,Premises,Prem-Rental(EXTERNAL),detail,premises,1959664.65,1959664.65,SCI Detailed,73,Feb 2026 Consolidated Accounts.xlsx
2026-02,2026-02-28,NIGERIA,SCI,Premises,Prem-Rental(EXTERNAL),detail,premises,217413.98,217413.98,SCI Detailed,73,Feb 2026 Consolidated Accounts.xlsx
2026-02,2026-02-28,RWANDA,SCI,Premises,Prem-Rental(EXTERNAL),detail,premises,434939.26,434939.26,SCI Detailed,73,Feb 2026 Consolidated Accounts.xlsx
2026-02,2026-02-28,ZHL,SCI,Premises,Prem-Rental(EXTERNAL),detail,premises,0.0,0.0,SCI Detailed,73,Feb 2026 Consolidated Accounts.xlsx
2026-02,2026-02-28,ZATL,SCI,Premises,Prem-Rental(EXTERNAL),detail,premises,89271.62,89271.62,SCI Detailed,73,Feb 2026 Consolidated Accounts.xlsx
2026-02,2026-02-28,DRC,SCI,Premises,Prem-Rental(EXTERNAL),detail,premises,2078698.55,2078698.55,SCI Detailed,73,Feb 2026 Consolidated Accounts.xlsx
2026-02,2026-02-28,C&P,SCI,Premises,Prem-Rental(EXTERNAL),detail,premises,0.0,0.0,SCI Detailed,73,Feb 2026 Consolidated Accounts.xlsx
2026-02,2026-02-28,ZAAC,SCI,Premises,Prem-Parking(EXTERNAL),detail,premises,694560.0,694560.0,SCI Detailed,74,Feb 2026 Consolidated Accounts.xlsx
2026-02,2026-02-28,ZAMRE,SCI,Premises,Prem-Parking(EXTERNAL),detail,premises,0.0,0.0,SCI Detailed,74,Feb 2026 Consolidated Accounts.xlsx
2026-02,2026-02-28,ZARIB,SCI,Premises,Prem-Parking(EXTERNAL),detail,premises,757958.38,757958.38,SCI Detailed,74,Feb 2026 Consolidated Accounts.xlsx
2026-02,2026-02-28,MALAWI,SCI,Premises,Prem-Parking(EXTERNAL),detail,premises,47551.15,47551.15,SCI Detailed,74,Feb 2026 Consolidated Accounts.xlsx
2026-02,2026-02-28,MENA,SCI,Premises,Prem-Parking(EXTERNAL),detail,premises,0.0,0.0,SCI Detailed,74,Feb 2026 Consolidated Accounts.xlsx
2026-02,2026-02-28,NIGERIA,SCI,Premises,Prem-Parking(EXTERNAL),detail,premises,0.0,0.0,SCI Detailed,74,Feb 2026 Consolidated Accounts.xlsx
2026-02,2026-02-28,RWANDA,SCI,Premises,Prem-Parking(EXTERNAL),detail,premises,12031.45,12031.45,SCI Detailed,74,Feb 2026 Consolidated Accounts.xlsx
2026-02,2026-02-28,ZHL,SCI,Premises,Prem-Parking(EXTERNAL),detail,premises,0.0,0.0,SCI Detailed,74,Feb 2026 Consolidated Accounts.xlsx
2026-02,2026-02-28,ZATL,SCI,Premises,Prem-Parking(EXTERNAL),detail,premises,15182.25,15182.25,SCI Detailed,74,Feb 2026 Consolidated Accounts.xlsx
2026-02,2026-02-28,DRC,SCI,Premises,Prem-Parking(EXTERNAL),detail,premises,0.0,0.0,SCI Detailed,74,Feb 2026 Consolidated Accounts.xlsx
2026-02,2026-02-28,C&P,SCI,Premises,Prem-Parking(EXTERNAL),detail,premises,0.0,0.0,SCI Detailed,74,Feb 2026 Consolidated Accounts.xlsx
2026-02,2026-02-28,ZAAC,SCI,Premises,(group_subtotal),group_subtotal,,6690008.03,6690008.03,SCI Detailed,76,Feb 2026 Consolidated Accounts.xlsx
2026-02,2026-02-28,ZAMRE,SCI,Premises,(group_subtotal),group_subtotal,,20591.73,20591.73,SCI Detailed,76,Feb 2026 Consolidated Accounts.xlsx
2026-02,2026-02-28,ZARIB,SCI,Premises,(group_subtotal),group_subtotal,,7890452.16,7890452.16,SCI Detailed,76,Feb 2026 Consolidated Accounts.xlsx
2026-02,2026-02-28,MALAWI,SCI,Premises,(group_subtotal),group_subtotal,,706449.57,706449.57,SCI Detailed,76,Feb 2026 Consolidated Accounts.xlsx
2026-02,2026-02-28,MENA,SCI,Premises,(group_subtotal),group_subtotal,,1959664.65,1959664.65,SCI Detailed,76,Feb 2026 Consolidated Accounts.xlsx
2026-02,2026-02-28,NIGERIA,SCI,Premises,(group_subtotal),group_subtotal,,285036.5,285036.5,SCI Detailed,76,Feb 2026 Consolidated Accounts.xlsx
2026-02,2026-02-28,RWANDA,SCI,Premises,(group_subtotal),group_subtotal,,473590.13,473590.13,SCI Detailed,76,Feb 2026 Consolidated Accounts.xlsx
2026-02,2026-02-28,ZHL,SCI,Premises,(group_subtotal),group_subtotal,,0.0,0.0,SCI Detailed,76,Feb 2026 Consolidated Accounts.xlsx
2026-02,2026-02-28,ZATL,SCI,Premises,(group_subtotal),group_subtotal,,163057.35,163057.35,SCI Detailed,76,Feb 2026 Consolidated Accounts.xlsx
2026-02,2026-02-28,DRC,SCI,Premises,(group_subtotal),group_subtotal,,2158612.76,2158612.76,SCI Detailed,76,Feb 2026 Consolidated Accounts.xlsx
2026-02,2026-02-28,C&P,SCI,Premises,(group_subtotal),group_subtotal,,0.0,0.0,SCI Detailed,76,Feb 2026 Consolidated Accounts.xlsx
2026-02,2026-02-28,ZAAC,SCI,Advertising & PR,Bus.Advert-General,detail,advertising_pr,2200097.14,2200097.14,SCI Detailed,78,Feb 2026 Consolidated Accounts.xlsx
2026-02,2026-02-28,ZAMRE,SCI,Advertising & PR,Bus.Advert-General,detail,advertising_pr,16627.81,16627.81,SCI Detailed,78,Feb 2026 Consolidated Accounts.xlsx
2026-02,2026-02-28,ZARIB,SCI,Advertising & PR,Bus.Advert-General,detail,advertising_pr,580740.69,580740.69,SCI Detailed,78,Feb 2026 Consolidated Accounts.xlsx
2026-02,2026-02-28,MALAWI,SCI,Advertising & PR,Bus.Advert-General,detail,advertising_pr,477814.74,477814.74,SCI Detailed,78,Feb 2026 Consolidated Accounts.xlsx
2026-02,2026-02-28,MENA,SCI,Advertising & PR,Bus.Advert-General,detail,advertising_pr,645146.25,645146.25,SCI Detailed,78,Feb 2026 Consolidated Accounts.xlsx
2026-02,2026-02-28,NIGERIA,SCI,Advertising & PR,Bus.Advert-General,detail,advertising_pr,0.0,0.0,SCI Detailed,78,Feb 2026 Consolidated Accounts.xlsx
2026-02,2026-02-28,RWANDA,SCI,Advertising & PR,Bus.Advert-General,detail,advertising_pr,18197.57,18197.57,SCI Detailed,78,Feb 2026 Consolidated Accounts.xlsx
2026-02,2026-02-28,ZHL,SCI,Advertising & PR,Bus.Advert-General,detail,advertising_pr,0.0,0.0,SCI Detailed,78,Feb 2026 Consolidated Accounts.xlsx
2026-02,2026-02-28,ZATL,SCI,Advertising & PR,Bus.Advert-General,detail,advertising_pr,0.0,0.0,SCI Detailed,78,Feb 2026 Consolidated Accounts.xlsx
2026-02,2026-02-28,DRC,SCI,Advertising & PR,Bus.Advert-General,detail,advertising_pr,1416178.4,1416178.4,SCI Detailed,78,Feb 2026 Consolidated Accounts.xlsx
2026-02,2026-02-28,C&P,SCI,Advertising & PR,Bus.Advert-General,detail,advertising_pr,0.0,0.0,SCI Detailed,78,Feb 2026 Consolidated Accounts.xlsx
2026-02,2026-02-28,ZAAC,SCI,Advertising & PR,Sponsorships-General,detail,advertising_pr,523250.0,523250.0,SCI Detailed,79,Feb 2026 Consolidated Accounts.xlsx
2026-02,2026-02-28,ZAMRE,SCI,Advertising & PR,Sponsorships-General,detail,advertising_pr,27612.06,27612.06,SCI Detailed,79,Feb 2026 Consolidated Accounts.xlsx
2026-02,2026-02-28,ZARIB,SCI,Advertising & PR,Sponsorships-General,detail,advertising_pr,0.0,0.0,SCI Detailed,79,Feb 2026 Consolidated Accounts.xlsx
2026-02,2026-02-28,MALAWI,SCI,Advertising & PR,Sponsorships-General,detail,advertising_pr,0.0,0.0,SCI Detailed,79,Feb 2026 Consolidated Accounts.xlsx
2026-02,2026-02-28,MENA,SCI,Advertising & PR,Sponsorships-General,detail,advertising_pr,0.0,0.0,SCI Detailed,79,Feb 2026 Consolidated Accounts.xlsx
2026-02,2026-02-28,NIGERIA,SCI,Advertising & PR,Sponsorships-General,detail,advertising_pr,0.0,0.0,SCI Detailed,79,Feb 2026 Consolidated Accounts.xlsx
2026-02,2026-02-28,RWANDA,SCI,Advertising & PR,Sponsorships-General,detail,advertising_pr,0.0,0.0,SCI Detailed,79,Feb 2026 Consolidated Accounts.xlsx
2026-02,2026-02-28,ZHL,SCI,Advertising & PR,Sponsorships-General,detail,advertising_pr,0.0,0.0,SCI Detailed,79,Feb 2026 Consolidated Accounts.xlsx
2026-02,2026-02-28,ZATL,SCI,Advertising & PR,Sponsorships-General,detail,advertising_pr,0.0,0.0,SCI Detailed,79,Feb 2026 Consolidated Accounts.xlsx
2026-02,2026-02-28,DRC,SCI,Advertising & PR,Sponsorships-General,detail,advertising_pr,0.0,0.0,SCI Detailed,79,Feb 2026 Consolidated Accounts.xlsx
2026-02,2026-02-28,C&P,SCI,Advertising & PR,Sponsorships-General,detail,advertising_pr,0.0,0.0,SCI Detailed,79,Feb 2026 Consolidated Accounts.xlsx
2026-02,2026-02-28,ZAAC,SCI,Advertising & PR,(group_subtotal),group_subtotal,,2723347.14,2723347.14,SCI Detailed,80,Feb 2026 Consolidated Accounts.xlsx
2026-02,2026-02-28,ZAMRE,SCI,Advertising & PR,(group_subtotal),group_subtotal,,44239.87,44239.87,SCI Detailed,80,Feb 2026 Consolidated Accounts.xlsx
2026-02,2026-02-28,ZARIB,SCI,Advertising & PR,(group_subtotal),group_subtotal,,580740.69,580740.69,SCI Detailed,80,Feb 2026 Consolidated Accounts.xlsx
2026-02,2026-02-28,MALAWI,SCI,Advertising & PR,(group_subtotal),group_subtotal,,477814.74,477814.74,SCI Detailed,80,Feb 2026 Consolidated Accounts.xlsx
2026-02,2026-02-28,MENA,SCI,Advertising & PR,(group_subtotal),group_subtotal,,645146.25,645146.25,SCI Detailed,80,Feb 2026 Consolidated Accounts.xlsx
2026-02,2026-02-28,NIGERIA,SCI,Advertising & PR,(group_subtotal),group_subtotal,,0.0,0.0,SCI Detailed,80,Feb 2026 Consolidated Accounts.xlsx
2026-02,2026-02-28,RWANDA,SCI,Advertising & PR,(group_subtotal),group_subtotal,,18197.57,18197.57,SCI Detailed,80,Feb 2026 Consolidated Accounts.xlsx
2026-02,2026-02-28,ZHL,SCI,Advertising & PR,(group_subtotal),group_subtotal,,0.0,0.0,SCI Detailed,80,Feb 2026 Consolidated Accounts.xlsx
2026-02,2026-02-28,ZATL,SCI,Advertising & PR,(group_subtotal),group_subtotal,,0.0,0.0,SCI Detailed,80,Feb 2026 Consolidated Accounts.xlsx
2026-02,2026-02-28,DRC,SCI,Advertising & PR,(group_subtotal),group_subtotal,,1416178.4,1416178.4,SCI Detailed,80,Feb 2026 Consolidated Accounts.xlsx
2026-02,2026-02-28,C&P,SCI,Advertising & PR,(group_subtotal),group_subtotal,,0.0,0.0,SCI Detailed,80,Feb 2026 Consolidated Accounts.xlsx
2026-02,2026-02-28,ZAAC,SCI,Insurance,Insurance-P.I.,detail,insurance,2743356.43,2743356.43,SCI Detailed,82,Feb 2026 Consolidated Accounts.xlsx
2026-02,2026-02-28,ZAMRE,SCI,Insurance,Insurance-P.I.,detail,insurance,0.0,0.0,SCI Detailed,82,Feb 2026 Consolidated Accounts.xlsx
2026-02,2026-02-28,ZARIB,SCI,Insurance,Insurance-P.I.,detail,insurance,0.0,0.0,SCI Detailed,82,Feb 2026 Consolidated Accounts.xlsx
2026-02,2026-02-28,MALAWI,SCI,Insurance,Insurance-P.I.,detail,insurance,0.0,0.0,SCI Detailed,82,Feb 2026 Consolidated Accounts.xlsx
2026-02,2026-02-28,MENA,SCI,Insurance,Insurance-P.I.,detail,insurance,0.0,0.0,SCI Detailed,82,Feb 2026 Consolidated Accounts.xlsx
2026-02,2026-02-28,NIGERIA,SCI,Insurance,Insurance-P.I.,detail,insurance,17190.03,17190.03,SCI Detailed,82,Feb 2026 Consolidated Accounts.xlsx
2026-02,2026-02-28,RWANDA,SCI,Insurance,Insurance-P.I.,detail,insurance,140091.83,140091.83,SCI Detailed,82,Feb 2026 Consolidated Accounts.xlsx
2026-02,2026-02-28,ZHL,SCI,Insurance,Insurance-P.I.,detail,insurance,0.0,0.0,SCI Detailed,82,Feb 2026 Consolidated Accounts.xlsx
2026-02,2026-02-28,ZATL,SCI,Insurance,Insurance-P.I.,detail,insurance,68002.29,68002.29,SCI Detailed,82,Feb 2026 Consolidated Accounts.xlsx
2026-02,2026-02-28,DRC,SCI,Insurance,Insurance-P.I.,detail,insurance,0.0,0.0,SCI Detailed,82,Feb 2026 Consolidated Accounts.xlsx
2026-02,2026-02-28,C&P,SCI,Insurance,Insurance-P.I.,detail,insurance,695590.16,695590.16,SCI Detailed,82,Feb 2026 Consolidated Accounts.xlsx
2026-02,2026-02-28,ZAAC,SCI,Insurance,Insurance-Other,detail,insurance,0.0,0.0,SCI Detailed,83,Feb 2026 Consolidated Accounts.xlsx
2026-02,2026-02-28,ZAMRE,SCI,Insurance,Insurance-Other,detail,insurance,0.0,0.0,SCI Detailed,83,Feb 2026 Consolidated Accounts.xlsx
2026-02,2026-02-28,ZARIB,SCI,Insurance,Insurance-Other,detail,insurance,2275226.66,2275226.66,SCI Detailed,83,Feb 2026 Consolidated Accounts.xlsx
2026-02,2026-02-28,MALAWI,SCI,Insurance,Insurance-Other,detail,insurance,577697.97,577697.97,SCI Detailed,83,Feb 2026 Consolidated Accounts.xlsx
2026-02,2026-02-28,MENA,SCI,Insurance,Insurance-Other,detail,insurance,0.0,0.0,SCI Detailed,83,Feb 2026 Consolidated Accounts.xlsx
2026-02,2026-02-28,NIGERIA,SCI,Insurance,Insurance-Other,detail,insurance,78423.04,78423.04,SCI Detailed,83,Feb 2026 Consolidated Accounts.xlsx
2026-02,2026-02-28,RWANDA,SCI,Insurance,Insurance-Other,detail,insurance,0.0,0.0,SCI Detailed,83,Feb 2026 Consolidated Accounts.xlsx
2026-02,2026-02-28,ZHL,SCI,Insurance,Insurance-Other,detail,insurance,0.0,0.0,SCI Detailed,83,Feb 2026 Consolidated Accounts.xlsx
2026-02,2026-02-28,ZATL,SCI,Insurance,Insurance-Other,detail,insurance,0.0,0.0,SCI Detailed,83,Feb 2026 Consolidated Accounts.xlsx
2026-02,2026-02-28,DRC,SCI,Insurance,Insurance-Other,detail,insurance,0.0,0.0,SCI Detailed,83,Feb 2026 Consolidated Accounts.xlsx
2026-02,2026-02-28,C&P,SCI,Insurance,Insurance-Other,detail,insurance,0.0,0.0,SCI Detailed,83,Feb 2026 Consolidated Accounts.xlsx
2026-02,2026-02-28,ZAAC,SCI,Insurance,(group_subtotal),group_subtotal,,2743356.43,2743356.43,SCI Detailed,84,Feb 2026 Consolidated Accounts.xlsx
2026-02,2026-02-28,ZAMRE,SCI,Insurance,(group_subtotal),group_subtotal,,0.0,0.0,SCI Detailed,84,Feb 2026 Consolidated Accounts.xlsx
2026-02,2026-02-28,ZARIB,SCI,Insurance,(group_subtotal),group_subtotal,,2275226.66,2275226.66,SCI Detailed,84,Feb 2026 Consolidated Accounts.xlsx
2026-02,2026-02-28,MALAWI,SCI,Insurance,(group_subtotal),group_subtotal,,577697.97,577697.97,SCI Detailed,84,Feb 2026 Consolidated Accounts.xlsx
2026-02,2026-02-28,MENA,SCI,Insurance,(group_subtotal),group_subtotal,,0.0,0.0,SCI Detailed,84,Feb 2026 Consolidated Accounts.xlsx
2026-02,2026-02-28,NIGERIA,SCI,Insurance,(group_subtotal),group_subtotal,,95613.07,95613.07,SCI Detailed,84,Feb 2026 Consolidated Accounts.xlsx
2026-02,2026-02-28,RWANDA,SCI,Insurance,(group_subtotal),group_subtotal,,140091.83,140091.83,SCI Detailed,84,Feb 2026 Consolidated Accounts.xlsx
2026-02,2026-02-28,ZHL,SCI,Insurance,(group_subtotal),group_subtotal,,0.0,0.0,SCI Detailed,84,Feb 2026 Consolidated Accounts.xlsx
2026-02,2026-02-28,ZATL,SCI,Insurance,(group_subtotal),group_subtotal,,68002.29,68002.29,SCI Detailed,84,Feb 2026 Consolidated Accounts.xlsx
2026-02,2026-02-28,DRC,SCI,Insurance,(group_subtotal),group_subtotal,,0.0,0.0,SCI Detailed,84,Feb 2026 Consolidated Accounts.xlsx
2026-02,2026-02-28,C&P,SCI,Insurance,(group_subtotal),group_subtotal,,695590.16,695590.16,SCI Detailed,84,Feb 2026 Consolidated Accounts.xlsx
2026-02,2026-02-28,ZAAC,SCI,Professional Fees,Prof.Fees-Audit Fees,detail,professional_fees,666250.0,666250.0,SCI Detailed,86,Feb 2026 Consolidated Accounts.xlsx
2026-02,2026-02-28,ZAMRE,SCI,Professional Fees,Prof.Fees-Audit Fees,detail,professional_fees,0.0,0.0,SCI Detailed,86,Feb 2026 Consolidated Accounts.xlsx
2026-02,2026-02-28,ZARIB,SCI,Professional Fees,Prof.Fees-Audit Fees,detail,professional_fees,368476.36,368476.36,SCI Detailed,86,Feb 2026 Consolidated Accounts.xlsx
2026-02,2026-02-28,MALAWI,SCI,Professional Fees,Prof.Fees-Audit Fees,detail,professional_fees,487585.01,487585.01,SCI Detailed,86,Feb 2026 Consolidated Accounts.xlsx
2026-02,2026-02-28,MENA,SCI,Professional Fees,Prof.Fees-Audit Fees,detail,professional_fees,0.0,0.0,SCI Detailed,86,Feb 2026 Consolidated Accounts.xlsx
2026-02,2026-02-28,NIGERIA,SCI,Professional Fees,Prof.Fees-Audit Fees,detail,professional_fees,47332.5,47332.5,SCI Detailed,86,Feb 2026 Consolidated Accounts.xlsx
2026-02,2026-02-28,RWANDA,SCI,Professional Fees,Prof.Fees-Audit Fees,detail,professional_fees,0.0,0.0,SCI Detailed,86,Feb 2026 Consolidated Accounts.xlsx
2026-02,2026-02-28,ZHL,SCI,Professional Fees,Prof.Fees-Audit Fees,detail,professional_fees,308333.34,308333.34,SCI Detailed,86,Feb 2026 Consolidated Accounts.xlsx
2026-02,2026-02-28,ZATL,SCI,Professional Fees,Prof.Fees-Audit Fees,detail,professional_fees,63259.37,63259.37,SCI Detailed,86,Feb 2026 Consolidated Accounts.xlsx
2026-02,2026-02-28,DRC,SCI,Professional Fees,Prof.Fees-Audit Fees,detail,professional_fees,107521.69,107521.69,SCI Detailed,86,Feb 2026 Consolidated Accounts.xlsx
2026-02,2026-02-28,C&P,SCI,Professional Fees,Prof.Fees-Audit Fees,detail,professional_fees,54166.66,54166.66,SCI Detailed,86,Feb 2026 Consolidated Accounts.xlsx
2026-02,2026-02-28,ZAAC,SCI,Professional Fees,Prof.Fees-Other,detail,professional_fees,5094200.79,5094200.79,SCI Detailed,88,Feb 2026 Consolidated Accounts.xlsx
2026-02,2026-02-28,ZAMRE,SCI,Professional Fees,Prof.Fees-Other,detail,professional_fees,0.0,0.0,SCI Detailed,88,Feb 2026 Consolidated Accounts.xlsx
2026-02,2026-02-28,ZARIB,SCI,Professional Fees,Prof.Fees-Other,detail,professional_fees,1250832.0,1250832.0,SCI Detailed,88,Feb 2026 Consolidated Accounts.xlsx
2026-02,2026-02-28,MALAWI,SCI,Professional Fees,Prof.Fees-Other,detail,professional_fees,284811.56,284811.56,SCI Detailed,88,Feb 2026 Consolidated Accounts.xlsx
2026-02,2026-02-28,MENA,SCI,Professional Fees,Prof.Fees-Other,detail,professional_fees,810409.02,810409.02,SCI Detailed,88,Feb 2026 Consolidated Accounts.xlsx
2026-02,2026-02-28,NIGERIA,SCI,Professional Fees,Prof.Fees-Other,detail,professional_fees,513195.63,513195.63,SCI Detailed,88,Feb 2026 Consolidated Accounts.xlsx
2026-02,2026-02-28,RWANDA,SCI,Professional Fees,Prof.Fees-Other,detail,professional_fees,469335.99,469335.99,SCI Detailed,88,Feb 2026 Consolidated Accounts.xlsx
2026-02,2026-02-28,ZHL,SCI,Professional Fees,Prof.Fees-Other,detail,professional_fees,0.0,0.0,SCI Detailed,88,Feb 2026 Consolidated Accounts.xlsx
2026-02,2026-02-28,ZATL,SCI,Professional Fees,Prof.Fees-Other,detail,professional_fees,0.0,0.0,SCI Detailed,88,Feb 2026 Consolidated Accounts.xlsx
2026-02,2026-02-28,DRC,SCI,Professional Fees,Prof.Fees-Other,detail,professional_fees,1231484.27,1231484.27,SCI Detailed,88,Feb 2026 Consolidated Accounts.xlsx
2026-02,2026-02-28,C&P,SCI,Professional Fees,Prof.Fees-Other,detail,professional_fees,178000.0,178000.0,SCI Detailed,88,Feb 2026 Consolidated Accounts.xlsx
2026-02,2026-02-28,ZAAC,SCI,Professional Fees,(group_subtotal),group_subtotal,,5760450.79,5760450.79,SCI Detailed,89,Feb 2026 Consolidated Accounts.xlsx
2026-02,2026-02-28,ZAMRE,SCI,Professional Fees,(group_subtotal),group_subtotal,,0.0,0.0,SCI Detailed,89,Feb 2026 Consolidated Accounts.xlsx
2026-02,2026-02-28,ZARIB,SCI,Professional Fees,(group_subtotal),group_subtotal,,1619308.36,1619308.36,SCI Detailed,89,Feb 2026 Consolidated Accounts.xlsx
2026-02,2026-02-28,MALAWI,SCI,Professional Fees,(group_subtotal),group_subtotal,,772396.58,772396.58,SCI Detailed,89,Feb 2026 Consolidated Accounts.xlsx
2026-02,2026-02-28,MENA,SCI,Professional Fees,(group_subtotal),group_subtotal,,810409.02,810409.02,SCI Detailed,89,Feb 2026 Consolidated Accounts.xlsx
2026-02,2026-02-28,NIGERIA,SCI,Professional Fees,(group_subtotal),group_subtotal,,560528.13,560528.13,SCI Detailed,89,Feb 2026 Consolidated Accounts.xlsx
2026-02,2026-02-28,RWANDA,SCI,Professional Fees,(group_subtotal),group_subtotal,,469335.99,469335.99,SCI Detailed,89,Feb 2026 Consolidated Accounts.xlsx
2026-02,2026-02-28,ZHL,SCI,Professional Fees,(group_subtotal),group_subtotal,,308333.34,308333.34,SCI Detailed,89,Feb 2026 Consolidated Accounts.xlsx
2026-02,2026-02-28,ZATL,SCI,Professional Fees,(group_subtotal),group_subtotal,,63259.37,63259.37,SCI Detailed,89,Feb 2026 Consolidated Accounts.xlsx
2026-02,2026-02-28,DRC,SCI,Professional Fees,(group_subtotal),group_subtotal,,1339005.97,1339005.97,SCI Detailed,89,Feb 2026 Consolidated Accounts.xlsx
2026-02,2026-02-28,C&P,SCI,Professional Fees,(group_subtotal),group_subtotal,,232166.66,232166.66,SCI Detailed,89,Feb 2026 Consolidated Accounts.xlsx
2026-02,2026-02-28,ZAAC,SCI,Depreciation,Comp-Depreciation,detail,depreciation,1344198.94,1344198.94,SCI Detailed,91,Feb 2026 Consolidated Accounts.xlsx
2026-02,2026-02-28,ZAMRE,SCI,Depreciation,Comp-Depreciation,detail,depreciation,0.0,0.0,SCI Detailed,91,Feb 2026 Consolidated Accounts.xlsx
2026-02,2026-02-28,ZARIB,SCI,Depreciation,Comp-Depreciation,detail,depreciation,795154.28,795154.28,SCI Detailed,91,Feb 2026 Consolidated Accounts.xlsx
2026-02,2026-02-28,MALAWI,SCI,Depreciation,Comp-Depreciation,detail,depreciation,917745.0,917745.0,SCI Detailed,91,Feb 2026 Consolidated Accounts.xlsx
2026-02,2026-02-28,MENA,SCI,Depreciation,Comp-Depreciation,detail,depreciation,0.0,0.0,SCI Detailed,91,Feb 2026 Consolidated Accounts.xlsx
2026-02,2026-02-28,NIGERIA,SCI,Depreciation,Comp-Depreciation,detail,depreciation,0.0,0.0,SCI Detailed,91,Feb 2026 Consolidated Accounts.xlsx
2026-02,2026-02-28,RWANDA,SCI,Depreciation,Comp-Depreciation,detail,depreciation,181675.28,181675.28,SCI Detailed,91,Feb 2026 Consolidated Accounts.xlsx
2026-02,2026-02-28,ZHL,SCI,Depreciation,Comp-Depreciation,detail,depreciation,0.0,0.0,SCI Detailed,91,Feb 2026 Consolidated Accounts.xlsx
2026-02,2026-02-28,ZATL,SCI,Depreciation,Comp-Depreciation,detail,depreciation,0.0,0.0,SCI Detailed,91,Feb 2026 Consolidated Accounts.xlsx
2026-02,2026-02-28,DRC,SCI,Depreciation,Comp-Depreciation,detail,depreciation,39081.67,39081.67,SCI Detailed,91,Feb 2026 Consolidated Accounts.xlsx
2026-02,2026-02-28,C&P,SCI,Depreciation,Comp-Depreciation,detail,depreciation,0.0,0.0,SCI Detailed,91,Feb 2026 Consolidated Accounts.xlsx
2026-02,2026-02-28,ZAAC,SCI,Depreciation,S/ware Depreciation,detail,depreciation,1566601.52,1566601.52,SCI Detailed,92,Feb 2026 Consolidated Accounts.xlsx
2026-02,2026-02-28,ZAMRE,SCI,Depreciation,S/ware Depreciation,detail,depreciation,0.0,0.0,SCI Detailed,92,Feb 2026 Consolidated Accounts.xlsx
2026-02,2026-02-28,ZARIB,SCI,Depreciation,S/ware Depreciation,detail,depreciation,846393.86,846393.86,SCI Detailed,92,Feb 2026 Consolidated Accounts.xlsx
2026-02,2026-02-28,MALAWI,SCI,Depreciation,S/ware Depreciation,detail,depreciation,355189.85,355189.85,SCI Detailed,92,Feb 2026 Consolidated Accounts.xlsx
2026-02,2026-02-28,MENA,SCI,Depreciation,S/ware Depreciation,detail,depreciation,0.0,0.0,SCI Detailed,92,Feb 2026 Consolidated Accounts.xlsx
2026-02,2026-02-28,NIGERIA,SCI,Depreciation,S/ware Depreciation,detail,depreciation,0.0,0.0,SCI Detailed,92,Feb 2026 Consolidated Accounts.xlsx
2026-02,2026-02-28,RWANDA,SCI,Depreciation,S/ware Depreciation,detail,depreciation,67025.06,67025.06,SCI Detailed,92,Feb 2026 Consolidated Accounts.xlsx
2026-02,2026-02-28,ZHL,SCI,Depreciation,S/ware Depreciation,detail,depreciation,0.0,0.0,SCI Detailed,92,Feb 2026 Consolidated Accounts.xlsx
2026-02,2026-02-28,ZATL,SCI,Depreciation,S/ware Depreciation,detail,depreciation,0.0,0.0,SCI Detailed,92,Feb 2026 Consolidated Accounts.xlsx
2026-02,2026-02-28,DRC,SCI,Depreciation,S/ware Depreciation,detail,depreciation,0.0,0.0,SCI Detailed,92,Feb 2026 Consolidated Accounts.xlsx
2026-02,2026-02-28,C&P,SCI,Depreciation,S/ware Depreciation,detail,depreciation,0.0,0.0,SCI Detailed,92,Feb 2026 Consolidated Accounts.xlsx
2026-02,2026-02-28,ZAAC,SCI,Depreciation,Furn-Depreciation,detail,depreciation,543085.57,543085.57,SCI Detailed,93,Feb 2026 Consolidated Accounts.xlsx
2026-02,2026-02-28,ZAMRE,SCI,Depreciation,Furn-Depreciation,detail,depreciation,0.0,0.0,SCI Detailed,93,Feb 2026 Consolidated Accounts.xlsx
2026-02,2026-02-28,ZARIB,SCI,Depreciation,Furn-Depreciation,detail,depreciation,256791.8,256791.8,SCI Detailed,93,Feb 2026 Consolidated Accounts.xlsx
2026-02,2026-02-28,MALAWI,SCI,Depreciation,Furn-Depreciation,detail,depreciation,76976.46,76976.46,SCI Detailed,93,Feb 2026 Consolidated Accounts.xlsx
2026-02,2026-02-28,MENA,SCI,Depreciation,Furn-Depreciation,detail,depreciation,0.0,0.0,SCI Detailed,93,Feb 2026 Consolidated Accounts.xlsx
2026-02,2026-02-28,NIGERIA,SCI,Depreciation,Furn-Depreciation,detail,depreciation,5165.49,5165.49,SCI Detailed,93,Feb 2026 Consolidated Accounts.xlsx
2026-02,2026-02-28,RWANDA,SCI,Depreciation,Furn-Depreciation,detail,depreciation,56978.35,56978.35,SCI Detailed,93,Feb 2026 Consolidated Accounts.xlsx
2026-02,2026-02-28,ZHL,SCI,Depreciation,Furn-Depreciation,detail,depreciation,0.0,0.0,SCI Detailed,93,Feb 2026 Consolidated Accounts.xlsx
2026-02,2026-02-28,ZATL,SCI,Depreciation,Furn-Depreciation,detail,depreciation,1262.76,1262.76,SCI Detailed,93,Feb 2026 Consolidated Accounts.xlsx
2026-02,2026-02-28,DRC,SCI,Depreciation,Furn-Depreciation,detail,depreciation,48097.94,48097.94,SCI Detailed,93,Feb 2026 Consolidated Accounts.xlsx
2026-02,2026-02-28,C&P,SCI,Depreciation,Furn-Depreciation,detail,depreciation,0.0,0.0,SCI Detailed,93,Feb 2026 Consolidated Accounts.xlsx
2026-02,2026-02-28,ZAAC,SCI,Depreciation,Equip-Depreciation,detail,depreciation,1696388.93,1696388.93,SCI Detailed,94,Feb 2026 Consolidated Accounts.xlsx
2026-02,2026-02-28,ZAMRE,SCI,Depreciation,Equip-Depreciation,detail,depreciation,0.0,0.0,SCI Detailed,94,Feb 2026 Consolidated Accounts.xlsx
2026-02,2026-02-28,ZARIB,SCI,Depreciation,Equip-Depreciation,detail,depreciation,1035281.32,1035281.32,SCI Detailed,94,Feb 2026 Consolidated Accounts.xlsx
2026-02,2026-02-28,MALAWI,SCI,Depreciation,Equip-Depreciation,detail,depreciation,222558.15,222558.15,SCI Detailed,94,Feb 2026 Consolidated Accounts.xlsx
2026-02,2026-02-28,MENA,SCI,Depreciation,Equip-Depreciation,detail,depreciation,0.0,0.0,SCI Detailed,94,Feb 2026 Consolidated Accounts.xlsx
2026-02,2026-02-28,NIGERIA,SCI,Depreciation,Equip-Depreciation,detail,depreciation,26950.75,26950.75,SCI Detailed,94,Feb 2026 Consolidated Accounts.xlsx
2026-02,2026-02-28,RWANDA,SCI,Depreciation,Equip-Depreciation,detail,depreciation,0.0,0.0,SCI Detailed,94,Feb 2026 Consolidated Accounts.xlsx
2026-02,2026-02-28,ZHL,SCI,Depreciation,Equip-Depreciation,detail,depreciation,0.0,0.0,SCI Detailed,94,Feb 2026 Consolidated Accounts.xlsx
2026-02,2026-02-28,ZATL,SCI,Depreciation,Equip-Depreciation,detail,depreciation,21249.43,21249.43,SCI Detailed,94,Feb 2026 Consolidated Accounts.xlsx
2026-02,2026-02-28,DRC,SCI,Depreciation,Equip-Depreciation,detail,depreciation,144791.86,144791.86,SCI Detailed,94,Feb 2026 Consolidated Accounts.xlsx
2026-02,2026-02-28,C&P,SCI,Depreciation,Equip-Depreciation,detail,depreciation,0.0,0.0,SCI Detailed,94,Feb 2026 Consolidated Accounts.xlsx
2026-02,2026-02-28,ZAAC,SCI,Depreciation,Equip-Maintenance,detail,depreciation,0.0,0.0,SCI Detailed,95,Feb 2026 Consolidated Accounts.xlsx
2026-02,2026-02-28,ZAMRE,SCI,Depreciation,Equip-Maintenance,detail,depreciation,0.0,0.0,SCI Detailed,95,Feb 2026 Consolidated Accounts.xlsx
2026-02,2026-02-28,ZARIB,SCI,Depreciation,Equip-Maintenance,detail,depreciation,67737.36,67737.36,SCI Detailed,95,Feb 2026 Consolidated Accounts.xlsx
2026-02,2026-02-28,MALAWI,SCI,Depreciation,Equip-Maintenance,detail,depreciation,0.0,0.0,SCI Detailed,95,Feb 2026 Consolidated Accounts.xlsx
2026-02,2026-02-28,MENA,SCI,Depreciation,Equip-Maintenance,detail,depreciation,0.0,0.0,SCI Detailed,95,Feb 2026 Consolidated Accounts.xlsx
2026-02,2026-02-28,NIGERIA,SCI,Depreciation,Equip-Maintenance,detail,depreciation,39443.78,39443.78,SCI Detailed,95,Feb 2026 Consolidated Accounts.xlsx
2026-02,2026-02-28,RWANDA,SCI,Depreciation,Equip-Maintenance,detail,depreciation,0.0,0.0,SCI Detailed,95,Feb 2026 Consolidated Accounts.xlsx
2026-02,2026-02-28,ZHL,SCI,Depreciation,Equip-Maintenance,detail,depreciation,0.0,0.0,SCI Detailed,95,Feb 2026 Consolidated Accounts.xlsx
2026-02,2026-02-28,ZATL,SCI,Depreciation,Equip-Maintenance,detail,depreciation,0.0,0.0,SCI Detailed,95,Feb 2026 Consolidated Accounts.xlsx
2026-02,2026-02-28,DRC,SCI,Depreciation,Equip-Maintenance,detail,depreciation,0.0,0.0,SCI Detailed,95,Feb 2026 Consolidated Accounts.xlsx
2026-02,2026-02-28,C&P,SCI,Depreciation,Equip-Maintenance,detail,depreciation,0.0,0.0,SCI Detailed,95,Feb 2026 Consolidated Accounts.xlsx
2026-02,2026-02-28,ZAAC,SCI,Depreciation,Leasehold Improv - Ammortization,detail,depreciation,1551031.95,1551031.95,SCI Detailed,96,Feb 2026 Consolidated Accounts.xlsx
2026-02,2026-02-28,ZAMRE,SCI,Depreciation,Leasehold Improv - Ammortization,detail,depreciation,0.0,0.0,SCI Detailed,96,Feb 2026 Consolidated Accounts.xlsx
2026-02,2026-02-28,ZARIB,SCI,Depreciation,Leasehold Improv - Ammortization,detail,depreciation,1255580.88,1255580.88,SCI Detailed,96,Feb 2026 Consolidated Accounts.xlsx
2026-02,2026-02-28,MALAWI,SCI,Depreciation,Leasehold Improv - Ammortization,detail,depreciation,607379.33,607379.33,SCI Detailed,96,Feb 2026 Consolidated Accounts.xlsx
2026-02,2026-02-28,MENA,SCI,Depreciation,Leasehold Improv - Ammortization,detail,depreciation,0.0,0.0,SCI Detailed,96,Feb 2026 Consolidated Accounts.xlsx
2026-02,2026-02-28,NIGERIA,SCI,Depreciation,Leasehold Improv - Ammortization,detail,depreciation,0.0,0.0,SCI Detailed,96,Feb 2026 Consolidated Accounts.xlsx
2026-02,2026-02-28,RWANDA,SCI,Depreciation,Leasehold Improv - Ammortization,detail,depreciation,0.0,0.0,SCI Detailed,96,Feb 2026 Consolidated Accounts.xlsx
2026-02,2026-02-28,ZHL,SCI,Depreciation,Leasehold Improv - Ammortization,detail,depreciation,0.0,0.0,SCI Detailed,96,Feb 2026 Consolidated Accounts.xlsx
2026-02,2026-02-28,ZATL,SCI,Depreciation,Leasehold Improv - Ammortization,detail,depreciation,0.0,0.0,SCI Detailed,96,Feb 2026 Consolidated Accounts.xlsx
2026-02,2026-02-28,DRC,SCI,Depreciation,Leasehold Improv - Ammortization,detail,depreciation,10484.57,10484.57,SCI Detailed,96,Feb 2026 Consolidated Accounts.xlsx
2026-02,2026-02-28,C&P,SCI,Depreciation,Leasehold Improv - Ammortization,detail,depreciation,0.0,0.0,SCI Detailed,96,Feb 2026 Consolidated Accounts.xlsx
2026-02,2026-02-28,ZAAC,SCI,Depreciation,MV-Depreciation,detail,depreciation,0.0,0.0,SCI Detailed,97,Feb 2026 Consolidated Accounts.xlsx
2026-02,2026-02-28,ZAMRE,SCI,Depreciation,MV-Depreciation,detail,depreciation,0.0,0.0,SCI Detailed,97,Feb 2026 Consolidated Accounts.xlsx
2026-02,2026-02-28,ZARIB,SCI,Depreciation,MV-Depreciation,detail,depreciation,11242.46,11242.46,SCI Detailed,97,Feb 2026 Consolidated Accounts.xlsx
2026-02,2026-02-28,MALAWI,SCI,Depreciation,MV-Depreciation,detail,depreciation,438118.37,438118.37,SCI Detailed,97,Feb 2026 Consolidated Accounts.xlsx
2026-02,2026-02-28,MENA,SCI,Depreciation,MV-Depreciation,detail,depreciation,0.0,0.0,SCI Detailed,97,Feb 2026 Consolidated Accounts.xlsx
2026-02,2026-02-28,NIGERIA,SCI,Depreciation,MV-Depreciation,detail,depreciation,119120.19,119120.19,SCI Detailed,97,Feb 2026 Consolidated Accounts.xlsx
2026-02,2026-02-28,RWANDA,SCI,Depreciation,MV-Depreciation,detail,depreciation,277655.35,277655.35,SCI Detailed,97,Feb 2026 Consolidated Accounts.xlsx
2026-02,2026-02-28,ZHL,SCI,Depreciation,MV-Depreciation,detail,depreciation,0.0,0.0,SCI Detailed,97,Feb 2026 Consolidated Accounts.xlsx
2026-02,2026-02-28,ZATL,SCI,Depreciation,MV-Depreciation,detail,depreciation,0.0,0.0,SCI Detailed,97,Feb 2026 Consolidated Accounts.xlsx
2026-02,2026-02-28,DRC,SCI,Depreciation,MV-Depreciation,detail,depreciation,460456.68,460456.68,SCI Detailed,97,Feb 2026 Consolidated Accounts.xlsx
2026-02,2026-02-28,C&P,SCI,Depreciation,MV-Depreciation,detail,depreciation,0.0,0.0,SCI Detailed,97,Feb 2026 Consolidated Accounts.xlsx
2026-02,2026-02-28,ZAAC,SCI,Depreciation,Goodwill amortisation,detail,depreciation,130054.34,130054.34,SCI Detailed,98,Feb 2026 Consolidated Accounts.xlsx
2026-02,2026-02-28,ZAMRE,SCI,Depreciation,Goodwill amortisation,detail,depreciation,0.0,0.0,SCI Detailed,98,Feb 2026 Consolidated Accounts.xlsx
2026-02,2026-02-28,ZARIB,SCI,Depreciation,Goodwill amortisation,detail,depreciation,0.0,0.0,SCI Detailed,98,Feb 2026 Consolidated Accounts.xlsx
2026-02,2026-02-28,MALAWI,SCI,Depreciation,Goodwill amortisation,detail,depreciation,0.0,0.0,SCI Detailed,98,Feb 2026 Consolidated Accounts.xlsx
2026-02,2026-02-28,MENA,SCI,Depreciation,Goodwill amortisation,detail,depreciation,0.0,0.0,SCI Detailed,98,Feb 2026 Consolidated Accounts.xlsx
2026-02,2026-02-28,NIGERIA,SCI,Depreciation,Goodwill amortisation,detail,depreciation,0.0,0.0,SCI Detailed,98,Feb 2026 Consolidated Accounts.xlsx
2026-02,2026-02-28,RWANDA,SCI,Depreciation,Goodwill amortisation,detail,depreciation,0.0,0.0,SCI Detailed,98,Feb 2026 Consolidated Accounts.xlsx
2026-02,2026-02-28,ZHL,SCI,Depreciation,Goodwill amortisation,detail,depreciation,0.0,0.0,SCI Detailed,98,Feb 2026 Consolidated Accounts.xlsx
2026-02,2026-02-28,ZATL,SCI,Depreciation,Goodwill amortisation,detail,depreciation,0.0,0.0,SCI Detailed,98,Feb 2026 Consolidated Accounts.xlsx
2026-02,2026-02-28,DRC,SCI,Depreciation,Goodwill amortisation,detail,depreciation,0.0,0.0,SCI Detailed,98,Feb 2026 Consolidated Accounts.xlsx
2026-02,2026-02-28,C&P,SCI,Depreciation,Goodwill amortisation,detail,depreciation,0.0,0.0,SCI Detailed,98,Feb 2026 Consolidated Accounts.xlsx
2026-02,2026-02-28,ZAAC,SCI,Depreciation,(group_subtotal),group_subtotal,,6831361.25,6831361.25,SCI Detailed,99,Feb 2026 Consolidated Accounts.xlsx
2026-02,2026-02-28,ZAMRE,SCI,Depreciation,(group_subtotal),group_subtotal,,0.0,0.0,SCI Detailed,99,Feb 2026 Consolidated Accounts.xlsx
2026-02,2026-02-28,ZARIB,SCI,Depreciation,(group_subtotal),group_subtotal,,4268181.96,4268181.96,SCI Detailed,99,Feb 2026 Consolidated Accounts.xlsx
2026-02,2026-02-28,MALAWI,SCI,Depreciation,(group_subtotal),group_subtotal,,2617967.17,2617967.17,SCI Detailed,99,Feb 2026 Consolidated Accounts.xlsx
2026-02,2026-02-28,MENA,SCI,Depreciation,(group_subtotal),group_subtotal,,0.0,0.0,SCI Detailed,99,Feb 2026 Consolidated Accounts.xlsx
2026-02,2026-02-28,NIGERIA,SCI,Depreciation,(group_subtotal),group_subtotal,,190680.21,190680.21,SCI Detailed,99,Feb 2026 Consolidated Accounts.xlsx
2026-02,2026-02-28,RWANDA,SCI,Depreciation,(group_subtotal),group_subtotal,,583334.05,583334.05,SCI Detailed,99,Feb 2026 Consolidated Accounts.xlsx
2026-02,2026-02-28,ZHL,SCI,Depreciation,(group_subtotal),group_subtotal,,0.0,0.0,SCI Detailed,99,Feb 2026 Consolidated Accounts.xlsx
2026-02,2026-02-28,ZATL,SCI,Depreciation,(group_subtotal),group_subtotal,,22512.19,22512.19,SCI Detailed,99,Feb 2026 Consolidated Accounts.xlsx
2026-02,2026-02-28,DRC,SCI,Depreciation,(group_subtotal),group_subtotal,,702912.72,702912.72,SCI Detailed,99,Feb 2026 Consolidated Accounts.xlsx
2026-02,2026-02-28,C&P,SCI,Depreciation,(group_subtotal),group_subtotal,,0.0,0.0,SCI Detailed,99,Feb 2026 Consolidated Accounts.xlsx
2026-02,2026-02-28,ZAAC,SCI,Motor Vehicle Expenses,MV - Fuel Costs (non personnel),detail,motor_vehicle_expenses,0.0,0.0,SCI Detailed,101,Feb 2026 Consolidated Accounts.xlsx
2026-02,2026-02-28,ZAMRE,SCI,Motor Vehicle Expenses,MV - Fuel Costs (non personnel),detail,motor_vehicle_expenses,0.0,0.0,SCI Detailed,101,Feb 2026 Consolidated Accounts.xlsx
2026-02,2026-02-28,ZARIB,SCI,Motor Vehicle Expenses,MV - Fuel Costs (non personnel),detail,motor_vehicle_expenses,153000.0,153000.0,SCI Detailed,101,Feb 2026 Consolidated Accounts.xlsx
2026-02,2026-02-28,MALAWI,SCI,Motor Vehicle Expenses,MV - Fuel Costs (non personnel),detail,motor_vehicle_expenses,0.0,0.0,SCI Detailed,101,Feb 2026 Consolidated Accounts.xlsx
2026-02,2026-02-28,MENA,SCI,Motor Vehicle Expenses,MV - Fuel Costs (non personnel),detail,motor_vehicle_expenses,0.0,0.0,SCI Detailed,101,Feb 2026 Consolidated Accounts.xlsx
2026-02,2026-02-28,NIGERIA,SCI,Motor Vehicle Expenses,MV - Fuel Costs (non personnel),detail,motor_vehicle_expenses,65811.11,65811.11,SCI Detailed,101,Feb 2026 Consolidated Accounts.xlsx
2026-02,2026-02-28,RWANDA,SCI,Motor Vehicle Expenses,MV - Fuel Costs (non personnel),detail,motor_vehicle_expenses,116965.14,116965.14,SCI Detailed,101,Feb 2026 Consolidated Accounts.xlsx
2026-02,2026-02-28,ZHL,SCI,Motor Vehicle Expenses,MV - Fuel Costs (non personnel),detail,motor_vehicle_expenses,0.0,0.0,SCI Detailed,101,Feb 2026 Consolidated Accounts.xlsx
2026-02,2026-02-28,ZATL,SCI,Motor Vehicle Expenses,MV - Fuel Costs (non personnel),detail,motor_vehicle_expenses,0.0,0.0,SCI Detailed,101,Feb 2026 Consolidated Accounts.xlsx
2026-02,2026-02-28,DRC,SCI,Motor Vehicle Expenses,MV - Fuel Costs (non personnel),detail,motor_vehicle_expenses,202949.87,202949.87,SCI Detailed,101,Feb 2026 Consolidated Accounts.xlsx
2026-02,2026-02-28,C&P,SCI,Motor Vehicle Expenses,MV - Fuel Costs (non personnel),detail,motor_vehicle_expenses,0.0,0.0,SCI Detailed,101,Feb 2026 Consolidated Accounts.xlsx
2026-02,2026-02-28,ZAAC,SCI,Motor Vehicle Expenses,MV-Leasing Costs,detail,motor_vehicle_expenses,1298409.4,1298409.4,SCI Detailed,102,Feb 2026 Consolidated Accounts.xlsx
2026-02,2026-02-28,ZAMRE,SCI,Motor Vehicle Expenses,MV-Leasing Costs,detail,motor_vehicle_expenses,56562.76,56562.76,SCI Detailed,102,Feb 2026 Consolidated Accounts.xlsx
2026-02,2026-02-28,ZARIB,SCI,Motor Vehicle Expenses,MV-Leasing Costs,detail,motor_vehicle_expenses,0.0,0.0,SCI Detailed,102,Feb 2026 Consolidated Accounts.xlsx
2026-02,2026-02-28,MALAWI,SCI,Motor Vehicle Expenses,MV-Leasing Costs,detail,motor_vehicle_expenses,0.0,0.0,SCI Detailed,102,Feb 2026 Consolidated Accounts.xlsx
2026-02,2026-02-28,MENA,SCI,Motor Vehicle Expenses,MV-Leasing Costs,detail,motor_vehicle_expenses,0.0,0.0,SCI Detailed,102,Feb 2026 Consolidated Accounts.xlsx
2026-02,2026-02-28,NIGERIA,SCI,Motor Vehicle Expenses,MV-Leasing Costs,detail,motor_vehicle_expenses,0.0,0.0,SCI Detailed,102,Feb 2026 Consolidated Accounts.xlsx
2026-02,2026-02-28,RWANDA,SCI,Motor Vehicle Expenses,MV-Leasing Costs,detail,motor_vehicle_expenses,0.0,0.0,SCI Detailed,102,Feb 2026 Consolidated Accounts.xlsx
2026-02,2026-02-28,ZHL,SCI,Motor Vehicle Expenses,MV-Leasing Costs,detail,motor_vehicle_expenses,0.0,0.0,SCI Detailed,102,Feb 2026 Consolidated Accounts.xlsx
2026-02,2026-02-28,ZATL,SCI,Motor Vehicle Expenses,MV-Leasing Costs,detail,motor_vehicle_expenses,0.0,0.0,SCI Detailed,102,Feb 2026 Consolidated Accounts.xlsx
2026-02,2026-02-28,DRC,SCI,Motor Vehicle Expenses,MV-Leasing Costs,detail,motor_vehicle_expenses,327137.73,327137.73,SCI Detailed,102,Feb 2026 Consolidated Accounts.xlsx
2026-02,2026-02-28,C&P,SCI,Motor Vehicle Expenses,MV-Leasing Costs,detail,motor_vehicle_expenses,0.0,0.0,SCI Detailed,102,Feb 2026 Consolidated Accounts.xlsx
2026-02,2026-02-28,ZAAC,SCI,Motor Vehicle Expenses,MV - Leasing Costs (non personnel),detail,motor_vehicle_expenses,0.0,0.0,SCI Detailed,103,Feb 2026 Consolidated Accounts.xlsx
2026-02,2026-02-28,ZAMRE,SCI,Motor Vehicle Expenses,MV - Leasing Costs (non personnel),detail,motor_vehicle_expenses,0.0,0.0,SCI Detailed,103,Feb 2026 Consolidated Accounts.xlsx
2026-02,2026-02-28,ZARIB,SCI,Motor Vehicle Expenses,MV - Leasing Costs (non personnel),detail,motor_vehicle_expenses,1356355.46,1356355.46,SCI Detailed,103,Feb 2026 Consolidated Accounts.xlsx
2026-02,2026-02-28,MALAWI,SCI,Motor Vehicle Expenses,MV - Leasing Costs (non personnel),detail,motor_vehicle_expenses,312565.21,312565.21,SCI Detailed,103,Feb 2026 Consolidated Accounts.xlsx
2026-02,2026-02-28,MENA,SCI,Motor Vehicle Expenses,MV - Leasing Costs (non personnel),detail,motor_vehicle_expenses,0.0,0.0,SCI Detailed,103,Feb 2026 Consolidated Accounts.xlsx
2026-02,2026-02-28,NIGERIA,SCI,Motor Vehicle Expenses,MV - Leasing Costs (non personnel),detail,motor_vehicle_expenses,0.0,0.0,SCI Detailed,103,Feb 2026 Consolidated Accounts.xlsx
2026-02,2026-02-28,RWANDA,SCI,Motor Vehicle Expenses,MV - Leasing Costs (non personnel),detail,motor_vehicle_expenses,3549.26,3549.26,SCI Detailed,103,Feb 2026 Consolidated Accounts.xlsx
2026-02,2026-02-28,ZHL,SCI,Motor Vehicle Expenses,MV - Leasing Costs (non personnel),detail,motor_vehicle_expenses,0.0,0.0,SCI Detailed,103,Feb 2026 Consolidated Accounts.xlsx
2026-02,2026-02-28,ZATL,SCI,Motor Vehicle Expenses,MV - Leasing Costs (non personnel),detail,motor_vehicle_expenses,11639.72,11639.72,SCI Detailed,103,Feb 2026 Consolidated Accounts.xlsx
2026-02,2026-02-28,DRC,SCI,Motor Vehicle Expenses,MV - Leasing Costs (non personnel),detail,motor_vehicle_expenses,50535.22,50535.22,SCI Detailed,103,Feb 2026 Consolidated Accounts.xlsx
2026-02,2026-02-28,C&P,SCI,Motor Vehicle Expenses,MV - Leasing Costs (non personnel),detail,motor_vehicle_expenses,0.0,0.0,SCI Detailed,103,Feb 2026 Consolidated Accounts.xlsx
2026-02,2026-02-28,ZAAC,SCI,Motor Vehicle Expenses,(group_subtotal),group_subtotal,,1298409.4,1298409.4,SCI Detailed,105,Feb 2026 Consolidated Accounts.xlsx
2026-02,2026-02-28,ZAMRE,SCI,Motor Vehicle Expenses,(group_subtotal),group_subtotal,,56562.76,56562.76,SCI Detailed,105,Feb 2026 Consolidated Accounts.xlsx
2026-02,2026-02-28,ZARIB,SCI,Motor Vehicle Expenses,(group_subtotal),group_subtotal,,1509355.46,1509355.46,SCI Detailed,105,Feb 2026 Consolidated Accounts.xlsx
2026-02,2026-02-28,MALAWI,SCI,Motor Vehicle Expenses,(group_subtotal),group_subtotal,,312565.21,312565.21,SCI Detailed,105,Feb 2026 Consolidated Accounts.xlsx
2026-02,2026-02-28,MENA,SCI,Motor Vehicle Expenses,(group_subtotal),group_subtotal,,0.0,0.0,SCI Detailed,105,Feb 2026 Consolidated Accounts.xlsx
2026-02,2026-02-28,NIGERIA,SCI,Motor Vehicle Expenses,(group_subtotal),group_subtotal,,65811.11,65811.11,SCI Detailed,105,Feb 2026 Consolidated Accounts.xlsx
2026-02,2026-02-28,RWANDA,SCI,Motor Vehicle Expenses,(group_subtotal),group_subtotal,,120514.4,120514.4,SCI Detailed,105,Feb 2026 Consolidated Accounts.xlsx
2026-02,2026-02-28,ZHL,SCI,Motor Vehicle Expenses,(group_subtotal),group_subtotal,,0.0,0.0,SCI Detailed,105,Feb 2026 Consolidated Accounts.xlsx
2026-02,2026-02-28,ZATL,SCI,Motor Vehicle Expenses,(group_subtotal),group_subtotal,,11639.72,11639.72,SCI Detailed,105,Feb 2026 Consolidated Accounts.xlsx
2026-02,2026-02-28,DRC,SCI,Motor Vehicle Expenses,(group_subtotal),group_subtotal,,580622.82,580622.82,SCI Detailed,105,Feb 2026 Consolidated Accounts.xlsx
2026-02,2026-02-28,C&P,SCI,Motor Vehicle Expenses,(group_subtotal),group_subtotal,,0.0,0.0,SCI Detailed,105,Feb 2026 Consolidated Accounts.xlsx
2026-02,2026-02-28,ZAAC,SCI,General Expenses,VALUE ADDS,detail,general_expenses,0.0,0.0,SCI Detailed,107,Feb 2026 Consolidated Accounts.xlsx
2026-02,2026-02-28,ZAMRE,SCI,General Expenses,VALUE ADDS,detail,general_expenses,0.0,0.0,SCI Detailed,107,Feb 2026 Consolidated Accounts.xlsx
2026-02,2026-02-28,ZARIB,SCI,General Expenses,VALUE ADDS,detail,general_expenses,776081.05,776081.05,SCI Detailed,107,Feb 2026 Consolidated Accounts.xlsx
2026-02,2026-02-28,MALAWI,SCI,General Expenses,VALUE ADDS,detail,general_expenses,0.0,0.0,SCI Detailed,107,Feb 2026 Consolidated Accounts.xlsx
2026-02,2026-02-28,MENA,SCI,General Expenses,VALUE ADDS,detail,general_expenses,0.0,0.0,SCI Detailed,107,Feb 2026 Consolidated Accounts.xlsx
2026-02,2026-02-28,NIGERIA,SCI,General Expenses,VALUE ADDS,detail,general_expenses,0.0,0.0,SCI Detailed,107,Feb 2026 Consolidated Accounts.xlsx
2026-02,2026-02-28,RWANDA,SCI,General Expenses,VALUE ADDS,detail,general_expenses,0.0,0.0,SCI Detailed,107,Feb 2026 Consolidated Accounts.xlsx
2026-02,2026-02-28,ZHL,SCI,General Expenses,VALUE ADDS,detail,general_expenses,0.0,0.0,SCI Detailed,107,Feb 2026 Consolidated Accounts.xlsx
2026-02,2026-02-28,ZATL,SCI,General Expenses,VALUE ADDS,detail,general_expenses,0.0,0.0,SCI Detailed,107,Feb 2026 Consolidated Accounts.xlsx
2026-02,2026-02-28,DRC,SCI,General Expenses,VALUE ADDS,detail,general_expenses,0.0,0.0,SCI Detailed,107,Feb 2026 Consolidated Accounts.xlsx
2026-02,2026-02-28,C&P,SCI,General Expenses,VALUE ADDS,detail,general_expenses,0.0,0.0,SCI Detailed,107,Feb 2026 Consolidated Accounts.xlsx
2026-02,2026-02-28,ZAAC,SCI,General Expenses,Equip-Maintenance,detail,general_expenses,60325.0,60325.0,SCI Detailed,108,Feb 2026 Consolidated Accounts.xlsx
2026-02,2026-02-28,ZAMRE,SCI,General Expenses,Equip-Maintenance,detail,general_expenses,0.0,0.0,SCI Detailed,108,Feb 2026 Consolidated Accounts.xlsx
2026-02,2026-02-28,ZARIB,SCI,General Expenses,Equip-Maintenance,detail,general_expenses,0.0,0.0,SCI Detailed,108,Feb 2026 Consolidated Accounts.xlsx
2026-02,2026-02-28,MALAWI,SCI,General Expenses,Equip-Maintenance,detail,general_expenses,21059.96,21059.96,SCI Detailed,108,Feb 2026 Consolidated Accounts.xlsx
2026-02,2026-02-28,MENA,SCI,General Expenses,Equip-Maintenance,detail,general_expenses,0.0,0.0,SCI Detailed,108,Feb 2026 Consolidated Accounts.xlsx
2026-02,2026-02-28,NIGERIA,SCI,General Expenses,Equip-Maintenance,detail,general_expenses,0.0,0.0,SCI Detailed,108,Feb 2026 Consolidated Accounts.xlsx
2026-02,2026-02-28,RWANDA,SCI,General Expenses,Equip-Maintenance,detail,general_expenses,0.0,0.0,SCI Detailed,108,Feb 2026 Consolidated Accounts.xlsx
2026-02,2026-02-28,ZHL,SCI,General Expenses,Equip-Maintenance,detail,general_expenses,0.0,0.0,SCI Detailed,108,Feb 2026 Consolidated Accounts.xlsx
2026-02,2026-02-28,ZATL,SCI,General Expenses,Equip-Maintenance,detail,general_expenses,0.0,0.0,SCI Detailed,108,Feb 2026 Consolidated Accounts.xlsx
2026-02,2026-02-28,DRC,SCI,General Expenses,Equip-Maintenance,detail,general_expenses,0.0,0.0,SCI Detailed,108,Feb 2026 Consolidated Accounts.xlsx
2026-02,2026-02-28,C&P,SCI,General Expenses,Equip-Maintenance,detail,general_expenses,0.0,0.0,SCI Detailed,108,Feb 2026 Consolidated Accounts.xlsx
2026-02,2026-02-28,ZAAC,SCI,General Expenses,Summary:Gen Exp Other,detail,general_expenses,646957.49,646957.49,SCI Detailed,109,Feb 2026 Consolidated Accounts.xlsx
2026-02,2026-02-28,ZAMRE,SCI,General Expenses,Summary:Gen Exp Other,detail,general_expenses,132277.35,132277.35,SCI Detailed,109,Feb 2026 Consolidated Accounts.xlsx
2026-02,2026-02-28,ZARIB,SCI,General Expenses,Summary:Gen Exp Other,detail,general_expenses,644325.22,644325.22,SCI Detailed,109,Feb 2026 Consolidated Accounts.xlsx
2026-02,2026-02-28,MALAWI,SCI,General Expenses,Summary:Gen Exp Other,detail,general_expenses,0.0,0.0,SCI Detailed,109,Feb 2026 Consolidated Accounts.xlsx
2026-02,2026-02-28,MENA,SCI,General Expenses,Summary:Gen Exp Other,detail,general_expenses,0.0,0.0,SCI Detailed,109,Feb 2026 Consolidated Accounts.xlsx
2026-02,2026-02-28,NIGERIA,SCI,General Expenses,Summary:Gen Exp Other,detail,general_expenses,73412.71,73412.71,SCI Detailed,109,Feb 2026 Consolidated Accounts.xlsx
2026-02,2026-02-28,RWANDA,SCI,General Expenses,Summary:Gen Exp Other,detail,general_expenses,195539.39,195539.39,SCI Detailed,109,Feb 2026 Consolidated Accounts.xlsx
2026-02,2026-02-28,ZHL,SCI,General Expenses,Summary:Gen Exp Other,detail,general_expenses,0.0,0.0,SCI Detailed,109,Feb 2026 Consolidated Accounts.xlsx
2026-02,2026-02-28,ZATL,SCI,General Expenses,Summary:Gen Exp Other,detail,general_expenses,76920.86,76920.86,SCI Detailed,109,Feb 2026 Consolidated Accounts.xlsx
2026-02,2026-02-28,DRC,SCI,General Expenses,Summary:Gen Exp Other,detail,general_expenses,1122420.73,1122420.73,SCI Detailed,109,Feb 2026 Consolidated Accounts.xlsx
2026-02,2026-02-28,C&P,SCI,General Expenses,Summary:Gen Exp Other,detail,general_expenses,720.0,720.0,SCI Detailed,109,Feb 2026 Consolidated Accounts.xlsx
2026-02,2026-02-28,ZAAC,SCI,General Expenses,Books & Periodicals,detail,general_expenses,181911.2,181911.2,SCI Detailed,111,Feb 2026 Consolidated Accounts.xlsx
2026-02,2026-02-28,ZAMRE,SCI,General Expenses,Books & Periodicals,detail,general_expenses,0.0,0.0,SCI Detailed,111,Feb 2026 Consolidated Accounts.xlsx
2026-02,2026-02-28,ZARIB,SCI,General Expenses,Books & Periodicals,detail,general_expenses,122203.2,122203.2,SCI Detailed,111,Feb 2026 Consolidated Accounts.xlsx
2026-02,2026-02-28,MALAWI,SCI,General Expenses,Books & Periodicals,detail,general_expenses,0.0,0.0,SCI Detailed,111,Feb 2026 Consolidated Accounts.xlsx
2026-02,2026-02-28,MENA,SCI,General Expenses,Books & Periodicals,detail,general_expenses,0.0,0.0,SCI Detailed,111,Feb 2026 Consolidated Accounts.xlsx
2026-02,2026-02-28,NIGERIA,SCI,General Expenses,Books & Periodicals,detail,general_expenses,0.0,0.0,SCI Detailed,111,Feb 2026 Consolidated Accounts.xlsx
2026-02,2026-02-28,RWANDA,SCI,General Expenses,Books & Periodicals,detail,general_expenses,0.0,0.0,SCI Detailed,111,Feb 2026 Consolidated Accounts.xlsx
2026-02,2026-02-28,ZHL,SCI,General Expenses,Books & Periodicals,detail,general_expenses,0.0,0.0,SCI Detailed,111,Feb 2026 Consolidated Accounts.xlsx
2026-02,2026-02-28,ZATL,SCI,General Expenses,Books & Periodicals,detail,general_expenses,0.0,0.0,SCI Detailed,111,Feb 2026 Consolidated Accounts.xlsx
2026-02,2026-02-28,DRC,SCI,General Expenses,Books & Periodicals,detail,general_expenses,0.0,0.0,SCI Detailed,111,Feb 2026 Consolidated Accounts.xlsx
2026-02,2026-02-28,C&P,SCI,General Expenses,Books & Periodicals,detail,general_expenses,0.0,0.0,SCI Detailed,111,Feb 2026 Consolidated Accounts.xlsx
2026-02,2026-02-28,ZAAC,SCI,General Expenses,Subscriptions General,detail,general_expenses,795651.39,795651.39,SCI Detailed,112,Feb 2026 Consolidated Accounts.xlsx
2026-02,2026-02-28,ZAMRE,SCI,General Expenses,Subscriptions General,detail,general_expenses,10346.5,10346.5,SCI Detailed,112,Feb 2026 Consolidated Accounts.xlsx
2026-02,2026-02-28,ZARIB,SCI,General Expenses,Subscriptions General,detail,general_expenses,1754718.42,1754718.42,SCI Detailed,112,Feb 2026 Consolidated Accounts.xlsx
2026-02,2026-02-28,MALAWI,SCI,General Expenses,Subscriptions General,detail,general_expenses,237270.49,237270.49,SCI Detailed,112,Feb 2026 Consolidated Accounts.xlsx
2026-02,2026-02-28,MENA,SCI,General Expenses,Subscriptions General,detail,general_expenses,0.0,0.0,SCI Detailed,112,Feb 2026 Consolidated Accounts.xlsx
2026-02,2026-02-28,NIGERIA,SCI,General Expenses,Subscriptions General,detail,general_expenses,0.0,0.0,SCI Detailed,112,Feb 2026 Consolidated Accounts.xlsx
2026-02,2026-02-28,RWANDA,SCI,General Expenses,Subscriptions General,detail,general_expenses,0.0,0.0,SCI Detailed,112,Feb 2026 Consolidated Accounts.xlsx
2026-02,2026-02-28,ZHL,SCI,General Expenses,Subscriptions General,detail,general_expenses,0.0,0.0,SCI Detailed,112,Feb 2026 Consolidated Accounts.xlsx
2026-02,2026-02-28,ZATL,SCI,General Expenses,Subscriptions General,detail,general_expenses,1054.32,1054.32,SCI Detailed,112,Feb 2026 Consolidated Accounts.xlsx
2026-02,2026-02-28,DRC,SCI,General Expenses,Subscriptions General,detail,general_expenses,45158.75,45158.75,SCI Detailed,112,Feb 2026 Consolidated Accounts.xlsx
2026-02,2026-02-28,C&P,SCI,General Expenses,Subscriptions General,detail,general_expenses,0.0,0.0,SCI Detailed,112,Feb 2026 Consolidated Accounts.xlsx
2026-02,2026-02-28,ZAAC,SCI,General Expenses,Donations-Charitable,detail,general_expenses,130000.0,130000.0,SCI Detailed,114,Feb 2026 Consolidated Accounts.xlsx
2026-02,2026-02-28,ZAMRE,SCI,General Expenses,Donations-Charitable,detail,general_expenses,0.0,0.0,SCI Detailed,114,Feb 2026 Consolidated Accounts.xlsx
2026-02,2026-02-28,ZARIB,SCI,General Expenses,Donations-Charitable,detail,general_expenses,0.0,0.0,SCI Detailed,114,Feb 2026 Consolidated Accounts.xlsx
2026-02,2026-02-28,MALAWI,SCI,General Expenses,Donations-Charitable,detail,general_expenses,0.0,0.0,SCI Detailed,114,Feb 2026 Consolidated Accounts.xlsx
2026-02,2026-02-28,MENA,SCI,General Expenses,Donations-Charitable,detail,general_expenses,0.0,0.0,SCI Detailed,114,Feb 2026 Consolidated Accounts.xlsx
2026-02,2026-02-28,NIGERIA,SCI,General Expenses,Donations-Charitable,detail,general_expenses,0.0,0.0,SCI Detailed,114,Feb 2026 Consolidated Accounts.xlsx
2026-02,2026-02-28,RWANDA,SCI,General Expenses,Donations-Charitable,detail,general_expenses,0.0,0.0,SCI Detailed,114,Feb 2026 Consolidated Accounts.xlsx
2026-02,2026-02-28,ZHL,SCI,General Expenses,Donations-Charitable,detail,general_expenses,0.0,0.0,SCI Detailed,114,Feb 2026 Consolidated Accounts.xlsx
2026-02,2026-02-28,ZATL,SCI,General Expenses,Donations-Charitable,detail,general_expenses,0.0,0.0,SCI Detailed,114,Feb 2026 Consolidated Accounts.xlsx
2026-02,2026-02-28,DRC,SCI,General Expenses,Donations-Charitable,detail,general_expenses,0.0,0.0,SCI Detailed,114,Feb 2026 Consolidated Accounts.xlsx
2026-02,2026-02-28,C&P,SCI,General Expenses,Donations-Charitable,detail,general_expenses,796625.0,796625.0,SCI Detailed,114,Feb 2026 Consolidated Accounts.xlsx
2026-02,2026-02-28,ZAAC,SCI,General Expenses,STAFF WELFARE,detail,general_expenses,36000.0,36000.0,SCI Detailed,115,Feb 2026 Consolidated Accounts.xlsx
2026-02,2026-02-28,ZAAC,SCI,General Expenses,Bank Charges,detail,general_expenses,0.0,0.0,SCI Detailed,116,Feb 2026 Consolidated Accounts.xlsx
2026-02,2026-02-28,ZAMRE,SCI,General Expenses,Bank Charges,detail,general_expenses,22816.0,22816.0,SCI Detailed,116,Feb 2026 Consolidated Accounts.xlsx
2026-02,2026-02-28,ZARIB,SCI,General Expenses,Bank Charges,detail,general_expenses,432129.11,432129.11,SCI Detailed,116,Feb 2026 Consolidated Accounts.xlsx
2026-02,2026-02-28,MALAWI,SCI,General Expenses,Bank Charges,detail,general_expenses,99924.86,99924.86,SCI Detailed,116,Feb 2026 Consolidated Accounts.xlsx
2026-02,2026-02-28,MENA,SCI,General Expenses,Bank Charges,detail,general_expenses,11649.5,11649.5,SCI Detailed,116,Feb 2026 Consolidated Accounts.xlsx
2026-02,2026-02-28,NIGERIA,SCI,General Expenses,Bank Charges,detail,general_expenses,8308.08,8308.08,SCI Detailed,116,Feb 2026 Consolidated Accounts.xlsx
2026-02,2026-02-28,RWANDA,SCI,General Expenses,Bank Charges,detail,general_expenses,23265.02,23265.02,SCI Detailed,116,Feb 2026 Consolidated Accounts.xlsx
2026-02,2026-02-28,ZHL,SCI,General Expenses,Bank Charges,detail,general_expenses,1440.0,1440.0,SCI Detailed,116,Feb 2026 Consolidated Accounts.xlsx
2026-02,2026-02-28,ZATL,SCI,General Expenses,Bank Charges,detail,general_expenses,29219.48,29219.48,SCI Detailed,116,Feb 2026 Consolidated Accounts.xlsx
2026-02,2026-02-28,DRC,SCI,General Expenses,Bank Charges,detail,general_expenses,545524.15,545524.15,SCI Detailed,116,Feb 2026 Consolidated Accounts.xlsx
2026-02,2026-02-28,C&P,SCI,General Expenses,Bank Charges,detail,general_expenses,0.0,0.0,SCI Detailed,116,Feb 2026 Consolidated Accounts.xlsx
2026-02,2026-02-28,ZAAC,SCI,General Expenses,(group_subtotal),group_subtotal,,1850845.08,1850845.08,SCI Detailed,117,Feb 2026 Consolidated Accounts.xlsx
2026-02,2026-02-28,ZAMRE,SCI,General Expenses,(group_subtotal),group_subtotal,,165439.85,165439.85,SCI Detailed,117,Feb 2026 Consolidated Accounts.xlsx
2026-02,2026-02-28,ZARIB,SCI,General Expenses,(group_subtotal),group_subtotal,,3729457.0,3729457.0,SCI Detailed,117,Feb 2026 Consolidated Accounts.xlsx
2026-02,2026-02-28,MALAWI,SCI,General Expenses,(group_subtotal),group_subtotal,,358255.31,358255.31,SCI Detailed,117,Feb 2026 Consolidated Accounts.xlsx
2026-02,2026-02-28,MENA,SCI,General Expenses,(group_subtotal),group_subtotal,,11649.5,11649.5,SCI Detailed,117,Feb 2026 Consolidated Accounts.xlsx
2026-02,2026-02-28,NIGERIA,SCI,General Expenses,(group_subtotal),group_subtotal,,81720.79,81720.79,SCI Detailed,117,Feb 2026 Consolidated Accounts.xlsx
2026-02,2026-02-28,RWANDA,SCI,General Expenses,(group_subtotal),group_subtotal,,218804.42,218804.42,SCI Detailed,117,Feb 2026 Consolidated Accounts.xlsx
2026-02,2026-02-28,ZHL,SCI,General Expenses,(group_subtotal),group_subtotal,,1440.0,1440.0,SCI Detailed,117,Feb 2026 Consolidated Accounts.xlsx
2026-02,2026-02-28,ZATL,SCI,General Expenses,(group_subtotal),group_subtotal,,107194.66,107194.66,SCI Detailed,117,Feb 2026 Consolidated Accounts.xlsx
2026-02,2026-02-28,DRC,SCI,General Expenses,(group_subtotal),group_subtotal,,1713103.63,1713103.63,SCI Detailed,117,Feb 2026 Consolidated Accounts.xlsx
2026-02,2026-02-28,C&P,SCI,General Expenses,(group_subtotal),group_subtotal,,797345.0,797345.0,SCI Detailed,117,Feb 2026 Consolidated Accounts.xlsx
2026-02,2026-02-28,ZAAC,SCI,Finance cost,Int paid others,detail,finance_costs,110409.93,110409.93,SCI Detailed,119,Feb 2026 Consolidated Accounts.xlsx
2026-02,2026-02-28,ZAMRE,SCI,Finance cost,Int paid others,detail,finance_costs,0.0,0.0,SCI Detailed,119,Feb 2026 Consolidated Accounts.xlsx
2026-02,2026-02-28,ZARIB,SCI,Finance cost,Int paid others,detail,finance_costs,0.0,0.0,SCI Detailed,119,Feb 2026 Consolidated Accounts.xlsx
2026-02,2026-02-28,MALAWI,SCI,Finance cost,Int paid others,detail,finance_costs,0.0,0.0,SCI Detailed,119,Feb 2026 Consolidated Accounts.xlsx
2026-02,2026-02-28,MENA,SCI,Finance cost,Int paid others,detail,finance_costs,0.0,0.0,SCI Detailed,119,Feb 2026 Consolidated Accounts.xlsx
2026-02,2026-02-28,NIGERIA,SCI,Finance cost,Int paid others,detail,finance_costs,0.0,0.0,SCI Detailed,119,Feb 2026 Consolidated Accounts.xlsx
2026-02,2026-02-28,RWANDA,SCI,Finance cost,Int paid others,detail,finance_costs,0.0,0.0,SCI Detailed,119,Feb 2026 Consolidated Accounts.xlsx
2026-02,2026-02-28,ZHL,SCI,Finance cost,Int paid others,detail,finance_costs,0.0,0.0,SCI Detailed,119,Feb 2026 Consolidated Accounts.xlsx
2026-02,2026-02-28,ZATL,SCI,Finance cost,Int paid others,detail,finance_costs,0.0,0.0,SCI Detailed,119,Feb 2026 Consolidated Accounts.xlsx
2026-02,2026-02-28,DRC,SCI,Finance cost,Int paid others,detail,finance_costs,0.0,0.0,SCI Detailed,119,Feb 2026 Consolidated Accounts.xlsx
2026-02,2026-02-28,C&P,SCI,Finance cost,Int paid others,detail,finance_costs,0.0,0.0,SCI Detailed,119,Feb 2026 Consolidated Accounts.xlsx
2026-02,2026-02-28,ZAAC,SCI,Finance cost,Fin Charges Paid,detail,finance_costs,0.0,0.0,SCI Detailed,120,Feb 2026 Consolidated Accounts.xlsx
2026-02,2026-02-28,ZAMRE,SCI,Finance cost,Fin Charges Paid,detail,finance_costs,24412.0,24412.0,SCI Detailed,120,Feb 2026 Consolidated Accounts.xlsx
2026-02,2026-02-28,ZARIB,SCI,Finance cost,Fin Charges Paid,detail,finance_costs,188768.6,188768.6,SCI Detailed,120,Feb 2026 Consolidated Accounts.xlsx
2026-02,2026-02-28,MALAWI,SCI,Finance cost,Fin Charges Paid,detail,finance_costs,0.0,0.0,SCI Detailed,120,Feb 2026 Consolidated Accounts.xlsx
2026-02,2026-02-28,MENA,SCI,Finance cost,Fin Charges Paid,detail,finance_costs,0.0,0.0,SCI Detailed,120,Feb 2026 Consolidated Accounts.xlsx
2026-02,2026-02-28,NIGERIA,SCI,Finance cost,Fin Charges Paid,detail,finance_costs,0.0,0.0,SCI Detailed,120,Feb 2026 Consolidated Accounts.xlsx
2026-02,2026-02-28,RWANDA,SCI,Finance cost,Fin Charges Paid,detail,finance_costs,0.0,0.0,SCI Detailed,120,Feb 2026 Consolidated Accounts.xlsx
2026-02,2026-02-28,ZHL,SCI,Finance cost,Fin Charges Paid,detail,finance_costs,0.0,0.0,SCI Detailed,120,Feb 2026 Consolidated Accounts.xlsx
2026-02,2026-02-28,ZATL,SCI,Finance cost,Fin Charges Paid,detail,finance_costs,0.0,0.0,SCI Detailed,120,Feb 2026 Consolidated Accounts.xlsx
2026-02,2026-02-28,DRC,SCI,Finance cost,Fin Charges Paid,detail,finance_costs,0.0,0.0,SCI Detailed,120,Feb 2026 Consolidated Accounts.xlsx
2026-02,2026-02-28,C&P,SCI,Finance cost,Fin Charges Paid,detail,finance_costs,0.0,0.0,SCI Detailed,120,Feb 2026 Consolidated Accounts.xlsx
2026-02,2026-02-28,ZAAC,SCI,Finance cost,(group_subtotal),group_subtotal,,110409.93,110409.93,SCI Detailed,121,Feb 2026 Consolidated Accounts.xlsx
2026-02,2026-02-28,ZAMRE,SCI,Finance cost,(group_subtotal),group_subtotal,,24412.0,24412.0,SCI Detailed,121,Feb 2026 Consolidated Accounts.xlsx
2026-02,2026-02-28,ZARIB,SCI,Finance cost,(group_subtotal),group_subtotal,,188768.6,188768.6,SCI Detailed,121,Feb 2026 Consolidated Accounts.xlsx
2026-02,2026-02-28,MALAWI,SCI,Finance cost,(group_subtotal),group_subtotal,,0.0,0.0,SCI Detailed,121,Feb 2026 Consolidated Accounts.xlsx
2026-02,2026-02-28,MENA,SCI,Finance cost,(group_subtotal),group_subtotal,,0.0,0.0,SCI Detailed,121,Feb 2026 Consolidated Accounts.xlsx
2026-02,2026-02-28,NIGERIA,SCI,Finance cost,(group_subtotal),group_subtotal,,0.0,0.0,SCI Detailed,121,Feb 2026 Consolidated Accounts.xlsx
2026-02,2026-02-28,RWANDA,SCI,Finance cost,(group_subtotal),group_subtotal,,0.0,0.0,SCI Detailed,121,Feb 2026 Consolidated Accounts.xlsx
2026-02,2026-02-28,ZHL,SCI,Finance cost,(group_subtotal),group_subtotal,,0.0,0.0,SCI Detailed,121,Feb 2026 Consolidated Accounts.xlsx
2026-02,2026-02-28,ZATL,SCI,Finance cost,(group_subtotal),group_subtotal,,0.0,0.0,SCI Detailed,121,Feb 2026 Consolidated Accounts.xlsx
2026-02,2026-02-28,DRC,SCI,Finance cost,(group_subtotal),group_subtotal,,0.0,0.0,SCI Detailed,121,Feb 2026 Consolidated Accounts.xlsx
2026-02,2026-02-28,C&P,SCI,Finance cost,(group_subtotal),group_subtotal,,0.0,0.0,SCI Detailed,121,Feb 2026 Consolidated Accounts.xlsx
2026-02,2026-02-28,ZAAC,SCI,Taxation,Taxation expense,detail,taxation,21909338.32,21909338.32,SCI Detailed,123,Feb 2026 Consolidated Accounts.xlsx
2026-02,2026-02-28,ZAMRE,SCI,Taxation,Taxation expense,detail,taxation,2387609.5,2387609.5,SCI Detailed,123,Feb 2026 Consolidated Accounts.xlsx
2026-02,2026-02-28,ZARIB,SCI,Taxation,Taxation expense,detail,taxation,133030620.72,133030620.72,SCI Detailed,123,Feb 2026 Consolidated Accounts.xlsx
2026-02,2026-02-28,MALAWI,SCI,Taxation,Taxation expense,detail,taxation,6875326.87,6875326.87,SCI Detailed,123,Feb 2026 Consolidated Accounts.xlsx
2026-02,2026-02-28,MENA,SCI,Taxation,Taxation expense,detail,taxation,0.0,0.0,SCI Detailed,123,Feb 2026 Consolidated Accounts.xlsx
2026-02,2026-02-28,NIGERIA,SCI,Taxation,Taxation expense,detail,taxation,0.0,0.0,SCI Detailed,123,Feb 2026 Consolidated Accounts.xlsx
2026-02,2026-02-28,RWANDA,SCI,Taxation,Taxation expense,detail,taxation,0.0,0.0,SCI Detailed,123,Feb 2026 Consolidated Accounts.xlsx
2026-02,2026-02-28,ZHL,SCI,Taxation,Taxation expense,detail,taxation,0.0,0.0,SCI Detailed,123,Feb 2026 Consolidated Accounts.xlsx
2026-02,2026-02-28,ZATL,SCI,Taxation,Taxation expense,detail,taxation,0.0,0.0,SCI Detailed,123,Feb 2026 Consolidated Accounts.xlsx
2026-02,2026-02-28,DRC,SCI,Taxation,Taxation expense,detail,taxation,0.0,0.0,SCI Detailed,123,Feb 2026 Consolidated Accounts.xlsx
2026-02,2026-02-28,C&P,SCI,Taxation,Taxation expense,detail,taxation,1919107.5,1919107.5,SCI Detailed,123,Feb 2026 Consolidated Accounts.xlsx
2026-02,2026-02-28,ZAAC,SCI,Taxation,(group_subtotal),group_subtotal,,21909338.32,21909338.32,SCI Detailed,124,Feb 2026 Consolidated Accounts.xlsx
2026-02,2026-02-28,ZAMRE,SCI,Taxation,(group_subtotal),group_subtotal,,2387609.5,2387609.5,SCI Detailed,124,Feb 2026 Consolidated Accounts.xlsx
2026-02,2026-02-28,ZARIB,SCI,Taxation,(group_subtotal),group_subtotal,,133030620.72,133030620.72,SCI Detailed,124,Feb 2026 Consolidated Accounts.xlsx
2026-02,2026-02-28,MALAWI,SCI,Taxation,(group_subtotal),group_subtotal,,6875326.87,6875326.87,SCI Detailed,124,Feb 2026 Consolidated Accounts.xlsx
2026-02,2026-02-28,MENA,SCI,Taxation,(group_subtotal),group_subtotal,,0.0,0.0,SCI Detailed,124,Feb 2026 Consolidated Accounts.xlsx
2026-02,2026-02-28,NIGERIA,SCI,Taxation,(group_subtotal),group_subtotal,,0.0,0.0,SCI Detailed,124,Feb 2026 Consolidated Accounts.xlsx
2026-02,2026-02-28,RWANDA,SCI,Taxation,(group_subtotal),group_subtotal,,0.0,0.0,SCI Detailed,124,Feb 2026 Consolidated Accounts.xlsx
2026-02,2026-02-28,ZHL,SCI,Taxation,(group_subtotal),group_subtotal,,0.0,0.0,SCI Detailed,124,Feb 2026 Consolidated Accounts.xlsx
2026-02,2026-02-28,ZATL,SCI,Taxation,(group_subtotal),group_subtotal,,0.0,0.0,SCI Detailed,124,Feb 2026 Consolidated Accounts.xlsx
2026-02,2026-02-28,DRC,SCI,Taxation,(group_subtotal),group_subtotal,,0.0,0.0,SCI Detailed,124,Feb 2026 Consolidated Accounts.xlsx
2026-02,2026-02-28,C&P,SCI,Taxation,(group_subtotal),group_subtotal,,1919107.5,1919107.5,SCI Detailed,124,Feb 2026 Consolidated Accounts.xlsx
2026-02,2026-02-28,ZAAC,SCI,Taxation,Management Expense,detail,management_expense,0.0,0.0,SCI Detailed,126,Feb 2026 Consolidated Accounts.xlsx
2026-02,2026-02-28,ZAMRE,SCI,Taxation,Management Expense,detail,management_expense,0.0,0.0,SCI Detailed,126,Feb 2026 Consolidated Accounts.xlsx
2026-02,2026-02-28,ZARIB,SCI,Taxation,Management Expense,detail,management_expense,0.0,0.0,SCI Detailed,126,Feb 2026 Consolidated Accounts.xlsx
2026-02,2026-02-28,MALAWI,SCI,Taxation,Management Expense,detail,management_expense,2829088.69,2829088.69,SCI Detailed,126,Feb 2026 Consolidated Accounts.xlsx
2026-02,2026-02-28,MENA,SCI,Taxation,Management Expense,detail,management_expense,0.0,0.0,SCI Detailed,126,Feb 2026 Consolidated Accounts.xlsx
2026-02,2026-02-28,NIGERIA,SCI,Taxation,Management Expense,detail,management_expense,0.0,0.0,SCI Detailed,126,Feb 2026 Consolidated Accounts.xlsx
2026-02,2026-02-28,RWANDA,SCI,Taxation,Management Expense,detail,management_expense,0.0,0.0,SCI Detailed,126,Feb 2026 Consolidated Accounts.xlsx
2026-02,2026-02-28,ZHL,SCI,Taxation,Management Expense,detail,management_expense,0.0,0.0,SCI Detailed,126,Feb 2026 Consolidated Accounts.xlsx
2026-02,2026-02-28,ZATL,SCI,Taxation,Management Expense,detail,management_expense,221872.86,221872.86,SCI Detailed,126,Feb 2026 Consolidated Accounts.xlsx
2026-02,2026-02-28,DRC,SCI,Taxation,Management Expense,detail,management_expense,316155.12,316155.12,SCI Detailed,126,Feb 2026 Consolidated Accounts.xlsx
2026-02,2026-02-28,C&P,SCI,Taxation,Management Expense,detail,management_expense,0.0,0.0,SCI Detailed,126,Feb 2026 Consolidated Accounts.xlsx
2026-02,2026-02-28,ZAAC,SCI,Taxation,(group_subtotal),group_subtotal,,0.0,0.0,SCI Detailed,127,Feb 2026 Consolidated Accounts.xlsx
2026-02,2026-02-28,ZAMRE,SCI,Taxation,(group_subtotal),group_subtotal,,0.0,0.0,SCI Detailed,127,Feb 2026 Consolidated Accounts.xlsx
2026-02,2026-02-28,ZARIB,SCI,Taxation,(group_subtotal),group_subtotal,,0.0,0.0,SCI Detailed,127,Feb 2026 Consolidated Accounts.xlsx
2026-02,2026-02-28,MALAWI,SCI,Taxation,(group_subtotal),group_subtotal,,2829088.69,2829088.69,SCI Detailed,127,Feb 2026 Consolidated Accounts.xlsx
2026-02,2026-02-28,MENA,SCI,Taxation,(group_subtotal),group_subtotal,,0.0,0.0,SCI Detailed,127,Feb 2026 Consolidated Accounts.xlsx
2026-02,2026-02-28,NIGERIA,SCI,Taxation,(group_subtotal),group_subtotal,,0.0,0.0,SCI Detailed,127,Feb 2026 Consolidated Accounts.xlsx
2026-02,2026-02-28,RWANDA,SCI,Taxation,(group_subtotal),group_subtotal,,0.0,0.0,SCI Detailed,127,Feb 2026 Consolidated Accounts.xlsx
2026-02,2026-02-28,ZHL,SCI,Taxation,(group_subtotal),group_subtotal,,0.0,0.0,SCI Detailed,127,Feb 2026 Consolidated Accounts.xlsx
2026-02,2026-02-28,ZATL,SCI,Taxation,(group_subtotal),group_subtotal,,221872.86,221872.86,SCI Detailed,127,Feb 2026 Consolidated Accounts.xlsx
2026-02,2026-02-28,DRC,SCI,Taxation,(group_subtotal),group_subtotal,,316155.12,316155.12,SCI Detailed,127,Feb 2026 Consolidated Accounts.xlsx
2026-02,2026-02-28,C&P,SCI,Taxation,(group_subtotal),group_subtotal,,0.0,0.0,SCI Detailed,127,Feb 2026 Consolidated Accounts.xlsx
2026-02,2026-02-28,ZAAC,SCI,Taxation,Total Expenses,total,,145327319.55,145327319.55,SCI Detailed,130,Feb 2026 Consolidated Accounts.xlsx
2026-02,2026-02-28,ZAMRE,SCI,Taxation,Total Expenses,total,,6232552.81,6232552.81,SCI Detailed,130,Feb 2026 Consolidated Accounts.xlsx
2026-02,2026-02-28,ZARIB,SCI,Taxation,Total Expenses,total,,79769644.3,79769644.3,SCI Detailed,130,Feb 2026 Consolidated Accounts.xlsx
2026-02,2026-02-28,MALAWI,SCI,Taxation,Total Expenses,total,,18181406.66,18181406.66,SCI Detailed,130,Feb 2026 Consolidated Accounts.xlsx
2026-02,2026-02-28,MENA,SCI,Taxation,Total Expenses,total,,14573021.68,14573021.68,SCI Detailed,130,Feb 2026 Consolidated Accounts.xlsx
2026-02,2026-02-28,NIGERIA,SCI,Taxation,Total Expenses,total,,7433190.13,7433190.13,SCI Detailed,130,Feb 2026 Consolidated Accounts.xlsx
2026-02,2026-02-28,RWANDA,SCI,Taxation,Total Expenses,total,,8928941.42,8928941.42,SCI Detailed,130,Feb 2026 Consolidated Accounts.xlsx
2026-02,2026-02-28,ZHL,SCI,Taxation,Total Expenses,total,,309773.34,309773.34,SCI Detailed,130,Feb 2026 Consolidated Accounts.xlsx
2026-02,2026-02-28,ZATL,SCI,Taxation,Total Expenses,total,,1863207.03,1863207.03,SCI Detailed,130,Feb 2026 Consolidated Accounts.xlsx
2026-02,2026-02-28,DRC,SCI,Taxation,Total Expenses,total,,13706563.16,13706563.16,SCI Detailed,130,Feb 2026 Consolidated Accounts.xlsx
2026-02,2026-02-28,C&P,SCI,Taxation,Total Expenses,total,,1725101.82,1725101.82,SCI Detailed,130,Feb 2026 Consolidated Accounts.xlsx
2026-02,2026-02-28,ZAAC,SCI,Taxation,Profit Before Tax,total,,-73031007.74,-73031007.74,SCI Detailed,132,Feb 2026 Consolidated Accounts.xlsx
2026-02,2026-02-28,ZAMRE,SCI,Taxation,Profit Before Tax,total,,-7958698.35,-7958698.35,SCI Detailed,132,Feb 2026 Consolidated Accounts.xlsx
2026-02,2026-02-28,ZARIB,SCI,Taxation,Profit Before Tax,total,,-439560110.0,-439560110.0,SCI Detailed,132,Feb 2026 Consolidated Accounts.xlsx
2026-02,2026-02-28,MALAWI,SCI,Taxation,Profit Before Tax,total,,-20011548.4,-20011548.4,SCI Detailed,132,Feb 2026 Consolidated Accounts.xlsx
2026-02,2026-02-28,MENA,SCI,Taxation,Profit Before Tax,total,,34503.65,34503.65,SCI Detailed,132,Feb 2026 Consolidated Accounts.xlsx
2026-02,2026-02-28,NIGERIA,SCI,Taxation,Profit Before Tax,total,,-5619551.14,-5619551.14,SCI Detailed,132,Feb 2026 Consolidated Accounts.xlsx
2026-02,2026-02-28,RWANDA,SCI,Taxation,Profit Before Tax,total,,343042.52,343042.52,SCI Detailed,132,Feb 2026 Consolidated Accounts.xlsx
2026-02,2026-02-28,ZHL,SCI,Taxation,Profit Before Tax,total,,256309.74,256309.74,SCI Detailed,132,Feb 2026 Consolidated Accounts.xlsx
2026-02,2026-02-28,ZATL,SCI,Taxation,Profit Before Tax,total,,-220623.99,-220623.99,SCI Detailed,132,Feb 2026 Consolidated Accounts.xlsx
2026-02,2026-02-28,DRC,SCI,Taxation,Profit Before Tax,total,,6108455.09,6108455.09,SCI Detailed,132,Feb 2026 Consolidated Accounts.xlsx
2026-02,2026-02-28,C&P,SCI,Taxation,Profit Before Tax,total,,-6397025.01,-6397025.01,SCI Detailed,132,Feb 2026 Consolidated Accounts.xlsx
2026-02,2026-02-28,ZAAC,SCI,Taxation,Profit Before Tax,total,,-51121669.42,-51121669.42,SCI Detailed,134,Feb 2026 Consolidated Accounts.xlsx
2026-02,2026-02-28,ZAMRE,SCI,Taxation,Profit Before Tax,total,,-5571088.85,-5571088.85,SCI Detailed,134,Feb 2026 Consolidated Accounts.xlsx
2026-02,2026-02-28,ZARIB,SCI,Taxation,Profit Before Tax,total,,-306529489.28,-306529489.28,SCI Detailed,134,Feb 2026 Consolidated Accounts.xlsx
2026-02,2026-02-28,MALAWI,SCI,Taxation,Profit Before Tax,total,,-13136221.52,-13136221.52,SCI Detailed,134,Feb 2026 Consolidated Accounts.xlsx
2026-02,2026-02-28,MENA,SCI,Taxation,Profit Before Tax,total,,34503.65,34503.65,SCI Detailed,134,Feb 2026 Consolidated Accounts.xlsx
2026-02,2026-02-28,NIGERIA,SCI,Taxation,Profit Before Tax,total,,-5619551.14,-5619551.14,SCI Detailed,134,Feb 2026 Consolidated Accounts.xlsx
2026-02,2026-02-28,RWANDA,SCI,Taxation,Profit Before Tax,total,,343042.52,343042.52,SCI Detailed,134,Feb 2026 Consolidated Accounts.xlsx
2026-02,2026-02-28,ZHL,SCI,Taxation,Profit Before Tax,total,,256309.74,256309.74,SCI Detailed,134,Feb 2026 Consolidated Accounts.xlsx
2026-02,2026-02-28,ZATL,SCI,Taxation,Profit Before Tax,total,,-220623.99,-220623.99,SCI Detailed,134,Feb 2026 Consolidated Accounts.xlsx
2026-02,2026-02-28,DRC,SCI,Taxation,Profit Before Tax,total,,6108455.09,6108455.09,SCI Detailed,134,Feb 2026 Consolidated Accounts.xlsx
2026-02,2026-02-28,C&P,SCI,Taxation,Profit Before Tax,total,,-4477917.5,-4477917.5,SCI Detailed,134,Feb 2026 Consolidated Accounts.xlsx
2026-02,2026-02-28,ZAAC,SCI,Taxation,Profit as per management accounts,total,,73031007.54,73031007.54,SCI Detailed,136,Feb 2026 Consolidated Accounts.xlsx
2026-02,2026-02-28,ZAMRE,SCI,Taxation,Profit as per management accounts,total,,7958699.0,7958699.0,SCI Detailed,136,Feb 2026 Consolidated Accounts.xlsx
2026-02,2026-02-28,ZARIB,SCI,Taxation,Profit as per management accounts,total,,439560110.0,439560110.0,SCI Detailed,136,Feb 2026 Consolidated Accounts.xlsx
2026-02,2026-02-28,MALAWI,SCI,Taxation,Profit as per management accounts,total,,20003844.0,20003844.0,SCI Detailed,136,Feb 2026 Consolidated Accounts.xlsx
2026-02,2026-02-28,MENA,SCI,Taxation,Profit as per management accounts,total,,11650.0,11650.0,SCI Detailed,136,Feb 2026 Consolidated Accounts.xlsx
2026-02,2026-02-28,NIGERIA,SCI,Taxation,Profit as per management accounts,total,,5648430.0,5648430.0,SCI Detailed,136,Feb 2026 Consolidated Accounts.xlsx
2026-02,2026-02-28,RWANDA,SCI,Taxation,Profit as per management accounts,total,,-350373.0,-350373.0,SCI Detailed,136,Feb 2026 Consolidated Accounts.xlsx
2026-02,2026-02-28,ZHL,SCI,Taxation,Profit as per management accounts,total,,-255976.0,-255976.0,SCI Detailed,136,Feb 2026 Consolidated Accounts.xlsx
2026-02,2026-02-28,ZATL,SCI,Taxation,Profit as per management accounts,total,,220624.0,220624.0,SCI Detailed,136,Feb 2026 Consolidated Accounts.xlsx
2026-02,2026-02-28,DRC,SCI,Taxation,Profit as per management accounts,total,,-5792238.0,-5792238.0,SCI Detailed,136,Feb 2026 Consolidated Accounts.xlsx
2026-02,2026-02-28,C&P,SCI,Taxation,Profit as per management accounts,total,,6397025.01,6397025.01,SCI Detailed,136,Feb 2026 Consolidated Accounts.xlsx
2026-02,2026-02-28,ZAAC,SCI,Taxation,Variance,total,,-0.21,-0.21,SCI Detailed,138,Feb 2026 Consolidated Accounts.xlsx
2026-02,2026-02-28,ZAMRE,SCI,Taxation,Variance,total,,0.65,0.65,SCI Detailed,138,Feb 2026 Consolidated Accounts.xlsx
2026-02,2026-02-28,ZARIB,SCI,Taxation,Variance,total,,0.0,0.0,SCI Detailed,138,Feb 2026 Consolidated Accounts.xlsx
2026-02,2026-02-28,MALAWI,SCI,Taxation,Variance,total,,-7704.4,-7704.4,SCI Detailed,138,Feb 2026 Consolidated Accounts.xlsx
2026-02,2026-02-28,MENA,SCI,Taxation,Variance,total,,46153.65,46153.65,SCI Detailed,138,Feb 2026 Consolidated Accounts.xlsx
2026-02,2026-02-28,NIGERIA,SCI,Taxation,Variance,total,,28878.86,28878.86,SCI Detailed,138,Feb 2026 Consolidated Accounts.xlsx
2026-02,2026-02-28,RWANDA,SCI,Taxation,Variance,total,,-7330.48,-7330.48,SCI Detailed,138,Feb 2026 Consolidated Accounts.xlsx
2026-02,2026-02-28,ZHL,SCI,Taxation,Variance,total,,333.74,333.74,SCI Detailed,138,Feb 2026 Consolidated Accounts.xlsx
2026-02,2026-02-28,ZATL,SCI,Taxation,Variance,total,,0.01,0.01,SCI Detailed,138,Feb 2026 Consolidated Accounts.xlsx
2026-02,2026-02-28,DRC,SCI,Taxation,Variance,total,,316217.09,316217.09,SCI Detailed,138,Feb 2026 Consolidated Accounts.xlsx
2026-02,2026-02-28,C&P,SCI,Taxation,Variance,total,,0.0,0.0,SCI Detailed,138,Feb 2026 Consolidated Accounts.xlsx
2026-02,2026-02-28,ZAAC,SFP,Non-Current Assets,"Property, Plant and Equipment",detail,ppe,99214380.27,99214380.27,SFP Detailed,8,Feb 2026 Consolidated Accounts.xlsx
2026-02,2026-02-28,ZAMRE,SFP,Non-Current Assets,"Property, Plant and Equipment",detail,ppe,0.0,0.0,SFP Detailed,8,Feb 2026 Consolidated Accounts.xlsx
2026-02,2026-02-28,ZARIB,SFP,Non-Current Assets,"Property, Plant and Equipment",detail,ppe,66897548.65,66897548.65,SFP Detailed,8,Feb 2026 Consolidated Accounts.xlsx
2026-02,2026-02-28,MALAWI,SFP,Non-Current Assets,"Property, Plant and Equipment",detail,ppe,13749387.61,13749387.61,SFP Detailed,8,Feb 2026 Consolidated Accounts.xlsx
2026-02,2026-02-28,MENA,SFP,Non-Current Assets,"Property, Plant and Equipment",detail,ppe,1310508.14,1310508.14,SFP Detailed,8,Feb 2026 Consolidated Accounts.xlsx
2026-02,2026-02-28,NIGERIA,SFP,Non-Current Assets,"Property, Plant and Equipment",detail,ppe,3650159.16,3650159.16,SFP Detailed,8,Feb 2026 Consolidated Accounts.xlsx
2026-02,2026-02-28,RWANDA,SFP,Non-Current Assets,"Property, Plant and Equipment",detail,ppe,9292884.56,9292884.56,SFP Detailed,8,Feb 2026 Consolidated Accounts.xlsx
2026-02,2026-02-28,ZHL,SFP,Non-Current Assets,"Property, Plant and Equipment",detail,ppe,0.0,0.0,SFP Detailed,8,Feb 2026 Consolidated Accounts.xlsx
2026-02,2026-02-28,ZATL,SFP,Non-Current Assets,"Property, Plant and Equipment",detail,ppe,326333.43,326333.43,SFP Detailed,8,Feb 2026 Consolidated Accounts.xlsx
2026-02,2026-02-28,DRC,SFP,Non-Current Assets,"Property, Plant and Equipment",detail,ppe,12210284.85,12210284.85,SFP Detailed,8,Feb 2026 Consolidated Accounts.xlsx
2026-02,2026-02-28,C&P,SFP,Non-Current Assets,"Property, Plant and Equipment",detail,ppe,0.0,0.0,SFP Detailed,8,Feb 2026 Consolidated Accounts.xlsx
2026-02,2026-02-28,ZAAC,SFP,Non-Current Assets,Intangible assets - computer software,detail,computer_software,22525357.28,22525357.28,SFP Detailed,9,Feb 2026 Consolidated Accounts.xlsx
2026-02,2026-02-28,ZAMRE,SFP,Non-Current Assets,Intangible assets - computer software,detail,computer_software,4408000.0,4408000.0,SFP Detailed,9,Feb 2026 Consolidated Accounts.xlsx
2026-02,2026-02-28,ZARIB,SFP,Non-Current Assets,Intangible assets - computer software,detail,computer_software,16888695.68,16888695.68,SFP Detailed,9,Feb 2026 Consolidated Accounts.xlsx
2026-02,2026-02-28,MALAWI,SFP,Non-Current Assets,Intangible assets - computer software,detail,computer_software,10148233.49,10148233.49,SFP Detailed,9,Feb 2026 Consolidated Accounts.xlsx
2026-02,2026-02-28,MENA,SFP,Non-Current Assets,Intangible assets - computer software,detail,computer_software,0.0,0.0,SFP Detailed,9,Feb 2026 Consolidated Accounts.xlsx
2026-02,2026-02-28,NIGERIA,SFP,Non-Current Assets,Intangible assets - computer software,detail,computer_software,0.0,0.0,SFP Detailed,9,Feb 2026 Consolidated Accounts.xlsx
2026-02,2026-02-28,RWANDA,SFP,Non-Current Assets,Intangible assets - computer software,detail,computer_software,3546023.9,3546023.9,SFP Detailed,9,Feb 2026 Consolidated Accounts.xlsx
2026-02,2026-02-28,ZHL,SFP,Non-Current Assets,Intangible assets - computer software,detail,computer_software,0.0,0.0,SFP Detailed,9,Feb 2026 Consolidated Accounts.xlsx
2026-02,2026-02-28,ZATL,SFP,Non-Current Assets,Intangible assets - computer software,detail,computer_software,0.0,0.0,SFP Detailed,9,Feb 2026 Consolidated Accounts.xlsx
2026-02,2026-02-28,DRC,SFP,Non-Current Assets,Intangible assets - computer software,detail,computer_software,0.0,0.0,SFP Detailed,9,Feb 2026 Consolidated Accounts.xlsx
2026-02,2026-02-28,C&P,SFP,Non-Current Assets,Intangible assets - computer software,detail,computer_software,0.0,0.0,SFP Detailed,9,Feb 2026 Consolidated Accounts.xlsx
2026-02,2026-02-28,ZAAC,SFP,Non-Current Assets,Intangible assets - goodwill,detail,goodwill,3771579.6,3771579.6,SFP Detailed,10,Feb 2026 Consolidated Accounts.xlsx
2026-02,2026-02-28,ZAMRE,SFP,Non-Current Assets,Intangible assets - goodwill,detail,goodwill,0.0,0.0,SFP Detailed,10,Feb 2026 Consolidated Accounts.xlsx
2026-02,2026-02-28,ZARIB,SFP,Non-Current Assets,Intangible assets - goodwill,detail,goodwill,0.0,0.0,SFP Detailed,10,Feb 2026 Consolidated Accounts.xlsx
2026-02,2026-02-28,MALAWI,SFP,Non-Current Assets,Intangible assets - goodwill,detail,goodwill,0.0,0.0,SFP Detailed,10,Feb 2026 Consolidated Accounts.xlsx
2026-02,2026-02-28,MENA,SFP,Non-Current Assets,Intangible assets - goodwill,detail,goodwill,0.0,0.0,SFP Detailed,10,Feb 2026 Consolidated Accounts.xlsx
2026-02,2026-02-28,NIGERIA,SFP,Non-Current Assets,Intangible assets - goodwill,detail,goodwill,0.0,0.0,SFP Detailed,10,Feb 2026 Consolidated Accounts.xlsx
2026-02,2026-02-28,RWANDA,SFP,Non-Current Assets,Intangible assets - goodwill,detail,goodwill,0.0,0.0,SFP Detailed,10,Feb 2026 Consolidated Accounts.xlsx
2026-02,2026-02-28,ZHL,SFP,Non-Current Assets,Intangible assets - goodwill,detail,goodwill,0.0,0.0,SFP Detailed,10,Feb 2026 Consolidated Accounts.xlsx
2026-02,2026-02-28,ZATL,SFP,Non-Current Assets,Intangible assets - goodwill,detail,goodwill,0.0,0.0,SFP Detailed,10,Feb 2026 Consolidated Accounts.xlsx
2026-02,2026-02-28,DRC,SFP,Non-Current Assets,Intangible assets - goodwill,detail,goodwill,0.0,0.0,SFP Detailed,10,Feb 2026 Consolidated Accounts.xlsx
2026-02,2026-02-28,C&P,SFP,Non-Current Assets,Intangible assets - goodwill,detail,goodwill,0.0,0.0,SFP Detailed,10,Feb 2026 Consolidated Accounts.xlsx
2026-02,2026-02-28,ZAAC,SFP,Non-Current Assets,Investment in associate,detail,investment_in_associate,0.0,0.0,SFP Detailed,11,Feb 2026 Consolidated Accounts.xlsx
2026-02,2026-02-28,ZAMRE,SFP,Non-Current Assets,Investment in associate,detail,investment_in_associate,0.0,0.0,SFP Detailed,11,Feb 2026 Consolidated Accounts.xlsx
2026-02,2026-02-28,ZARIB,SFP,Non-Current Assets,Investment in associate,detail,investment_in_associate,0.0,0.0,SFP Detailed,11,Feb 2026 Consolidated Accounts.xlsx
2026-02,2026-02-28,MALAWI,SFP,Non-Current Assets,Investment in associate,detail,investment_in_associate,0.0,0.0,SFP Detailed,11,Feb 2026 Consolidated Accounts.xlsx
2026-02,2026-02-28,MENA,SFP,Non-Current Assets,Investment in associate,detail,investment_in_associate,0.0,0.0,SFP Detailed,11,Feb 2026 Consolidated Accounts.xlsx
2026-02,2026-02-28,NIGERIA,SFP,Non-Current Assets,Investment in associate,detail,investment_in_associate,0.0,0.0,SFP Detailed,11,Feb 2026 Consolidated Accounts.xlsx
2026-02,2026-02-28,RWANDA,SFP,Non-Current Assets,Investment in associate,detail,investment_in_associate,0.0,0.0,SFP Detailed,11,Feb 2026 Consolidated Accounts.xlsx
2026-02,2026-02-28,ZHL,SFP,Non-Current Assets,Investment in associate,detail,investment_in_associate,15969831.66,15969831.66,SFP Detailed,11,Feb 2026 Consolidated Accounts.xlsx
2026-02,2026-02-28,ZATL,SFP,Non-Current Assets,Investment in associate,detail,investment_in_associate,0.0,0.0,SFP Detailed,11,Feb 2026 Consolidated Accounts.xlsx
2026-02,2026-02-28,DRC,SFP,Non-Current Assets,Investment in associate,detail,investment_in_associate,0.0,0.0,SFP Detailed,11,Feb 2026 Consolidated Accounts.xlsx
2026-02,2026-02-28,C&P,SFP,Non-Current Assets,Investment in associate,detail,investment_in_associate,0.0,0.0,SFP Detailed,11,Feb 2026 Consolidated Accounts.xlsx
2026-02,2026-02-28,ZAAC,SFP,Non-Current Assets,Investment in unquoted equity securities,detail,investment_unquoted_equity,0.0,0.0,SFP Detailed,12,Feb 2026 Consolidated Accounts.xlsx
2026-02,2026-02-28,ZAMRE,SFP,Non-Current Assets,Investment in unquoted equity securities,detail,investment_unquoted_equity,0.0,0.0,SFP Detailed,12,Feb 2026 Consolidated Accounts.xlsx
2026-02,2026-02-28,ZARIB,SFP,Non-Current Assets,Investment in unquoted equity securities,detail,investment_unquoted_equity,0.0,0.0,SFP Detailed,12,Feb 2026 Consolidated Accounts.xlsx
2026-02,2026-02-28,MALAWI,SFP,Non-Current Assets,Investment in unquoted equity securities,detail,investment_unquoted_equity,0.0,0.0,SFP Detailed,12,Feb 2026 Consolidated Accounts.xlsx
2026-02,2026-02-28,MENA,SFP,Non-Current Assets,Investment in unquoted equity securities,detail,investment_unquoted_equity,0.0,0.0,SFP Detailed,12,Feb 2026 Consolidated Accounts.xlsx
2026-02,2026-02-28,NIGERIA,SFP,Non-Current Assets,Investment in unquoted equity securities,detail,investment_unquoted_equity,1302480.0,1302480.0,SFP Detailed,12,Feb 2026 Consolidated Accounts.xlsx
2026-02,2026-02-28,RWANDA,SFP,Non-Current Assets,Investment in unquoted equity securities,detail,investment_unquoted_equity,0.0,0.0,SFP Detailed,12,Feb 2026 Consolidated Accounts.xlsx
2026-02,2026-02-28,ZHL,SFP,Non-Current Assets,Investment in unquoted equity securities,detail,investment_unquoted_equity,0.0,0.0,SFP Detailed,12,Feb 2026 Consolidated Accounts.xlsx
2026-02,2026-02-28,ZATL,SFP,Non-Current Assets,Investment in unquoted equity securities,detail,investment_unquoted_equity,0.0,0.0,SFP Detailed,12,Feb 2026 Consolidated Accounts.xlsx
2026-02,2026-02-28,DRC,SFP,Non-Current Assets,Investment in unquoted equity securities,detail,investment_unquoted_equity,0.0,0.0,SFP Detailed,12,Feb 2026 Consolidated Accounts.xlsx
2026-02,2026-02-28,C&P,SFP,Non-Current Assets,Investment in unquoted equity securities,detail,investment_unquoted_equity,0.0,0.0,SFP Detailed,12,Feb 2026 Consolidated Accounts.xlsx
2026-02,2026-02-28,ZAAC,SFP,Non-Current Assets,Deposit for investment in subsidiary,detail,deposit_for_investment_in_subsidiary,36808446.31,36808446.31,SFP Detailed,13,Feb 2026 Consolidated Accounts.xlsx
2026-02,2026-02-28,ZAMRE,SFP,Non-Current Assets,Deposit for investment in subsidiary,detail,deposit_for_investment_in_subsidiary,0.0,0.0,SFP Detailed,13,Feb 2026 Consolidated Accounts.xlsx
2026-02,2026-02-28,ZARIB,SFP,Non-Current Assets,Deposit for investment in subsidiary,detail,deposit_for_investment_in_subsidiary,1060688.0,1060688.0,SFP Detailed,13,Feb 2026 Consolidated Accounts.xlsx
2026-02,2026-02-28,MALAWI,SFP,Non-Current Assets,Deposit for investment in subsidiary,detail,deposit_for_investment_in_subsidiary,0.0,0.0,SFP Detailed,13,Feb 2026 Consolidated Accounts.xlsx
2026-02,2026-02-28,MENA,SFP,Non-Current Assets,Deposit for investment in subsidiary,detail,deposit_for_investment_in_subsidiary,0.0,0.0,SFP Detailed,13,Feb 2026 Consolidated Accounts.xlsx
2026-02,2026-02-28,NIGERIA,SFP,Non-Current Assets,Deposit for investment in subsidiary,detail,deposit_for_investment_in_subsidiary,0.0,0.0,SFP Detailed,13,Feb 2026 Consolidated Accounts.xlsx
2026-02,2026-02-28,RWANDA,SFP,Non-Current Assets,Deposit for investment in subsidiary,detail,deposit_for_investment_in_subsidiary,0.0,0.0,SFP Detailed,13,Feb 2026 Consolidated Accounts.xlsx
2026-02,2026-02-28,ZHL,SFP,Non-Current Assets,Deposit for investment in subsidiary,detail,deposit_for_investment_in_subsidiary,1278387321.58,1278387321.58,SFP Detailed,13,Feb 2026 Consolidated Accounts.xlsx
2026-02,2026-02-28,ZATL,SFP,Non-Current Assets,Deposit for investment in subsidiary,detail,deposit_for_investment_in_subsidiary,0.0,0.0,SFP Detailed,13,Feb 2026 Consolidated Accounts.xlsx
2026-02,2026-02-28,DRC,SFP,Non-Current Assets,Deposit for investment in subsidiary,detail,deposit_for_investment_in_subsidiary,0.0,0.0,SFP Detailed,13,Feb 2026 Consolidated Accounts.xlsx
2026-02,2026-02-28,C&P,SFP,Non-Current Assets,Deposit for investment in subsidiary,detail,deposit_for_investment_in_subsidiary,0.0,0.0,SFP Detailed,13,Feb 2026 Consolidated Accounts.xlsx
2026-02,2026-02-28,ZAAC,SFP,Non-Current Assets,Deferred tax,detail,deferred_tax,15764930.24,15764930.24,SFP Detailed,14,Feb 2026 Consolidated Accounts.xlsx
2026-02,2026-02-28,ZAMRE,SFP,Non-Current Assets,Deferred tax,detail,deferred_tax,0.0,0.0,SFP Detailed,14,Feb 2026 Consolidated Accounts.xlsx
2026-02,2026-02-28,ZARIB,SFP,Non-Current Assets,Deferred tax,detail,deferred_tax,31050038.23,31050038.23,SFP Detailed,14,Feb 2026 Consolidated Accounts.xlsx
2026-02,2026-02-28,MALAWI,SFP,Non-Current Assets,Deferred tax,detail,deferred_tax,281393.09,281393.09,SFP Detailed,14,Feb 2026 Consolidated Accounts.xlsx
2026-02,2026-02-28,MENA,SFP,Non-Current Assets,Deferred tax,detail,deferred_tax,0.0,0.0,SFP Detailed,14,Feb 2026 Consolidated Accounts.xlsx
2026-02,2026-02-28,NIGERIA,SFP,Non-Current Assets,Deferred tax,detail,deferred_tax,1640.16,1640.16,SFP Detailed,14,Feb 2026 Consolidated Accounts.xlsx
2026-02,2026-02-28,RWANDA,SFP,Non-Current Assets,Deferred tax,detail,deferred_tax,-360174.76,-360174.76,SFP Detailed,14,Feb 2026 Consolidated Accounts.xlsx
2026-02,2026-02-28,ZHL,SFP,Non-Current Assets,Deferred tax,detail,deferred_tax,0.0,0.0,SFP Detailed,14,Feb 2026 Consolidated Accounts.xlsx
2026-02,2026-02-28,ZATL,SFP,Non-Current Assets,Deferred tax,detail,deferred_tax,-22547.07,-22547.07,SFP Detailed,14,Feb 2026 Consolidated Accounts.xlsx
2026-02,2026-02-28,DRC,SFP,Non-Current Assets,Deferred tax,detail,deferred_tax,0.0,0.0,SFP Detailed,14,Feb 2026 Consolidated Accounts.xlsx
2026-02,2026-02-28,C&P,SFP,Non-Current Assets,Deferred tax,detail,deferred_tax,4287361.0,4287361.0,SFP Detailed,14,Feb 2026 Consolidated Accounts.xlsx
2026-02,2026-02-28,ZAAC,SFP,Current Assets,Trade Receivables (Debtors),detail,trade_receivables,540231295.44,540231295.44,SFP Detailed,17,Feb 2026 Consolidated Accounts.xlsx
2026-02,2026-02-28,ZAMRE,SFP,Current Assets,Trade Receivables (Debtors),detail,trade_receivables,24275213.0,24275213.0,SFP Detailed,17,Feb 2026 Consolidated Accounts.xlsx
2026-02,2026-02-28,ZARIB,SFP,Current Assets,Trade Receivables (Debtors),detail,trade_receivables,409667315.24,409667315.24,SFP Detailed,17,Feb 2026 Consolidated Accounts.xlsx
2026-02,2026-02-28,MALAWI,SFP,Current Assets,Trade Receivables (Debtors),detail,trade_receivables,138770734.52,138770734.52,SFP Detailed,17,Feb 2026 Consolidated Accounts.xlsx
2026-02,2026-02-28,MENA,SFP,Current Assets,Trade Receivables (Debtors),detail,trade_receivables,91943873.41,91943873.41,SFP Detailed,17,Feb 2026 Consolidated Accounts.xlsx
2026-02,2026-02-28,NIGERIA,SFP,Current Assets,Trade Receivables (Debtors),detail,trade_receivables,24775633.31,24775633.31,SFP Detailed,17,Feb 2026 Consolidated Accounts.xlsx
2026-02,2026-02-28,RWANDA,SFP,Current Assets,Trade Receivables (Debtors),detail,trade_receivables,6873301.75,6873301.75,SFP Detailed,17,Feb 2026 Consolidated Accounts.xlsx
2026-02,2026-02-28,ZHL,SFP,Current Assets,Trade Receivables (Debtors),detail,trade_receivables,1.0,1.0,SFP Detailed,17,Feb 2026 Consolidated Accounts.xlsx
2026-02,2026-02-28,ZATL,SFP,Current Assets,Trade Receivables (Debtors),detail,trade_receivables,2822421.22,2822421.22,SFP Detailed,17,Feb 2026 Consolidated Accounts.xlsx
2026-02,2026-02-28,DRC,SFP,Current Assets,Trade Receivables (Debtors),detail,trade_receivables,41178686.36,41178686.36,SFP Detailed,17,Feb 2026 Consolidated Accounts.xlsx
2026-02,2026-02-28,C&P,SFP,Current Assets,Trade Receivables (Debtors),detail,trade_receivables,32146903.84,32146903.84,SFP Detailed,17,Feb 2026 Consolidated Accounts.xlsx
2026-02,2026-02-28,ZAAC,SFP,Current Assets,Premium Receivables,detail,premium_receivables,0.0,0.0,SFP Detailed,18,Feb 2026 Consolidated Accounts.xlsx
2026-02,2026-02-28,ZAMRE,SFP,Current Assets,Premium Receivables,detail,premium_receivables,125392104.85,125392104.85,SFP Detailed,18,Feb 2026 Consolidated Accounts.xlsx
2026-02,2026-02-28,ZARIB,SFP,Current Assets,Premium Receivables,detail,premium_receivables,1504822858.5,1504822858.5,SFP Detailed,18,Feb 2026 Consolidated Accounts.xlsx
2026-02,2026-02-28,MALAWI,SFP,Current Assets,Premium Receivables,detail,premium_receivables,0.0,0.0,SFP Detailed,18,Feb 2026 Consolidated Accounts.xlsx
2026-02,2026-02-28,MENA,SFP,Current Assets,Premium Receivables,detail,premium_receivables,0.0,0.0,SFP Detailed,18,Feb 2026 Consolidated Accounts.xlsx
2026-02,2026-02-28,NIGERIA,SFP,Current Assets,Premium Receivables,detail,premium_receivables,0.0,0.0,SFP Detailed,18,Feb 2026 Consolidated Accounts.xlsx
2026-02,2026-02-28,RWANDA,SFP,Current Assets,Premium Receivables,detail,premium_receivables,0.0,0.0,SFP Detailed,18,Feb 2026 Consolidated Accounts.xlsx
2026-02,2026-02-28,ZHL,SFP,Current Assets,Premium Receivables,detail,premium_receivables,0.0,0.0,SFP Detailed,18,Feb 2026 Consolidated Accounts.xlsx
2026-02,2026-02-28,ZATL,SFP,Current Assets,Premium Receivables,detail,premium_receivables,0.0,0.0,SFP Detailed,18,Feb 2026 Consolidated Accounts.xlsx
2026-02,2026-02-28,DRC,SFP,Current Assets,Premium Receivables,detail,premium_receivables,0.0,0.0,SFP Detailed,18,Feb 2026 Consolidated Accounts.xlsx
2026-02,2026-02-28,C&P,SFP,Current Assets,Premium Receivables,detail,premium_receivables,0.0,0.0,SFP Detailed,18,Feb 2026 Consolidated Accounts.xlsx
2026-02,2026-02-28,ZAAC,SFP,Current Assets,Other Receivables,detail,other_receivables,46314100.36,46314100.36,SFP Detailed,19,Feb 2026 Consolidated Accounts.xlsx
2026-02,2026-02-28,ZAMRE,SFP,Current Assets,Other Receivables,detail,other_receivables,54010.35,54010.35,SFP Detailed,19,Feb 2026 Consolidated Accounts.xlsx
2026-02,2026-02-28,ZARIB,SFP,Current Assets,Other Receivables,detail,other_receivables,-34348729.68,-34348729.68,SFP Detailed,19,Feb 2026 Consolidated Accounts.xlsx
2026-02,2026-02-28,MALAWI,SFP,Current Assets,Other Receivables,detail,other_receivables,8160388.4,8160388.4,SFP Detailed,19,Feb 2026 Consolidated Accounts.xlsx
2026-02,2026-02-28,MENA,SFP,Current Assets,Other Receivables,detail,other_receivables,7895466.8,7895466.8,SFP Detailed,19,Feb 2026 Consolidated Accounts.xlsx
2026-02,2026-02-28,NIGERIA,SFP,Current Assets,Other Receivables,detail,other_receivables,8737892.87,8737892.87,SFP Detailed,19,Feb 2026 Consolidated Accounts.xlsx
2026-02,2026-02-28,RWANDA,SFP,Current Assets,Other Receivables,detail,other_receivables,2979231.97,2979231.97,SFP Detailed,19,Feb 2026 Consolidated Accounts.xlsx
2026-02,2026-02-28,ZHL,SFP,Current Assets,Other Receivables,detail,other_receivables,350685.52,350685.52,SFP Detailed,19,Feb 2026 Consolidated Accounts.xlsx
2026-02,2026-02-28,ZATL,SFP,Current Assets,Other Receivables,detail,other_receivables,180388.99,180388.99,SFP Detailed,19,Feb 2026 Consolidated Accounts.xlsx
2026-02,2026-02-28,DRC,SFP,Current Assets,Other Receivables,detail,other_receivables,11024875.26,11024875.26,SFP Detailed,19,Feb 2026 Consolidated Accounts.xlsx
2026-02,2026-02-28,C&P,SFP,Current Assets,Other Receivables,detail,other_receivables,7448638.4,7448638.4,SFP Detailed,19,Feb 2026 Consolidated Accounts.xlsx
2026-02,2026-02-28,ZAAC,SFP,Current Assets,Due from/to related parties,detail,due_from_to_related_parties,160659933.4,160659933.4,SFP Detailed,20,Feb 2026 Consolidated Accounts.xlsx
2026-02,2026-02-28,ZAMRE,SFP,Current Assets,Due from/to related parties,detail,due_from_to_related_parties,-47133768.53,-47133768.53,SFP Detailed,20,Feb 2026 Consolidated Accounts.xlsx
2026-02,2026-02-28,ZARIB,SFP,Current Assets,Due from/to related parties,detail,due_from_to_related_parties,329405302.38,329405302.38,SFP Detailed,20,Feb 2026 Consolidated Accounts.xlsx
2026-02,2026-02-28,MALAWI,SFP,Current Assets,Due from/to related parties,detail,due_from_to_related_parties,-45942147.78,-45942147.78,SFP Detailed,20,Feb 2026 Consolidated Accounts.xlsx
2026-02,2026-02-28,MENA,SFP,Current Assets,Due from/to related parties,detail,due_from_to_related_parties,0.0,0.0,SFP Detailed,20,Feb 2026 Consolidated Accounts.xlsx
2026-02,2026-02-28,NIGERIA,SFP,Current Assets,Due from/to related parties,detail,due_from_to_related_parties,1290489.66,1290489.66,SFP Detailed,20,Feb 2026 Consolidated Accounts.xlsx
2026-02,2026-02-28,RWANDA,SFP,Current Assets,Due from/to related parties,detail,due_from_to_related_parties,-1363435.87,-1363435.87,SFP Detailed,20,Feb 2026 Consolidated Accounts.xlsx
2026-02,2026-02-28,ZHL,SFP,Current Assets,Due from/to related parties,detail,due_from_to_related_parties,-248414988.8,-248414988.8,SFP Detailed,20,Feb 2026 Consolidated Accounts.xlsx
2026-02,2026-02-28,ZATL,SFP,Current Assets,Due from/to related parties,detail,due_from_to_related_parties,3063456.01,3063456.01,SFP Detailed,20,Feb 2026 Consolidated Accounts.xlsx
2026-02,2026-02-28,DRC,SFP,Current Assets,Due from/to related parties,detail,due_from_to_related_parties,-10058760.46,-10058760.46,SFP Detailed,20,Feb 2026 Consolidated Accounts.xlsx
2026-02,2026-02-28,C&P,SFP,Current Assets,Due from/to related parties,detail,due_from_to_related_parties,95000791.58,95000791.58,SFP Detailed,20,Feb 2026 Consolidated Accounts.xlsx
2026-02,2026-02-28,ZAAC,SFP,Current Assets,Office Cash,detail,office_cash,76295631.5,76295631.5,SFP Detailed,22,Feb 2026 Consolidated Accounts.xlsx
2026-02,2026-02-28,ZAMRE,SFP,Current Assets,Office Cash,detail,office_cash,2626690.54,2626690.54,SFP Detailed,22,Feb 2026 Consolidated Accounts.xlsx
2026-02,2026-02-28,ZARIB,SFP,Current Assets,Office Cash,detail,office_cash,99829060.32,99829060.32,SFP Detailed,22,Feb 2026 Consolidated Accounts.xlsx
2026-02,2026-02-28,MALAWI,SFP,Current Assets,Office Cash,detail,office_cash,3115542.84,3115542.84,SFP Detailed,22,Feb 2026 Consolidated Accounts.xlsx
2026-02,2026-02-28,MENA,SFP,Current Assets,Office Cash,detail,office_cash,8314946.05,8314946.05,SFP Detailed,22,Feb 2026 Consolidated Accounts.xlsx
2026-02,2026-02-28,NIGERIA,SFP,Current Assets,Office Cash,detail,office_cash,2356221.92,2356221.92,SFP Detailed,22,Feb 2026 Consolidated Accounts.xlsx
2026-02,2026-02-28,RWANDA,SFP,Current Assets,Office Cash,detail,office_cash,23564319.86,23564319.86,SFP Detailed,22,Feb 2026 Consolidated Accounts.xlsx
2026-02,2026-02-28,ZHL,SFP,Current Assets,Office Cash,detail,office_cash,5002806.1,5002806.1,SFP Detailed,22,Feb 2026 Consolidated Accounts.xlsx
2026-02,2026-02-28,ZATL,SFP,Current Assets,Office Cash,detail,office_cash,937508.35,937508.35,SFP Detailed,22,Feb 2026 Consolidated Accounts.xlsx
2026-02,2026-02-28,DRC,SFP,Current Assets,Office Cash,detail,office_cash,20831189.88,20831189.88,SFP Detailed,22,Feb 2026 Consolidated Accounts.xlsx
2026-02,2026-02-28,C&P,SFP,Current Assets,Office Cash,detail,office_cash,14812687.23,14812687.23,SFP Detailed,22,Feb 2026 Consolidated Accounts.xlsx
2026-02,2026-02-28,ZAMRE,SFP,Current Assets,Client Cash,detail,client_cash,45182117.01,45182117.01,SFP Detailed,23,Feb 2026 Consolidated Accounts.xlsx
2026-02,2026-02-28,ZARIB,SFP,Current Assets,Client Cash,detail,client_cash,347351768.66,347351768.66,SFP Detailed,23,Feb 2026 Consolidated Accounts.xlsx
2026-02,2026-02-28,ZAMRE,SFP,Current Assets,Deposits,detail,deposits,38160000.0,38160000.0,SFP Detailed,24,Feb 2026 Consolidated Accounts.xlsx
2026-02,2026-02-28,ZARIB,SFP,Current Assets,Deposits,detail,deposits,421793557.23,421793557.23,SFP Detailed,24,Feb 2026 Consolidated Accounts.xlsx
2026-02,2026-02-28,MALAWI,SFP,Current Assets,Deposits,detail,deposits,42636623.92,42636623.92,SFP Detailed,24,Feb 2026 Consolidated Accounts.xlsx
2026-02,2026-02-28,MENA,SFP,Current Assets,Deposits,detail,deposits,0.0,0.0,SFP Detailed,24,Feb 2026 Consolidated Accounts.xlsx
2026-02,2026-02-28,NIGERIA,SFP,Current Assets,Deposits,detail,deposits,0.0,0.0,SFP Detailed,24,Feb 2026 Consolidated Accounts.xlsx
2026-02,2026-02-28,RWANDA,SFP,Current Assets,Deposits,detail,deposits,13286093.85,13286093.85,SFP Detailed,24,Feb 2026 Consolidated Accounts.xlsx
2026-02,2026-02-28,ZHL,SFP,Current Assets,Deposits,detail,deposits,4500000.0,4500000.0,SFP Detailed,24,Feb 2026 Consolidated Accounts.xlsx
2026-02,2026-02-28,ZATL,SFP,Current Assets,Deposits,detail,deposits,505050.51,505050.51,SFP Detailed,24,Feb 2026 Consolidated Accounts.xlsx
2026-02,2026-02-28,DRC,SFP,Current Assets,Deposits,detail,deposits,0.0,0.0,SFP Detailed,24,Feb 2026 Consolidated Accounts.xlsx
2026-02,2026-02-28,C&P,SFP,Current Assets,Deposits,detail,deposits,7784303.0,7784303.0,SFP Detailed,24,Feb 2026 Consolidated Accounts.xlsx
2026-02,2026-02-28,ZAAC,SFP,Current Assets,Placements,detail,placements,19911431.83,19911431.83,SFP Detailed,25,Feb 2026 Consolidated Accounts.xlsx
2026-02,2026-02-28,ZARIB,SFP,Current Assets,Placements,detail,placements,129512975.91,129512975.91,SFP Detailed,25,Feb 2026 Consolidated Accounts.xlsx
2026-02,2026-02-28,MALAWI,SFP,Current Assets,Placements,detail,placements,0.0,0.0,SFP Detailed,25,Feb 2026 Consolidated Accounts.xlsx
2026-02,2026-02-28,MENA,SFP,Current Assets,Placements,detail,placements,0.0,0.0,SFP Detailed,25,Feb 2026 Consolidated Accounts.xlsx
2026-02,2026-02-28,NIGERIA,SFP,Current Assets,Placements,detail,placements,0.0,0.0,SFP Detailed,25,Feb 2026 Consolidated Accounts.xlsx
2026-02,2026-02-28,RWANDA,SFP,Current Assets,Placements,detail,placements,0.0,0.0,SFP Detailed,25,Feb 2026 Consolidated Accounts.xlsx
2026-02,2026-02-28,ZHL,SFP,Current Assets,Placements,detail,placements,0.0,0.0,SFP Detailed,25,Feb 2026 Consolidated Accounts.xlsx
2026-02,2026-02-28,ZATL,SFP,Current Assets,Placements,detail,placements,0.0,0.0,SFP Detailed,25,Feb 2026 Consolidated Accounts.xlsx
2026-02,2026-02-28,DRC,SFP,Current Assets,Placements,detail,placements,533691.23,533691.23,SFP Detailed,25,Feb 2026 Consolidated Accounts.xlsx
2026-02,2026-02-28,C&P,SFP,Current Assets,Placements,detail,placements,1043385.68,1043385.68,SFP Detailed,25,Feb 2026 Consolidated Accounts.xlsx
2026-02,2026-02-28,ZAAC,SFP,Current Assets,Tax recoverable,detail,tax_recoverable,-2492275.01,-2492275.01,SFP Detailed,26,Feb 2026 Consolidated Accounts.xlsx
2026-02,2026-02-28,ZAMRE,SFP,Current Assets,Tax recoverable,detail,tax_recoverable,-4626708.61,-4626708.61,SFP Detailed,26,Feb 2026 Consolidated Accounts.xlsx
2026-02,2026-02-28,ZARIB,SFP,Current Assets,Tax recoverable,detail,tax_recoverable,-117135968.94,-117135968.94,SFP Detailed,26,Feb 2026 Consolidated Accounts.xlsx
2026-02,2026-02-28,MALAWI,SFP,Current Assets,Tax recoverable,detail,tax_recoverable,2020081.93,2020081.93,SFP Detailed,26,Feb 2026 Consolidated Accounts.xlsx
2026-02,2026-02-28,MENA,SFP,Current Assets,Tax recoverable,detail,tax_recoverable,0.0,0.0,SFP Detailed,26,Feb 2026 Consolidated Accounts.xlsx
2026-02,2026-02-28,NIGERIA,SFP,Current Assets,Tax recoverable,detail,tax_recoverable,-36359.94,-36359.94,SFP Detailed,26,Feb 2026 Consolidated Accounts.xlsx
2026-02,2026-02-28,RWANDA,SFP,Current Assets,Tax recoverable,detail,tax_recoverable,-1004378.47,-1004378.47,SFP Detailed,26,Feb 2026 Consolidated Accounts.xlsx
2026-02,2026-02-28,ZHL,SFP,Current Assets,Tax recoverable,detail,tax_recoverable,252358.94,252358.94,SFP Detailed,26,Feb 2026 Consolidated Accounts.xlsx
2026-02,2026-02-28,ZATL,SFP,Current Assets,Tax recoverable,detail,tax_recoverable,1340434.93,1340434.93,SFP Detailed,26,Feb 2026 Consolidated Accounts.xlsx
2026-02,2026-02-28,DRC,SFP,Current Assets,Tax recoverable,detail,tax_recoverable,-142808.37,-142808.37,SFP Detailed,26,Feb 2026 Consolidated Accounts.xlsx
2026-02,2026-02-28,C&P,SFP,Current Assets,Tax recoverable,detail,tax_recoverable,-1033941.5,-1033941.5,SFP Detailed,26,Feb 2026 Consolidated Accounts.xlsx
2026-02,2026-02-28,ZAAC,SFP,Current Assets,Accrued Income,detail,accrued_income,171797159.43,171797159.43,SFP Detailed,27,Feb 2026 Consolidated Accounts.xlsx
2026-02,2026-02-28,C&P,SFP,Current Assets,Accrued Income,detail,accrued_income,8122126.83,8122126.83,SFP Detailed,27,Feb 2026 Consolidated Accounts.xlsx
2026-02,2026-02-28,ZAAC,SFP,Current Assets,Total Assets,total,,1190801970.65,1190801970.65,SFP Detailed,28,Feb 2026 Consolidated Accounts.xlsx
2026-02,2026-02-28,ZAMRE,SFP,Current Assets,Total Assets,total,,188337658.61,188337658.61,SFP Detailed,28,Feb 2026 Consolidated Accounts.xlsx
2026-02,2026-02-28,ZARIB,SFP,Current Assets,Total Assets,total,,3206795110.19,3206795110.19,SFP Detailed,28,Feb 2026 Consolidated Accounts.xlsx
2026-02,2026-02-28,MALAWI,SFP,Current Assets,Total Assets,total,,172940238.02,172940238.02,SFP Detailed,28,Feb 2026 Consolidated Accounts.xlsx
2026-02,2026-02-28,MENA,SFP,Current Assets,Total Assets,total,,109464794.39,109464794.39,SFP Detailed,28,Feb 2026 Consolidated Accounts.xlsx
2026-02,2026-02-28,NIGERIA,SFP,Current Assets,Total Assets,total,,42078157.15,42078157.15,SFP Detailed,28,Feb 2026 Consolidated Accounts.xlsx
2026-02,2026-02-28,RWANDA,SFP,Current Assets,Total Assets,total,,56813866.8,56813866.8,SFP Detailed,28,Feb 2026 Consolidated Accounts.xlsx
2026-02,2026-02-28,ZHL,SFP,Current Assets,Total Assets,total,,1056048016.0,1056048016.0,SFP Detailed,28,Feb 2026 Consolidated Accounts.xlsx
2026-02,2026-02-28,ZATL,SFP,Current Assets,Total Assets,total,,9153046.38,9153046.38,SFP Detailed,28,Feb 2026 Consolidated Accounts.xlsx
2026-02,2026-02-28,DRC,SFP,Current Assets,Total Assets,total,,75577158.76,75577158.76,SFP Detailed,28,Feb 2026 Consolidated Accounts.xlsx
2026-02,2026-02-28,C&P,SFP,Current Assets,Total Assets,total,,169612256.05,169612256.05,SFP Detailed,28,Feb 2026 Consolidated Accounts.xlsx
2026-02,2026-02-28,ZAAC,SFP,Equity,Share capital,detail,share_capital,-25000000.0,25000000.0,SFP Detailed,32,Feb 2026 Consolidated Accounts.xlsx
2026-02,2026-02-28,ZAMRE,SFP,Equity,Share capital,detail,share_capital,-5000000.0,5000000.0,SFP Detailed,32,Feb 2026 Consolidated Accounts.xlsx
2026-02,2026-02-28,ZARIB,SFP,Equity,Share capital,detail,share_capital,-33360000.0,33360000.0,SFP Detailed,32,Feb 2026 Consolidated Accounts.xlsx
2026-02,2026-02-28,MALAWI,SFP,Equity,Share capital,detail,share_capital,-824892.23,824892.23,SFP Detailed,32,Feb 2026 Consolidated Accounts.xlsx
2026-02,2026-02-28,MENA,SFP,Equity,Share capital,detail,share_capital,-69493036.22,69493036.22,SFP Detailed,32,Feb 2026 Consolidated Accounts.xlsx
2026-02,2026-02-28,NIGERIA,SFP,Equity,Share capital,detail,share_capital,-6753600.0,6753600.0,SFP Detailed,32,Feb 2026 Consolidated Accounts.xlsx
2026-02,2026-02-28,RWANDA,SFP,Equity,Share capital,detail,share_capital,-51307445.47,51307445.47,SFP Detailed,32,Feb 2026 Consolidated Accounts.xlsx
2026-02,2026-02-28,ZHL,SFP,Equity,Share capital,detail,share_capital,-10000000.0,10000000.0,SFP Detailed,32,Feb 2026 Consolidated Accounts.xlsx
2026-02,2026-02-28,ZATL,SFP,Equity,Share capital,detail,share_capital,-5070419.24,5070419.24,SFP Detailed,32,Feb 2026 Consolidated Accounts.xlsx
2026-02,2026-02-28,DRC,SFP,Equity,Share capital,detail,share_capital,-74207214.16,74207214.16,SFP Detailed,32,Feb 2026 Consolidated Accounts.xlsx
2026-02,2026-02-28,C&P,SFP,Equity,Share capital,detail,share_capital,-25000000.0,25000000.0,SFP Detailed,32,Feb 2026 Consolidated Accounts.xlsx
2026-02,2026-02-28,ZAAC,SFP,Equity,Transalation reserve,detail,translation_reserve,0.0,-0.0,SFP Detailed,33,Feb 2026 Consolidated Accounts.xlsx
2026-02,2026-02-28,ZAMRE,SFP,Equity,Transalation reserve,detail,translation_reserve,0.0,-0.0,SFP Detailed,33,Feb 2026 Consolidated Accounts.xlsx
2026-02,2026-02-28,ZARIB,SFP,Equity,Transalation reserve,detail,translation_reserve,-758850.95,758850.95,SFP Detailed,33,Feb 2026 Consolidated Accounts.xlsx
2026-02,2026-02-28,MALAWI,SFP,Equity,Transalation reserve,detail,translation_reserve,-29828826.65,29828826.65,SFP Detailed,33,Feb 2026 Consolidated Accounts.xlsx
2026-02,2026-02-28,MENA,SFP,Equity,Transalation reserve,detail,translation_reserve,19.65,-19.65,SFP Detailed,33,Feb 2026 Consolidated Accounts.xlsx
2026-02,2026-02-28,NIGERIA,SFP,Equity,Transalation reserve,detail,translation_reserve,-127350.79,127350.79,SFP Detailed,33,Feb 2026 Consolidated Accounts.xlsx
2026-02,2026-02-28,RWANDA,SFP,Equity,Transalation reserve,detail,translation_reserve,-608.77,608.77,SFP Detailed,33,Feb 2026 Consolidated Accounts.xlsx
2026-02,2026-02-28,ZHL,SFP,Equity,Transalation reserve,detail,translation_reserve,0.0,-0.0,SFP Detailed,33,Feb 2026 Consolidated Accounts.xlsx
2026-02,2026-02-28,ZATL,SFP,Equity,Transalation reserve,detail,translation_reserve,-10080649.45,10080649.45,SFP Detailed,33,Feb 2026 Consolidated Accounts.xlsx
2026-02,2026-02-28,DRC,SFP,Equity,Transalation reserve,detail,translation_reserve,-184.17,184.17,SFP Detailed,33,Feb 2026 Consolidated Accounts.xlsx
2026-02,2026-02-28,C&P,SFP,Equity,Transalation reserve,detail,translation_reserve,0.0,-0.0,SFP Detailed,33,Feb 2026 Consolidated Accounts.xlsx
2026-02,2026-02-28,ZAAC,SFP,Equity,proposed dividend,detail,proposed_dividend,0.0,-0.0,SFP Detailed,34,Feb 2026 Consolidated Accounts.xlsx
2026-02,2026-02-28,ZAMRE,SFP,Equity,proposed dividend,detail,proposed_dividend,0.0,-0.0,SFP Detailed,34,Feb 2026 Consolidated Accounts.xlsx
2026-02,2026-02-28,ZARIB,SFP,Equity,proposed dividend,detail,proposed_dividend,0.0,-0.0,SFP Detailed,34,Feb 2026 Consolidated Accounts.xlsx
2026-02,2026-02-28,MALAWI,SFP,Equity,proposed dividend,detail,proposed_dividend,0.0,-0.0,SFP Detailed,34,Feb 2026 Consolidated Accounts.xlsx
2026-02,2026-02-28,MENA,SFP,Equity,proposed dividend,detail,proposed_dividend,0.0,-0.0,SFP Detailed,34,Feb 2026 Consolidated Accounts.xlsx
2026-02,2026-02-28,NIGERIA,SFP,Equity,proposed dividend,detail,proposed_dividend,0.0,-0.0,SFP Detailed,34,Feb 2026 Consolidated Accounts.xlsx
2026-02,2026-02-28,RWANDA,SFP,Equity,proposed dividend,detail,proposed_dividend,0.0,-0.0,SFP Detailed,34,Feb 2026 Consolidated Accounts.xlsx
2026-02,2026-02-28,ZHL,SFP,Equity,proposed dividend,detail,proposed_dividend,0.0,-0.0,SFP Detailed,34,Feb 2026 Consolidated Accounts.xlsx
2026-02,2026-02-28,ZATL,SFP,Equity,proposed dividend,detail,proposed_dividend,0.0,-0.0,SFP Detailed,34,Feb 2026 Consolidated Accounts.xlsx
2026-02,2026-02-28,DRC,SFP,Equity,proposed dividend,detail,proposed_dividend,0.0,-0.0,SFP Detailed,34,Feb 2026 Consolidated Accounts.xlsx
2026-02,2026-02-28,C&P,SFP,Equity,proposed dividend,detail,proposed_dividend,0.0,-0.0,SFP Detailed,34,Feb 2026 Consolidated Accounts.xlsx
2026-02,2026-02-28,ZAAC,SFP,Equity,Retained earnings,detail,retained_earnings,-1021890949.75,1021890949.75,SFP Detailed,35,Feb 2026 Consolidated Accounts.xlsx
2026-02,2026-02-28,ZAMRE,SFP,Equity,Retained earnings,detail,retained_earnings,-5224564.6,5224564.6,SFP Detailed,35,Feb 2026 Consolidated Accounts.xlsx
2026-02,2026-02-28,ZARIB,SFP,Equity,Retained earnings,detail,retained_earnings,-1155073703.75,1155073703.75,SFP Detailed,35,Feb 2026 Consolidated Accounts.xlsx
2026-02,2026-02-28,MALAWI,SFP,Equity,Retained earnings,detail,retained_earnings,-99312718.35,99312718.35,SFP Detailed,35,Feb 2026 Consolidated Accounts.xlsx
2026-02,2026-02-28,MENA,SFP,Equity,Retained earnings,detail,retained_earnings,38435171.97,-38435171.97,SFP Detailed,35,Feb 2026 Consolidated Accounts.xlsx
2026-02,2026-02-28,NIGERIA,SFP,Equity,Retained earnings,detail,retained_earnings,-19875571.86,19875571.86,SFP Detailed,35,Feb 2026 Consolidated Accounts.xlsx
2026-02,2026-02-28,RWANDA,SFP,Equity,Retained earnings,detail,retained_earnings,-1801609.03,1801609.03,SFP Detailed,35,Feb 2026 Consolidated Accounts.xlsx
2026-02,2026-02-28,ZHL,SFP,Equity,Retained earnings,detail,retained_earnings,-30127713.66,30127713.66,SFP Detailed,35,Feb 2026 Consolidated Accounts.xlsx
2026-02,2026-02-28,ZATL,SFP,Equity,Retained earnings,detail,retained_earnings,7609520.82,-7609520.82,SFP Detailed,35,Feb 2026 Consolidated Accounts.xlsx
2026-02,2026-02-28,DRC,SFP,Equity,Retained earnings,detail,retained_earnings,51352540.4,-51352540.4,SFP Detailed,35,Feb 2026 Consolidated Accounts.xlsx
2026-02,2026-02-28,C&P,SFP,Equity,Retained earnings,detail,retained_earnings,-133494469.71,133494469.71,SFP Detailed,35,Feb 2026 Consolidated Accounts.xlsx
2026-02,2026-02-28,ZAAC,SFP,Equity,Net Profit,derived,net_profit,-51121669.42,51121669.42,SFP Detailed,36,Feb 2026 Consolidated Accounts.xlsx
2026-02,2026-02-28,ZAMRE,SFP,Equity,Net Profit,derived,net_profit,-5571088.85,5571088.85,SFP Detailed,36,Feb 2026 Consolidated Accounts.xlsx
2026-02,2026-02-28,ZARIB,SFP,Equity,Net Profit,derived,net_profit,-306529489.28,306529489.28,SFP Detailed,36,Feb 2026 Consolidated Accounts.xlsx
2026-02,2026-02-28,MALAWI,SFP,Equity,Net Profit,derived,net_profit,-13136221.52,13136221.52,SFP Detailed,36,Feb 2026 Consolidated Accounts.xlsx
2026-02,2026-02-28,MENA,SFP,Equity,Net Profit,derived,net_profit,34503.65,-34503.65,SFP Detailed,36,Feb 2026 Consolidated Accounts.xlsx
2026-02,2026-02-28,NIGERIA,SFP,Equity,Net Profit,derived,net_profit,-5619551.14,5619551.14,SFP Detailed,36,Feb 2026 Consolidated Accounts.xlsx
2026-02,2026-02-28,RWANDA,SFP,Equity,Net Profit,derived,net_profit,343042.52,-343042.52,SFP Detailed,36,Feb 2026 Consolidated Accounts.xlsx
2026-02,2026-02-28,ZHL,SFP,Equity,Net Profit,derived,net_profit,256309.74,-256309.74,SFP Detailed,36,Feb 2026 Consolidated Accounts.xlsx
2026-02,2026-02-28,ZATL,SFP,Equity,Net Profit,derived,net_profit,-220623.99,220623.99,SFP Detailed,36,Feb 2026 Consolidated Accounts.xlsx
2026-02,2026-02-28,DRC,SFP,Equity,Net Profit,derived,net_profit,6108455.09,-6108455.09,SFP Detailed,36,Feb 2026 Consolidated Accounts.xlsx
2026-02,2026-02-28,C&P,SFP,Equity,Net Profit,derived,net_profit,-4477917.5,4477917.5,SFP Detailed,36,Feb 2026 Consolidated Accounts.xlsx
2026-02,2026-02-28,ZAAC,SFP,Equity attributable to equity holders of the parent company,Equity attributable to equity holders of the parent company,group_header,,-1098012619.17,-1098012619.17,SFP Detailed,37,Feb 2026 Consolidated Accounts.xlsx
2026-02,2026-02-28,ZAMRE,SFP,Equity attributable to equity holders of the parent company,Equity attributable to equity holders of the parent company,group_header,,-15795653.45,-15795653.45,SFP Detailed,37,Feb 2026 Consolidated Accounts.xlsx
2026-02,2026-02-28,ZARIB,SFP,Equity attributable to equity holders of the parent company,Equity attributable to equity holders of the parent company,group_header,,-1495722043.98,-1495722043.98,SFP Detailed,37,Feb 2026 Consolidated Accounts.xlsx
2026-02,2026-02-28,MALAWI,SFP,Equity attributable to equity holders of the parent company,Equity attributable to equity holders of the parent company,group_header,,-143102658.76,-143102658.76,SFP Detailed,37,Feb 2026 Consolidated Accounts.xlsx
2026-02,2026-02-28,MENA,SFP,Equity attributable to equity holders of the parent company,Equity attributable to equity holders of the parent company,group_header,,-31023340.94,-31023340.94,SFP Detailed,37,Feb 2026 Consolidated Accounts.xlsx
2026-02,2026-02-28,NIGERIA,SFP,Equity attributable to equity holders of the parent company,Equity attributable to equity holders of the parent company,group_header,,-32376073.79,-32376073.79,SFP Detailed,37,Feb 2026 Consolidated Accounts.xlsx
2026-02,2026-02-28,RWANDA,SFP,Equity attributable to equity holders of the parent company,Equity attributable to equity holders of the parent company,group_header,,-52766620.75,-52766620.75,SFP Detailed,37,Feb 2026 Consolidated Accounts.xlsx
2026-02,2026-02-28,ZHL,SFP,Equity attributable to equity holders of the parent company,Equity attributable to equity holders of the parent company,group_header,,-39871403.92,-39871403.92,SFP Detailed,37,Feb 2026 Consolidated Accounts.xlsx
2026-02,2026-02-28,ZATL,SFP,Equity attributable to equity holders of the parent company,Equity attributable to equity holders of the parent company,group_header,,-7762171.87,-7762171.87,SFP Detailed,37,Feb 2026 Consolidated Accounts.xlsx
2026-02,2026-02-28,DRC,SFP,Equity attributable to equity holders of the parent company,Equity attributable to equity holders of the parent company,group_header,,-16746402.84,-16746402.84,SFP Detailed,37,Feb 2026 Consolidated Accounts.xlsx
2026-02,2026-02-28,C&P,SFP,Equity attributable to equity holders of the parent company,Equity attributable to equity holders of the parent company,group_header,,-162972387.21,-162972387.21,SFP Detailed,37,Feb 2026 Consolidated Accounts.xlsx
2026-02,2026-02-28,ZAAC,SFP,Equity attributable to equity holders of the parent company,Non-controlling interests,detail,non_controlling_interests,0.0,-0.0,SFP Detailed,39,Feb 2026 Consolidated Accounts.xlsx
2026-02,2026-02-28,ZAMRE,SFP,Equity attributable to equity holders of the parent company,Non-controlling interests,detail,non_controlling_interests,0.0,-0.0,SFP Detailed,39,Feb 2026 Consolidated Accounts.xlsx
2026-02,2026-02-28,ZARIB,SFP,Equity attributable to equity holders of the parent company,Non-controlling interests,detail,non_controlling_interests,0.0,-0.0,SFP Detailed,39,Feb 2026 Consolidated Accounts.xlsx
2026-02,2026-02-28,MALAWI,SFP,Equity attributable to equity holders of the parent company,Non-controlling interests,detail,non_controlling_interests,0.0,-0.0,SFP Detailed,39,Feb 2026 Consolidated Accounts.xlsx
2026-02,2026-02-28,MENA,SFP,Equity attributable to equity holders of the parent company,Non-controlling interests,detail,non_controlling_interests,-66562352.15,66562352.15,SFP Detailed,39,Feb 2026 Consolidated Accounts.xlsx
2026-02,2026-02-28,NIGERIA,SFP,Equity attributable to equity holders of the parent company,Non-controlling interests,detail,non_controlling_interests,0.0,-0.0,SFP Detailed,39,Feb 2026 Consolidated Accounts.xlsx
2026-02,2026-02-28,RWANDA,SFP,Equity attributable to equity holders of the parent company,Non-controlling interests,detail,non_controlling_interests,0.0,-0.0,SFP Detailed,39,Feb 2026 Consolidated Accounts.xlsx
2026-02,2026-02-28,ZHL,SFP,Equity attributable to equity holders of the parent company,Non-controlling interests,detail,non_controlling_interests,0.0,-0.0,SFP Detailed,39,Feb 2026 Consolidated Accounts.xlsx
2026-02,2026-02-28,ZATL,SFP,Equity attributable to equity holders of the parent company,Non-controlling interests,detail,non_controlling_interests,0.0,-0.0,SFP Detailed,39,Feb 2026 Consolidated Accounts.xlsx
2026-02,2026-02-28,DRC,SFP,Equity attributable to equity holders of the parent company,Non-controlling interests,detail,non_controlling_interests,0.0,-0.0,SFP Detailed,39,Feb 2026 Consolidated Accounts.xlsx
2026-02,2026-02-28,C&P,SFP,Equity attributable to equity holders of the parent company,Non-controlling interests,detail,non_controlling_interests,0.0,-0.0,SFP Detailed,39,Feb 2026 Consolidated Accounts.xlsx
2026-02,2026-02-28,ZAAC,SFP,Equity attributable to equity holders of the parent company,Total equity,total,,-1098012619.17,-1098012619.17,SFP Detailed,41,Feb 2026 Consolidated Accounts.xlsx
2026-02,2026-02-28,ZAMRE,SFP,Equity attributable to equity holders of the parent company,Total equity,total,,-15795653.45,-15795653.45,SFP Detailed,41,Feb 2026 Consolidated Accounts.xlsx
2026-02,2026-02-28,ZARIB,SFP,Equity attributable to equity holders of the parent company,Total equity,total,,-1495722043.98,-1495722043.98,SFP Detailed,41,Feb 2026 Consolidated Accounts.xlsx
2026-02,2026-02-28,MALAWI,SFP,Equity attributable to equity holders of the parent company,Total equity,total,,-143102658.76,-143102658.76,SFP Detailed,41,Feb 2026 Consolidated Accounts.xlsx
2026-02,2026-02-28,MENA,SFP,Equity attributable to equity holders of the parent company,Total equity,total,,-97585693.1,-97585693.1,SFP Detailed,41,Feb 2026 Consolidated Accounts.xlsx
2026-02,2026-02-28,NIGERIA,SFP,Equity attributable to equity holders of the parent company,Total equity,total,,-32376073.79,-32376073.79,SFP Detailed,41,Feb 2026 Consolidated Accounts.xlsx
2026-02,2026-02-28,RWANDA,SFP,Equity attributable to equity holders of the parent company,Total equity,total,,-52766620.75,-52766620.75,SFP Detailed,41,Feb 2026 Consolidated Accounts.xlsx
2026-02,2026-02-28,ZHL,SFP,Equity attributable to equity holders of the parent company,Total equity,total,,-39871403.92,-39871403.92,SFP Detailed,41,Feb 2026 Consolidated Accounts.xlsx
2026-02,2026-02-28,ZATL,SFP,Equity attributable to equity holders of the parent company,Total equity,total,,-7762171.87,-7762171.87,SFP Detailed,41,Feb 2026 Consolidated Accounts.xlsx
2026-02,2026-02-28,DRC,SFP,Equity attributable to equity holders of the parent company,Total equity,total,,-16746402.84,-16746402.84,SFP Detailed,41,Feb 2026 Consolidated Accounts.xlsx
2026-02,2026-02-28,C&P,SFP,Equity attributable to equity holders of the parent company,Total equity,total,,-162972387.21,-162972387.21,SFP Detailed,41,Feb 2026 Consolidated Accounts.xlsx
2026-02,2026-02-28,ZAAC,SFP,Current liabilities,Trade and other payables,detail,trade_and_other_payables,-92789351.91,92789351.91,SFP Detailed,44,Feb 2026 Consolidated Accounts.xlsx
2026-02,2026-02-28,ZAMRE,SFP,Current liabilities,Trade and other payables,detail,trade_and_other_payables,0.0,-0.0,SFP Detailed,44,Feb 2026 Consolidated Accounts.xlsx
2026-02,2026-02-28,ZARIB,SFP,Current liabilities,Trade and other payables,detail,trade_and_other_payables,-59684097.34,59684097.34,SFP Detailed,44,Feb 2026 Consolidated Accounts.xlsx
2026-02,2026-02-28,MALAWI,SFP,Current liabilities,Trade and other payables,detail,trade_and_other_payables,-29837579.26,29837579.26,SFP Detailed,44,Feb 2026 Consolidated Accounts.xlsx
2026-02,2026-02-28,MENA,SFP,Current liabilities,Trade and other payables,detail,trade_and_other_payables,-11879101.3,11879101.3,SFP Detailed,44,Feb 2026 Consolidated Accounts.xlsx
2026-02,2026-02-28,NIGERIA,SFP,Current liabilities,Trade and other payables,detail,trade_and_other_payables,-9702083.34,9702083.34,SFP Detailed,44,Feb 2026 Consolidated Accounts.xlsx
2026-02,2026-02-28,RWANDA,SFP,Current liabilities,Trade and other payables,detail,trade_and_other_payables,-4047246.05,4047246.05,SFP Detailed,44,Feb 2026 Consolidated Accounts.xlsx
2026-02,2026-02-28,ZHL,SFP,Current liabilities,Trade and other payables,detail,trade_and_other_payables,-1016176612.08,1016176612.08,SFP Detailed,44,Feb 2026 Consolidated Accounts.xlsx
2026-02,2026-02-28,ZATL,SFP,Current liabilities,Trade and other payables,detail,trade_and_other_payables,-1390874.5,1390874.5,SFP Detailed,44,Feb 2026 Consolidated Accounts.xlsx
2026-02,2026-02-28,DRC,SFP,Current liabilities,Trade and other payables,detail,trade_and_other_payables,2480735.07,-2480735.07,SFP Detailed,44,Feb 2026 Consolidated Accounts.xlsx
2026-02,2026-02-28,C&P,SFP,Current liabilities,Trade and other payables,detail,trade_and_other_payables,-6639868.84,6639868.84,SFP Detailed,44,Feb 2026 Consolidated Accounts.xlsx
2026-02,2026-02-28,ZAAC,SFP,Current liabilities,Premium payable,detail,premium_payable,0.0,-0.0,SFP Detailed,45,Feb 2026 Consolidated Accounts.xlsx
2026-02,2026-02-28,ZAMRE,SFP,Current liabilities,Premium payable,detail,premium_payable,-172542005.16,172542005.16,SFP Detailed,45,Feb 2026 Consolidated Accounts.xlsx
2026-02,2026-02-28,ZARIB,SFP,Current liabilities,Premium payable,detail,premium_payable,-1651388968.87,1651388968.87,SFP Detailed,45,Feb 2026 Consolidated Accounts.xlsx
2026-02,2026-02-28,MALAWI,SFP,Current liabilities,Premium payable,detail,premium_payable,0.0,-0.0,SFP Detailed,45,Feb 2026 Consolidated Accounts.xlsx
2026-02,2026-02-28,MENA,SFP,Current liabilities,Premium payable,detail,premium_payable,0.0,-0.0,SFP Detailed,45,Feb 2026 Consolidated Accounts.xlsx
2026-02,2026-02-28,NIGERIA,SFP,Current liabilities,Premium payable,detail,premium_payable,0.0,-0.0,SFP Detailed,45,Feb 2026 Consolidated Accounts.xlsx
2026-02,2026-02-28,RWANDA,SFP,Current liabilities,Premium payable,detail,premium_payable,0.0,-0.0,SFP Detailed,45,Feb 2026 Consolidated Accounts.xlsx
2026-02,2026-02-28,ZHL,SFP,Current liabilities,Premium payable,detail,premium_payable,0.0,-0.0,SFP Detailed,45,Feb 2026 Consolidated Accounts.xlsx
2026-02,2026-02-28,ZATL,SFP,Current liabilities,Premium payable,detail,premium_payable,0.0,-0.0,SFP Detailed,45,Feb 2026 Consolidated Accounts.xlsx
2026-02,2026-02-28,DRC,SFP,Current liabilities,Premium payable,detail,premium_payable,-61311490.98,61311490.98,SFP Detailed,45,Feb 2026 Consolidated Accounts.xlsx
2026-02,2026-02-28,C&P,SFP,Current liabilities,Premium payable,detail,premium_payable,0.0,-0.0,SFP Detailed,45,Feb 2026 Consolidated Accounts.xlsx
2026-02,2026-02-28,ZAAC,SFP,Current liabilities,Borrowings,detail,borrowings,0.43,-0.43,SFP Detailed,46,Feb 2026 Consolidated Accounts.xlsx
2026-02,2026-02-28,ZAMRE,SFP,Current liabilities,Borrowings,detail,borrowings,0.0,-0.0,SFP Detailed,46,Feb 2026 Consolidated Accounts.xlsx
2026-02,2026-02-28,ZARIB,SFP,Current liabilities,Borrowings,detail,borrowings,0.0,-0.0,SFP Detailed,46,Feb 2026 Consolidated Accounts.xlsx
2026-02,2026-02-28,MALAWI,SFP,Current liabilities,Borrowings,detail,borrowings,0.0,-0.0,SFP Detailed,46,Feb 2026 Consolidated Accounts.xlsx
2026-02,2026-02-28,MENA,SFP,Current liabilities,Borrowings,detail,borrowings,0.0,-0.0,SFP Detailed,46,Feb 2026 Consolidated Accounts.xlsx
2026-02,2026-02-28,NIGERIA,SFP,Current liabilities,Borrowings,detail,borrowings,0.0,-0.0,SFP Detailed,46,Feb 2026 Consolidated Accounts.xlsx
2026-02,2026-02-28,RWANDA,SFP,Current liabilities,Borrowings,detail,borrowings,0.0,-0.0,SFP Detailed,46,Feb 2026 Consolidated Accounts.xlsx
2026-02,2026-02-28,ZHL,SFP,Current liabilities,Borrowings,detail,borrowings,0.0,-0.0,SFP Detailed,46,Feb 2026 Consolidated Accounts.xlsx
2026-02,2026-02-28,ZATL,SFP,Current liabilities,Borrowings,detail,borrowings,0.0,-0.0,SFP Detailed,46,Feb 2026 Consolidated Accounts.xlsx
2026-02,2026-02-28,DRC,SFP,Current liabilities,Borrowings,detail,borrowings,0.0,-0.0,SFP Detailed,46,Feb 2026 Consolidated Accounts.xlsx
2026-02,2026-02-28,C&P,SFP,Current liabilities,Borrowings,detail,borrowings,0.0,-0.0,SFP Detailed,46,Feb 2026 Consolidated Accounts.xlsx
2026-02,2026-02-28,ZAAC,SFP,Current liabilities,(group_subtotal),group_subtotal,,-92789351.48,-92789351.48,SFP Detailed,47,Feb 2026 Consolidated Accounts.xlsx
2026-02,2026-02-28,ZAMRE,SFP,Current liabilities,(group_subtotal),group_subtotal,,-172542005.16,-172542005.16,SFP Detailed,47,Feb 2026 Consolidated Accounts.xlsx
2026-02,2026-02-28,ZARIB,SFP,Current liabilities,(group_subtotal),group_subtotal,,-1711073066.21,-1711073066.21,SFP Detailed,47,Feb 2026 Consolidated Accounts.xlsx
2026-02,2026-02-28,MALAWI,SFP,Current liabilities,(group_subtotal),group_subtotal,,-29837579.26,-29837579.26,SFP Detailed,47,Feb 2026 Consolidated Accounts.xlsx
2026-02,2026-02-28,MENA,SFP,Current liabilities,(group_subtotal),group_subtotal,,-11879101.3,-11879101.3,SFP Detailed,47,Feb 2026 Consolidated Accounts.xlsx
2026-02,2026-02-28,NIGERIA,SFP,Current liabilities,(group_subtotal),group_subtotal,,-9702083.34,-9702083.34,SFP Detailed,47,Feb 2026 Consolidated Accounts.xlsx
2026-02,2026-02-28,RWANDA,SFP,Current liabilities,(group_subtotal),group_subtotal,,-4047246.05,-4047246.05,SFP Detailed,47,Feb 2026 Consolidated Accounts.xlsx
2026-02,2026-02-28,ZHL,SFP,Current liabilities,(group_subtotal),group_subtotal,,-1016176612.08,-1016176612.08,SFP Detailed,47,Feb 2026 Consolidated Accounts.xlsx
2026-02,2026-02-28,ZATL,SFP,Current liabilities,(group_subtotal),group_subtotal,,-1390874.5,-1390874.5,SFP Detailed,47,Feb 2026 Consolidated Accounts.xlsx
2026-02,2026-02-28,DRC,SFP,Current liabilities,(group_subtotal),group_subtotal,,-58830755.92,-58830755.92,SFP Detailed,47,Feb 2026 Consolidated Accounts.xlsx
2026-02,2026-02-28,C&P,SFP,Current liabilities,(group_subtotal),group_subtotal,,-6639868.84,-6639868.84,SFP Detailed,47,Feb 2026 Consolidated Accounts.xlsx
2026-02,2026-02-28,ZAAC,SFP,Current liabilities,Total Equity and Liabilities,total,,-1190801970.65,-1190801970.65,SFP Detailed,49,Feb 2026 Consolidated Accounts.xlsx
2026-02,2026-02-28,ZAMRE,SFP,Current liabilities,Total Equity and Liabilities,total,,-188337658.61,-188337658.61,SFP Detailed,49,Feb 2026 Consolidated Accounts.xlsx
2026-02,2026-02-28,ZARIB,SFP,Current liabilities,Total Equity and Liabilities,total,,-3206795110.19,-3206795110.19,SFP Detailed,49,Feb 2026 Consolidated Accounts.xlsx
2026-02,2026-02-28,MALAWI,SFP,Current liabilities,Total Equity and Liabilities,total,,-172940238.02,-172940238.02,SFP Detailed,49,Feb 2026 Consolidated Accounts.xlsx
2026-02,2026-02-28,MENA,SFP,Current liabilities,Total Equity and Liabilities,total,,-109464794.4,-109464794.4,SFP Detailed,49,Feb 2026 Consolidated Accounts.xlsx
2026-02,2026-02-28,NIGERIA,SFP,Current liabilities,Total Equity and Liabilities,total,,-42078157.13,-42078157.13,SFP Detailed,49,Feb 2026 Consolidated Accounts.xlsx
2026-02,2026-02-28,RWANDA,SFP,Current liabilities,Total Equity and Liabilities,total,,-56813866.8,-56813866.8,SFP Detailed,49,Feb 2026 Consolidated Accounts.xlsx
2026-02,2026-02-28,ZHL,SFP,Current liabilities,Total Equity and Liabilities,total,,-1056048016.0,-1056048016.0,SFP Detailed,49,Feb 2026 Consolidated Accounts.xlsx
2026-02,2026-02-28,ZATL,SFP,Current liabilities,Total Equity and Liabilities,total,,-9153046.38,-9153046.38,SFP Detailed,49,Feb 2026 Consolidated Accounts.xlsx
2026-02,2026-02-28,DRC,SFP,Current liabilities,Total Equity and Liabilities,total,,-75577158.76,-75577158.76,SFP Detailed,49,Feb 2026 Consolidated Accounts.xlsx
2026-02,2026-02-28,C&P,SFP,Current liabilities,Total Equity and Liabilities,total,,-169612256.05,-169612256.05,SFP Detailed,49,Feb 2026 Consolidated Accounts.xlsx
2026-02,2026-02-28,ZAAC,SFP,Current liabilities,(group_subtotal),group_subtotal,,0.0,0.0,SFP Detailed,51,Feb 2026 Consolidated Accounts.xlsx
2026-02,2026-02-28,ZAMRE,SFP,Current liabilities,(group_subtotal),group_subtotal,,0.0,0.0,SFP Detailed,51,Feb 2026 Consolidated Accounts.xlsx
2026-02,2026-02-28,ZARIB,SFP,Current liabilities,(group_subtotal),group_subtotal,,-0.0,-0.0,SFP Detailed,51,Feb 2026 Consolidated Accounts.xlsx
2026-02,2026-02-28,MALAWI,SFP,Current liabilities,(group_subtotal),group_subtotal,,0.0,0.0,SFP Detailed,51,Feb 2026 Consolidated Accounts.xlsx
2026-02,2026-02-28,MENA,SFP,Current liabilities,(group_subtotal),group_subtotal,,-0.0,-0.0,SFP Detailed,51,Feb 2026 Consolidated Accounts.xlsx
2026-02,2026-02-28,NIGERIA,SFP,Current liabilities,(group_subtotal),group_subtotal,,0.02,0.02,SFP Detailed,51,Feb 2026 Consolidated Accounts.xlsx
2026-02,2026-02-28,RWANDA,SFP,Current liabilities,(group_subtotal),group_subtotal,,0.0,0.0,SFP Detailed,51,Feb 2026 Consolidated Accounts.xlsx
2026-02,2026-02-28,ZHL,SFP,Current liabilities,(group_subtotal),group_subtotal,,0.0,0.0,SFP Detailed,51,Feb 2026 Consolidated Accounts.xlsx
2026-02,2026-02-28,ZATL,SFP,Current liabilities,(group_subtotal),group_subtotal,,0.0,0.0,SFP Detailed,51,Feb 2026 Consolidated Accounts.xlsx
2026-02,2026-02-28,DRC,SFP,Current liabilities,(group_subtotal),group_subtotal,,0.0,0.0,SFP Detailed,51,Feb 2026 Consolidated Accounts.xlsx
2026-02,2026-02-28,C&P,SFP,Current liabilities,(group_subtotal),group_subtotal,,0.0,0.0,SFP Detailed,51,Feb 2026 Consolidated Accounts.xlsx
2026-03,2026-03-31,ZAAC,SCI,INCOME,Actuarial Fees,detail,actuarial_fees,-96415159.88,96415159.88,SCI Detailed,8,March 2026 Consolidated Accounts.xlsx
2026-03,2026-03-31,ZAMRE,SCI,INCOME,Actuarial Fees,detail,actuarial_fees,0.0,-0.0,SCI Detailed,8,March 2026 Consolidated Accounts.xlsx
2026-03,2026-03-31,ZARIB,SCI,INCOME,Actuarial Fees,detail,actuarial_fees,0.0,-0.0,SCI Detailed,8,March 2026 Consolidated Accounts.xlsx
2026-03,2026-03-31,MALAWI,SCI,INCOME,Actuarial Fees,detail,actuarial_fees,0.0,-0.0,SCI Detailed,8,March 2026 Consolidated Accounts.xlsx
2026-03,2026-03-31,MENA,SCI,INCOME,Actuarial Fees,detail,actuarial_fees,0.0,-0.0,SCI Detailed,8,March 2026 Consolidated Accounts.xlsx
2026-03,2026-03-31,NIGERIA,SCI,INCOME,Actuarial Fees,detail,actuarial_fees,-22157374.3,22157374.3,SCI Detailed,8,March 2026 Consolidated Accounts.xlsx
2026-03,2026-03-31,RWANDA,SCI,INCOME,Actuarial Fees,detail,actuarial_fees,-1791542.61,1791542.61,SCI Detailed,8,March 2026 Consolidated Accounts.xlsx
2026-03,2026-03-31,ZHL,SCI,INCOME,Actuarial Fees,detail,actuarial_fees,0.0,-0.0,SCI Detailed,8,March 2026 Consolidated Accounts.xlsx
2026-03,2026-03-31,ZATL,SCI,INCOME,Actuarial Fees,detail,actuarial_fees,-5034807.51,5034807.51,SCI Detailed,8,March 2026 Consolidated Accounts.xlsx
2026-03,2026-03-31,DRC,SCI,INCOME,Actuarial Fees,detail,actuarial_fees,0.0,-0.0,SCI Detailed,8,March 2026 Consolidated Accounts.xlsx
2026-03,2026-03-31,C&P,SCI,INCOME,Actuarial Fees,detail,actuarial_fees,0.0,-0.0,SCI Detailed,8,March 2026 Consolidated Accounts.xlsx
2026-03,2026-03-31,ZAAC,SCI,INCOME,Pension Admin Fee,detail,pension_admin_fee,-125552284.41,125552284.41,SCI Detailed,9,March 2026 Consolidated Accounts.xlsx
2026-03,2026-03-31,MALAWI,SCI,INCOME,Pension Admin Fee,detail,pension_admin_fee,-53169578.91,53169578.91,SCI Detailed,9,March 2026 Consolidated Accounts.xlsx
2026-03,2026-03-31,MENA,SCI,INCOME,Pension Admin Fee,detail,pension_admin_fee,-16711182.61,16711182.61,SCI Detailed,9,March 2026 Consolidated Accounts.xlsx
2026-03,2026-03-31,NIGERIA,SCI,INCOME,Pension Admin Fee,detail,pension_admin_fee,0.0,-0.0,SCI Detailed,9,March 2026 Consolidated Accounts.xlsx
2026-03,2026-03-31,RWANDA,SCI,INCOME,Pension Admin Fee,detail,pension_admin_fee,-217153.72,217153.72,SCI Detailed,9,March 2026 Consolidated Accounts.xlsx
2026-03,2026-03-31,C&P,SCI,INCOME,Pension Admin Fee,detail,pension_admin_fee,-12183190.24,12183190.24,SCI Detailed,9,March 2026 Consolidated Accounts.xlsx
2026-03,2026-03-31,ZAAC,SCI,INCOME,Umbrella Fund,detail,umbrella_fund,-66222585.92,66222585.92,SCI Detailed,10,March 2026 Consolidated Accounts.xlsx
2026-03,2026-03-31,ZAAC,SCI,INCOME,Insurance Commissions,detail,insurance_commissions,0.0,-0.0,SCI Detailed,11,March 2026 Consolidated Accounts.xlsx
2026-03,2026-03-31,ZAMRE,SCI,INCOME,Insurance Commissions,detail,insurance_commissions,-26320003.93,26320003.93,SCI Detailed,11,March 2026 Consolidated Accounts.xlsx
2026-03,2026-03-31,ZARIB,SCI,INCOME,Insurance Commissions,detail,insurance_commissions,-651315695.6,651315695.6,SCI Detailed,11,March 2026 Consolidated Accounts.xlsx
2026-03,2026-03-31,MALAWI,SCI,INCOME,Insurance Commissions,detail,insurance_commissions,0.0,-0.0,SCI Detailed,11,March 2026 Consolidated Accounts.xlsx
2026-03,2026-03-31,MENA,SCI,INCOME,Insurance Commissions,detail,insurance_commissions,0.0,-0.0,SCI Detailed,11,March 2026 Consolidated Accounts.xlsx
2026-03,2026-03-31,NIGERIA,SCI,INCOME,Insurance Commissions,detail,insurance_commissions,0.0,-0.0,SCI Detailed,11,March 2026 Consolidated Accounts.xlsx
2026-03,2026-03-31,RWANDA,SCI,INCOME,Insurance Commissions,detail,insurance_commissions,-11794021.02,11794021.02,SCI Detailed,11,March 2026 Consolidated Accounts.xlsx
2026-03,2026-03-31,ZHL,SCI,INCOME,Insurance Commissions,detail,insurance_commissions,0.0,-0.0,SCI Detailed,11,March 2026 Consolidated Accounts.xlsx
2026-03,2026-03-31,ZATL,SCI,INCOME,Insurance Commissions,detail,insurance_commissions,0.0,-0.0,SCI Detailed,11,March 2026 Consolidated Accounts.xlsx
2026-03,2026-03-31,DRC,SCI,INCOME,Insurance Commissions,detail,insurance_commissions,-18090512.88,18090512.88,SCI Detailed,11,March 2026 Consolidated Accounts.xlsx
2026-03,2026-03-31,C&P,SCI,INCOME,Insurance Commissions,detail,insurance_commissions,-49812.2,49812.2,SCI Detailed,11,March 2026 Consolidated Accounts.xlsx
2026-03,2026-03-31,ZAAC,SCI,INCOME,SAAS (Software as a Service),detail,saas_income,-8303347.0,8303347.0,SCI Detailed,12,March 2026 Consolidated Accounts.xlsx
2026-03,2026-03-31,ZAMRE,SCI,INCOME,SAAS (Software as a Service),detail,saas_income,0.0,-0.0,SCI Detailed,12,March 2026 Consolidated Accounts.xlsx
2026-03,2026-03-31,ZARIB,SCI,INCOME,SAAS (Software as a Service),detail,saas_income,0.0,-0.0,SCI Detailed,12,March 2026 Consolidated Accounts.xlsx
2026-03,2026-03-31,MALAWI,SCI,INCOME,SAAS (Software as a Service),detail,saas_income,0.0,-0.0,SCI Detailed,12,March 2026 Consolidated Accounts.xlsx
2026-03,2026-03-31,MENA,SCI,INCOME,SAAS (Software as a Service),detail,saas_income,0.0,-0.0,SCI Detailed,12,March 2026 Consolidated Accounts.xlsx
2026-03,2026-03-31,NIGERIA,SCI,INCOME,SAAS (Software as a Service),detail,saas_income,0.0,-0.0,SCI Detailed,12,March 2026 Consolidated Accounts.xlsx
2026-03,2026-03-31,RWANDA,SCI,INCOME,SAAS (Software as a Service),detail,saas_income,0.0,-0.0,SCI Detailed,12,March 2026 Consolidated Accounts.xlsx
2026-03,2026-03-31,ZHL,SCI,INCOME,SAAS (Software as a Service),detail,saas_income,0.0,-0.0,SCI Detailed,12,March 2026 Consolidated Accounts.xlsx
2026-03,2026-03-31,ZATL,SCI,INCOME,SAAS (Software as a Service),detail,saas_income,0.0,-0.0,SCI Detailed,12,March 2026 Consolidated Accounts.xlsx
2026-03,2026-03-31,DRC,SCI,INCOME,SAAS (Software as a Service),detail,saas_income,0.0,-0.0,SCI Detailed,12,March 2026 Consolidated Accounts.xlsx
2026-03,2026-03-31,C&P,SCI,INCOME,SAAS (Software as a Service),detail,saas_income,0.0,-0.0,SCI Detailed,12,March 2026 Consolidated Accounts.xlsx
2026-03,2026-03-31,ZAAC,SCI,INCOME,Retail,detail,retail_income,-28707764.9,28707764.9,SCI Detailed,13,March 2026 Consolidated Accounts.xlsx
2026-03,2026-03-31,ZAAC,SCI,INCOME,Other Income,detail,other_income,-6767722.95,6767722.95,SCI Detailed,14,March 2026 Consolidated Accounts.xlsx
2026-03,2026-03-31,ZAMRE,SCI,INCOME,Other Income,detail,other_income,-371731.51,371731.51,SCI Detailed,14,March 2026 Consolidated Accounts.xlsx
2026-03,2026-03-31,ZARIB,SCI,INCOME,Other Income,detail,other_income,-13001555.86,13001555.86,SCI Detailed,14,March 2026 Consolidated Accounts.xlsx
2026-03,2026-03-31,MALAWI,SCI,INCOME,Other Income,detail,other_income,-3004714.48,3004714.48,SCI Detailed,14,March 2026 Consolidated Accounts.xlsx
2026-03,2026-03-31,MENA,SCI,INCOME,Other Income,detail,other_income,0.0,-0.0,SCI Detailed,14,March 2026 Consolidated Accounts.xlsx
2026-03,2026-03-31,NIGERIA,SCI,INCOME,Other Income,detail,other_income,-323257.95,323257.95,SCI Detailed,14,March 2026 Consolidated Accounts.xlsx
2026-03,2026-03-31,RWANDA,SCI,INCOME,Other Income,detail,other_income,-381111.67,381111.67,SCI Detailed,14,March 2026 Consolidated Accounts.xlsx
2026-03,2026-03-31,ZHL,SCI,INCOME,Other Income,detail,other_income,-53463.6,53463.6,SCI Detailed,14,March 2026 Consolidated Accounts.xlsx
2026-03,2026-03-31,ZATL,SCI,INCOME,Other Income,detail,other_income,-5693.42,5693.42,SCI Detailed,14,March 2026 Consolidated Accounts.xlsx
2026-03,2026-03-31,DRC,SCI,INCOME,Other Income,detail,other_income,0.0,-0.0,SCI Detailed,14,March 2026 Consolidated Accounts.xlsx
2026-03,2026-03-31,C&P,SCI,INCOME,Other Income,detail,other_income,0.0,-0.0,SCI Detailed,14,March 2026 Consolidated Accounts.xlsx
2026-03,2026-03-31,ZAAC,SCI,INCOME,Total Income,total,,-331968865.06,-331968865.06,SCI Detailed,15,March 2026 Consolidated Accounts.xlsx
2026-03,2026-03-31,ZAMRE,SCI,INCOME,Total Income,total,,-26691735.44,-26691735.44,SCI Detailed,15,March 2026 Consolidated Accounts.xlsx
2026-03,2026-03-31,ZARIB,SCI,INCOME,Total Income,total,,-664317251.46,-664317251.46,SCI Detailed,15,March 2026 Consolidated Accounts.xlsx
2026-03,2026-03-31,MALAWI,SCI,INCOME,Total Income,total,,-56174293.39,-56174293.39,SCI Detailed,15,March 2026 Consolidated Accounts.xlsx
2026-03,2026-03-31,MENA,SCI,INCOME,Total Income,total,,-16711182.61,-16711182.61,SCI Detailed,15,March 2026 Consolidated Accounts.xlsx
2026-03,2026-03-31,NIGERIA,SCI,INCOME,Total Income,total,,-22480632.25,-22480632.25,SCI Detailed,15,March 2026 Consolidated Accounts.xlsx
2026-03,2026-03-31,RWANDA,SCI,INCOME,Total Income,total,,-14183829.01,-14183829.01,SCI Detailed,15,March 2026 Consolidated Accounts.xlsx
2026-03,2026-03-31,ZHL,SCI,INCOME,Total Income,total,,-53463.6,-53463.6,SCI Detailed,15,March 2026 Consolidated Accounts.xlsx
2026-03,2026-03-31,ZATL,SCI,INCOME,Total Income,total,,-5040500.92,-5040500.92,SCI Detailed,15,March 2026 Consolidated Accounts.xlsx
2026-03,2026-03-31,DRC,SCI,INCOME,Total Income,total,,-18090512.88,-18090512.88,SCI Detailed,15,March 2026 Consolidated Accounts.xlsx
2026-03,2026-03-31,C&P,SCI,INCOME,Total Income,total,,-12233002.44,-12233002.44,SCI Detailed,15,March 2026 Consolidated Accounts.xlsx
2026-03,2026-03-31,ZAAC,SCI,Personnel Costs,Emol.Pack-Salaries,detail,personnel_costs,168213480.96,168213480.96,SCI Detailed,19,March 2026 Consolidated Accounts.xlsx
2026-03,2026-03-31,ZAMRE,SCI,Personnel Costs,Emol.Pack-Salaries,detail,personnel_costs,0.0,0.0,SCI Detailed,19,March 2026 Consolidated Accounts.xlsx
2026-03,2026-03-31,ZARIB,SCI,Personnel Costs,Emol.Pack-Salaries,detail,personnel_costs,80982555.9,80982555.9,SCI Detailed,19,March 2026 Consolidated Accounts.xlsx
2026-03,2026-03-31,MALAWI,SCI,Personnel Costs,Emol.Pack-Salaries,detail,personnel_costs,9052434.92,9052434.92,SCI Detailed,19,March 2026 Consolidated Accounts.xlsx
2026-03,2026-03-31,MENA,SCI,Personnel Costs,Emol.Pack-Salaries,detail,personnel_costs,16063583.43,16063583.43,SCI Detailed,19,March 2026 Consolidated Accounts.xlsx
2026-03,2026-03-31,NIGERIA,SCI,Personnel Costs,Emol.Pack-Salaries,detail,personnel_costs,3172714.15,3172714.15,SCI Detailed,19,March 2026 Consolidated Accounts.xlsx
2026-03,2026-03-31,RWANDA,SCI,Personnel Costs,Emol.Pack-Salaries,detail,personnel_costs,7630617.3,7630617.3,SCI Detailed,19,March 2026 Consolidated Accounts.xlsx
2026-03,2026-03-31,ZHL,SCI,Personnel Costs,Emol.Pack-Salaries,detail,personnel_costs,0.0,0.0,SCI Detailed,19,March 2026 Consolidated Accounts.xlsx
2026-03,2026-03-31,ZATL,SCI,Personnel Costs,Emol.Pack-Salaries,detail,personnel_costs,1304802.12,1304802.12,SCI Detailed,19,March 2026 Consolidated Accounts.xlsx
2026-03,2026-03-31,DRC,SCI,Personnel Costs,Emol.Pack-Salaries,detail,personnel_costs,3471960.6,3471960.6,SCI Detailed,19,March 2026 Consolidated Accounts.xlsx
2026-03,2026-03-31,ZAAC,SCI,Personnel Costs,Emol.Pack-Housing Subsid,detail,personnel_costs,2481546.0,2481546.0,SCI Detailed,20,March 2026 Consolidated Accounts.xlsx
2026-03,2026-03-31,ZAMRE,SCI,Personnel Costs,Emol.Pack-Housing Subsid,detail,personnel_costs,0.0,0.0,SCI Detailed,20,March 2026 Consolidated Accounts.xlsx
2026-03,2026-03-31,ZARIB,SCI,Personnel Costs,Emol.Pack-Housing Subsid,detail,personnel_costs,0.0,0.0,SCI Detailed,20,March 2026 Consolidated Accounts.xlsx
2026-03,2026-03-31,MALAWI,SCI,Personnel Costs,Emol.Pack-Housing Subsid,detail,personnel_costs,0.0,0.0,SCI Detailed,20,March 2026 Consolidated Accounts.xlsx
2026-03,2026-03-31,MENA,SCI,Personnel Costs,Emol.Pack-Housing Subsid,detail,personnel_costs,0.0,0.0,SCI Detailed,20,March 2026 Consolidated Accounts.xlsx
2026-03,2026-03-31,NIGERIA,SCI,Personnel Costs,Emol.Pack-Housing Subsid,detail,personnel_costs,0.0,0.0,SCI Detailed,20,March 2026 Consolidated Accounts.xlsx
2026-03,2026-03-31,RWANDA,SCI,Personnel Costs,Emol.Pack-Housing Subsid,detail,personnel_costs,0.0,0.0,SCI Detailed,20,March 2026 Consolidated Accounts.xlsx
2026-03,2026-03-31,ZHL,SCI,Personnel Costs,Emol.Pack-Housing Subsid,detail,personnel_costs,0.0,0.0,SCI Detailed,20,March 2026 Consolidated Accounts.xlsx
2026-03,2026-03-31,ZATL,SCI,Personnel Costs,Emol.Pack-Housing Subsid,detail,personnel_costs,0.0,0.0,SCI Detailed,20,March 2026 Consolidated Accounts.xlsx
2026-03,2026-03-31,DRC,SCI,Personnel Costs,Emol.Pack-Housing Subsid,detail,personnel_costs,0.0,0.0,SCI Detailed,20,March 2026 Consolidated Accounts.xlsx
2026-03,2026-03-31,ZAAC,SCI,Personnel Costs,Emol.Pack-Other,detail,personnel_costs,501600.0,501600.0,SCI Detailed,21,March 2026 Consolidated Accounts.xlsx
2026-03,2026-03-31,ZAMRE,SCI,Personnel Costs,Emol.Pack-Other,detail,personnel_costs,0.0,0.0,SCI Detailed,21,March 2026 Consolidated Accounts.xlsx
2026-03,2026-03-31,ZARIB,SCI,Personnel Costs,Emol.Pack-Other,detail,personnel_costs,1566058.0,1566058.0,SCI Detailed,21,March 2026 Consolidated Accounts.xlsx
2026-03,2026-03-31,MALAWI,SCI,Personnel Costs,Emol.Pack-Other,detail,personnel_costs,556427.37,556427.37,SCI Detailed,21,March 2026 Consolidated Accounts.xlsx
2026-03,2026-03-31,MENA,SCI,Personnel Costs,Emol.Pack-Other,detail,personnel_costs,0.0,0.0,SCI Detailed,21,March 2026 Consolidated Accounts.xlsx
2026-03,2026-03-31,NIGERIA,SCI,Personnel Costs,Emol.Pack-Other,detail,personnel_costs,2592864.14,2592864.14,SCI Detailed,21,March 2026 Consolidated Accounts.xlsx
2026-03,2026-03-31,RWANDA,SCI,Personnel Costs,Emol.Pack-Other,detail,personnel_costs,0.0,0.0,SCI Detailed,21,March 2026 Consolidated Accounts.xlsx
2026-03,2026-03-31,ZHL,SCI,Personnel Costs,Emol.Pack-Other,detail,personnel_costs,0.0,0.0,SCI Detailed,21,March 2026 Consolidated Accounts.xlsx
2026-03,2026-03-31,ZATL,SCI,Personnel Costs,Emol.Pack-Other,detail,personnel_costs,8332.03,8332.03,SCI Detailed,21,March 2026 Consolidated Accounts.xlsx
2026-03,2026-03-31,DRC,SCI,Personnel Costs,Emol.Pack-Other,detail,personnel_costs,0.0,0.0,SCI Detailed,21,March 2026 Consolidated Accounts.xlsx
2026-03,2026-03-31,ZAAC,SCI,Personnel Costs,Emol.Pack-Med.Contribut.,detail,personnel_costs,8665940.37,8665940.37,SCI Detailed,22,March 2026 Consolidated Accounts.xlsx
2026-03,2026-03-31,ZAMRE,SCI,Personnel Costs,Emol.Pack-Med.Contribut.,detail,personnel_costs,0.0,0.0,SCI Detailed,22,March 2026 Consolidated Accounts.xlsx
2026-03,2026-03-31,ZARIB,SCI,Personnel Costs,Emol.Pack-Med.Contribut.,detail,personnel_costs,6063164.97,6063164.97,SCI Detailed,22,March 2026 Consolidated Accounts.xlsx
2026-03,2026-03-31,MALAWI,SCI,Personnel Costs,Emol.Pack-Med.Contribut.,detail,personnel_costs,384376.72,384376.72,SCI Detailed,22,March 2026 Consolidated Accounts.xlsx
2026-03,2026-03-31,MENA,SCI,Personnel Costs,Emol.Pack-Med.Contribut.,detail,personnel_costs,0.0,0.0,SCI Detailed,22,March 2026 Consolidated Accounts.xlsx
2026-03,2026-03-31,NIGERIA,SCI,Personnel Costs,Emol.Pack-Med.Contribut.,detail,personnel_costs,187235.83,187235.83,SCI Detailed,22,March 2026 Consolidated Accounts.xlsx
2026-03,2026-03-31,RWANDA,SCI,Personnel Costs,Emol.Pack-Med.Contribut.,detail,personnel_costs,596838.31,596838.31,SCI Detailed,22,March 2026 Consolidated Accounts.xlsx
2026-03,2026-03-31,ZHL,SCI,Personnel Costs,Emol.Pack-Med.Contribut.,detail,personnel_costs,0.0,0.0,SCI Detailed,22,March 2026 Consolidated Accounts.xlsx
2026-03,2026-03-31,ZATL,SCI,Personnel Costs,Emol.Pack-Med.Contribut.,detail,personnel_costs,0.0,0.0,SCI Detailed,22,March 2026 Consolidated Accounts.xlsx
2026-03,2026-03-31,DRC,SCI,Personnel Costs,Emol.Pack-Med.Contribut.,detail,personnel_costs,0.0,0.0,SCI Detailed,22,March 2026 Consolidated Accounts.xlsx
2026-03,2026-03-31,ZAAC,SCI,Personnel Costs,Emol.Pack-Pens.Contribut.,detail,personnel_costs,13792408.3,13792408.3,SCI Detailed,23,March 2026 Consolidated Accounts.xlsx
2026-03,2026-03-31,ZAMRE,SCI,Personnel Costs,Emol.Pack-Pens.Contribut.,detail,personnel_costs,0.0,0.0,SCI Detailed,23,March 2026 Consolidated Accounts.xlsx
2026-03,2026-03-31,ZARIB,SCI,Personnel Costs,Emol.Pack-Pens.Contribut.,detail,personnel_costs,6057719.0,6057719.0,SCI Detailed,23,March 2026 Consolidated Accounts.xlsx
2026-03,2026-03-31,MALAWI,SCI,Personnel Costs,Emol.Pack-Pens.Contribut.,detail,personnel_costs,882313.01,882313.01,SCI Detailed,23,March 2026 Consolidated Accounts.xlsx
2026-03,2026-03-31,MENA,SCI,Personnel Costs,Emol.Pack-Pens.Contribut.,detail,personnel_costs,0.0,0.0,SCI Detailed,23,March 2026 Consolidated Accounts.xlsx
2026-03,2026-03-31,NIGERIA,SCI,Personnel Costs,Emol.Pack-Pens.Contribut.,detail,personnel_costs,257490.68,257490.68,SCI Detailed,23,March 2026 Consolidated Accounts.xlsx
2026-03,2026-03-31,RWANDA,SCI,Personnel Costs,Emol.Pack-Pens.Contribut.,detail,personnel_costs,65797.15,65797.15,SCI Detailed,23,March 2026 Consolidated Accounts.xlsx
2026-03,2026-03-31,ZHL,SCI,Personnel Costs,Emol.Pack-Pens.Contribut.,detail,personnel_costs,0.0,0.0,SCI Detailed,23,March 2026 Consolidated Accounts.xlsx
2026-03,2026-03-31,ZATL,SCI,Personnel Costs,Emol.Pack-Pens.Contribut.,detail,personnel_costs,92152.86,92152.86,SCI Detailed,23,March 2026 Consolidated Accounts.xlsx
2026-03,2026-03-31,DRC,SCI,Personnel Costs,Emol.Pack-Pens.Contribut.,detail,personnel_costs,0.0,0.0,SCI Detailed,23,March 2026 Consolidated Accounts.xlsx
2026-03,2026-03-31,ZAAC,SCI,Personnel Costs,Co.Contrib-Life Assurance,detail,personnel_costs,2790856.74,2790856.74,SCI Detailed,24,March 2026 Consolidated Accounts.xlsx
2026-03,2026-03-31,ZAMRE,SCI,Personnel Costs,Co.Contrib-Life Assurance,detail,personnel_costs,0.0,0.0,SCI Detailed,24,March 2026 Consolidated Accounts.xlsx
2026-03,2026-03-31,ZARIB,SCI,Personnel Costs,Co.Contrib-Life Assurance,detail,personnel_costs,1168876.23,1168876.23,SCI Detailed,24,March 2026 Consolidated Accounts.xlsx
2026-03,2026-03-31,MALAWI,SCI,Personnel Costs,Co.Contrib-Life Assurance,detail,personnel_costs,176462.6,176462.6,SCI Detailed,24,March 2026 Consolidated Accounts.xlsx
2026-03,2026-03-31,MENA,SCI,Personnel Costs,Co.Contrib-Life Assurance,detail,personnel_costs,0.0,0.0,SCI Detailed,24,March 2026 Consolidated Accounts.xlsx
2026-03,2026-03-31,NIGERIA,SCI,Personnel Costs,Co.Contrib-Life Assurance,detail,personnel_costs,126456.47,126456.47,SCI Detailed,24,March 2026 Consolidated Accounts.xlsx
2026-03,2026-03-31,RWANDA,SCI,Personnel Costs,Co.Contrib-Life Assurance,detail,personnel_costs,241303.08,241303.08,SCI Detailed,24,March 2026 Consolidated Accounts.xlsx
2026-03,2026-03-31,ZHL,SCI,Personnel Costs,Co.Contrib-Life Assurance,detail,personnel_costs,0.0,0.0,SCI Detailed,24,March 2026 Consolidated Accounts.xlsx
2026-03,2026-03-31,ZATL,SCI,Personnel Costs,Co.Contrib-Life Assurance,detail,personnel_costs,0.0,0.0,SCI Detailed,24,March 2026 Consolidated Accounts.xlsx
2026-03,2026-03-31,DRC,SCI,Personnel Costs,Co.Contrib-Life Assurance,detail,personnel_costs,0.0,0.0,SCI Detailed,24,March 2026 Consolidated Accounts.xlsx
2026-03,2026-03-31,ZAAC,SCI,Personnel Costs,Temporary Staff-General,detail,personnel_costs,205500.0,205500.0,SCI Detailed,25,March 2026 Consolidated Accounts.xlsx
2026-03,2026-03-31,ZAMRE,SCI,Personnel Costs,Temporary Staff-General,detail,personnel_costs,0.0,0.0,SCI Detailed,25,March 2026 Consolidated Accounts.xlsx
2026-03,2026-03-31,ZARIB,SCI,Personnel Costs,Temporary Staff-General,detail,personnel_costs,44925.0,44925.0,SCI Detailed,25,March 2026 Consolidated Accounts.xlsx
2026-03,2026-03-31,MALAWI,SCI,Personnel Costs,Temporary Staff-General,detail,personnel_costs,0.0,0.0,SCI Detailed,25,March 2026 Consolidated Accounts.xlsx
2026-03,2026-03-31,MENA,SCI,Personnel Costs,Temporary Staff-General,detail,personnel_costs,0.0,0.0,SCI Detailed,25,March 2026 Consolidated Accounts.xlsx
2026-03,2026-03-31,NIGERIA,SCI,Personnel Costs,Temporary Staff-General,detail,personnel_costs,0.0,0.0,SCI Detailed,25,March 2026 Consolidated Accounts.xlsx
2026-03,2026-03-31,RWANDA,SCI,Personnel Costs,Temporary Staff-General,detail,personnel_costs,0.0,0.0,SCI Detailed,25,March 2026 Consolidated Accounts.xlsx
2026-03,2026-03-31,ZHL,SCI,Personnel Costs,Temporary Staff-General,detail,personnel_costs,0.0,0.0,SCI Detailed,25,March 2026 Consolidated Accounts.xlsx
2026-03,2026-03-31,ZATL,SCI,Personnel Costs,Temporary Staff-General,detail,personnel_costs,0.0,0.0,SCI Detailed,25,March 2026 Consolidated Accounts.xlsx
2026-03,2026-03-31,DRC,SCI,Personnel Costs,Temporary Staff-General,detail,personnel_costs,0.0,0.0,SCI Detailed,25,March 2026 Consolidated Accounts.xlsx
2026-03,2026-03-31,ZAAC,SCI,Personnel Costs,Welfare-General,detail,personnel_costs,185256.0,185256.0,SCI Detailed,26,March 2026 Consolidated Accounts.xlsx
2026-03,2026-03-31,ZAMRE,SCI,Personnel Costs,Welfare-General,detail,personnel_costs,0.0,0.0,SCI Detailed,26,March 2026 Consolidated Accounts.xlsx
2026-03,2026-03-31,ZARIB,SCI,Personnel Costs,Welfare-General,detail,personnel_costs,122518.08,122518.08,SCI Detailed,26,March 2026 Consolidated Accounts.xlsx
2026-03,2026-03-31,MALAWI,SCI,Personnel Costs,Welfare-General,detail,personnel_costs,240663.35,240663.35,SCI Detailed,26,March 2026 Consolidated Accounts.xlsx
2026-03,2026-03-31,MENA,SCI,Personnel Costs,Welfare-General,detail,personnel_costs,0.0,0.0,SCI Detailed,26,March 2026 Consolidated Accounts.xlsx
2026-03,2026-03-31,NIGERIA,SCI,Personnel Costs,Welfare-General,detail,personnel_costs,0.0,0.0,SCI Detailed,26,March 2026 Consolidated Accounts.xlsx
2026-03,2026-03-31,RWANDA,SCI,Personnel Costs,Welfare-General,detail,personnel_costs,0.0,0.0,SCI Detailed,26,March 2026 Consolidated Accounts.xlsx
2026-03,2026-03-31,ZHL,SCI,Personnel Costs,Welfare-General,detail,personnel_costs,0.0,0.0,SCI Detailed,26,March 2026 Consolidated Accounts.xlsx
2026-03,2026-03-31,ZATL,SCI,Personnel Costs,Welfare-General,detail,personnel_costs,0.0,0.0,SCI Detailed,26,March 2026 Consolidated Accounts.xlsx
2026-03,2026-03-31,DRC,SCI,Personnel Costs,Welfare-General,detail,personnel_costs,0.0,0.0,SCI Detailed,26,March 2026 Consolidated Accounts.xlsx
2026-03,2026-03-31,ZAAC,SCI,Personnel Costs,Other Staff Costs,detail,personnel_costs,-12353688.76,-12353688.76,SCI Detailed,27,March 2026 Consolidated Accounts.xlsx
2026-03,2026-03-31,ZAMRE,SCI,Personnel Costs,Other Staff Costs,detail,personnel_costs,8442731.61,8442731.61,SCI Detailed,27,March 2026 Consolidated Accounts.xlsx
2026-03,2026-03-31,ZARIB,SCI,Personnel Costs,Other Staff Costs,detail,personnel_costs,31410957.12,31410957.12,SCI Detailed,27,March 2026 Consolidated Accounts.xlsx
2026-03,2026-03-31,MALAWI,SCI,Personnel Costs,Other Staff Costs,detail,personnel_costs,84168.06,84168.06,SCI Detailed,27,March 2026 Consolidated Accounts.xlsx
2026-03,2026-03-31,MENA,SCI,Personnel Costs,Other Staff Costs,detail,personnel_costs,0.0,0.0,SCI Detailed,27,March 2026 Consolidated Accounts.xlsx
2026-03,2026-03-31,NIGERIA,SCI,Personnel Costs,Other Staff Costs,detail,personnel_costs,42490.49,42490.49,SCI Detailed,27,March 2026 Consolidated Accounts.xlsx
2026-03,2026-03-31,RWANDA,SCI,Personnel Costs,Other Staff Costs,detail,personnel_costs,633341.23,633341.23,SCI Detailed,27,March 2026 Consolidated Accounts.xlsx
2026-03,2026-03-31,ZHL,SCI,Personnel Costs,Other Staff Costs,detail,personnel_costs,0.0,0.0,SCI Detailed,27,March 2026 Consolidated Accounts.xlsx
2026-03,2026-03-31,ZATL,SCI,Personnel Costs,Other Staff Costs,detail,personnel_costs,4801.37,4801.37,SCI Detailed,27,March 2026 Consolidated Accounts.xlsx
2026-03,2026-03-31,DRC,SCI,Personnel Costs,Other Staff Costs,detail,personnel_costs,1890917.53,1890917.53,SCI Detailed,27,March 2026 Consolidated Accounts.xlsx
2026-03,2026-03-31,ZAAC,SCI,Personnel Costs,Other Staff Benefits,detail,personnel_costs,0.0,0.0,SCI Detailed,28,March 2026 Consolidated Accounts.xlsx
2026-03,2026-03-31,ZAMRE,SCI,Personnel Costs,Other Staff Benefits,detail,personnel_costs,0.0,0.0,SCI Detailed,28,March 2026 Consolidated Accounts.xlsx
2026-03,2026-03-31,ZARIB,SCI,Personnel Costs,Other Staff Benefits,detail,personnel_costs,0.0,0.0,SCI Detailed,28,March 2026 Consolidated Accounts.xlsx
2026-03,2026-03-31,MALAWI,SCI,Personnel Costs,Other Staff Benefits,detail,personnel_costs,0.0,0.0,SCI Detailed,28,March 2026 Consolidated Accounts.xlsx
2026-03,2026-03-31,MENA,SCI,Personnel Costs,Other Staff Benefits,detail,personnel_costs,0.0,0.0,SCI Detailed,28,March 2026 Consolidated Accounts.xlsx
2026-03,2026-03-31,NIGERIA,SCI,Personnel Costs,Other Staff Benefits,detail,personnel_costs,0.0,0.0,SCI Detailed,28,March 2026 Consolidated Accounts.xlsx
2026-03,2026-03-31,RWANDA,SCI,Personnel Costs,Other Staff Benefits,detail,personnel_costs,67960.06,67960.06,SCI Detailed,28,March 2026 Consolidated Accounts.xlsx
2026-03,2026-03-31,ZHL,SCI,Personnel Costs,Other Staff Benefits,detail,personnel_costs,0.0,0.0,SCI Detailed,28,March 2026 Consolidated Accounts.xlsx
2026-03,2026-03-31,ZATL,SCI,Personnel Costs,Other Staff Benefits,detail,personnel_costs,0.0,0.0,SCI Detailed,28,March 2026 Consolidated Accounts.xlsx
2026-03,2026-03-31,DRC,SCI,Personnel Costs,Other Staff Benefits,detail,personnel_costs,0.0,0.0,SCI Detailed,28,March 2026 Consolidated Accounts.xlsx
2026-03,2026-03-31,C&P,SCI,Personnel Costs,Other Staff Benefits,detail,personnel_costs,0.0,0.0,SCI Detailed,28,March 2026 Consolidated Accounts.xlsx
2026-03,2026-03-31,ZAAC,SCI,Personnel Costs,Training EXTERNAL,detail,personnel_costs,1792568.25,1792568.25,SCI Detailed,29,March 2026 Consolidated Accounts.xlsx
2026-03,2026-03-31,ZAMRE,SCI,Personnel Costs,Training EXTERNAL,detail,personnel_costs,113619.2,113619.2,SCI Detailed,29,March 2026 Consolidated Accounts.xlsx
2026-03,2026-03-31,ZARIB,SCI,Personnel Costs,Training EXTERNAL,detail,personnel_costs,1292580.57,1292580.57,SCI Detailed,29,March 2026 Consolidated Accounts.xlsx
2026-03,2026-03-31,MALAWI,SCI,Personnel Costs,Training EXTERNAL,detail,personnel_costs,0.0,0.0,SCI Detailed,29,March 2026 Consolidated Accounts.xlsx
2026-03,2026-03-31,MENA,SCI,Personnel Costs,Training EXTERNAL,detail,personnel_costs,0.0,0.0,SCI Detailed,29,March 2026 Consolidated Accounts.xlsx
2026-03,2026-03-31,NIGERIA,SCI,Personnel Costs,Training EXTERNAL,detail,personnel_costs,184125.46,184125.46,SCI Detailed,29,March 2026 Consolidated Accounts.xlsx
2026-03,2026-03-31,RWANDA,SCI,Personnel Costs,Training EXTERNAL,detail,personnel_costs,131639.7,131639.7,SCI Detailed,29,March 2026 Consolidated Accounts.xlsx
2026-03,2026-03-31,ZHL,SCI,Personnel Costs,Training EXTERNAL,detail,personnel_costs,0.0,0.0,SCI Detailed,29,March 2026 Consolidated Accounts.xlsx
2026-03,2026-03-31,ZATL,SCI,Personnel Costs,Training EXTERNAL,detail,personnel_costs,0.0,0.0,SCI Detailed,29,March 2026 Consolidated Accounts.xlsx
2026-03,2026-03-31,DRC,SCI,Personnel Costs,Training EXTERNAL,detail,personnel_costs,343574.4,343574.4,SCI Detailed,29,March 2026 Consolidated Accounts.xlsx
2026-03,2026-03-31,ZAAC,SCI,Personnel Costs,Commission Leads,detail,personnel_costs,306919.38,306919.38,SCI Detailed,30,March 2026 Consolidated Accounts.xlsx
2026-03,2026-03-31,ZAMRE,SCI,Personnel Costs,Commission Leads,detail,personnel_costs,0.0,0.0,SCI Detailed,30,March 2026 Consolidated Accounts.xlsx
2026-03,2026-03-31,ZARIB,SCI,Personnel Costs,Commission Leads,detail,personnel_costs,812134.0,812134.0,SCI Detailed,30,March 2026 Consolidated Accounts.xlsx
2026-03,2026-03-31,MALAWI,SCI,Personnel Costs,Commission Leads,detail,personnel_costs,0.0,0.0,SCI Detailed,30,March 2026 Consolidated Accounts.xlsx
2026-03,2026-03-31,MENA,SCI,Personnel Costs,Commission Leads,detail,personnel_costs,0.0,0.0,SCI Detailed,30,March 2026 Consolidated Accounts.xlsx
2026-03,2026-03-31,NIGERIA,SCI,Personnel Costs,Commission Leads,detail,personnel_costs,0.0,0.0,SCI Detailed,30,March 2026 Consolidated Accounts.xlsx
2026-03,2026-03-31,RWANDA,SCI,Personnel Costs,Commission Leads,detail,personnel_costs,0.0,0.0,SCI Detailed,30,March 2026 Consolidated Accounts.xlsx
2026-03,2026-03-31,ZHL,SCI,Personnel Costs,Commission Leads,detail,personnel_costs,0.0,0.0,SCI Detailed,30,March 2026 Consolidated Accounts.xlsx
2026-03,2026-03-31,ZATL,SCI,Personnel Costs,Commission Leads,detail,personnel_costs,0.0,0.0,SCI Detailed,30,March 2026 Consolidated Accounts.xlsx
2026-03,2026-03-31,DRC,SCI,Personnel Costs,Commission Leads,detail,personnel_costs,0.0,0.0,SCI Detailed,30,March 2026 Consolidated Accounts.xlsx
2026-03,2026-03-31,ZAAC,SCI,Personnel Costs,Training Internal,detail,personnel_costs,225820.0,225820.0,SCI Detailed,32,March 2026 Consolidated Accounts.xlsx
2026-03,2026-03-31,ZAMRE,SCI,Personnel Costs,Training Internal,detail,personnel_costs,2227.2,2227.2,SCI Detailed,32,March 2026 Consolidated Accounts.xlsx
2026-03,2026-03-31,ZARIB,SCI,Personnel Costs,Training Internal,detail,personnel_costs,176516.8,176516.8,SCI Detailed,32,March 2026 Consolidated Accounts.xlsx
2026-03,2026-03-31,MALAWI,SCI,Personnel Costs,Training Internal,detail,personnel_costs,0.0,0.0,SCI Detailed,32,March 2026 Consolidated Accounts.xlsx
2026-03,2026-03-31,MENA,SCI,Personnel Costs,Training Internal,detail,personnel_costs,0.0,0.0,SCI Detailed,32,March 2026 Consolidated Accounts.xlsx
2026-03,2026-03-31,NIGERIA,SCI,Personnel Costs,Training Internal,detail,personnel_costs,0.0,0.0,SCI Detailed,32,March 2026 Consolidated Accounts.xlsx
2026-03,2026-03-31,RWANDA,SCI,Personnel Costs,Training Internal,detail,personnel_costs,0.0,0.0,SCI Detailed,32,March 2026 Consolidated Accounts.xlsx
2026-03,2026-03-31,ZHL,SCI,Personnel Costs,Training Internal,detail,personnel_costs,0.0,0.0,SCI Detailed,32,March 2026 Consolidated Accounts.xlsx
2026-03,2026-03-31,ZATL,SCI,Personnel Costs,Training Internal,detail,personnel_costs,0.0,0.0,SCI Detailed,32,March 2026 Consolidated Accounts.xlsx
2026-03,2026-03-31,DRC,SCI,Personnel Costs,Training Internal,detail,personnel_costs,0.0,0.0,SCI Detailed,32,March 2026 Consolidated Accounts.xlsx
2026-03,2026-03-31,ZAAC,SCI,Personnel Costs,(group_subtotal),group_subtotal,,186808207.24,186808207.24,SCI Detailed,33,March 2026 Consolidated Accounts.xlsx
2026-03,2026-03-31,ZAMRE,SCI,Personnel Costs,(group_subtotal),group_subtotal,,8558578.01,8558578.01,SCI Detailed,33,March 2026 Consolidated Accounts.xlsx
2026-03,2026-03-31,ZARIB,SCI,Personnel Costs,(group_subtotal),group_subtotal,,129698005.67,129698005.67,SCI Detailed,33,March 2026 Consolidated Accounts.xlsx
2026-03,2026-03-31,MALAWI,SCI,Personnel Costs,(group_subtotal),group_subtotal,,11376846.03,11376846.03,SCI Detailed,33,March 2026 Consolidated Accounts.xlsx
2026-03,2026-03-31,MENA,SCI,Personnel Costs,(group_subtotal),group_subtotal,,16063583.43,16063583.43,SCI Detailed,33,March 2026 Consolidated Accounts.xlsx
2026-03,2026-03-31,NIGERIA,SCI,Personnel Costs,(group_subtotal),group_subtotal,,6563377.22,6563377.22,SCI Detailed,33,March 2026 Consolidated Accounts.xlsx
2026-03,2026-03-31,RWANDA,SCI,Personnel Costs,(group_subtotal),group_subtotal,,9367496.84,9367496.84,SCI Detailed,33,March 2026 Consolidated Accounts.xlsx
2026-03,2026-03-31,ZHL,SCI,Personnel Costs,(group_subtotal),group_subtotal,,0.0,0.0,SCI Detailed,33,March 2026 Consolidated Accounts.xlsx
2026-03,2026-03-31,ZATL,SCI,Personnel Costs,(group_subtotal),group_subtotal,,1410088.39,1410088.39,SCI Detailed,33,March 2026 Consolidated Accounts.xlsx
2026-03,2026-03-31,DRC,SCI,Personnel Costs,(group_subtotal),group_subtotal,,5706452.52,5706452.52,SCI Detailed,33,March 2026 Consolidated Accounts.xlsx
2026-03,2026-03-31,ZAAC,SCI,Travelling,Trav. Air Fares,detail,travelling,1932662.6,1932662.6,SCI Detailed,35,March 2026 Consolidated Accounts.xlsx
2026-03,2026-03-31,ZAMRE,SCI,Travelling,Trav. Air Fares,detail,travelling,227568.0,227568.0,SCI Detailed,35,March 2026 Consolidated Accounts.xlsx
2026-03,2026-03-31,ZARIB,SCI,Travelling,Trav. Air Fares,detail,travelling,620908.0,620908.0,SCI Detailed,35,March 2026 Consolidated Accounts.xlsx
2026-03,2026-03-31,MALAWI,SCI,Travelling,Trav. Air Fares,detail,travelling,487458.55,487458.55,SCI Detailed,35,March 2026 Consolidated Accounts.xlsx
2026-03,2026-03-31,MENA,SCI,Travelling,Trav. Air Fares,detail,travelling,0.0,0.0,SCI Detailed,35,March 2026 Consolidated Accounts.xlsx
2026-03,2026-03-31,NIGERIA,SCI,Travelling,Trav. Air Fares,detail,travelling,178465.25,178465.25,SCI Detailed,35,March 2026 Consolidated Accounts.xlsx
2026-03,2026-03-31,RWANDA,SCI,Travelling,Trav. Air Fares,detail,travelling,706127.15,706127.15,SCI Detailed,35,March 2026 Consolidated Accounts.xlsx
2026-03,2026-03-31,ZHL,SCI,Travelling,Trav. Air Fares,detail,travelling,0.0,0.0,SCI Detailed,35,March 2026 Consolidated Accounts.xlsx
2026-03,2026-03-31,ZATL,SCI,Travelling,Trav. Air Fares,detail,travelling,0.0,0.0,SCI Detailed,35,March 2026 Consolidated Accounts.xlsx
2026-03,2026-03-31,DRC,SCI,Travelling,Trav. Air Fares,detail,travelling,224640.42,224640.42,SCI Detailed,35,March 2026 Consolidated Accounts.xlsx
2026-03,2026-03-31,C&P,SCI,Travelling,Trav. Air Fares,detail,travelling,0.0,0.0,SCI Detailed,35,March 2026 Consolidated Accounts.xlsx
2026-03,2026-03-31,ZAAC,SCI,Travelling,Trav. Accom.,detail,travelling,4679459.46,4679459.46,SCI Detailed,36,March 2026 Consolidated Accounts.xlsx
2026-03,2026-03-31,ZAMRE,SCI,Travelling,Trav. Accom.,detail,travelling,0.0,0.0,SCI Detailed,36,March 2026 Consolidated Accounts.xlsx
2026-03,2026-03-31,ZARIB,SCI,Travelling,Trav. Accom.,detail,travelling,1136884.02,1136884.02,SCI Detailed,36,March 2026 Consolidated Accounts.xlsx
2026-03,2026-03-31,MALAWI,SCI,Travelling,Trav. Accom.,detail,travelling,152112.05,152112.05,SCI Detailed,36,March 2026 Consolidated Accounts.xlsx
2026-03,2026-03-31,MENA,SCI,Travelling,Trav. Accom.,detail,travelling,0.0,0.0,SCI Detailed,36,March 2026 Consolidated Accounts.xlsx
2026-03,2026-03-31,NIGERIA,SCI,Travelling,Trav. Accom.,detail,travelling,0.0,0.0,SCI Detailed,36,March 2026 Consolidated Accounts.xlsx
2026-03,2026-03-31,RWANDA,SCI,Travelling,Trav. Accom.,detail,travelling,0.0,0.0,SCI Detailed,36,March 2026 Consolidated Accounts.xlsx
2026-03,2026-03-31,ZHL,SCI,Travelling,Trav. Accom.,detail,travelling,0.0,0.0,SCI Detailed,36,March 2026 Consolidated Accounts.xlsx
2026-03,2026-03-31,ZATL,SCI,Travelling,Trav. Accom.,detail,travelling,149850.35,149850.35,SCI Detailed,36,March 2026 Consolidated Accounts.xlsx
2026-03,2026-03-31,DRC,SCI,Travelling,Trav. Accom.,detail,travelling,1268953.25,1268953.25,SCI Detailed,36,March 2026 Consolidated Accounts.xlsx
2026-03,2026-03-31,C&P,SCI,Travelling,Trav. Accom.,detail,travelling,0.0,0.0,SCI Detailed,36,March 2026 Consolidated Accounts.xlsx
2026-03,2026-03-31,ZAAC,SCI,Travelling,Trav. Sundry exp.,detail,travelling,113.43,113.43,SCI Detailed,37,March 2026 Consolidated Accounts.xlsx
2026-03,2026-03-31,ZAMRE,SCI,Travelling,Trav. Sundry exp.,detail,travelling,0.0,0.0,SCI Detailed,37,March 2026 Consolidated Accounts.xlsx
2026-03,2026-03-31,ZARIB,SCI,Travelling,Trav. Sundry exp.,detail,travelling,0.0,0.0,SCI Detailed,37,March 2026 Consolidated Accounts.xlsx
2026-03,2026-03-31,MALAWI,SCI,Travelling,Trav. Sundry exp.,detail,travelling,337714.75,337714.75,SCI Detailed,37,March 2026 Consolidated Accounts.xlsx
2026-03,2026-03-31,MENA,SCI,Travelling,Trav. Sundry exp.,detail,travelling,92264.67,92264.67,SCI Detailed,37,March 2026 Consolidated Accounts.xlsx
2026-03,2026-03-31,NIGERIA,SCI,Travelling,Trav. Sundry exp.,detail,travelling,349980.0,349980.0,SCI Detailed,37,March 2026 Consolidated Accounts.xlsx
2026-03,2026-03-31,RWANDA,SCI,Travelling,Trav. Sundry exp.,detail,travelling,0.0,0.0,SCI Detailed,37,March 2026 Consolidated Accounts.xlsx
2026-03,2026-03-31,ZHL,SCI,Travelling,Trav. Sundry exp.,detail,travelling,0.0,0.0,SCI Detailed,37,March 2026 Consolidated Accounts.xlsx
2026-03,2026-03-31,ZATL,SCI,Travelling,Trav. Sundry exp.,detail,travelling,0.0,0.0,SCI Detailed,37,March 2026 Consolidated Accounts.xlsx
2026-03,2026-03-31,DRC,SCI,Travelling,Trav. Sundry exp.,detail,travelling,0.0,0.0,SCI Detailed,37,March 2026 Consolidated Accounts.xlsx
2026-03,2026-03-31,C&P,SCI,Travelling,Trav. Sundry exp.,detail,travelling,0.0,0.0,SCI Detailed,37,March 2026 Consolidated Accounts.xlsx
2026-03,2026-03-31,ZAAC,SCI,Travelling,(group_subtotal),group_subtotal,,6612235.49,6612235.49,SCI Detailed,39,March 2026 Consolidated Accounts.xlsx
2026-03,2026-03-31,ZAMRE,SCI,Travelling,(group_subtotal),group_subtotal,,227568.0,227568.0,SCI Detailed,39,March 2026 Consolidated Accounts.xlsx
2026-03,2026-03-31,ZARIB,SCI,Travelling,(group_subtotal),group_subtotal,,1757792.02,1757792.02,SCI Detailed,39,March 2026 Consolidated Accounts.xlsx
2026-03,2026-03-31,MALAWI,SCI,Travelling,(group_subtotal),group_subtotal,,977285.35,977285.35,SCI Detailed,39,March 2026 Consolidated Accounts.xlsx
2026-03,2026-03-31,MENA,SCI,Travelling,(group_subtotal),group_subtotal,,92264.67,92264.67,SCI Detailed,39,March 2026 Consolidated Accounts.xlsx
2026-03,2026-03-31,NIGERIA,SCI,Travelling,(group_subtotal),group_subtotal,,528445.26,528445.26,SCI Detailed,39,March 2026 Consolidated Accounts.xlsx
2026-03,2026-03-31,RWANDA,SCI,Travelling,(group_subtotal),group_subtotal,,706127.15,706127.15,SCI Detailed,39,March 2026 Consolidated Accounts.xlsx
2026-03,2026-03-31,ZHL,SCI,Travelling,(group_subtotal),group_subtotal,,0.0,0.0,SCI Detailed,39,March 2026 Consolidated Accounts.xlsx
2026-03,2026-03-31,ZATL,SCI,Travelling,(group_subtotal),group_subtotal,,149850.35,149850.35,SCI Detailed,39,March 2026 Consolidated Accounts.xlsx
2026-03,2026-03-31,DRC,SCI,Travelling,(group_subtotal),group_subtotal,,1493593.67,1493593.67,SCI Detailed,39,March 2026 Consolidated Accounts.xlsx
2026-03,2026-03-31,ZAAC,SCI,Entertainment,Entertainment-(IN TOWN),detail,entertainment,3513911.27,3513911.27,SCI Detailed,41,March 2026 Consolidated Accounts.xlsx
2026-03,2026-03-31,ZAMRE,SCI,Entertainment,Entertainment-(IN TOWN),detail,entertainment,119205.0,119205.0,SCI Detailed,41,March 2026 Consolidated Accounts.xlsx
2026-03,2026-03-31,ZARIB,SCI,Entertainment,Entertainment-(IN TOWN),detail,entertainment,1652736.92,1652736.92,SCI Detailed,41,March 2026 Consolidated Accounts.xlsx
2026-03,2026-03-31,MALAWI,SCI,Entertainment,Entertainment-(IN TOWN),detail,entertainment,0.0,0.0,SCI Detailed,41,March 2026 Consolidated Accounts.xlsx
2026-03,2026-03-31,MENA,SCI,Entertainment,Entertainment-(IN TOWN),detail,entertainment,0.0,0.0,SCI Detailed,41,March 2026 Consolidated Accounts.xlsx
2026-03,2026-03-31,NIGERIA,SCI,Entertainment,Entertainment-(IN TOWN),detail,entertainment,0.0,0.0,SCI Detailed,41,March 2026 Consolidated Accounts.xlsx
2026-03,2026-03-31,RWANDA,SCI,Entertainment,Entertainment-(IN TOWN),detail,entertainment,36330.56,36330.56,SCI Detailed,41,March 2026 Consolidated Accounts.xlsx
2026-03,2026-03-31,ZHL,SCI,Entertainment,Entertainment-(IN TOWN),detail,entertainment,0.0,0.0,SCI Detailed,41,March 2026 Consolidated Accounts.xlsx
2026-03,2026-03-31,ZATL,SCI,Entertainment,Entertainment-(IN TOWN),detail,entertainment,8155.29,8155.29,SCI Detailed,41,March 2026 Consolidated Accounts.xlsx
2026-03,2026-03-31,DRC,SCI,Entertainment,Entertainment-(IN TOWN),detail,entertainment,163965.52,163965.52,SCI Detailed,41,March 2026 Consolidated Accounts.xlsx
2026-03,2026-03-31,C&P,SCI,Entertainment,Entertainment-(IN TOWN),detail,entertainment,0.0,0.0,SCI Detailed,41,March 2026 Consolidated Accounts.xlsx
2026-03,2026-03-31,ZAAC,SCI,Entertainment,Entertainment-(OUT OF TOWN),detail,entertainment,30000.0,30000.0,SCI Detailed,42,March 2026 Consolidated Accounts.xlsx
2026-03,2026-03-31,ZAMRE,SCI,Entertainment,Entertainment-(OUT OF TOWN),detail,entertainment,21336.8,21336.8,SCI Detailed,42,March 2026 Consolidated Accounts.xlsx
2026-03,2026-03-31,ZARIB,SCI,Entertainment,Entertainment-(OUT OF TOWN),detail,entertainment,154000.0,154000.0,SCI Detailed,42,March 2026 Consolidated Accounts.xlsx
2026-03,2026-03-31,MALAWI,SCI,Entertainment,Entertainment-(OUT OF TOWN),detail,entertainment,0.0,0.0,SCI Detailed,42,March 2026 Consolidated Accounts.xlsx
2026-03,2026-03-31,MENA,SCI,Entertainment,Entertainment-(OUT OF TOWN),detail,entertainment,0.0,0.0,SCI Detailed,42,March 2026 Consolidated Accounts.xlsx
2026-03,2026-03-31,NIGERIA,SCI,Entertainment,Entertainment-(OUT OF TOWN),detail,entertainment,0.0,0.0,SCI Detailed,42,March 2026 Consolidated Accounts.xlsx
2026-03,2026-03-31,RWANDA,SCI,Entertainment,Entertainment-(OUT OF TOWN),detail,entertainment,0.0,0.0,SCI Detailed,42,March 2026 Consolidated Accounts.xlsx
2026-03,2026-03-31,ZHL,SCI,Entertainment,Entertainment-(OUT OF TOWN),detail,entertainment,0.0,0.0,SCI Detailed,42,March 2026 Consolidated Accounts.xlsx
2026-03,2026-03-31,ZATL,SCI,Entertainment,Entertainment-(OUT OF TOWN),detail,entertainment,0.0,0.0,SCI Detailed,42,March 2026 Consolidated Accounts.xlsx
2026-03,2026-03-31,DRC,SCI,Entertainment,Entertainment-(OUT OF TOWN),detail,entertainment,0.0,0.0,SCI Detailed,42,March 2026 Consolidated Accounts.xlsx
2026-03,2026-03-31,C&P,SCI,Entertainment,Entertainment-(OUT OF TOWN),detail,entertainment,0.0,0.0,SCI Detailed,42,March 2026 Consolidated Accounts.xlsx
2026-03,2026-03-31,ZAAC,SCI,Entertainment,CLIENT GIFTS AND REWARDS,detail,entertainment,70000.0,70000.0,SCI Detailed,43,March 2026 Consolidated Accounts.xlsx
2026-03,2026-03-31,ZAMRE,SCI,Entertainment,CLIENT GIFTS AND REWARDS,detail,entertainment,0.0,0.0,SCI Detailed,43,March 2026 Consolidated Accounts.xlsx
2026-03,2026-03-31,ZARIB,SCI,Entertainment,CLIENT GIFTS AND REWARDS,detail,entertainment,1747749.91,1747749.91,SCI Detailed,43,March 2026 Consolidated Accounts.xlsx
2026-03,2026-03-31,MALAWI,SCI,Entertainment,CLIENT GIFTS AND REWARDS,detail,entertainment,0.0,0.0,SCI Detailed,43,March 2026 Consolidated Accounts.xlsx
2026-03,2026-03-31,MENA,SCI,Entertainment,CLIENT GIFTS AND REWARDS,detail,entertainment,0.0,0.0,SCI Detailed,43,March 2026 Consolidated Accounts.xlsx
2026-03,2026-03-31,NIGERIA,SCI,Entertainment,CLIENT GIFTS AND REWARDS,detail,entertainment,0.0,0.0,SCI Detailed,43,March 2026 Consolidated Accounts.xlsx
2026-03,2026-03-31,RWANDA,SCI,Entertainment,CLIENT GIFTS AND REWARDS,detail,entertainment,0.0,0.0,SCI Detailed,43,March 2026 Consolidated Accounts.xlsx
2026-03,2026-03-31,ZHL,SCI,Entertainment,CLIENT GIFTS AND REWARDS,detail,entertainment,0.0,0.0,SCI Detailed,43,March 2026 Consolidated Accounts.xlsx
2026-03,2026-03-31,ZATL,SCI,Entertainment,CLIENT GIFTS AND REWARDS,detail,entertainment,0.0,0.0,SCI Detailed,43,March 2026 Consolidated Accounts.xlsx
2026-03,2026-03-31,DRC,SCI,Entertainment,CLIENT GIFTS AND REWARDS,detail,entertainment,0.0,0.0,SCI Detailed,43,March 2026 Consolidated Accounts.xlsx
2026-03,2026-03-31,C&P,SCI,Entertainment,CLIENT GIFTS AND REWARDS,detail,entertainment,0.0,0.0,SCI Detailed,43,March 2026 Consolidated Accounts.xlsx
2026-03,2026-03-31,ZAAC,SCI,Entertainment,Christmas Party,detail,entertainment,14000.0,14000.0,SCI Detailed,46,March 2026 Consolidated Accounts.xlsx
2026-03,2026-03-31,ZAMRE,SCI,Entertainment,Christmas Party,detail,entertainment,0.0,0.0,SCI Detailed,46,March 2026 Consolidated Accounts.xlsx
2026-03,2026-03-31,ZARIB,SCI,Entertainment,Christmas Party,detail,entertainment,0.0,0.0,SCI Detailed,46,March 2026 Consolidated Accounts.xlsx
2026-03,2026-03-31,MALAWI,SCI,Entertainment,Christmas Party,detail,entertainment,0.0,0.0,SCI Detailed,46,March 2026 Consolidated Accounts.xlsx
2026-03,2026-03-31,MENA,SCI,Entertainment,Christmas Party,detail,entertainment,0.0,0.0,SCI Detailed,46,March 2026 Consolidated Accounts.xlsx
2026-03,2026-03-31,NIGERIA,SCI,Entertainment,Christmas Party,detail,entertainment,40464.17,40464.17,SCI Detailed,46,March 2026 Consolidated Accounts.xlsx
2026-03,2026-03-31,RWANDA,SCI,Entertainment,Christmas Party,detail,entertainment,0.0,0.0,SCI Detailed,46,March 2026 Consolidated Accounts.xlsx
2026-03,2026-03-31,ZHL,SCI,Entertainment,Christmas Party,detail,entertainment,0.0,0.0,SCI Detailed,46,March 2026 Consolidated Accounts.xlsx
2026-03,2026-03-31,ZATL,SCI,Entertainment,Christmas Party,detail,entertainment,0.0,0.0,SCI Detailed,46,March 2026 Consolidated Accounts.xlsx
2026-03,2026-03-31,DRC,SCI,Entertainment,Christmas Party,detail,entertainment,0.0,0.0,SCI Detailed,46,March 2026 Consolidated Accounts.xlsx
2026-03,2026-03-31,C&P,SCI,Entertainment,Christmas Party,detail,entertainment,0.0,0.0,SCI Detailed,46,March 2026 Consolidated Accounts.xlsx
2026-03,2026-03-31,ZAAC,SCI,Entertainment,Conference Attended by us,detail,entertainment,83750.0,83750.0,SCI Detailed,47,March 2026 Consolidated Accounts.xlsx
2026-03,2026-03-31,ZAMRE,SCI,Entertainment,Conference Attended by us,detail,entertainment,0.0,0.0,SCI Detailed,47,March 2026 Consolidated Accounts.xlsx
2026-03,2026-03-31,ZARIB,SCI,Entertainment,Conference Attended by us,detail,entertainment,92500.0,92500.0,SCI Detailed,47,March 2026 Consolidated Accounts.xlsx
2026-03,2026-03-31,MALAWI,SCI,Entertainment,Conference Attended by us,detail,entertainment,22360.48,22360.48,SCI Detailed,47,March 2026 Consolidated Accounts.xlsx
2026-03,2026-03-31,MENA,SCI,Entertainment,Conference Attended by us,detail,entertainment,0.0,0.0,SCI Detailed,47,March 2026 Consolidated Accounts.xlsx
2026-03,2026-03-31,NIGERIA,SCI,Entertainment,Conference Attended by us,detail,entertainment,39187.56,39187.56,SCI Detailed,47,March 2026 Consolidated Accounts.xlsx
2026-03,2026-03-31,RWANDA,SCI,Entertainment,Conference Attended by us,detail,entertainment,0.0,0.0,SCI Detailed,47,March 2026 Consolidated Accounts.xlsx
2026-03,2026-03-31,ZHL,SCI,Entertainment,Conference Attended by us,detail,entertainment,0.0,0.0,SCI Detailed,47,March 2026 Consolidated Accounts.xlsx
2026-03,2026-03-31,ZATL,SCI,Entertainment,Conference Attended by us,detail,entertainment,0.0,0.0,SCI Detailed,47,March 2026 Consolidated Accounts.xlsx
2026-03,2026-03-31,DRC,SCI,Entertainment,Conference Attended by us,detail,entertainment,0.0,0.0,SCI Detailed,47,March 2026 Consolidated Accounts.xlsx
2026-03,2026-03-31,C&P,SCI,Entertainment,Conference Attended by us,detail,entertainment,0.0,0.0,SCI Detailed,47,March 2026 Consolidated Accounts.xlsx
2026-03,2026-03-31,ZAAC,SCI,Entertainment,Conference Given By Us,detail,entertainment,164545.0,164545.0,SCI Detailed,48,March 2026 Consolidated Accounts.xlsx
2026-03,2026-03-31,ZAAC,SCI,Entertainment,(group_subtotal),group_subtotal,,3876206.27,3876206.27,SCI Detailed,49,March 2026 Consolidated Accounts.xlsx
2026-03,2026-03-31,ZAMRE,SCI,Entertainment,(group_subtotal),group_subtotal,,140541.8,140541.8,SCI Detailed,49,March 2026 Consolidated Accounts.xlsx
2026-03,2026-03-31,ZARIB,SCI,Entertainment,(group_subtotal),group_subtotal,,3646986.83,3646986.83,SCI Detailed,49,March 2026 Consolidated Accounts.xlsx
2026-03,2026-03-31,MALAWI,SCI,Entertainment,(group_subtotal),group_subtotal,,22360.48,22360.48,SCI Detailed,49,March 2026 Consolidated Accounts.xlsx
2026-03,2026-03-31,MENA,SCI,Entertainment,(group_subtotal),group_subtotal,,0.0,0.0,SCI Detailed,49,March 2026 Consolidated Accounts.xlsx
2026-03,2026-03-31,NIGERIA,SCI,Entertainment,(group_subtotal),group_subtotal,,79651.73,79651.73,SCI Detailed,49,March 2026 Consolidated Accounts.xlsx
2026-03,2026-03-31,RWANDA,SCI,Entertainment,(group_subtotal),group_subtotal,,36330.56,36330.56,SCI Detailed,49,March 2026 Consolidated Accounts.xlsx
2026-03,2026-03-31,ZHL,SCI,Entertainment,(group_subtotal),group_subtotal,,0.0,0.0,SCI Detailed,49,March 2026 Consolidated Accounts.xlsx
2026-03,2026-03-31,ZATL,SCI,Entertainment,(group_subtotal),group_subtotal,,8155.29,8155.29,SCI Detailed,49,March 2026 Consolidated Accounts.xlsx
2026-03,2026-03-31,DRC,SCI,Entertainment,(group_subtotal),group_subtotal,,163965.52,163965.52,SCI Detailed,49,March 2026 Consolidated Accounts.xlsx
2026-03,2026-03-31,C&P,SCI,Entertainment,(group_subtotal),group_subtotal,,0.0,0.0,SCI Detailed,49,March 2026 Consolidated Accounts.xlsx
2026-03,2026-03-31,ZAAC,SCI,IT Costs,Software Maintenance,detail,it_costs,750582.62,750582.62,SCI Detailed,51,March 2026 Consolidated Accounts.xlsx
2026-03,2026-03-31,ZAMRE,SCI,IT Costs,Software Maintenance,detail,it_costs,0.0,0.0,SCI Detailed,51,March 2026 Consolidated Accounts.xlsx
2026-03,2026-03-31,ZARIB,SCI,IT Costs,Software Maintenance,detail,it_costs,0.0,0.0,SCI Detailed,51,March 2026 Consolidated Accounts.xlsx
2026-03,2026-03-31,MALAWI,SCI,IT Costs,Software Maintenance,detail,it_costs,0.0,0.0,SCI Detailed,51,March 2026 Consolidated Accounts.xlsx
2026-03,2026-03-31,MENA,SCI,IT Costs,Software Maintenance,detail,it_costs,562938.7,562938.7,SCI Detailed,51,March 2026 Consolidated Accounts.xlsx
2026-03,2026-03-31,NIGERIA,SCI,IT Costs,Software Maintenance,detail,it_costs,0.0,0.0,SCI Detailed,51,March 2026 Consolidated Accounts.xlsx
2026-03,2026-03-31,RWANDA,SCI,IT Costs,Software Maintenance,detail,it_costs,0.0,0.0,SCI Detailed,51,March 2026 Consolidated Accounts.xlsx
2026-03,2026-03-31,ZHL,SCI,IT Costs,Software Maintenance,detail,it_costs,0.0,0.0,SCI Detailed,51,March 2026 Consolidated Accounts.xlsx
2026-03,2026-03-31,ZATL,SCI,IT Costs,Software Maintenance,detail,it_costs,2075.43,2075.43,SCI Detailed,51,March 2026 Consolidated Accounts.xlsx
2026-03,2026-03-31,DRC,SCI,IT Costs,Software Maintenance,detail,it_costs,0.0,0.0,SCI Detailed,51,March 2026 Consolidated Accounts.xlsx
2026-03,2026-03-31,C&P,SCI,IT Costs,Software Maintenance,detail,it_costs,0.0,0.0,SCI Detailed,51,March 2026 Consolidated Accounts.xlsx
2026-03,2026-03-31,ZAAC,SCI,IT Costs,Software Licence Fees,detail,it_costs,9268650.89,9268650.89,SCI Detailed,52,March 2026 Consolidated Accounts.xlsx
2026-03,2026-03-31,ZAMRE,SCI,IT Costs,Software Licence Fees,detail,it_costs,263895.82,263895.82,SCI Detailed,52,March 2026 Consolidated Accounts.xlsx
2026-03,2026-03-31,ZARIB,SCI,IT Costs,Software Licence Fees,detail,it_costs,4777192.69,4777192.69,SCI Detailed,52,March 2026 Consolidated Accounts.xlsx
2026-03,2026-03-31,MALAWI,SCI,IT Costs,Software Licence Fees,detail,it_costs,0.0,0.0,SCI Detailed,52,March 2026 Consolidated Accounts.xlsx
2026-03,2026-03-31,MENA,SCI,IT Costs,Software Licence Fees,detail,it_costs,0.0,0.0,SCI Detailed,52,March 2026 Consolidated Accounts.xlsx
2026-03,2026-03-31,NIGERIA,SCI,IT Costs,Software Licence Fees,detail,it_costs,0.0,0.0,SCI Detailed,52,March 2026 Consolidated Accounts.xlsx
2026-03,2026-03-31,RWANDA,SCI,IT Costs,Software Licence Fees,detail,it_costs,97720.35,97720.35,SCI Detailed,52,March 2026 Consolidated Accounts.xlsx
2026-03,2026-03-31,ZHL,SCI,IT Costs,Software Licence Fees,detail,it_costs,0.0,0.0,SCI Detailed,52,March 2026 Consolidated Accounts.xlsx
2026-03,2026-03-31,ZATL,SCI,IT Costs,Software Licence Fees,detail,it_costs,0.0,0.0,SCI Detailed,52,March 2026 Consolidated Accounts.xlsx
2026-03,2026-03-31,DRC,SCI,IT Costs,Software Licence Fees,detail,it_costs,141942.48,141942.48,SCI Detailed,52,March 2026 Consolidated Accounts.xlsx
2026-03,2026-03-31,C&P,SCI,IT Costs,Software Licence Fees,detail,it_costs,0.0,0.0,SCI Detailed,52,March 2026 Consolidated Accounts.xlsx
2026-03,2026-03-31,ZAAC,SCI,IT Costs,Software Implemantation,detail,it_costs,0.0,0.0,SCI Detailed,53,March 2026 Consolidated Accounts.xlsx
2026-03,2026-03-31,ZAMRE,SCI,IT Costs,Software Implemantation,detail,it_costs,0.0,0.0,SCI Detailed,53,March 2026 Consolidated Accounts.xlsx
2026-03,2026-03-31,ZARIB,SCI,IT Costs,Software Implemantation,detail,it_costs,0.0,0.0,SCI Detailed,53,March 2026 Consolidated Accounts.xlsx
2026-03,2026-03-31,MALAWI,SCI,IT Costs,Software Implemantation,detail,it_costs,0.0,0.0,SCI Detailed,53,March 2026 Consolidated Accounts.xlsx
2026-03,2026-03-31,MENA,SCI,IT Costs,Software Implemantation,detail,it_costs,0.0,0.0,SCI Detailed,53,March 2026 Consolidated Accounts.xlsx
2026-03,2026-03-31,NIGERIA,SCI,IT Costs,Software Implemantation,detail,it_costs,0.0,0.0,SCI Detailed,53,March 2026 Consolidated Accounts.xlsx
2026-03,2026-03-31,RWANDA,SCI,IT Costs,Software Implemantation,detail,it_costs,0.0,0.0,SCI Detailed,53,March 2026 Consolidated Accounts.xlsx
2026-03,2026-03-31,ZHL,SCI,IT Costs,Software Implemantation,detail,it_costs,0.0,0.0,SCI Detailed,53,March 2026 Consolidated Accounts.xlsx
2026-03,2026-03-31,ZATL,SCI,IT Costs,Software Implemantation,detail,it_costs,0.0,0.0,SCI Detailed,53,March 2026 Consolidated Accounts.xlsx
2026-03,2026-03-31,DRC,SCI,IT Costs,Software Implemantation,detail,it_costs,0.0,0.0,SCI Detailed,53,March 2026 Consolidated Accounts.xlsx
2026-03,2026-03-31,C&P,SCI,IT Costs,Software Implemantation,detail,it_costs,0.0,0.0,SCI Detailed,53,March 2026 Consolidated Accounts.xlsx
2026-03,2026-03-31,ZAAC,SCI,IT Costs,PC Supplies,detail,it_costs,90100.0,90100.0,SCI Detailed,54,March 2026 Consolidated Accounts.xlsx
2026-03,2026-03-31,ZAMRE,SCI,IT Costs,PC Supplies,detail,it_costs,0.0,0.0,SCI Detailed,54,March 2026 Consolidated Accounts.xlsx
2026-03,2026-03-31,ZARIB,SCI,IT Costs,PC Supplies,detail,it_costs,149172.0,149172.0,SCI Detailed,54,March 2026 Consolidated Accounts.xlsx
2026-03,2026-03-31,MALAWI,SCI,IT Costs,PC Supplies,detail,it_costs,0.0,0.0,SCI Detailed,54,March 2026 Consolidated Accounts.xlsx
2026-03,2026-03-31,MENA,SCI,IT Costs,PC Supplies,detail,it_costs,0.0,0.0,SCI Detailed,54,March 2026 Consolidated Accounts.xlsx
2026-03,2026-03-31,NIGERIA,SCI,IT Costs,PC Supplies,detail,it_costs,0.0,0.0,SCI Detailed,54,March 2026 Consolidated Accounts.xlsx
2026-03,2026-03-31,RWANDA,SCI,IT Costs,PC Supplies,detail,it_costs,0.0,0.0,SCI Detailed,54,March 2026 Consolidated Accounts.xlsx
2026-03,2026-03-31,ZHL,SCI,IT Costs,PC Supplies,detail,it_costs,0.0,0.0,SCI Detailed,54,March 2026 Consolidated Accounts.xlsx
2026-03,2026-03-31,ZATL,SCI,IT Costs,PC Supplies,detail,it_costs,0.0,0.0,SCI Detailed,54,March 2026 Consolidated Accounts.xlsx
2026-03,2026-03-31,DRC,SCI,IT Costs,PC Supplies,detail,it_costs,129326.67,129326.67,SCI Detailed,54,March 2026 Consolidated Accounts.xlsx
2026-03,2026-03-31,C&P,SCI,IT Costs,PC Supplies,detail,it_costs,0.0,0.0,SCI Detailed,54,March 2026 Consolidated Accounts.xlsx
2026-03,2026-03-31,ZAAC,SCI,IT Costs,Toner,detail,it_costs,0.0,0.0,SCI Detailed,56,March 2026 Consolidated Accounts.xlsx
2026-03,2026-03-31,ZAMRE,SCI,IT Costs,Toner,detail,it_costs,0.0,0.0,SCI Detailed,56,March 2026 Consolidated Accounts.xlsx
2026-03,2026-03-31,ZARIB,SCI,IT Costs,Toner,detail,it_costs,0.0,0.0,SCI Detailed,56,March 2026 Consolidated Accounts.xlsx
2026-03,2026-03-31,MALAWI,SCI,IT Costs,Toner,detail,it_costs,0.0,0.0,SCI Detailed,56,March 2026 Consolidated Accounts.xlsx
2026-03,2026-03-31,MENA,SCI,IT Costs,Toner,detail,it_costs,0.0,0.0,SCI Detailed,56,March 2026 Consolidated Accounts.xlsx
2026-03,2026-03-31,NIGERIA,SCI,IT Costs,Toner,detail,it_costs,80089.85,80089.85,SCI Detailed,56,March 2026 Consolidated Accounts.xlsx
2026-03,2026-03-31,RWANDA,SCI,IT Costs,Toner,detail,it_costs,0.0,0.0,SCI Detailed,56,March 2026 Consolidated Accounts.xlsx
2026-03,2026-03-31,ZHL,SCI,IT Costs,Toner,detail,it_costs,0.0,0.0,SCI Detailed,56,March 2026 Consolidated Accounts.xlsx
2026-03,2026-03-31,ZATL,SCI,IT Costs,Toner,detail,it_costs,0.0,0.0,SCI Detailed,56,March 2026 Consolidated Accounts.xlsx
2026-03,2026-03-31,DRC,SCI,IT Costs,Toner,detail,it_costs,89235.4,89235.4,SCI Detailed,56,March 2026 Consolidated Accounts.xlsx
2026-03,2026-03-31,C&P,SCI,IT Costs,Toner,detail,it_costs,0.0,0.0,SCI Detailed,56,March 2026 Consolidated Accounts.xlsx
2026-03,2026-03-31,ZAAC,SCI,IT Costs,(group_subtotal),group_subtotal,,10109333.51,10109333.51,SCI Detailed,57,March 2026 Consolidated Accounts.xlsx
2026-03,2026-03-31,ZAMRE,SCI,IT Costs,(group_subtotal),group_subtotal,,263895.82,263895.82,SCI Detailed,57,March 2026 Consolidated Accounts.xlsx
2026-03,2026-03-31,ZARIB,SCI,IT Costs,(group_subtotal),group_subtotal,,4926364.69,4926364.69,SCI Detailed,57,March 2026 Consolidated Accounts.xlsx
2026-03,2026-03-31,MALAWI,SCI,IT Costs,(group_subtotal),group_subtotal,,0.0,0.0,SCI Detailed,57,March 2026 Consolidated Accounts.xlsx
2026-03,2026-03-31,MENA,SCI,IT Costs,(group_subtotal),group_subtotal,,562938.7,562938.7,SCI Detailed,57,March 2026 Consolidated Accounts.xlsx
2026-03,2026-03-31,NIGERIA,SCI,IT Costs,(group_subtotal),group_subtotal,,80089.85,80089.85,SCI Detailed,57,March 2026 Consolidated Accounts.xlsx
2026-03,2026-03-31,RWANDA,SCI,IT Costs,(group_subtotal),group_subtotal,,97720.35,97720.35,SCI Detailed,57,March 2026 Consolidated Accounts.xlsx
2026-03,2026-03-31,ZHL,SCI,IT Costs,(group_subtotal),group_subtotal,,0.0,0.0,SCI Detailed,57,March 2026 Consolidated Accounts.xlsx
2026-03,2026-03-31,ZATL,SCI,IT Costs,(group_subtotal),group_subtotal,,2075.43,2075.43,SCI Detailed,57,March 2026 Consolidated Accounts.xlsx
2026-03,2026-03-31,DRC,SCI,IT Costs,(group_subtotal),group_subtotal,,360504.55,360504.55,SCI Detailed,57,March 2026 Consolidated Accounts.xlsx
2026-03,2026-03-31,C&P,SCI,IT Costs,(group_subtotal),group_subtotal,,0.0,0.0,SCI Detailed,57,March 2026 Consolidated Accounts.xlsx
2026-03,2026-03-31,ZAAC,SCI,Communications,Telephone-Variable,detail,communications,1163464.45,1163464.45,SCI Detailed,59,March 2026 Consolidated Accounts.xlsx
2026-03,2026-03-31,ZAMRE,SCI,Communications,Telephone-Variable,detail,communications,24607.9,24607.9,SCI Detailed,59,March 2026 Consolidated Accounts.xlsx
2026-03,2026-03-31,ZARIB,SCI,Communications,Telephone-Variable,detail,communications,1479780.43,1479780.43,SCI Detailed,59,March 2026 Consolidated Accounts.xlsx
2026-03,2026-03-31,MALAWI,SCI,Communications,Telephone-Variable,detail,communications,231207.4,231207.4,SCI Detailed,59,March 2026 Consolidated Accounts.xlsx
2026-03,2026-03-31,MENA,SCI,Communications,Telephone-Variable,detail,communications,0.0,0.0,SCI Detailed,59,March 2026 Consolidated Accounts.xlsx
2026-03,2026-03-31,NIGERIA,SCI,Communications,Telephone-Variable,detail,communications,37684.34,37684.34,SCI Detailed,59,March 2026 Consolidated Accounts.xlsx
2026-03,2026-03-31,RWANDA,SCI,Communications,Telephone-Variable,detail,communications,307668.79,307668.79,SCI Detailed,59,March 2026 Consolidated Accounts.xlsx
2026-03,2026-03-31,ZHL,SCI,Communications,Telephone-Variable,detail,communications,0.0,0.0,SCI Detailed,59,March 2026 Consolidated Accounts.xlsx
2026-03,2026-03-31,ZATL,SCI,Communications,Telephone-Variable,detail,communications,69686.1,69686.1,SCI Detailed,59,March 2026 Consolidated Accounts.xlsx
2026-03,2026-03-31,DRC,SCI,Communications,Telephone-Variable,detail,communications,531532.6,531532.6,SCI Detailed,59,March 2026 Consolidated Accounts.xlsx
2026-03,2026-03-31,C&P,SCI,Communications,Telephone-Variable,detail,communications,0.0,0.0,SCI Detailed,59,March 2026 Consolidated Accounts.xlsx
2026-03,2026-03-31,ZAAC,SCI,Communications,Courier Services Cost,detail,communications,74288.26,74288.26,SCI Detailed,60,March 2026 Consolidated Accounts.xlsx
2026-03,2026-03-31,ZAMRE,SCI,Communications,Courier Services Cost,detail,communications,1440.84,1440.84,SCI Detailed,60,March 2026 Consolidated Accounts.xlsx
2026-03,2026-03-31,ZARIB,SCI,Communications,Courier Services Cost,detail,communications,96900.59,96900.59,SCI Detailed,60,March 2026 Consolidated Accounts.xlsx
2026-03,2026-03-31,MALAWI,SCI,Communications,Courier Services Cost,detail,communications,0.0,0.0,SCI Detailed,60,March 2026 Consolidated Accounts.xlsx
2026-03,2026-03-31,MENA,SCI,Communications,Courier Services Cost,detail,communications,0.0,0.0,SCI Detailed,60,March 2026 Consolidated Accounts.xlsx
2026-03,2026-03-31,NIGERIA,SCI,Communications,Courier Services Cost,detail,communications,14163.5,14163.5,SCI Detailed,60,March 2026 Consolidated Accounts.xlsx
2026-03,2026-03-31,RWANDA,SCI,Communications,Courier Services Cost,detail,communications,88.84,88.84,SCI Detailed,60,March 2026 Consolidated Accounts.xlsx
2026-03,2026-03-31,ZHL,SCI,Communications,Courier Services Cost,detail,communications,0.0,0.0,SCI Detailed,60,March 2026 Consolidated Accounts.xlsx
2026-03,2026-03-31,ZATL,SCI,Communications,Courier Services Cost,detail,communications,0.0,0.0,SCI Detailed,60,March 2026 Consolidated Accounts.xlsx
2026-03,2026-03-31,DRC,SCI,Communications,Courier Services Cost,detail,communications,0.0,0.0,SCI Detailed,60,March 2026 Consolidated Accounts.xlsx
2026-03,2026-03-31,C&P,SCI,Communications,Courier Services Cost,detail,communications,0.0,0.0,SCI Detailed,60,March 2026 Consolidated Accounts.xlsx
2026-03,2026-03-31,ZAAC,SCI,Communications,(group_subtotal),group_subtotal,,1237752.71,1237752.71,SCI Detailed,63,March 2026 Consolidated Accounts.xlsx
2026-03,2026-03-31,ZAMRE,SCI,Communications,(group_subtotal),group_subtotal,,26048.74,26048.74,SCI Detailed,63,March 2026 Consolidated Accounts.xlsx
2026-03,2026-03-31,ZARIB,SCI,Communications,(group_subtotal),group_subtotal,,1576681.02,1576681.02,SCI Detailed,63,March 2026 Consolidated Accounts.xlsx
2026-03,2026-03-31,MALAWI,SCI,Communications,(group_subtotal),group_subtotal,,231207.4,231207.4,SCI Detailed,63,March 2026 Consolidated Accounts.xlsx
2026-03,2026-03-31,MENA,SCI,Communications,(group_subtotal),group_subtotal,,0.0,0.0,SCI Detailed,63,March 2026 Consolidated Accounts.xlsx
2026-03,2026-03-31,NIGERIA,SCI,Communications,(group_subtotal),group_subtotal,,51847.84,51847.84,SCI Detailed,63,March 2026 Consolidated Accounts.xlsx
2026-03,2026-03-31,RWANDA,SCI,Communications,(group_subtotal),group_subtotal,,307757.62,307757.62,SCI Detailed,63,March 2026 Consolidated Accounts.xlsx
2026-03,2026-03-31,ZHL,SCI,Communications,(group_subtotal),group_subtotal,,0.0,0.0,SCI Detailed,63,March 2026 Consolidated Accounts.xlsx
2026-03,2026-03-31,ZATL,SCI,Communications,(group_subtotal),group_subtotal,,69686.1,69686.1,SCI Detailed,63,March 2026 Consolidated Accounts.xlsx
2026-03,2026-03-31,DRC,SCI,Communications,(group_subtotal),group_subtotal,,531532.6,531532.6,SCI Detailed,63,March 2026 Consolidated Accounts.xlsx
2026-03,2026-03-31,C&P,SCI,Communications,(group_subtotal),group_subtotal,,0.0,0.0,SCI Detailed,63,March 2026 Consolidated Accounts.xlsx
2026-03,2026-03-31,ZAAC,SCI,Printing & Stationery,Printing-General,detail,printing_stationery,617209.21,617209.21,SCI Detailed,65,March 2026 Consolidated Accounts.xlsx
2026-03,2026-03-31,ZAMRE,SCI,Printing & Stationery,Printing-General,detail,printing_stationery,0.0,0.0,SCI Detailed,65,March 2026 Consolidated Accounts.xlsx
2026-03,2026-03-31,ZARIB,SCI,Printing & Stationery,Printing-General,detail,printing_stationery,561480.44,561480.44,SCI Detailed,65,March 2026 Consolidated Accounts.xlsx
2026-03,2026-03-31,MALAWI,SCI,Printing & Stationery,Printing-General,detail,printing_stationery,375368.23,375368.23,SCI Detailed,65,March 2026 Consolidated Accounts.xlsx
2026-03,2026-03-31,MENA,SCI,Printing & Stationery,Printing-General,detail,printing_stationery,0.0,0.0,SCI Detailed,65,March 2026 Consolidated Accounts.xlsx
2026-03,2026-03-31,NIGERIA,SCI,Printing & Stationery,Printing-General,detail,printing_stationery,57886.21,57886.21,SCI Detailed,65,March 2026 Consolidated Accounts.xlsx
2026-03,2026-03-31,RWANDA,SCI,Printing & Stationery,Printing-General,detail,printing_stationery,84131.36,84131.36,SCI Detailed,65,March 2026 Consolidated Accounts.xlsx
2026-03,2026-03-31,ZHL,SCI,Printing & Stationery,Printing-General,detail,printing_stationery,0.0,0.0,SCI Detailed,65,March 2026 Consolidated Accounts.xlsx
2026-03,2026-03-31,ZATL,SCI,Printing & Stationery,Printing-General,detail,printing_stationery,0.0,0.0,SCI Detailed,65,March 2026 Consolidated Accounts.xlsx
2026-03,2026-03-31,DRC,SCI,Printing & Stationery,Printing-General,detail,printing_stationery,77919.32,77919.32,SCI Detailed,65,March 2026 Consolidated Accounts.xlsx
2026-03,2026-03-31,C&P,SCI,Printing & Stationery,Printing-General,detail,printing_stationery,0.0,0.0,SCI Detailed,65,March 2026 Consolidated Accounts.xlsx
2026-03,2026-03-31,ZAAC,SCI,Printing & Stationery,Stationery-General,detail,printing_stationery,254033.21,254033.21,SCI Detailed,66,March 2026 Consolidated Accounts.xlsx
2026-03,2026-03-31,ZAMRE,SCI,Printing & Stationery,Stationery-General,detail,printing_stationery,0.0,0.0,SCI Detailed,66,March 2026 Consolidated Accounts.xlsx
2026-03,2026-03-31,ZARIB,SCI,Printing & Stationery,Stationery-General,detail,printing_stationery,146051.52,146051.52,SCI Detailed,66,March 2026 Consolidated Accounts.xlsx
2026-03,2026-03-31,MALAWI,SCI,Printing & Stationery,Stationery-General,detail,printing_stationery,0.0,0.0,SCI Detailed,66,March 2026 Consolidated Accounts.xlsx
2026-03,2026-03-31,MENA,SCI,Printing & Stationery,Stationery-General,detail,printing_stationery,0.0,0.0,SCI Detailed,66,March 2026 Consolidated Accounts.xlsx
2026-03,2026-03-31,NIGERIA,SCI,Printing & Stationery,Stationery-General,detail,printing_stationery,0.0,0.0,SCI Detailed,66,March 2026 Consolidated Accounts.xlsx
2026-03,2026-03-31,RWANDA,SCI,Printing & Stationery,Stationery-General,detail,printing_stationery,0.0,0.0,SCI Detailed,66,March 2026 Consolidated Accounts.xlsx
2026-03,2026-03-31,ZHL,SCI,Printing & Stationery,Stationery-General,detail,printing_stationery,0.0,0.0,SCI Detailed,66,March 2026 Consolidated Accounts.xlsx
2026-03,2026-03-31,ZATL,SCI,Printing & Stationery,Stationery-General,detail,printing_stationery,120486.25,120486.25,SCI Detailed,66,March 2026 Consolidated Accounts.xlsx
2026-03,2026-03-31,DRC,SCI,Printing & Stationery,Stationery-General,detail,printing_stationery,53934.39,53934.39,SCI Detailed,66,March 2026 Consolidated Accounts.xlsx
2026-03,2026-03-31,C&P,SCI,Printing & Stationery,Stationery-General,detail,printing_stationery,0.0,0.0,SCI Detailed,66,March 2026 Consolidated Accounts.xlsx
2026-03,2026-03-31,ZAAC,SCI,Printing & Stationery,(group_subtotal),group_subtotal,,871242.42,871242.42,SCI Detailed,68,March 2026 Consolidated Accounts.xlsx
2026-03,2026-03-31,ZAMRE,SCI,Printing & Stationery,(group_subtotal),group_subtotal,,0.0,0.0,SCI Detailed,68,March 2026 Consolidated Accounts.xlsx
2026-03,2026-03-31,ZARIB,SCI,Printing & Stationery,(group_subtotal),group_subtotal,,707531.96,707531.96,SCI Detailed,68,March 2026 Consolidated Accounts.xlsx
2026-03,2026-03-31,MALAWI,SCI,Printing & Stationery,(group_subtotal),group_subtotal,,375368.23,375368.23,SCI Detailed,68,March 2026 Consolidated Accounts.xlsx
2026-03,2026-03-31,MENA,SCI,Printing & Stationery,(group_subtotal),group_subtotal,,0.0,0.0,SCI Detailed,68,March 2026 Consolidated Accounts.xlsx
2026-03,2026-03-31,NIGERIA,SCI,Printing & Stationery,(group_subtotal),group_subtotal,,57886.21,57886.21,SCI Detailed,68,March 2026 Consolidated Accounts.xlsx
2026-03,2026-03-31,RWANDA,SCI,Printing & Stationery,(group_subtotal),group_subtotal,,84131.36,84131.36,SCI Detailed,68,March 2026 Consolidated Accounts.xlsx
2026-03,2026-03-31,ZHL,SCI,Printing & Stationery,(group_subtotal),group_subtotal,,0.0,0.0,SCI Detailed,68,March 2026 Consolidated Accounts.xlsx
2026-03,2026-03-31,ZATL,SCI,Printing & Stationery,(group_subtotal),group_subtotal,,120486.25,120486.25,SCI Detailed,68,March 2026 Consolidated Accounts.xlsx
2026-03,2026-03-31,DRC,SCI,Printing & Stationery,(group_subtotal),group_subtotal,,131853.71,131853.71,SCI Detailed,68,March 2026 Consolidated Accounts.xlsx
2026-03,2026-03-31,C&P,SCI,Printing & Stationery,(group_subtotal),group_subtotal,,0.0,0.0,SCI Detailed,68,March 2026 Consolidated Accounts.xlsx
2026-03,2026-03-31,ZAAC,SCI,Premises,Prem-Cleaning,detail,premises,742500.0,742500.0,SCI Detailed,70,March 2026 Consolidated Accounts.xlsx
2026-03,2026-03-31,ZAMRE,SCI,Premises,Prem-Cleaning,detail,premises,23760.0,23760.0,SCI Detailed,70,March 2026 Consolidated Accounts.xlsx
2026-03,2026-03-31,ZARIB,SCI,Premises,Prem-Cleaning,detail,premises,735840.0,735840.0,SCI Detailed,70,March 2026 Consolidated Accounts.xlsx
2026-03,2026-03-31,MALAWI,SCI,Premises,Prem-Cleaning,detail,premises,162153.75,162153.75,SCI Detailed,70,March 2026 Consolidated Accounts.xlsx
2026-03,2026-03-31,MENA,SCI,Premises,Prem-Cleaning,detail,premises,0.0,0.0,SCI Detailed,70,March 2026 Consolidated Accounts.xlsx
2026-03,2026-03-31,NIGERIA,SCI,Premises,Prem-Cleaning,detail,premises,0.0,0.0,SCI Detailed,70,March 2026 Consolidated Accounts.xlsx
2026-03,2026-03-31,RWANDA,SCI,Premises,Prem-Cleaning,detail,premises,39976.51,39976.51,SCI Detailed,70,March 2026 Consolidated Accounts.xlsx
2026-03,2026-03-31,ZHL,SCI,Premises,Prem-Cleaning,detail,premises,0.0,0.0,SCI Detailed,70,March 2026 Consolidated Accounts.xlsx
2026-03,2026-03-31,ZATL,SCI,Premises,Prem-Cleaning,detail,premises,22723.73,22723.73,SCI Detailed,70,March 2026 Consolidated Accounts.xlsx
2026-03,2026-03-31,DRC,SCI,Premises,Prem-Cleaning,detail,premises,0.0,0.0,SCI Detailed,70,March 2026 Consolidated Accounts.xlsx
2026-03,2026-03-31,C&P,SCI,Premises,Prem-Cleaning,detail,premises,0.0,0.0,SCI Detailed,70,March 2026 Consolidated Accounts.xlsx
2026-03,2026-03-31,ZAAC,SCI,Premises,Prem-Electricity,detail,premises,365466.1,365466.1,SCI Detailed,71,March 2026 Consolidated Accounts.xlsx
2026-03,2026-03-31,ZAMRE,SCI,Premises,Prem-Electricity,detail,premises,24997.94,24997.94,SCI Detailed,71,March 2026 Consolidated Accounts.xlsx
2026-03,2026-03-31,ZARIB,SCI,Premises,Prem-Electricity,detail,premises,1394408.84,1394408.84,SCI Detailed,71,March 2026 Consolidated Accounts.xlsx
2026-03,2026-03-31,MALAWI,SCI,Premises,Prem-Electricity,detail,premises,73938.67,73938.67,SCI Detailed,71,March 2026 Consolidated Accounts.xlsx
2026-03,2026-03-31,MENA,SCI,Premises,Prem-Electricity,detail,premises,0.0,0.0,SCI Detailed,71,March 2026 Consolidated Accounts.xlsx
2026-03,2026-03-31,NIGERIA,SCI,Premises,Prem-Electricity,detail,premises,111132.57,111132.57,SCI Detailed,71,March 2026 Consolidated Accounts.xlsx
2026-03,2026-03-31,RWANDA,SCI,Premises,Prem-Electricity,detail,premises,0.0,0.0,SCI Detailed,71,March 2026 Consolidated Accounts.xlsx
2026-03,2026-03-31,ZHL,SCI,Premises,Prem-Electricity,detail,premises,0.0,0.0,SCI Detailed,71,March 2026 Consolidated Accounts.xlsx
2026-03,2026-03-31,ZATL,SCI,Premises,Prem-Electricity,detail,premises,29641.84,29641.84,SCI Detailed,71,March 2026 Consolidated Accounts.xlsx
2026-03,2026-03-31,DRC,SCI,Premises,Prem-Electricity,detail,premises,99500.06,99500.06,SCI Detailed,71,March 2026 Consolidated Accounts.xlsx
2026-03,2026-03-31,C&P,SCI,Premises,Prem-Electricity,detail,premises,0.0,0.0,SCI Detailed,71,March 2026 Consolidated Accounts.xlsx
2026-03,2026-03-31,ZAAC,SCI,Premises,Prem-Security,detail,premises,199937.06,199937.06,SCI Detailed,72,March 2026 Consolidated Accounts.xlsx
2026-03,2026-03-31,ZAMRE,SCI,Premises,Prem-Security,detail,premises,4615.29,4615.29,SCI Detailed,72,March 2026 Consolidated Accounts.xlsx
2026-03,2026-03-31,ZARIB,SCI,Premises,Prem-Security,detail,premises,218663.91,218663.91,SCI Detailed,72,March 2026 Consolidated Accounts.xlsx
2026-03,2026-03-31,MALAWI,SCI,Premises,Prem-Security,detail,premises,0.0,0.0,SCI Detailed,72,March 2026 Consolidated Accounts.xlsx
2026-03,2026-03-31,MENA,SCI,Premises,Prem-Security,detail,premises,0.0,0.0,SCI Detailed,72,March 2026 Consolidated Accounts.xlsx
2026-03,2026-03-31,NIGERIA,SCI,Premises,Prem-Security,detail,premises,0.0,0.0,SCI Detailed,72,March 2026 Consolidated Accounts.xlsx
2026-03,2026-03-31,RWANDA,SCI,Premises,Prem-Security,detail,premises,0.0,0.0,SCI Detailed,72,March 2026 Consolidated Accounts.xlsx
2026-03,2026-03-31,ZHL,SCI,Premises,Prem-Security,detail,premises,0.0,0.0,SCI Detailed,72,March 2026 Consolidated Accounts.xlsx
2026-03,2026-03-31,ZATL,SCI,Premises,Prem-Security,detail,premises,0.0,0.0,SCI Detailed,72,March 2026 Consolidated Accounts.xlsx
2026-03,2026-03-31,DRC,SCI,Premises,Prem-Security,detail,premises,0.0,0.0,SCI Detailed,72,March 2026 Consolidated Accounts.xlsx
2026-03,2026-03-31,C&P,SCI,Premises,Prem-Security,detail,premises,0.0,0.0,SCI Detailed,72,March 2026 Consolidated Accounts.xlsx
2026-03,2026-03-31,ZAAC,SCI,Premises,Prem-Rates,detail,premises,1357794.9,1357794.9,SCI Detailed,73,March 2026 Consolidated Accounts.xlsx
2026-03,2026-03-31,ZAMRE,SCI,Premises,Prem-Rates,detail,premises,0.0,0.0,SCI Detailed,73,March 2026 Consolidated Accounts.xlsx
2026-03,2026-03-31,ZARIB,SCI,Premises,Prem-Rates,detail,premises,1051238.4,1051238.4,SCI Detailed,73,March 2026 Consolidated Accounts.xlsx
2026-03,2026-03-31,MALAWI,SCI,Premises,Prem-Rates,detail,premises,0.0,0.0,SCI Detailed,73,March 2026 Consolidated Accounts.xlsx
2026-03,2026-03-31,MENA,SCI,Premises,Prem-Rates,detail,premises,0.0,0.0,SCI Detailed,73,March 2026 Consolidated Accounts.xlsx
2026-03,2026-03-31,NIGERIA,SCI,Premises,Prem-Rates,detail,premises,0.0,0.0,SCI Detailed,73,March 2026 Consolidated Accounts.xlsx
2026-03,2026-03-31,RWANDA,SCI,Premises,Prem-Rates,detail,premises,0.0,0.0,SCI Detailed,73,March 2026 Consolidated Accounts.xlsx
2026-03,2026-03-31,ZHL,SCI,Premises,Prem-Rates,detail,premises,0.0,0.0,SCI Detailed,73,March 2026 Consolidated Accounts.xlsx
2026-03,2026-03-31,ZATL,SCI,Premises,Prem-Rates,detail,premises,33403.88,33403.88,SCI Detailed,73,March 2026 Consolidated Accounts.xlsx
2026-03,2026-03-31,DRC,SCI,Premises,Prem-Rates,detail,premises,0.0,0.0,SCI Detailed,73,March 2026 Consolidated Accounts.xlsx
2026-03,2026-03-31,C&P,SCI,Premises,Prem-Rates,detail,premises,0.0,0.0,SCI Detailed,73,March 2026 Consolidated Accounts.xlsx
2026-03,2026-03-31,ZAAC,SCI,Premises,Prem-Rental(EXTERNAL),detail,premises,6355758.18,6355758.18,SCI Detailed,74,March 2026 Consolidated Accounts.xlsx
2026-03,2026-03-31,ZAMRE,SCI,Premises,Prem-Rental(EXTERNAL),detail,premises,0.0,0.0,SCI Detailed,74,March 2026 Consolidated Accounts.xlsx
2026-03,2026-03-31,ZARIB,SCI,Premises,Prem-Rental(EXTERNAL),detail,premises,6059615.77,6059615.77,SCI Detailed,74,March 2026 Consolidated Accounts.xlsx
2026-03,2026-03-31,MALAWI,SCI,Premises,Prem-Rental(EXTERNAL),detail,premises,714350.38,714350.38,SCI Detailed,74,March 2026 Consolidated Accounts.xlsx
2026-03,2026-03-31,MENA,SCI,Premises,Prem-Rental(EXTERNAL),detail,premises,2466333.8,2466333.8,SCI Detailed,74,March 2026 Consolidated Accounts.xlsx
2026-03,2026-03-31,NIGERIA,SCI,Premises,Prem-Rental(EXTERNAL),detail,premises,452366.35,452366.35,SCI Detailed,74,March 2026 Consolidated Accounts.xlsx
2026-03,2026-03-31,RWANDA,SCI,Premises,Prem-Rental(EXTERNAL),detail,premises,653182.8,653182.8,SCI Detailed,74,March 2026 Consolidated Accounts.xlsx
2026-03,2026-03-31,ZHL,SCI,Premises,Prem-Rental(EXTERNAL),detail,premises,0.0,0.0,SCI Detailed,74,March 2026 Consolidated Accounts.xlsx
2026-03,2026-03-31,ZATL,SCI,Premises,Prem-Rental(EXTERNAL),detail,premises,133615.51,133615.51,SCI Detailed,74,March 2026 Consolidated Accounts.xlsx
2026-03,2026-03-31,DRC,SCI,Premises,Prem-Rental(EXTERNAL),detail,premises,3105239.31,3105239.31,SCI Detailed,74,March 2026 Consolidated Accounts.xlsx
2026-03,2026-03-31,C&P,SCI,Premises,Prem-Rental(EXTERNAL),detail,premises,0.0,0.0,SCI Detailed,74,March 2026 Consolidated Accounts.xlsx
2026-03,2026-03-31,ZAAC,SCI,Premises,Prem-Parking(EXTERNAL),detail,premises,1038240.0,1038240.0,SCI Detailed,75,March 2026 Consolidated Accounts.xlsx
2026-03,2026-03-31,ZAMRE,SCI,Premises,Prem-Parking(EXTERNAL),detail,premises,0.0,0.0,SCI Detailed,75,March 2026 Consolidated Accounts.xlsx
2026-03,2026-03-31,ZARIB,SCI,Premises,Prem-Parking(EXTERNAL),detail,premises,960012.0,960012.0,SCI Detailed,75,March 2026 Consolidated Accounts.xlsx
2026-03,2026-03-31,MALAWI,SCI,Premises,Prem-Parking(EXTERNAL),detail,premises,71553.55,71553.55,SCI Detailed,75,March 2026 Consolidated Accounts.xlsx
2026-03,2026-03-31,MENA,SCI,Premises,Prem-Parking(EXTERNAL),detail,premises,0.0,0.0,SCI Detailed,75,March 2026 Consolidated Accounts.xlsx
2026-03,2026-03-31,NIGERIA,SCI,Premises,Prem-Parking(EXTERNAL),detail,premises,0.0,0.0,SCI Detailed,75,March 2026 Consolidated Accounts.xlsx
2026-03,2026-03-31,RWANDA,SCI,Premises,Prem-Parking(EXTERNAL),detail,premises,18068.58,18068.58,SCI Detailed,75,March 2026 Consolidated Accounts.xlsx
2026-03,2026-03-31,ZHL,SCI,Premises,Prem-Parking(EXTERNAL),detail,premises,0.0,0.0,SCI Detailed,75,March 2026 Consolidated Accounts.xlsx
2026-03,2026-03-31,ZATL,SCI,Premises,Prem-Parking(EXTERNAL),detail,premises,15149.15,15149.15,SCI Detailed,75,March 2026 Consolidated Accounts.xlsx
2026-03,2026-03-31,DRC,SCI,Premises,Prem-Parking(EXTERNAL),detail,premises,0.0,0.0,SCI Detailed,75,March 2026 Consolidated Accounts.xlsx
2026-03,2026-03-31,C&P,SCI,Premises,Prem-Parking(EXTERNAL),detail,premises,0.0,0.0,SCI Detailed,75,March 2026 Consolidated Accounts.xlsx
2026-03,2026-03-31,ZAAC,SCI,Premises,(group_subtotal),group_subtotal,,10059696.24,10059696.24,SCI Detailed,77,March 2026 Consolidated Accounts.xlsx
2026-03,2026-03-31,ZAMRE,SCI,Premises,(group_subtotal),group_subtotal,,53373.23,53373.23,SCI Detailed,77,March 2026 Consolidated Accounts.xlsx
2026-03,2026-03-31,ZARIB,SCI,Premises,(group_subtotal),group_subtotal,,10419778.92,10419778.92,SCI Detailed,77,March 2026 Consolidated Accounts.xlsx
2026-03,2026-03-31,MALAWI,SCI,Premises,(group_subtotal),group_subtotal,,1021996.34,1021996.34,SCI Detailed,77,March 2026 Consolidated Accounts.xlsx
2026-03,2026-03-31,MENA,SCI,Premises,(group_subtotal),group_subtotal,,2466333.8,2466333.8,SCI Detailed,77,March 2026 Consolidated Accounts.xlsx
2026-03,2026-03-31,NIGERIA,SCI,Premises,(group_subtotal),group_subtotal,,563498.92,563498.92,SCI Detailed,77,March 2026 Consolidated Accounts.xlsx
2026-03,2026-03-31,RWANDA,SCI,Premises,(group_subtotal),group_subtotal,,711227.89,711227.89,SCI Detailed,77,March 2026 Consolidated Accounts.xlsx
2026-03,2026-03-31,ZHL,SCI,Premises,(group_subtotal),group_subtotal,,0.0,0.0,SCI Detailed,77,March 2026 Consolidated Accounts.xlsx
2026-03,2026-03-31,ZATL,SCI,Premises,(group_subtotal),group_subtotal,,234534.11,234534.11,SCI Detailed,77,March 2026 Consolidated Accounts.xlsx
2026-03,2026-03-31,DRC,SCI,Premises,(group_subtotal),group_subtotal,,3204739.37,3204739.37,SCI Detailed,77,March 2026 Consolidated Accounts.xlsx
2026-03,2026-03-31,C&P,SCI,Premises,(group_subtotal),group_subtotal,,0.0,0.0,SCI Detailed,77,March 2026 Consolidated Accounts.xlsx
2026-03,2026-03-31,ZAAC,SCI,Advertising & PR,Bus.Advert-General,detail,advertising_pr,6351492.08,6351492.08,SCI Detailed,79,March 2026 Consolidated Accounts.xlsx
2026-03,2026-03-31,ZAMRE,SCI,Advertising & PR,Bus.Advert-General,detail,advertising_pr,149410.59,149410.59,SCI Detailed,79,March 2026 Consolidated Accounts.xlsx
2026-03,2026-03-31,ZARIB,SCI,Advertising & PR,Bus.Advert-General,detail,advertising_pr,1514461.91,1514461.91,SCI Detailed,79,March 2026 Consolidated Accounts.xlsx
2026-03,2026-03-31,MALAWI,SCI,Advertising & PR,Bus.Advert-General,detail,advertising_pr,593596.31,593596.31,SCI Detailed,79,March 2026 Consolidated Accounts.xlsx
2026-03,2026-03-31,MENA,SCI,Advertising & PR,Bus.Advert-General,detail,advertising_pr,680948.69,680948.69,SCI Detailed,79,March 2026 Consolidated Accounts.xlsx
2026-03,2026-03-31,NIGERIA,SCI,Advertising & PR,Bus.Advert-General,detail,advertising_pr,0.0,0.0,SCI Detailed,79,March 2026 Consolidated Accounts.xlsx
2026-03,2026-03-31,RWANDA,SCI,Advertising & PR,Bus.Advert-General,detail,advertising_pr,73754.61,73754.61,SCI Detailed,79,March 2026 Consolidated Accounts.xlsx
2026-03,2026-03-31,ZHL,SCI,Advertising & PR,Bus.Advert-General,detail,advertising_pr,0.0,0.0,SCI Detailed,79,March 2026 Consolidated Accounts.xlsx
2026-03,2026-03-31,ZATL,SCI,Advertising & PR,Bus.Advert-General,detail,advertising_pr,0.0,0.0,SCI Detailed,79,March 2026 Consolidated Accounts.xlsx
2026-03,2026-03-31,DRC,SCI,Advertising & PR,Bus.Advert-General,detail,advertising_pr,2293737.76,2293737.76,SCI Detailed,79,March 2026 Consolidated Accounts.xlsx
2026-03,2026-03-31,C&P,SCI,Advertising & PR,Bus.Advert-General,detail,advertising_pr,0.0,0.0,SCI Detailed,79,March 2026 Consolidated Accounts.xlsx
2026-03,2026-03-31,ZAAC,SCI,Advertising & PR,Sponsorships-General,detail,advertising_pr,523250.0,523250.0,SCI Detailed,80,March 2026 Consolidated Accounts.xlsx
2026-03,2026-03-31,ZAMRE,SCI,Advertising & PR,Sponsorships-General,detail,advertising_pr,5000.0,5000.0,SCI Detailed,80,March 2026 Consolidated Accounts.xlsx
2026-03,2026-03-31,ZARIB,SCI,Advertising & PR,Sponsorships-General,detail,advertising_pr,0.0,0.0,SCI Detailed,80,March 2026 Consolidated Accounts.xlsx
2026-03,2026-03-31,MALAWI,SCI,Advertising & PR,Sponsorships-General,detail,advertising_pr,0.0,0.0,SCI Detailed,80,March 2026 Consolidated Accounts.xlsx
2026-03,2026-03-31,MENA,SCI,Advertising & PR,Sponsorships-General,detail,advertising_pr,0.0,0.0,SCI Detailed,80,March 2026 Consolidated Accounts.xlsx
2026-03,2026-03-31,NIGERIA,SCI,Advertising & PR,Sponsorships-General,detail,advertising_pr,0.0,0.0,SCI Detailed,80,March 2026 Consolidated Accounts.xlsx
2026-03,2026-03-31,RWANDA,SCI,Advertising & PR,Sponsorships-General,detail,advertising_pr,0.0,0.0,SCI Detailed,80,March 2026 Consolidated Accounts.xlsx
2026-03,2026-03-31,ZHL,SCI,Advertising & PR,Sponsorships-General,detail,advertising_pr,0.0,0.0,SCI Detailed,80,March 2026 Consolidated Accounts.xlsx
2026-03,2026-03-31,ZATL,SCI,Advertising & PR,Sponsorships-General,detail,advertising_pr,0.0,0.0,SCI Detailed,80,March 2026 Consolidated Accounts.xlsx
2026-03,2026-03-31,DRC,SCI,Advertising & PR,Sponsorships-General,detail,advertising_pr,32331.67,32331.67,SCI Detailed,80,March 2026 Consolidated Accounts.xlsx
2026-03,2026-03-31,C&P,SCI,Advertising & PR,Sponsorships-General,detail,advertising_pr,0.0,0.0,SCI Detailed,80,March 2026 Consolidated Accounts.xlsx
2026-03,2026-03-31,ZAAC,SCI,Advertising & PR,(group_subtotal),group_subtotal,,6874742.08,6874742.08,SCI Detailed,81,March 2026 Consolidated Accounts.xlsx
2026-03,2026-03-31,ZAMRE,SCI,Advertising & PR,(group_subtotal),group_subtotal,,154410.59,154410.59,SCI Detailed,81,March 2026 Consolidated Accounts.xlsx
2026-03,2026-03-31,ZARIB,SCI,Advertising & PR,(group_subtotal),group_subtotal,,1514461.91,1514461.91,SCI Detailed,81,March 2026 Consolidated Accounts.xlsx
2026-03,2026-03-31,MALAWI,SCI,Advertising & PR,(group_subtotal),group_subtotal,,593596.31,593596.31,SCI Detailed,81,March 2026 Consolidated Accounts.xlsx
2026-03,2026-03-31,MENA,SCI,Advertising & PR,(group_subtotal),group_subtotal,,680948.69,680948.69,SCI Detailed,81,March 2026 Consolidated Accounts.xlsx
2026-03,2026-03-31,NIGERIA,SCI,Advertising & PR,(group_subtotal),group_subtotal,,0.0,0.0,SCI Detailed,81,March 2026 Consolidated Accounts.xlsx
2026-03,2026-03-31,RWANDA,SCI,Advertising & PR,(group_subtotal),group_subtotal,,73754.61,73754.61,SCI Detailed,81,March 2026 Consolidated Accounts.xlsx
2026-03,2026-03-31,ZHL,SCI,Advertising & PR,(group_subtotal),group_subtotal,,0.0,0.0,SCI Detailed,81,March 2026 Consolidated Accounts.xlsx
2026-03,2026-03-31,ZATL,SCI,Advertising & PR,(group_subtotal),group_subtotal,,0.0,0.0,SCI Detailed,81,March 2026 Consolidated Accounts.xlsx
2026-03,2026-03-31,DRC,SCI,Advertising & PR,(group_subtotal),group_subtotal,,2326069.43,2326069.43,SCI Detailed,81,March 2026 Consolidated Accounts.xlsx
2026-03,2026-03-31,C&P,SCI,Advertising & PR,(group_subtotal),group_subtotal,,0.0,0.0,SCI Detailed,81,March 2026 Consolidated Accounts.xlsx
2026-03,2026-03-31,ZAAC,SCI,Insurance,Insurance-P.I.,detail,insurance,3949359.75,3949359.75,SCI Detailed,83,March 2026 Consolidated Accounts.xlsx
2026-03,2026-03-31,ZAMRE,SCI,Insurance,Insurance-P.I.,detail,insurance,0.0,0.0,SCI Detailed,83,March 2026 Consolidated Accounts.xlsx
2026-03,2026-03-31,ZARIB,SCI,Insurance,Insurance-P.I.,detail,insurance,0.0,0.0,SCI Detailed,83,March 2026 Consolidated Accounts.xlsx
2026-03,2026-03-31,MALAWI,SCI,Insurance,Insurance-P.I.,detail,insurance,0.0,0.0,SCI Detailed,83,March 2026 Consolidated Accounts.xlsx
2026-03,2026-03-31,MENA,SCI,Insurance,Insurance-P.I.,detail,insurance,0.0,0.0,SCI Detailed,83,March 2026 Consolidated Accounts.xlsx
2026-03,2026-03-31,NIGERIA,SCI,Insurance,Insurance-P.I.,detail,insurance,25719.21,25719.21,SCI Detailed,83,March 2026 Consolidated Accounts.xlsx
2026-03,2026-03-31,RWANDA,SCI,Insurance,Insurance-P.I.,detail,insurance,140258.02,140258.02,SCI Detailed,83,March 2026 Consolidated Accounts.xlsx
2026-03,2026-03-31,ZHL,SCI,Insurance,Insurance-P.I.,detail,insurance,0.0,0.0,SCI Detailed,83,March 2026 Consolidated Accounts.xlsx
2026-03,2026-03-31,ZATL,SCI,Insurance,Insurance-P.I.,detail,insurance,104120.86,104120.86,SCI Detailed,83,March 2026 Consolidated Accounts.xlsx
2026-03,2026-03-31,DRC,SCI,Insurance,Insurance-P.I.,detail,insurance,0.0,0.0,SCI Detailed,83,March 2026 Consolidated Accounts.xlsx
2026-03,2026-03-31,C&P,SCI,Insurance,Insurance-P.I.,detail,insurance,1043385.24,1043385.24,SCI Detailed,83,March 2026 Consolidated Accounts.xlsx
2026-03,2026-03-31,ZAAC,SCI,Insurance,Insurance-Other,detail,insurance,0.0,0.0,SCI Detailed,84,March 2026 Consolidated Accounts.xlsx
2026-03,2026-03-31,ZAMRE,SCI,Insurance,Insurance-Other,detail,insurance,86192.55,86192.55,SCI Detailed,84,March 2026 Consolidated Accounts.xlsx
2026-03,2026-03-31,ZARIB,SCI,Insurance,Insurance-Other,detail,insurance,3405306.24,3405306.24,SCI Detailed,84,March 2026 Consolidated Accounts.xlsx
2026-03,2026-03-31,MALAWI,SCI,Insurance,Insurance-Other,detail,insurance,852958.29,852958.29,SCI Detailed,84,March 2026 Consolidated Accounts.xlsx
2026-03,2026-03-31,MENA,SCI,Insurance,Insurance-Other,detail,insurance,0.0,0.0,SCI Detailed,84,March 2026 Consolidated Accounts.xlsx
2026-03,2026-03-31,NIGERIA,SCI,Insurance,Insurance-Other,detail,insurance,106476.56,106476.56,SCI Detailed,84,March 2026 Consolidated Accounts.xlsx
2026-03,2026-03-31,RWANDA,SCI,Insurance,Insurance-Other,detail,insurance,0.0,0.0,SCI Detailed,84,March 2026 Consolidated Accounts.xlsx
2026-03,2026-03-31,ZHL,SCI,Insurance,Insurance-Other,detail,insurance,0.0,0.0,SCI Detailed,84,March 2026 Consolidated Accounts.xlsx
2026-03,2026-03-31,ZATL,SCI,Insurance,Insurance-Other,detail,insurance,0.0,0.0,SCI Detailed,84,March 2026 Consolidated Accounts.xlsx
2026-03,2026-03-31,DRC,SCI,Insurance,Insurance-Other,detail,insurance,0.0,0.0,SCI Detailed,84,March 2026 Consolidated Accounts.xlsx
2026-03,2026-03-31,C&P,SCI,Insurance,Insurance-Other,detail,insurance,0.0,0.0,SCI Detailed,84,March 2026 Consolidated Accounts.xlsx
2026-03,2026-03-31,ZAAC,SCI,Insurance,(group_subtotal),group_subtotal,,3949359.75,3949359.75,SCI Detailed,85,March 2026 Consolidated Accounts.xlsx
2026-03,2026-03-31,ZAMRE,SCI,Insurance,(group_subtotal),group_subtotal,,86192.55,86192.55,SCI Detailed,85,March 2026 Consolidated Accounts.xlsx
2026-03,2026-03-31,ZARIB,SCI,Insurance,(group_subtotal),group_subtotal,,3405306.24,3405306.24,SCI Detailed,85,March 2026 Consolidated Accounts.xlsx
2026-03,2026-03-31,MALAWI,SCI,Insurance,(group_subtotal),group_subtotal,,852958.29,852958.29,SCI Detailed,85,March 2026 Consolidated Accounts.xlsx
2026-03,2026-03-31,MENA,SCI,Insurance,(group_subtotal),group_subtotal,,0.0,0.0,SCI Detailed,85,March 2026 Consolidated Accounts.xlsx
2026-03,2026-03-31,NIGERIA,SCI,Insurance,(group_subtotal),group_subtotal,,132195.77,132195.77,SCI Detailed,85,March 2026 Consolidated Accounts.xlsx
2026-03,2026-03-31,RWANDA,SCI,Insurance,(group_subtotal),group_subtotal,,140258.02,140258.02,SCI Detailed,85,March 2026 Consolidated Accounts.xlsx
2026-03,2026-03-31,ZHL,SCI,Insurance,(group_subtotal),group_subtotal,,0.0,0.0,SCI Detailed,85,March 2026 Consolidated Accounts.xlsx
2026-03,2026-03-31,ZATL,SCI,Insurance,(group_subtotal),group_subtotal,,104120.86,104120.86,SCI Detailed,85,March 2026 Consolidated Accounts.xlsx
2026-03,2026-03-31,DRC,SCI,Insurance,(group_subtotal),group_subtotal,,0.0,0.0,SCI Detailed,85,March 2026 Consolidated Accounts.xlsx
2026-03,2026-03-31,C&P,SCI,Insurance,(group_subtotal),group_subtotal,,1043385.24,1043385.24,SCI Detailed,85,March 2026 Consolidated Accounts.xlsx
2026-03,2026-03-31,ZAAC,SCI,Professional Fees,Prof.Fees-Audit Fees,detail,professional_fees,1141891.0,1141891.0,SCI Detailed,87,March 2026 Consolidated Accounts.xlsx
2026-03,2026-03-31,ZAMRE,SCI,Professional Fees,Prof.Fees-Audit Fees,detail,professional_fees,0.0,0.0,SCI Detailed,87,March 2026 Consolidated Accounts.xlsx
2026-03,2026-03-31,ZARIB,SCI,Professional Fees,Prof.Fees-Audit Fees,detail,professional_fees,446365.36,446365.36,SCI Detailed,87,March 2026 Consolidated Accounts.xlsx
2026-03,2026-03-31,MALAWI,SCI,Professional Fees,Prof.Fees-Audit Fees,detail,professional_fees,489135.58,489135.58,SCI Detailed,87,March 2026 Consolidated Accounts.xlsx
2026-03,2026-03-31,MENA,SCI,Professional Fees,Prof.Fees-Audit Fees,detail,professional_fees,88080.83,88080.83,SCI Detailed,87,March 2026 Consolidated Accounts.xlsx
2026-03,2026-03-31,NIGERIA,SCI,Professional Fees,Prof.Fees-Audit Fees,detail,professional_fees,70817.48,70817.48,SCI Detailed,87,March 2026 Consolidated Accounts.xlsx
2026-03,2026-03-31,RWANDA,SCI,Professional Fees,Prof.Fees-Audit Fees,detail,professional_fees,0.0,0.0,SCI Detailed,87,March 2026 Consolidated Accounts.xlsx
2026-03,2026-03-31,ZHL,SCI,Professional Fees,Prof.Fees-Audit Fees,detail,professional_fees,16114463.48,16114463.48,SCI Detailed,87,March 2026 Consolidated Accounts.xlsx
2026-03,2026-03-31,ZATL,SCI,Professional Fees,Prof.Fees-Audit Fees,detail,professional_fees,94682.19,94682.19,SCI Detailed,87,March 2026 Consolidated Accounts.xlsx
2026-03,2026-03-31,DRC,SCI,Professional Fees,Prof.Fees-Audit Fees,detail,professional_fees,161659.63,161659.63,SCI Detailed,87,March 2026 Consolidated Accounts.xlsx
2026-03,2026-03-31,C&P,SCI,Professional Fees,Prof.Fees-Audit Fees,detail,professional_fees,411749.99,411749.99,SCI Detailed,87,March 2026 Consolidated Accounts.xlsx
2026-03,2026-03-31,ZAAC,SCI,Professional Fees,Prof.Fees-Other,detail,professional_fees,9220008.8,9220008.8,SCI Detailed,89,March 2026 Consolidated Accounts.xlsx
2026-03,2026-03-31,ZAMRE,SCI,Professional Fees,Prof.Fees-Other,detail,professional_fees,98855.2,98855.2,SCI Detailed,89,March 2026 Consolidated Accounts.xlsx
2026-03,2026-03-31,ZARIB,SCI,Professional Fees,Prof.Fees-Other,detail,professional_fees,2533972.0,2533972.0,SCI Detailed,89,March 2026 Consolidated Accounts.xlsx
2026-03,2026-03-31,MALAWI,SCI,Professional Fees,Prof.Fees-Other,detail,professional_fees,1024766.07,1024766.07,SCI Detailed,89,March 2026 Consolidated Accounts.xlsx
2026-03,2026-03-31,MENA,SCI,Professional Fees,Prof.Fees-Other,detail,professional_fees,1084944.47,1084944.47,SCI Detailed,89,March 2026 Consolidated Accounts.xlsx
2026-03,2026-03-31,NIGERIA,SCI,Professional Fees,Prof.Fees-Other,detail,professional_fees,714738.2,714738.2,SCI Detailed,89,March 2026 Consolidated Accounts.xlsx
2026-03,2026-03-31,RWANDA,SCI,Professional Fees,Prof.Fees-Other,detail,professional_fees,469892.74,469892.74,SCI Detailed,89,March 2026 Consolidated Accounts.xlsx
2026-03,2026-03-31,ZHL,SCI,Professional Fees,Prof.Fees-Other,detail,professional_fees,0.0,0.0,SCI Detailed,89,March 2026 Consolidated Accounts.xlsx
2026-03,2026-03-31,ZATL,SCI,Professional Fees,Prof.Fees-Other,detail,professional_fees,29035.87,29035.87,SCI Detailed,89,March 2026 Consolidated Accounts.xlsx
2026-03,2026-03-31,DRC,SCI,Professional Fees,Prof.Fees-Other,detail,professional_fees,2892037.84,2892037.84,SCI Detailed,89,March 2026 Consolidated Accounts.xlsx
2026-03,2026-03-31,C&P,SCI,Professional Fees,Prof.Fees-Other,detail,professional_fees,447900.0,447900.0,SCI Detailed,89,March 2026 Consolidated Accounts.xlsx
2026-03,2026-03-31,ZAAC,SCI,Professional Fees,(group_subtotal),group_subtotal,,10361899.8,10361899.8,SCI Detailed,90,March 2026 Consolidated Accounts.xlsx
2026-03,2026-03-31,ZAMRE,SCI,Professional Fees,(group_subtotal),group_subtotal,,98855.2,98855.2,SCI Detailed,90,March 2026 Consolidated Accounts.xlsx
2026-03,2026-03-31,ZARIB,SCI,Professional Fees,(group_subtotal),group_subtotal,,2980337.36,2980337.36,SCI Detailed,90,March 2026 Consolidated Accounts.xlsx
2026-03,2026-03-31,MALAWI,SCI,Professional Fees,(group_subtotal),group_subtotal,,1513901.65,1513901.65,SCI Detailed,90,March 2026 Consolidated Accounts.xlsx
2026-03,2026-03-31,MENA,SCI,Professional Fees,(group_subtotal),group_subtotal,,1173025.31,1173025.31,SCI Detailed,90,March 2026 Consolidated Accounts.xlsx
2026-03,2026-03-31,NIGERIA,SCI,Professional Fees,(group_subtotal),group_subtotal,,785555.69,785555.69,SCI Detailed,90,March 2026 Consolidated Accounts.xlsx
2026-03,2026-03-31,RWANDA,SCI,Professional Fees,(group_subtotal),group_subtotal,,469892.74,469892.74,SCI Detailed,90,March 2026 Consolidated Accounts.xlsx
2026-03,2026-03-31,ZHL,SCI,Professional Fees,(group_subtotal),group_subtotal,,16114463.48,16114463.48,SCI Detailed,90,March 2026 Consolidated Accounts.xlsx
2026-03,2026-03-31,ZATL,SCI,Professional Fees,(group_subtotal),group_subtotal,,123718.07,123718.07,SCI Detailed,90,March 2026 Consolidated Accounts.xlsx
2026-03,2026-03-31,DRC,SCI,Professional Fees,(group_subtotal),group_subtotal,,3053697.46,3053697.46,SCI Detailed,90,March 2026 Consolidated Accounts.xlsx
2026-03,2026-03-31,C&P,SCI,Professional Fees,(group_subtotal),group_subtotal,,859649.99,859649.99,SCI Detailed,90,March 2026 Consolidated Accounts.xlsx
2026-03,2026-03-31,ZAAC,SCI,Depreciation,Comp-Depreciation,detail,depreciation,2016298.83,2016298.83,SCI Detailed,92,March 2026 Consolidated Accounts.xlsx
2026-03,2026-03-31,ZAMRE,SCI,Depreciation,Comp-Depreciation,detail,depreciation,0.0,0.0,SCI Detailed,92,March 2026 Consolidated Accounts.xlsx
2026-03,2026-03-31,ZARIB,SCI,Depreciation,Comp-Depreciation,detail,depreciation,1192731.41,1192731.41,SCI Detailed,92,March 2026 Consolidated Accounts.xlsx
2026-03,2026-03-31,MALAWI,SCI,Depreciation,Comp-Depreciation,detail,depreciation,1412036.77,1412036.77,SCI Detailed,92,March 2026 Consolidated Accounts.xlsx
2026-03,2026-03-31,MENA,SCI,Depreciation,Comp-Depreciation,detail,depreciation,26254.43,26254.43,SCI Detailed,92,March 2026 Consolidated Accounts.xlsx
2026-03,2026-03-31,NIGERIA,SCI,Depreciation,Comp-Depreciation,detail,depreciation,0.0,0.0,SCI Detailed,92,March 2026 Consolidated Accounts.xlsx
2026-03,2026-03-31,RWANDA,SCI,Depreciation,Comp-Depreciation,detail,depreciation,271068.25,271068.25,SCI Detailed,92,March 2026 Consolidated Accounts.xlsx
2026-03,2026-03-31,ZHL,SCI,Depreciation,Comp-Depreciation,detail,depreciation,0.0,0.0,SCI Detailed,92,March 2026 Consolidated Accounts.xlsx
2026-03,2026-03-31,ZATL,SCI,Depreciation,Comp-Depreciation,detail,depreciation,0.0,0.0,SCI Detailed,92,March 2026 Consolidated Accounts.xlsx
2026-03,2026-03-31,DRC,SCI,Depreciation,Comp-Depreciation,detail,depreciation,58759.57,58759.57,SCI Detailed,92,March 2026 Consolidated Accounts.xlsx
2026-03,2026-03-31,C&P,SCI,Depreciation,Comp-Depreciation,detail,depreciation,0.0,0.0,SCI Detailed,92,March 2026 Consolidated Accounts.xlsx
2026-03,2026-03-31,ZAAC,SCI,Depreciation,S/ware Depreciation,detail,depreciation,2349902.32,2349902.32,SCI Detailed,93,March 2026 Consolidated Accounts.xlsx
2026-03,2026-03-31,ZAMRE,SCI,Depreciation,S/ware Depreciation,detail,depreciation,0.0,0.0,SCI Detailed,93,March 2026 Consolidated Accounts.xlsx
2026-03,2026-03-31,ZARIB,SCI,Depreciation,S/ware Depreciation,detail,depreciation,1269590.8,1269590.8,SCI Detailed,93,March 2026 Consolidated Accounts.xlsx
2026-03,2026-03-31,MALAWI,SCI,Depreciation,S/ware Depreciation,detail,depreciation,534479.08,534479.08,SCI Detailed,93,March 2026 Consolidated Accounts.xlsx
2026-03,2026-03-31,MENA,SCI,Depreciation,S/ware Depreciation,detail,depreciation,0.0,0.0,SCI Detailed,93,March 2026 Consolidated Accounts.xlsx
2026-03,2026-03-31,NIGERIA,SCI,Depreciation,S/ware Depreciation,detail,depreciation,0.0,0.0,SCI Detailed,93,March 2026 Consolidated Accounts.xlsx
2026-03,2026-03-31,RWANDA,SCI,Depreciation,S/ware Depreciation,detail,depreciation,100656.85,100656.85,SCI Detailed,93,March 2026 Consolidated Accounts.xlsx
2026-03,2026-03-31,ZHL,SCI,Depreciation,S/ware Depreciation,detail,depreciation,0.0,0.0,SCI Detailed,93,March 2026 Consolidated Accounts.xlsx
2026-03,2026-03-31,ZATL,SCI,Depreciation,S/ware Depreciation,detail,depreciation,0.0,0.0,SCI Detailed,93,March 2026 Consolidated Accounts.xlsx
2026-03,2026-03-31,DRC,SCI,Depreciation,S/ware Depreciation,detail,depreciation,0.0,0.0,SCI Detailed,93,March 2026 Consolidated Accounts.xlsx
2026-03,2026-03-31,C&P,SCI,Depreciation,S/ware Depreciation,detail,depreciation,0.0,0.0,SCI Detailed,93,March 2026 Consolidated Accounts.xlsx
2026-03,2026-03-31,ZAAC,SCI,Depreciation,Furn-Depreciation,detail,depreciation,814630.13,814630.13,SCI Detailed,94,March 2026 Consolidated Accounts.xlsx
2026-03,2026-03-31,ZAMRE,SCI,Depreciation,Furn-Depreciation,detail,depreciation,0.0,0.0,SCI Detailed,94,March 2026 Consolidated Accounts.xlsx
2026-03,2026-03-31,ZARIB,SCI,Depreciation,Furn-Depreciation,detail,depreciation,385187.69,385187.69,SCI Detailed,94,March 2026 Consolidated Accounts.xlsx
2026-03,2026-03-31,MALAWI,SCI,Depreciation,Furn-Depreciation,detail,depreciation,115831.88,115831.88,SCI Detailed,94,March 2026 Consolidated Accounts.xlsx
2026-03,2026-03-31,MENA,SCI,Depreciation,Furn-Depreciation,detail,depreciation,0.0,0.0,SCI Detailed,94,March 2026 Consolidated Accounts.xlsx
2026-03,2026-03-31,NIGERIA,SCI,Depreciation,Furn-Depreciation,detail,depreciation,7728.45,7728.45,SCI Detailed,94,March 2026 Consolidated Accounts.xlsx
2026-03,2026-03-31,RWANDA,SCI,Depreciation,Furn-Depreciation,detail,depreciation,96664.88,96664.88,SCI Detailed,94,March 2026 Consolidated Accounts.xlsx
2026-03,2026-03-31,ZHL,SCI,Depreciation,Furn-Depreciation,detail,depreciation,0.0,0.0,SCI Detailed,94,March 2026 Consolidated Accounts.xlsx
2026-03,2026-03-31,ZATL,SCI,Depreciation,Furn-Depreciation,detail,depreciation,1890.01,1890.01,SCI Detailed,94,March 2026 Consolidated Accounts.xlsx
2026-03,2026-03-31,DRC,SCI,Depreciation,Furn-Depreciation,detail,depreciation,72315.59,72315.59,SCI Detailed,94,March 2026 Consolidated Accounts.xlsx
2026-03,2026-03-31,C&P,SCI,Depreciation,Furn-Depreciation,detail,depreciation,0.0,0.0,SCI Detailed,94,March 2026 Consolidated Accounts.xlsx
2026-03,2026-03-31,ZAAC,SCI,Depreciation,Equip-Depreciation,detail,depreciation,2544583.86,2544583.86,SCI Detailed,95,March 2026 Consolidated Accounts.xlsx
2026-03,2026-03-31,ZAMRE,SCI,Depreciation,Equip-Depreciation,detail,depreciation,0.0,0.0,SCI Detailed,95,March 2026 Consolidated Accounts.xlsx
2026-03,2026-03-31,ZARIB,SCI,Depreciation,Equip-Depreciation,detail,depreciation,1552921.99,1552921.99,SCI Detailed,95,March 2026 Consolidated Accounts.xlsx
2026-03,2026-03-31,MALAWI,SCI,Depreciation,Equip-Depreciation,detail,depreciation,329756.19,329756.19,SCI Detailed,95,March 2026 Consolidated Accounts.xlsx
2026-03,2026-03-31,MENA,SCI,Depreciation,Equip-Depreciation,detail,depreciation,0.0,0.0,SCI Detailed,95,March 2026 Consolidated Accounts.xlsx
2026-03,2026-03-31,NIGERIA,SCI,Depreciation,Equip-Depreciation,detail,depreciation,40322.91,40322.91,SCI Detailed,95,March 2026 Consolidated Accounts.xlsx
2026-03,2026-03-31,RWANDA,SCI,Depreciation,Equip-Depreciation,detail,depreciation,0.0,0.0,SCI Detailed,95,March 2026 Consolidated Accounts.xlsx
2026-03,2026-03-31,ZHL,SCI,Depreciation,Equip-Depreciation,detail,depreciation,0.0,0.0,SCI Detailed,95,March 2026 Consolidated Accounts.xlsx
2026-03,2026-03-31,ZATL,SCI,Depreciation,Equip-Depreciation,detail,depreciation,31804.66,31804.66,SCI Detailed,95,March 2026 Consolidated Accounts.xlsx
2026-03,2026-03-31,DRC,SCI,Depreciation,Equip-Depreciation,detail,depreciation,217695.58,217695.58,SCI Detailed,95,March 2026 Consolidated Accounts.xlsx
2026-03,2026-03-31,C&P,SCI,Depreciation,Equip-Depreciation,detail,depreciation,0.0,0.0,SCI Detailed,95,March 2026 Consolidated Accounts.xlsx
2026-03,2026-03-31,ZAAC,SCI,Depreciation,Equip-Maintenance,detail,depreciation,0.0,0.0,SCI Detailed,96,March 2026 Consolidated Accounts.xlsx
2026-03,2026-03-31,ZAMRE,SCI,Depreciation,Equip-Maintenance,detail,depreciation,0.0,0.0,SCI Detailed,96,March 2026 Consolidated Accounts.xlsx
2026-03,2026-03-31,ZARIB,SCI,Depreciation,Equip-Maintenance,detail,depreciation,67737.36,67737.36,SCI Detailed,96,March 2026 Consolidated Accounts.xlsx
2026-03,2026-03-31,MALAWI,SCI,Depreciation,Equip-Maintenance,detail,depreciation,0.0,0.0,SCI Detailed,96,March 2026 Consolidated Accounts.xlsx
2026-03,2026-03-31,MENA,SCI,Depreciation,Equip-Maintenance,detail,depreciation,0.0,0.0,SCI Detailed,96,March 2026 Consolidated Accounts.xlsx
2026-03,2026-03-31,NIGERIA,SCI,Depreciation,Equip-Maintenance,detail,depreciation,92220.13,92220.13,SCI Detailed,96,March 2026 Consolidated Accounts.xlsx
2026-03,2026-03-31,RWANDA,SCI,Depreciation,Equip-Maintenance,detail,depreciation,0.0,0.0,SCI Detailed,96,March 2026 Consolidated Accounts.xlsx
2026-03,2026-03-31,ZHL,SCI,Depreciation,Equip-Maintenance,detail,depreciation,0.0,0.0,SCI Detailed,96,March 2026 Consolidated Accounts.xlsx
2026-03,2026-03-31,ZATL,SCI,Depreciation,Equip-Maintenance,detail,depreciation,0.0,0.0,SCI Detailed,96,March 2026 Consolidated Accounts.xlsx
2026-03,2026-03-31,DRC,SCI,Depreciation,Equip-Maintenance,detail,depreciation,0.0,0.0,SCI Detailed,96,March 2026 Consolidated Accounts.xlsx
2026-03,2026-03-31,C&P,SCI,Depreciation,Equip-Maintenance,detail,depreciation,0.0,0.0,SCI Detailed,96,March 2026 Consolidated Accounts.xlsx
2026-03,2026-03-31,ZAAC,SCI,Depreciation,Leasehold Improv - Ammortization,detail,depreciation,2326547.97,2326547.97,SCI Detailed,97,March 2026 Consolidated Accounts.xlsx
2026-03,2026-03-31,ZAMRE,SCI,Depreciation,Leasehold Improv - Ammortization,detail,depreciation,0.0,0.0,SCI Detailed,97,March 2026 Consolidated Accounts.xlsx
2026-03,2026-03-31,ZARIB,SCI,Depreciation,Leasehold Improv - Ammortization,detail,depreciation,1882090.33,1882090.33,SCI Detailed,97,March 2026 Consolidated Accounts.xlsx
2026-03,2026-03-31,MALAWI,SCI,Depreciation,Leasehold Improv - Ammortization,detail,depreciation,913966.29,913966.29,SCI Detailed,97,March 2026 Consolidated Accounts.xlsx
2026-03,2026-03-31,MENA,SCI,Depreciation,Leasehold Improv - Ammortization,detail,depreciation,0.0,0.0,SCI Detailed,97,March 2026 Consolidated Accounts.xlsx
2026-03,2026-03-31,NIGERIA,SCI,Depreciation,Leasehold Improv - Ammortization,detail,depreciation,0.0,0.0,SCI Detailed,97,March 2026 Consolidated Accounts.xlsx
2026-03,2026-03-31,RWANDA,SCI,Depreciation,Leasehold Improv - Ammortization,detail,depreciation,0.0,0.0,SCI Detailed,97,March 2026 Consolidated Accounts.xlsx
2026-03,2026-03-31,ZHL,SCI,Depreciation,Leasehold Improv - Ammortization,detail,depreciation,0.0,0.0,SCI Detailed,97,March 2026 Consolidated Accounts.xlsx
2026-03,2026-03-31,ZATL,SCI,Depreciation,Leasehold Improv - Ammortization,detail,depreciation,0.0,0.0,SCI Detailed,97,March 2026 Consolidated Accounts.xlsx
2026-03,2026-03-31,DRC,SCI,Depreciation,Leasehold Improv - Ammortization,detail,depreciation,15763.63,15763.63,SCI Detailed,97,March 2026 Consolidated Accounts.xlsx
2026-03,2026-03-31,C&P,SCI,Depreciation,Leasehold Improv - Ammortization,detail,depreciation,0.0,0.0,SCI Detailed,97,March 2026 Consolidated Accounts.xlsx
2026-03,2026-03-31,ZAAC,SCI,Depreciation,MV-Depreciation,detail,depreciation,0.0,0.0,SCI Detailed,98,March 2026 Consolidated Accounts.xlsx
2026-03,2026-03-31,ZAMRE,SCI,Depreciation,MV-Depreciation,detail,depreciation,0.0,0.0,SCI Detailed,98,March 2026 Consolidated Accounts.xlsx
2026-03,2026-03-31,ZARIB,SCI,Depreciation,MV-Depreciation,detail,depreciation,16863.68,16863.68,SCI Detailed,98,March 2026 Consolidated Accounts.xlsx
2026-03,2026-03-31,MALAWI,SCI,Depreciation,MV-Depreciation,detail,depreciation,559382.61,559382.61,SCI Detailed,98,March 2026 Consolidated Accounts.xlsx
2026-03,2026-03-31,MENA,SCI,Depreciation,MV-Depreciation,detail,depreciation,0.0,0.0,SCI Detailed,98,March 2026 Consolidated Accounts.xlsx
2026-03,2026-03-31,NIGERIA,SCI,Depreciation,MV-Depreciation,detail,depreciation,178224.1,178224.1,SCI Detailed,98,March 2026 Consolidated Accounts.xlsx
2026-03,2026-03-31,RWANDA,SCI,Depreciation,MV-Depreciation,detail,depreciation,416977.08,416977.08,SCI Detailed,98,March 2026 Consolidated Accounts.xlsx
2026-03,2026-03-31,ZHL,SCI,Depreciation,MV-Depreciation,detail,depreciation,0.0,0.0,SCI Detailed,98,March 2026 Consolidated Accounts.xlsx
2026-03,2026-03-31,ZATL,SCI,Depreciation,MV-Depreciation,detail,depreciation,0.0,0.0,SCI Detailed,98,March 2026 Consolidated Accounts.xlsx
2026-03,2026-03-31,DRC,SCI,Depreciation,MV-Depreciation,detail,depreciation,692299.87,692299.87,SCI Detailed,98,March 2026 Consolidated Accounts.xlsx
2026-03,2026-03-31,C&P,SCI,Depreciation,MV-Depreciation,detail,depreciation,0.0,0.0,SCI Detailed,98,March 2026 Consolidated Accounts.xlsx
2026-03,2026-03-31,ZAAC,SCI,Depreciation,Goodwill amortisation,detail,depreciation,195081.51,195081.51,SCI Detailed,99,March 2026 Consolidated Accounts.xlsx
2026-03,2026-03-31,ZAMRE,SCI,Depreciation,Goodwill amortisation,detail,depreciation,0.0,0.0,SCI Detailed,99,March 2026 Consolidated Accounts.xlsx
2026-03,2026-03-31,ZARIB,SCI,Depreciation,Goodwill amortisation,detail,depreciation,0.0,0.0,SCI Detailed,99,March 2026 Consolidated Accounts.xlsx
2026-03,2026-03-31,MALAWI,SCI,Depreciation,Goodwill amortisation,detail,depreciation,0.0,0.0,SCI Detailed,99,March 2026 Consolidated Accounts.xlsx
2026-03,2026-03-31,MENA,SCI,Depreciation,Goodwill amortisation,detail,depreciation,0.0,0.0,SCI Detailed,99,March 2026 Consolidated Accounts.xlsx
2026-03,2026-03-31,NIGERIA,SCI,Depreciation,Goodwill amortisation,detail,depreciation,0.0,0.0,SCI Detailed,99,March 2026 Consolidated Accounts.xlsx
2026-03,2026-03-31,RWANDA,SCI,Depreciation,Goodwill amortisation,detail,depreciation,0.0,0.0,SCI Detailed,99,March 2026 Consolidated Accounts.xlsx
2026-03,2026-03-31,ZHL,SCI,Depreciation,Goodwill amortisation,detail,depreciation,0.0,0.0,SCI Detailed,99,March 2026 Consolidated Accounts.xlsx
2026-03,2026-03-31,ZATL,SCI,Depreciation,Goodwill amortisation,detail,depreciation,0.0,0.0,SCI Detailed,99,March 2026 Consolidated Accounts.xlsx
2026-03,2026-03-31,DRC,SCI,Depreciation,Goodwill amortisation,detail,depreciation,0.0,0.0,SCI Detailed,99,March 2026 Consolidated Accounts.xlsx
2026-03,2026-03-31,C&P,SCI,Depreciation,Goodwill amortisation,detail,depreciation,0.0,0.0,SCI Detailed,99,March 2026 Consolidated Accounts.xlsx
2026-03,2026-03-31,ZAAC,SCI,Depreciation,(group_subtotal),group_subtotal,,10247044.62,10247044.62,SCI Detailed,100,March 2026 Consolidated Accounts.xlsx
2026-03,2026-03-31,ZAMRE,SCI,Depreciation,(group_subtotal),group_subtotal,,0.0,0.0,SCI Detailed,100,March 2026 Consolidated Accounts.xlsx
2026-03,2026-03-31,ZARIB,SCI,Depreciation,(group_subtotal),group_subtotal,,6367123.25,6367123.25,SCI Detailed,100,March 2026 Consolidated Accounts.xlsx
2026-03,2026-03-31,MALAWI,SCI,Depreciation,(group_subtotal),group_subtotal,,3865452.83,3865452.83,SCI Detailed,100,March 2026 Consolidated Accounts.xlsx
2026-03,2026-03-31,MENA,SCI,Depreciation,(group_subtotal),group_subtotal,,26254.43,26254.43,SCI Detailed,100,March 2026 Consolidated Accounts.xlsx
2026-03,2026-03-31,NIGERIA,SCI,Depreciation,(group_subtotal),group_subtotal,,318495.59,318495.59,SCI Detailed,100,March 2026 Consolidated Accounts.xlsx
2026-03,2026-03-31,RWANDA,SCI,Depreciation,(group_subtotal),group_subtotal,,885367.06,885367.06,SCI Detailed,100,March 2026 Consolidated Accounts.xlsx
2026-03,2026-03-31,ZHL,SCI,Depreciation,(group_subtotal),group_subtotal,,0.0,0.0,SCI Detailed,100,March 2026 Consolidated Accounts.xlsx
2026-03,2026-03-31,ZATL,SCI,Depreciation,(group_subtotal),group_subtotal,,33694.67,33694.67,SCI Detailed,100,March 2026 Consolidated Accounts.xlsx
2026-03,2026-03-31,DRC,SCI,Depreciation,(group_subtotal),group_subtotal,,1056834.24,1056834.24,SCI Detailed,100,March 2026 Consolidated Accounts.xlsx
2026-03,2026-03-31,C&P,SCI,Depreciation,(group_subtotal),group_subtotal,,0.0,0.0,SCI Detailed,100,March 2026 Consolidated Accounts.xlsx
2026-03,2026-03-31,ZAAC,SCI,Motor Vehicle Expenses,MV - Fuel Costs (non personnel),detail,motor_vehicle_expenses,0.0,0.0,SCI Detailed,102,March 2026 Consolidated Accounts.xlsx
2026-03,2026-03-31,ZAMRE,SCI,Motor Vehicle Expenses,MV - Fuel Costs (non personnel),detail,motor_vehicle_expenses,0.0,0.0,SCI Detailed,102,March 2026 Consolidated Accounts.xlsx
2026-03,2026-03-31,ZARIB,SCI,Motor Vehicle Expenses,MV - Fuel Costs (non personnel),detail,motor_vehicle_expenses,280000.0,280000.0,SCI Detailed,102,March 2026 Consolidated Accounts.xlsx
2026-03,2026-03-31,MALAWI,SCI,Motor Vehicle Expenses,MV - Fuel Costs (non personnel),detail,motor_vehicle_expenses,0.0,0.0,SCI Detailed,102,March 2026 Consolidated Accounts.xlsx
2026-03,2026-03-31,MENA,SCI,Motor Vehicle Expenses,MV - Fuel Costs (non personnel),detail,motor_vehicle_expenses,0.0,0.0,SCI Detailed,102,March 2026 Consolidated Accounts.xlsx
2026-03,2026-03-31,NIGERIA,SCI,Motor Vehicle Expenses,MV - Fuel Costs (non personnel),detail,motor_vehicle_expenses,233749.97,233749.97,SCI Detailed,102,March 2026 Consolidated Accounts.xlsx
2026-03,2026-03-31,RWANDA,SCI,Motor Vehicle Expenses,MV - Fuel Costs (non personnel),detail,motor_vehicle_expenses,175826.45,175826.45,SCI Detailed,102,March 2026 Consolidated Accounts.xlsx
2026-03,2026-03-31,ZHL,SCI,Motor Vehicle Expenses,MV - Fuel Costs (non personnel),detail,motor_vehicle_expenses,0.0,0.0,SCI Detailed,102,March 2026 Consolidated Accounts.xlsx
2026-03,2026-03-31,ZATL,SCI,Motor Vehicle Expenses,MV - Fuel Costs (non personnel),detail,motor_vehicle_expenses,0.0,0.0,SCI Detailed,102,March 2026 Consolidated Accounts.xlsx
2026-03,2026-03-31,DRC,SCI,Motor Vehicle Expenses,MV - Fuel Costs (non personnel),detail,motor_vehicle_expenses,350913.68,350913.68,SCI Detailed,102,March 2026 Consolidated Accounts.xlsx
2026-03,2026-03-31,C&P,SCI,Motor Vehicle Expenses,MV - Fuel Costs (non personnel),detail,motor_vehicle_expenses,0.0,0.0,SCI Detailed,102,March 2026 Consolidated Accounts.xlsx
2026-03,2026-03-31,ZAAC,SCI,Motor Vehicle Expenses,MV-Leasing Costs,detail,motor_vehicle_expenses,3319852.43,3319852.43,SCI Detailed,103,March 2026 Consolidated Accounts.xlsx
2026-03,2026-03-31,ZAMRE,SCI,Motor Vehicle Expenses,MV-Leasing Costs,detail,motor_vehicle_expenses,72686.76,72686.76,SCI Detailed,103,March 2026 Consolidated Accounts.xlsx
2026-03,2026-03-31,ZARIB,SCI,Motor Vehicle Expenses,MV-Leasing Costs,detail,motor_vehicle_expenses,0.0,0.0,SCI Detailed,103,March 2026 Consolidated Accounts.xlsx
2026-03,2026-03-31,MALAWI,SCI,Motor Vehicle Expenses,MV-Leasing Costs,detail,motor_vehicle_expenses,0.0,0.0,SCI Detailed,103,March 2026 Consolidated Accounts.xlsx
2026-03,2026-03-31,MENA,SCI,Motor Vehicle Expenses,MV-Leasing Costs,detail,motor_vehicle_expenses,0.0,0.0,SCI Detailed,103,March 2026 Consolidated Accounts.xlsx
2026-03,2026-03-31,NIGERIA,SCI,Motor Vehicle Expenses,MV-Leasing Costs,detail,motor_vehicle_expenses,0.0,0.0,SCI Detailed,103,March 2026 Consolidated Accounts.xlsx
2026-03,2026-03-31,RWANDA,SCI,Motor Vehicle Expenses,MV-Leasing Costs,detail,motor_vehicle_expenses,0.0,0.0,SCI Detailed,103,March 2026 Consolidated Accounts.xlsx
2026-03,2026-03-31,ZHL,SCI,Motor Vehicle Expenses,MV-Leasing Costs,detail,motor_vehicle_expenses,0.0,0.0,SCI Detailed,103,March 2026 Consolidated Accounts.xlsx
2026-03,2026-03-31,ZATL,SCI,Motor Vehicle Expenses,MV-Leasing Costs,detail,motor_vehicle_expenses,0.0,0.0,SCI Detailed,103,March 2026 Consolidated Accounts.xlsx
2026-03,2026-03-31,DRC,SCI,Motor Vehicle Expenses,MV-Leasing Costs,detail,motor_vehicle_expenses,423185.31,423185.31,SCI Detailed,103,March 2026 Consolidated Accounts.xlsx
2026-03,2026-03-31,C&P,SCI,Motor Vehicle Expenses,MV-Leasing Costs,detail,motor_vehicle_expenses,0.0,0.0,SCI Detailed,103,March 2026 Consolidated Accounts.xlsx
2026-03,2026-03-31,ZAAC,SCI,Motor Vehicle Expenses,MV - Leasing Costs (non personnel),detail,motor_vehicle_expenses,0.0,0.0,SCI Detailed,104,March 2026 Consolidated Accounts.xlsx
2026-03,2026-03-31,ZAMRE,SCI,Motor Vehicle Expenses,MV - Leasing Costs (non personnel),detail,motor_vehicle_expenses,0.0,0.0,SCI Detailed,104,March 2026 Consolidated Accounts.xlsx
2026-03,2026-03-31,ZARIB,SCI,Motor Vehicle Expenses,MV - Leasing Costs (non personnel),detail,motor_vehicle_expenses,2182202.0,2182202.0,SCI Detailed,104,March 2026 Consolidated Accounts.xlsx
2026-03,2026-03-31,MALAWI,SCI,Motor Vehicle Expenses,MV - Leasing Costs (non personnel),detail,motor_vehicle_expenses,332789.22,332789.22,SCI Detailed,104,March 2026 Consolidated Accounts.xlsx
2026-03,2026-03-31,MENA,SCI,Motor Vehicle Expenses,MV - Leasing Costs (non personnel),detail,motor_vehicle_expenses,0.0,0.0,SCI Detailed,104,March 2026 Consolidated Accounts.xlsx
2026-03,2026-03-31,NIGERIA,SCI,Motor Vehicle Expenses,MV - Leasing Costs (non personnel),detail,motor_vehicle_expenses,0.0,0.0,SCI Detailed,104,March 2026 Consolidated Accounts.xlsx
2026-03,2026-03-31,RWANDA,SCI,Motor Vehicle Expenses,MV - Leasing Costs (non personnel),detail,motor_vehicle_expenses,3553.47,3553.47,SCI Detailed,104,March 2026 Consolidated Accounts.xlsx
2026-03,2026-03-31,ZHL,SCI,Motor Vehicle Expenses,MV - Leasing Costs (non personnel),detail,motor_vehicle_expenses,0.0,0.0,SCI Detailed,104,March 2026 Consolidated Accounts.xlsx
2026-03,2026-03-31,ZATL,SCI,Motor Vehicle Expenses,MV - Leasing Costs (non personnel),detail,motor_vehicle_expenses,19188.92,19188.92,SCI Detailed,104,March 2026 Consolidated Accounts.xlsx
2026-03,2026-03-31,DRC,SCI,Motor Vehicle Expenses,MV - Leasing Costs (non personnel),detail,motor_vehicle_expenses,88251.22,88251.22,SCI Detailed,104,March 2026 Consolidated Accounts.xlsx
2026-03,2026-03-31,C&P,SCI,Motor Vehicle Expenses,MV - Leasing Costs (non personnel),detail,motor_vehicle_expenses,0.0,0.0,SCI Detailed,104,March 2026 Consolidated Accounts.xlsx
2026-03,2026-03-31,ZAAC,SCI,Motor Vehicle Expenses,(group_subtotal),group_subtotal,,3319852.43,3319852.43,SCI Detailed,106,March 2026 Consolidated Accounts.xlsx
2026-03,2026-03-31,ZAMRE,SCI,Motor Vehicle Expenses,(group_subtotal),group_subtotal,,72686.76,72686.76,SCI Detailed,106,March 2026 Consolidated Accounts.xlsx
2026-03,2026-03-31,ZARIB,SCI,Motor Vehicle Expenses,(group_subtotal),group_subtotal,,2462202.0,2462202.0,SCI Detailed,106,March 2026 Consolidated Accounts.xlsx
2026-03,2026-03-31,MALAWI,SCI,Motor Vehicle Expenses,(group_subtotal),group_subtotal,,332789.22,332789.22,SCI Detailed,106,March 2026 Consolidated Accounts.xlsx
2026-03,2026-03-31,MENA,SCI,Motor Vehicle Expenses,(group_subtotal),group_subtotal,,0.0,0.0,SCI Detailed,106,March 2026 Consolidated Accounts.xlsx
2026-03,2026-03-31,NIGERIA,SCI,Motor Vehicle Expenses,(group_subtotal),group_subtotal,,233749.97,233749.97,SCI Detailed,106,March 2026 Consolidated Accounts.xlsx
2026-03,2026-03-31,RWANDA,SCI,Motor Vehicle Expenses,(group_subtotal),group_subtotal,,179379.91,179379.91,SCI Detailed,106,March 2026 Consolidated Accounts.xlsx
2026-03,2026-03-31,ZHL,SCI,Motor Vehicle Expenses,(group_subtotal),group_subtotal,,0.0,0.0,SCI Detailed,106,March 2026 Consolidated Accounts.xlsx
2026-03,2026-03-31,ZATL,SCI,Motor Vehicle Expenses,(group_subtotal),group_subtotal,,19188.92,19188.92,SCI Detailed,106,March 2026 Consolidated Accounts.xlsx
2026-03,2026-03-31,DRC,SCI,Motor Vehicle Expenses,(group_subtotal),group_subtotal,,862350.21,862350.21,SCI Detailed,106,March 2026 Consolidated Accounts.xlsx
2026-03,2026-03-31,C&P,SCI,Motor Vehicle Expenses,(group_subtotal),group_subtotal,,0.0,0.0,SCI Detailed,106,March 2026 Consolidated Accounts.xlsx
2026-03,2026-03-31,ZAAC,SCI,General Expenses,VALUE ADDS,detail,general_expenses,0.0,0.0,SCI Detailed,108,March 2026 Consolidated Accounts.xlsx
2026-03,2026-03-31,ZAMRE,SCI,General Expenses,VALUE ADDS,detail,general_expenses,0.0,0.0,SCI Detailed,108,March 2026 Consolidated Accounts.xlsx
2026-03,2026-03-31,ZARIB,SCI,General Expenses,VALUE ADDS,detail,general_expenses,946081.05,946081.05,SCI Detailed,108,March 2026 Consolidated Accounts.xlsx
2026-03,2026-03-31,MALAWI,SCI,General Expenses,VALUE ADDS,detail,general_expenses,0.0,0.0,SCI Detailed,108,March 2026 Consolidated Accounts.xlsx
2026-03,2026-03-31,MENA,SCI,General Expenses,VALUE ADDS,detail,general_expenses,0.0,0.0,SCI Detailed,108,March 2026 Consolidated Accounts.xlsx
2026-03,2026-03-31,NIGERIA,SCI,General Expenses,VALUE ADDS,detail,general_expenses,0.0,0.0,SCI Detailed,108,March 2026 Consolidated Accounts.xlsx
2026-03,2026-03-31,RWANDA,SCI,General Expenses,VALUE ADDS,detail,general_expenses,0.0,0.0,SCI Detailed,108,March 2026 Consolidated Accounts.xlsx
2026-03,2026-03-31,ZHL,SCI,General Expenses,VALUE ADDS,detail,general_expenses,0.0,0.0,SCI Detailed,108,March 2026 Consolidated Accounts.xlsx
2026-03,2026-03-31,ZATL,SCI,General Expenses,VALUE ADDS,detail,general_expenses,0.0,0.0,SCI Detailed,108,March 2026 Consolidated Accounts.xlsx
2026-03,2026-03-31,DRC,SCI,General Expenses,VALUE ADDS,detail,general_expenses,0.0,0.0,SCI Detailed,108,March 2026 Consolidated Accounts.xlsx
2026-03,2026-03-31,C&P,SCI,General Expenses,VALUE ADDS,detail,general_expenses,0.0,0.0,SCI Detailed,108,March 2026 Consolidated Accounts.xlsx
2026-03,2026-03-31,ZAAC,SCI,General Expenses,Equip-Maintenance,detail,general_expenses,60325.0,60325.0,SCI Detailed,109,March 2026 Consolidated Accounts.xlsx
2026-03,2026-03-31,ZAMRE,SCI,General Expenses,Equip-Maintenance,detail,general_expenses,0.0,0.0,SCI Detailed,109,March 2026 Consolidated Accounts.xlsx
2026-03,2026-03-31,ZARIB,SCI,General Expenses,Equip-Maintenance,detail,general_expenses,0.0,0.0,SCI Detailed,109,March 2026 Consolidated Accounts.xlsx
2026-03,2026-03-31,MALAWI,SCI,General Expenses,Equip-Maintenance,detail,general_expenses,21126.93,21126.93,SCI Detailed,109,March 2026 Consolidated Accounts.xlsx
2026-03,2026-03-31,MENA,SCI,General Expenses,Equip-Maintenance,detail,general_expenses,0.0,0.0,SCI Detailed,109,March 2026 Consolidated Accounts.xlsx
2026-03,2026-03-31,NIGERIA,SCI,General Expenses,Equip-Maintenance,detail,general_expenses,0.0,0.0,SCI Detailed,109,March 2026 Consolidated Accounts.xlsx
2026-03,2026-03-31,RWANDA,SCI,General Expenses,Equip-Maintenance,detail,general_expenses,298601.94,298601.94,SCI Detailed,109,March 2026 Consolidated Accounts.xlsx
2026-03,2026-03-31,ZHL,SCI,General Expenses,Equip-Maintenance,detail,general_expenses,0.0,0.0,SCI Detailed,109,March 2026 Consolidated Accounts.xlsx
2026-03,2026-03-31,ZATL,SCI,General Expenses,Equip-Maintenance,detail,general_expenses,0.0,0.0,SCI Detailed,109,March 2026 Consolidated Accounts.xlsx
2026-03,2026-03-31,DRC,SCI,General Expenses,Equip-Maintenance,detail,general_expenses,0.0,0.0,SCI Detailed,109,March 2026 Consolidated Accounts.xlsx
2026-03,2026-03-31,C&P,SCI,General Expenses,Equip-Maintenance,detail,general_expenses,0.0,0.0,SCI Detailed,109,March 2026 Consolidated Accounts.xlsx
2026-03,2026-03-31,ZAAC,SCI,General Expenses,Summary:Gen Exp Other,detail,general_expenses,1357126.04,1357126.04,SCI Detailed,110,March 2026 Consolidated Accounts.xlsx
2026-03,2026-03-31,ZAMRE,SCI,General Expenses,Summary:Gen Exp Other,detail,general_expenses,59184.66,59184.66,SCI Detailed,110,March 2026 Consolidated Accounts.xlsx
2026-03,2026-03-31,ZARIB,SCI,General Expenses,Summary:Gen Exp Other,detail,general_expenses,1207699.49,1207699.49,SCI Detailed,110,March 2026 Consolidated Accounts.xlsx
2026-03,2026-03-31,MALAWI,SCI,General Expenses,Summary:Gen Exp Other,detail,general_expenses,0.0,0.0,SCI Detailed,110,March 2026 Consolidated Accounts.xlsx
2026-03,2026-03-31,MENA,SCI,General Expenses,Summary:Gen Exp Other,detail,general_expenses,0.0,0.0,SCI Detailed,110,March 2026 Consolidated Accounts.xlsx
2026-03,2026-03-31,NIGERIA,SCI,General Expenses,Summary:Gen Exp Other,detail,general_expenses,135615.48,135615.48,SCI Detailed,110,March 2026 Consolidated Accounts.xlsx
2026-03,2026-03-31,RWANDA,SCI,General Expenses,Summary:Gen Exp Other,detail,general_expenses,689924.94,689924.94,SCI Detailed,110,March 2026 Consolidated Accounts.xlsx
2026-03,2026-03-31,ZHL,SCI,General Expenses,Summary:Gen Exp Other,detail,general_expenses,179483.85,179483.85,SCI Detailed,110,March 2026 Consolidated Accounts.xlsx
2026-03,2026-03-31,ZATL,SCI,General Expenses,Summary:Gen Exp Other,detail,general_expenses,152124.39,152124.39,SCI Detailed,110,March 2026 Consolidated Accounts.xlsx
2026-03,2026-03-31,DRC,SCI,General Expenses,Summary:Gen Exp Other,detail,general_expenses,1205495.24,1205495.24,SCI Detailed,110,March 2026 Consolidated Accounts.xlsx
2026-03,2026-03-31,C&P,SCI,General Expenses,Summary:Gen Exp Other,detail,general_expenses,8273.0,8273.0,SCI Detailed,110,March 2026 Consolidated Accounts.xlsx
2026-03,2026-03-31,ZAAC,SCI,General Expenses,Books & Periodicals,detail,general_expenses,247591.21,247591.21,SCI Detailed,112,March 2026 Consolidated Accounts.xlsx
2026-03,2026-03-31,ZAMRE,SCI,General Expenses,Books & Periodicals,detail,general_expenses,0.0,0.0,SCI Detailed,112,March 2026 Consolidated Accounts.xlsx
2026-03,2026-03-31,ZARIB,SCI,General Expenses,Books & Periodicals,detail,general_expenses,261132.0,261132.0,SCI Detailed,112,March 2026 Consolidated Accounts.xlsx
2026-03,2026-03-31,MALAWI,SCI,General Expenses,Books & Periodicals,detail,general_expenses,0.0,0.0,SCI Detailed,112,March 2026 Consolidated Accounts.xlsx
2026-03,2026-03-31,MENA,SCI,General Expenses,Books & Periodicals,detail,general_expenses,0.0,0.0,SCI Detailed,112,March 2026 Consolidated Accounts.xlsx
2026-03,2026-03-31,NIGERIA,SCI,General Expenses,Books & Periodicals,detail,general_expenses,0.0,0.0,SCI Detailed,112,March 2026 Consolidated Accounts.xlsx
2026-03,2026-03-31,RWANDA,SCI,General Expenses,Books & Periodicals,detail,general_expenses,0.0,0.0,SCI Detailed,112,March 2026 Consolidated Accounts.xlsx
2026-03,2026-03-31,ZHL,SCI,General Expenses,Books & Periodicals,detail,general_expenses,0.0,0.0,SCI Detailed,112,March 2026 Consolidated Accounts.xlsx
2026-03,2026-03-31,ZATL,SCI,General Expenses,Books & Periodicals,detail,general_expenses,0.0,0.0,SCI Detailed,112,March 2026 Consolidated Accounts.xlsx
2026-03,2026-03-31,DRC,SCI,General Expenses,Books & Periodicals,detail,general_expenses,0.0,0.0,SCI Detailed,112,March 2026 Consolidated Accounts.xlsx
2026-03,2026-03-31,C&P,SCI,General Expenses,Books & Periodicals,detail,general_expenses,0.0,0.0,SCI Detailed,112,March 2026 Consolidated Accounts.xlsx
2026-03,2026-03-31,ZAAC,SCI,General Expenses,Subscriptions General,detail,general_expenses,3262144.64,3262144.64,SCI Detailed,113,March 2026 Consolidated Accounts.xlsx
2026-03,2026-03-31,ZAMRE,SCI,General Expenses,Subscriptions General,detail,general_expenses,61346.5,61346.5,SCI Detailed,113,March 2026 Consolidated Accounts.xlsx
2026-03,2026-03-31,ZARIB,SCI,General Expenses,Subscriptions General,detail,general_expenses,2873588.42,2873588.42,SCI Detailed,113,March 2026 Consolidated Accounts.xlsx
2026-03,2026-03-31,MALAWI,SCI,General Expenses,Subscriptions General,detail,general_expenses,267073.63,267073.63,SCI Detailed,113,March 2026 Consolidated Accounts.xlsx
2026-03,2026-03-31,MENA,SCI,General Expenses,Subscriptions General,detail,general_expenses,0.0,0.0,SCI Detailed,113,March 2026 Consolidated Accounts.xlsx
2026-03,2026-03-31,NIGERIA,SCI,General Expenses,Subscriptions General,detail,general_expenses,0.0,0.0,SCI Detailed,113,March 2026 Consolidated Accounts.xlsx
2026-03,2026-03-31,RWANDA,SCI,General Expenses,Subscriptions General,detail,general_expenses,0.0,0.0,SCI Detailed,113,March 2026 Consolidated Accounts.xlsx
2026-03,2026-03-31,ZHL,SCI,General Expenses,Subscriptions General,detail,general_expenses,0.0,0.0,SCI Detailed,113,March 2026 Consolidated Accounts.xlsx
2026-03,2026-03-31,ZATL,SCI,General Expenses,Subscriptions General,detail,general_expenses,1578.04,1578.04,SCI Detailed,113,March 2026 Consolidated Accounts.xlsx
2026-03,2026-03-31,DRC,SCI,General Expenses,Subscriptions General,detail,general_expenses,306504.2,306504.2,SCI Detailed,113,March 2026 Consolidated Accounts.xlsx
2026-03,2026-03-31,C&P,SCI,General Expenses,Subscriptions General,detail,general_expenses,0.0,0.0,SCI Detailed,113,March 2026 Consolidated Accounts.xlsx
2026-03,2026-03-31,ZAAC,SCI,General Expenses,Donations-Charitable,detail,general_expenses,2190000.0,2190000.0,SCI Detailed,115,March 2026 Consolidated Accounts.xlsx
2026-03,2026-03-31,ZAMRE,SCI,General Expenses,Donations-Charitable,detail,general_expenses,0.0,0.0,SCI Detailed,115,March 2026 Consolidated Accounts.xlsx
2026-03,2026-03-31,ZARIB,SCI,General Expenses,Donations-Charitable,detail,general_expenses,0.0,0.0,SCI Detailed,115,March 2026 Consolidated Accounts.xlsx
2026-03,2026-03-31,MALAWI,SCI,General Expenses,Donations-Charitable,detail,general_expenses,0.0,0.0,SCI Detailed,115,March 2026 Consolidated Accounts.xlsx
2026-03,2026-03-31,MENA,SCI,General Expenses,Donations-Charitable,detail,general_expenses,0.0,0.0,SCI Detailed,115,March 2026 Consolidated Accounts.xlsx
2026-03,2026-03-31,NIGERIA,SCI,General Expenses,Donations-Charitable,detail,general_expenses,0.0,0.0,SCI Detailed,115,March 2026 Consolidated Accounts.xlsx
2026-03,2026-03-31,RWANDA,SCI,General Expenses,Donations-Charitable,detail,general_expenses,0.0,0.0,SCI Detailed,115,March 2026 Consolidated Accounts.xlsx
2026-03,2026-03-31,ZHL,SCI,General Expenses,Donations-Charitable,detail,general_expenses,0.0,0.0,SCI Detailed,115,March 2026 Consolidated Accounts.xlsx
2026-03,2026-03-31,ZATL,SCI,General Expenses,Donations-Charitable,detail,general_expenses,0.0,0.0,SCI Detailed,115,March 2026 Consolidated Accounts.xlsx
2026-03,2026-03-31,DRC,SCI,General Expenses,Donations-Charitable,detail,general_expenses,0.0,0.0,SCI Detailed,115,March 2026 Consolidated Accounts.xlsx
2026-03,2026-03-31,C&P,SCI,General Expenses,Donations-Charitable,detail,general_expenses,1743461.01,1743461.01,SCI Detailed,115,March 2026 Consolidated Accounts.xlsx
2026-03,2026-03-31,ZAAC,SCI,General Expenses,STAFF WELFARE,detail,general_expenses,171000.0,171000.0,SCI Detailed,116,March 2026 Consolidated Accounts.xlsx
2026-03,2026-03-31,ZAAC,SCI,General Expenses,Bank Charges,detail,general_expenses,2484.0,2484.0,SCI Detailed,117,March 2026 Consolidated Accounts.xlsx
2026-03,2026-03-31,ZAMRE,SCI,General Expenses,Bank Charges,detail,general_expenses,0.0,0.0,SCI Detailed,117,March 2026 Consolidated Accounts.xlsx
2026-03,2026-03-31,ZARIB,SCI,General Expenses,Bank Charges,detail,general_expenses,715369.44,715369.44,SCI Detailed,117,March 2026 Consolidated Accounts.xlsx
2026-03,2026-03-31,MALAWI,SCI,General Expenses,Bank Charges,detail,general_expenses,112145.77,112145.77,SCI Detailed,117,March 2026 Consolidated Accounts.xlsx
2026-03,2026-03-31,MENA,SCI,General Expenses,Bank Charges,detail,general_expenses,17646.11,17646.11,SCI Detailed,117,March 2026 Consolidated Accounts.xlsx
2026-03,2026-03-31,NIGERIA,SCI,General Expenses,Bank Charges,detail,general_expenses,24663.09,24663.09,SCI Detailed,117,March 2026 Consolidated Accounts.xlsx
2026-03,2026-03-31,RWANDA,SCI,General Expenses,Bank Charges,detail,general_expenses,38810.79,38810.79,SCI Detailed,117,March 2026 Consolidated Accounts.xlsx
2026-03,2026-03-31,ZHL,SCI,General Expenses,Bank Charges,detail,general_expenses,6820.0,6820.0,SCI Detailed,117,March 2026 Consolidated Accounts.xlsx
2026-03,2026-03-31,ZATL,SCI,General Expenses,Bank Charges,detail,general_expenses,41315.5,41315.5,SCI Detailed,117,March 2026 Consolidated Accounts.xlsx
2026-03,2026-03-31,DRC,SCI,General Expenses,Bank Charges,detail,general_expenses,684289.38,684289.38,SCI Detailed,117,March 2026 Consolidated Accounts.xlsx
2026-03,2026-03-31,C&P,SCI,General Expenses,Bank Charges,detail,general_expenses,0.0,0.0,SCI Detailed,117,March 2026 Consolidated Accounts.xlsx
2026-03,2026-03-31,ZAAC,SCI,General Expenses,(group_subtotal),group_subtotal,,7290670.89,7290670.89,SCI Detailed,118,March 2026 Consolidated Accounts.xlsx
2026-03,2026-03-31,ZAMRE,SCI,General Expenses,(group_subtotal),group_subtotal,,120531.16,120531.16,SCI Detailed,118,March 2026 Consolidated Accounts.xlsx
2026-03,2026-03-31,ZARIB,SCI,General Expenses,(group_subtotal),group_subtotal,,6003870.4,6003870.4,SCI Detailed,118,March 2026 Consolidated Accounts.xlsx
2026-03,2026-03-31,MALAWI,SCI,General Expenses,(group_subtotal),group_subtotal,,400346.33,400346.33,SCI Detailed,118,March 2026 Consolidated Accounts.xlsx
2026-03,2026-03-31,MENA,SCI,General Expenses,(group_subtotal),group_subtotal,,17646.11,17646.11,SCI Detailed,118,March 2026 Consolidated Accounts.xlsx
2026-03,2026-03-31,NIGERIA,SCI,General Expenses,(group_subtotal),group_subtotal,,160278.57,160278.57,SCI Detailed,118,March 2026 Consolidated Accounts.xlsx
2026-03,2026-03-31,RWANDA,SCI,General Expenses,(group_subtotal),group_subtotal,,1027337.67,1027337.67,SCI Detailed,118,March 2026 Consolidated Accounts.xlsx
2026-03,2026-03-31,ZHL,SCI,General Expenses,(group_subtotal),group_subtotal,,186303.85,186303.85,SCI Detailed,118,March 2026 Consolidated Accounts.xlsx
2026-03,2026-03-31,ZATL,SCI,General Expenses,(group_subtotal),group_subtotal,,195017.93,195017.93,SCI Detailed,118,March 2026 Consolidated Accounts.xlsx
2026-03,2026-03-31,DRC,SCI,General Expenses,(group_subtotal),group_subtotal,,2196288.82,2196288.82,SCI Detailed,118,March 2026 Consolidated Accounts.xlsx
2026-03,2026-03-31,C&P,SCI,General Expenses,(group_subtotal),group_subtotal,,1751734.01,1751734.01,SCI Detailed,118,March 2026 Consolidated Accounts.xlsx
2026-03,2026-03-31,ZAAC,SCI,Finance cost,Int paid others,detail,finance_costs,331229.79,331229.79,SCI Detailed,120,March 2026 Consolidated Accounts.xlsx
2026-03,2026-03-31,ZAMRE,SCI,Finance cost,Int paid others,detail,finance_costs,0.0,0.0,SCI Detailed,120,March 2026 Consolidated Accounts.xlsx
2026-03,2026-03-31,ZARIB,SCI,Finance cost,Int paid others,detail,finance_costs,0.0,0.0,SCI Detailed,120,March 2026 Consolidated Accounts.xlsx
2026-03,2026-03-31,MALAWI,SCI,Finance cost,Int paid others,detail,finance_costs,0.0,0.0,SCI Detailed,120,March 2026 Consolidated Accounts.xlsx
2026-03,2026-03-31,MENA,SCI,Finance cost,Int paid others,detail,finance_costs,0.0,0.0,SCI Detailed,120,March 2026 Consolidated Accounts.xlsx
2026-03,2026-03-31,NIGERIA,SCI,Finance cost,Int paid others,detail,finance_costs,0.0,0.0,SCI Detailed,120,March 2026 Consolidated Accounts.xlsx
2026-03,2026-03-31,RWANDA,SCI,Finance cost,Int paid others,detail,finance_costs,0.0,0.0,SCI Detailed,120,March 2026 Consolidated Accounts.xlsx
2026-03,2026-03-31,ZHL,SCI,Finance cost,Int paid others,detail,finance_costs,0.0,0.0,SCI Detailed,120,March 2026 Consolidated Accounts.xlsx
2026-03,2026-03-31,ZATL,SCI,Finance cost,Int paid others,detail,finance_costs,0.0,0.0,SCI Detailed,120,March 2026 Consolidated Accounts.xlsx
2026-03,2026-03-31,DRC,SCI,Finance cost,Int paid others,detail,finance_costs,0.0,0.0,SCI Detailed,120,March 2026 Consolidated Accounts.xlsx
2026-03,2026-03-31,C&P,SCI,Finance cost,Int paid others,detail,finance_costs,0.0,0.0,SCI Detailed,120,March 2026 Consolidated Accounts.xlsx
2026-03,2026-03-31,ZAAC,SCI,Finance cost,Fin Charges Paid,detail,finance_costs,-16164.72,-16164.72,SCI Detailed,121,March 2026 Consolidated Accounts.xlsx
2026-03,2026-03-31,ZAMRE,SCI,Finance cost,Fin Charges Paid,detail,finance_costs,4788.36,4788.36,SCI Detailed,121,March 2026 Consolidated Accounts.xlsx
2026-03,2026-03-31,ZARIB,SCI,Finance cost,Fin Charges Paid,detail,finance_costs,721017.58,721017.58,SCI Detailed,121,March 2026 Consolidated Accounts.xlsx
2026-03,2026-03-31,MALAWI,SCI,Finance cost,Fin Charges Paid,detail,finance_costs,0.0,0.0,SCI Detailed,121,March 2026 Consolidated Accounts.xlsx
2026-03,2026-03-31,MENA,SCI,Finance cost,Fin Charges Paid,detail,finance_costs,0.0,0.0,SCI Detailed,121,March 2026 Consolidated Accounts.xlsx
2026-03,2026-03-31,NIGERIA,SCI,Finance cost,Fin Charges Paid,detail,finance_costs,0.0,0.0,SCI Detailed,121,March 2026 Consolidated Accounts.xlsx
2026-03,2026-03-31,RWANDA,SCI,Finance cost,Fin Charges Paid,detail,finance_costs,0.0,0.0,SCI Detailed,121,March 2026 Consolidated Accounts.xlsx
2026-03,2026-03-31,ZHL,SCI,Finance cost,Fin Charges Paid,detail,finance_costs,0.0,0.0,SCI Detailed,121,March 2026 Consolidated Accounts.xlsx
2026-03,2026-03-31,ZATL,SCI,Finance cost,Fin Charges Paid,detail,finance_costs,0.0,0.0,SCI Detailed,121,March 2026 Consolidated Accounts.xlsx
2026-03,2026-03-31,DRC,SCI,Finance cost,Fin Charges Paid,detail,finance_costs,0.0,0.0,SCI Detailed,121,March 2026 Consolidated Accounts.xlsx
2026-03,2026-03-31,C&P,SCI,Finance cost,Fin Charges Paid,detail,finance_costs,0.0,0.0,SCI Detailed,121,March 2026 Consolidated Accounts.xlsx
2026-03,2026-03-31,ZAAC,SCI,Finance cost,(group_subtotal),group_subtotal,,315065.07,315065.07,SCI Detailed,122,March 2026 Consolidated Accounts.xlsx
2026-03,2026-03-31,ZAMRE,SCI,Finance cost,(group_subtotal),group_subtotal,,4788.36,4788.36,SCI Detailed,122,March 2026 Consolidated Accounts.xlsx
2026-03,2026-03-31,ZARIB,SCI,Finance cost,(group_subtotal),group_subtotal,,721017.58,721017.58,SCI Detailed,122,March 2026 Consolidated Accounts.xlsx
2026-03,2026-03-31,MALAWI,SCI,Finance cost,(group_subtotal),group_subtotal,,0.0,0.0,SCI Detailed,122,March 2026 Consolidated Accounts.xlsx
2026-03,2026-03-31,MENA,SCI,Finance cost,(group_subtotal),group_subtotal,,0.0,0.0,SCI Detailed,122,March 2026 Consolidated Accounts.xlsx
2026-03,2026-03-31,NIGERIA,SCI,Finance cost,(group_subtotal),group_subtotal,,0.0,0.0,SCI Detailed,122,March 2026 Consolidated Accounts.xlsx
2026-03,2026-03-31,RWANDA,SCI,Finance cost,(group_subtotal),group_subtotal,,0.0,0.0,SCI Detailed,122,March 2026 Consolidated Accounts.xlsx
2026-03,2026-03-31,ZHL,SCI,Finance cost,(group_subtotal),group_subtotal,,0.0,0.0,SCI Detailed,122,March 2026 Consolidated Accounts.xlsx
2026-03,2026-03-31,ZATL,SCI,Finance cost,(group_subtotal),group_subtotal,,0.0,0.0,SCI Detailed,122,March 2026 Consolidated Accounts.xlsx
2026-03,2026-03-31,DRC,SCI,Finance cost,(group_subtotal),group_subtotal,,0.0,0.0,SCI Detailed,122,March 2026 Consolidated Accounts.xlsx
2026-03,2026-03-31,C&P,SCI,Finance cost,(group_subtotal),group_subtotal,,0.0,0.0,SCI Detailed,122,March 2026 Consolidated Accounts.xlsx
2026-03,2026-03-31,ZAAC,SCI,Taxation,Taxation expense,detail,taxation,21010702.96,21010702.96,SCI Detailed,124,March 2026 Consolidated Accounts.xlsx
2026-03,2026-03-31,ZAMRE,SCI,Taxation,Taxation expense,detail,taxation,5065279.56,5065279.56,SCI Detailed,124,March 2026 Consolidated Accounts.xlsx
2026-03,2026-03-31,ZARIB,SCI,Taxation,Taxation expense,detail,taxation,146438937.37,146438937.37,SCI Detailed,124,March 2026 Consolidated Accounts.xlsx
2026-03,2026-03-31,MALAWI,SCI,Taxation,Taxation expense,detail,taxation,9737758.03,9737758.03,SCI Detailed,124,March 2026 Consolidated Accounts.xlsx
2026-03,2026-03-31,MENA,SCI,Taxation,Taxation expense,detail,taxation,0.0,0.0,SCI Detailed,124,March 2026 Consolidated Accounts.xlsx
2026-03,2026-03-31,NIGERIA,SCI,Taxation,Taxation expense,detail,taxation,3471745.62,3471745.62,SCI Detailed,124,March 2026 Consolidated Accounts.xlsx
2026-03,2026-03-31,RWANDA,SCI,Taxation,Taxation expense,detail,taxation,27173.22,27173.22,SCI Detailed,124,March 2026 Consolidated Accounts.xlsx
2026-03,2026-03-31,ZHL,SCI,Taxation,Taxation expense,detail,taxation,0.0,0.0,SCI Detailed,124,March 2026 Consolidated Accounts.xlsx
2026-03,2026-03-31,ZATL,SCI,Taxation,Taxation expense,detail,taxation,670472.04,670472.04,SCI Detailed,124,March 2026 Consolidated Accounts.xlsx
2026-03,2026-03-31,DRC,SCI,Taxation,Taxation expense,detail,taxation,0.0,0.0,SCI Detailed,124,March 2026 Consolidated Accounts.xlsx
2026-03,2026-03-31,C&P,SCI,Taxation,Taxation expense,detail,taxation,2573469.96,2573469.96,SCI Detailed,124,March 2026 Consolidated Accounts.xlsx
2026-03,2026-03-31,ZAAC,SCI,Taxation,(group_subtotal),group_subtotal,,21010702.96,21010702.96,SCI Detailed,125,March 2026 Consolidated Accounts.xlsx
2026-03,2026-03-31,ZAMRE,SCI,Taxation,(group_subtotal),group_subtotal,,5065279.56,5065279.56,SCI Detailed,125,March 2026 Consolidated Accounts.xlsx
2026-03,2026-03-31,ZARIB,SCI,Taxation,(group_subtotal),group_subtotal,,146438937.37,146438937.37,SCI Detailed,125,March 2026 Consolidated Accounts.xlsx
2026-03,2026-03-31,MALAWI,SCI,Taxation,(group_subtotal),group_subtotal,,9737758.03,9737758.03,SCI Detailed,125,March 2026 Consolidated Accounts.xlsx
2026-03,2026-03-31,MENA,SCI,Taxation,(group_subtotal),group_subtotal,,0.0,0.0,SCI Detailed,125,March 2026 Consolidated Accounts.xlsx
2026-03,2026-03-31,NIGERIA,SCI,Taxation,(group_subtotal),group_subtotal,,3471745.62,3471745.62,SCI Detailed,125,March 2026 Consolidated Accounts.xlsx
2026-03,2026-03-31,RWANDA,SCI,Taxation,(group_subtotal),group_subtotal,,27173.22,27173.22,SCI Detailed,125,March 2026 Consolidated Accounts.xlsx
2026-03,2026-03-31,ZHL,SCI,Taxation,(group_subtotal),group_subtotal,,0.0,0.0,SCI Detailed,125,March 2026 Consolidated Accounts.xlsx
2026-03,2026-03-31,ZATL,SCI,Taxation,(group_subtotal),group_subtotal,,670472.04,670472.04,SCI Detailed,125,March 2026 Consolidated Accounts.xlsx
2026-03,2026-03-31,DRC,SCI,Taxation,(group_subtotal),group_subtotal,,0.0,0.0,SCI Detailed,125,March 2026 Consolidated Accounts.xlsx
2026-03,2026-03-31,C&P,SCI,Taxation,(group_subtotal),group_subtotal,,2573469.96,2573469.96,SCI Detailed,125,March 2026 Consolidated Accounts.xlsx
2026-03,2026-03-31,ZAAC,SCI,Taxation,Management Expense,detail,management_expense,0.0,0.0,SCI Detailed,127,March 2026 Consolidated Accounts.xlsx
2026-03,2026-03-31,ZAMRE,SCI,Taxation,Management Expense,detail,management_expense,0.0,0.0,SCI Detailed,127,March 2026 Consolidated Accounts.xlsx
2026-03,2026-03-31,ZARIB,SCI,Taxation,Management Expense,detail,management_expense,0.0,0.0,SCI Detailed,127,March 2026 Consolidated Accounts.xlsx
2026-03,2026-03-31,MALAWI,SCI,Taxation,Management Expense,detail,management_expense,4257128.22,4257128.22,SCI Detailed,127,March 2026 Consolidated Accounts.xlsx
2026-03,2026-03-31,MENA,SCI,Taxation,Management Expense,detail,management_expense,0.0,0.0,SCI Detailed,127,March 2026 Consolidated Accounts.xlsx
2026-03,2026-03-31,NIGERIA,SCI,Taxation,Management Expense,detail,management_expense,1353074.25,1353074.25,SCI Detailed,127,March 2026 Consolidated Accounts.xlsx
2026-03,2026-03-31,RWANDA,SCI,Taxation,Management Expense,detail,management_expense,0.0,0.0,SCI Detailed,127,March 2026 Consolidated Accounts.xlsx
2026-03,2026-03-31,ZHL,SCI,Taxation,Management Expense,detail,management_expense,0.0,0.0,SCI Detailed,127,March 2026 Consolidated Accounts.xlsx
2026-03,2026-03-31,ZATL,SCI,Taxation,Management Expense,detail,management_expense,334977.76,334977.76,SCI Detailed,127,March 2026 Consolidated Accounts.xlsx
2026-03,2026-03-31,DRC,SCI,Taxation,Management Expense,detail,management_expense,475341.46,475341.46,SCI Detailed,127,March 2026 Consolidated Accounts.xlsx
2026-03,2026-03-31,C&P,SCI,Taxation,Management Expense,detail,management_expense,0.0,0.0,SCI Detailed,127,March 2026 Consolidated Accounts.xlsx
2026-03,2026-03-31,ZAAC,SCI,Taxation,(group_subtotal),group_subtotal,,0.0,0.0,SCI Detailed,128,March 2026 Consolidated Accounts.xlsx
2026-03,2026-03-31,ZAMRE,SCI,Taxation,(group_subtotal),group_subtotal,,0.0,0.0,SCI Detailed,128,March 2026 Consolidated Accounts.xlsx
2026-03,2026-03-31,ZARIB,SCI,Taxation,(group_subtotal),group_subtotal,,0.0,0.0,SCI Detailed,128,March 2026 Consolidated Accounts.xlsx
2026-03,2026-03-31,MALAWI,SCI,Taxation,(group_subtotal),group_subtotal,,4257128.22,4257128.22,SCI Detailed,128,March 2026 Consolidated Accounts.xlsx
2026-03,2026-03-31,MENA,SCI,Taxation,(group_subtotal),group_subtotal,,0.0,0.0,SCI Detailed,128,March 2026 Consolidated Accounts.xlsx
2026-03,2026-03-31,NIGERIA,SCI,Taxation,(group_subtotal),group_subtotal,,1353074.25,1353074.25,SCI Detailed,128,March 2026 Consolidated Accounts.xlsx
2026-03,2026-03-31,RWANDA,SCI,Taxation,(group_subtotal),group_subtotal,,0.0,0.0,SCI Detailed,128,March 2026 Consolidated Accounts.xlsx
2026-03,2026-03-31,ZHL,SCI,Taxation,(group_subtotal),group_subtotal,,0.0,0.0,SCI Detailed,128,March 2026 Consolidated Accounts.xlsx
2026-03,2026-03-31,ZATL,SCI,Taxation,(group_subtotal),group_subtotal,,334977.76,334977.76,SCI Detailed,128,March 2026 Consolidated Accounts.xlsx
2026-03,2026-03-31,DRC,SCI,Taxation,(group_subtotal),group_subtotal,,475341.46,475341.46,SCI Detailed,128,March 2026 Consolidated Accounts.xlsx
2026-03,2026-03-31,C&P,SCI,Taxation,(group_subtotal),group_subtotal,,0.0,0.0,SCI Detailed,128,March 2026 Consolidated Accounts.xlsx
2026-03,2026-03-31,ZAAC,SCI,Taxation,Total Expenses,total,,261933308.52,261933308.52,SCI Detailed,131,March 2026 Consolidated Accounts.xlsx
2026-03,2026-03-31,ZAMRE,SCI,Taxation,Total Expenses,total,,9807470.22,9807470.22,SCI Detailed,131,March 2026 Consolidated Accounts.xlsx
2026-03,2026-03-31,ZARIB,SCI,Taxation,Total Expenses,total,,176187459.85,176187459.85,SCI Detailed,131,March 2026 Consolidated Accounts.xlsx
2026-03,2026-03-31,MALAWI,SCI,Taxation,Total Expenses,total,,25821236.71,25821236.71,SCI Detailed,131,March 2026 Consolidated Accounts.xlsx
2026-03,2026-03-31,MENA,SCI,Taxation,Total Expenses,total,,21082995.15,21082995.15,SCI Detailed,131,March 2026 Consolidated Accounts.xlsx
2026-03,2026-03-31,NIGERIA,SCI,Taxation,Total Expenses,total,,10908146.86,10908146.86,SCI Detailed,131,March 2026 Consolidated Accounts.xlsx
2026-03,2026-03-31,RWANDA,SCI,Taxation,Total Expenses,total,,14086781.79,14086781.79,SCI Detailed,131,March 2026 Consolidated Accounts.xlsx
2026-03,2026-03-31,ZHL,SCI,Taxation,Total Expenses,total,,16300767.33,16300767.33,SCI Detailed,131,March 2026 Consolidated Accounts.xlsx
2026-03,2026-03-31,ZATL,SCI,Taxation,Total Expenses,total,,2805594.13,2805594.13,SCI Detailed,131,March 2026 Consolidated Accounts.xlsx
2026-03,2026-03-31,DRC,SCI,Taxation,Total Expenses,total,,21563223.57,21563223.57,SCI Detailed,131,March 2026 Consolidated Accounts.xlsx
2026-03,2026-03-31,C&P,SCI,Taxation,Total Expenses,total,,3654769.24,3654769.24,SCI Detailed,131,March 2026 Consolidated Accounts.xlsx
2026-03,2026-03-31,ZAAC,SCI,Taxation,Profit Before Tax,total,,-70035556.54,-70035556.54,SCI Detailed,133,March 2026 Consolidated Accounts.xlsx
2026-03,2026-03-31,ZAMRE,SCI,Taxation,Profit Before Tax,total,,-16884265.22,-16884265.22,SCI Detailed,133,March 2026 Consolidated Accounts.xlsx
2026-03,2026-03-31,ZARIB,SCI,Taxation,Profit Before Tax,total,,-488129791.61,-488129791.61,SCI Detailed,133,March 2026 Consolidated Accounts.xlsx
2026-03,2026-03-31,MALAWI,SCI,Taxation,Profit Before Tax,total,,-30353056.68,-30353056.68,SCI Detailed,133,March 2026 Consolidated Accounts.xlsx
2026-03,2026-03-31,MENA,SCI,Taxation,Profit Before Tax,total,,4371812.54,4371812.54,SCI Detailed,133,March 2026 Consolidated Accounts.xlsx
2026-03,2026-03-31,NIGERIA,SCI,Taxation,Profit Before Tax,total,,-11572485.39,-11572485.39,SCI Detailed,133,March 2026 Consolidated Accounts.xlsx
2026-03,2026-03-31,RWANDA,SCI,Taxation,Profit Before Tax,total,,-97047.22,-97047.22,SCI Detailed,133,March 2026 Consolidated Accounts.xlsx
2026-03,2026-03-31,ZHL,SCI,Taxation,Profit Before Tax,total,,16247303.73,16247303.73,SCI Detailed,133,March 2026 Consolidated Accounts.xlsx
2026-03,2026-03-31,ZATL,SCI,Taxation,Profit Before Tax,total,,-2234906.8,-2234906.8,SCI Detailed,133,March 2026 Consolidated Accounts.xlsx
2026-03,2026-03-31,DRC,SCI,Taxation,Profit Before Tax,total,,3472710.69,3472710.69,SCI Detailed,133,March 2026 Consolidated Accounts.xlsx
2026-03,2026-03-31,C&P,SCI,Taxation,Profit Before Tax,total,,-8578233.2,-8578233.2,SCI Detailed,133,March 2026 Consolidated Accounts.xlsx
2026-03,2026-03-31,ZAAC,SCI,Taxation,Profit After Tax,total,,-49024853.58,-49024853.58,SCI Detailed,135,March 2026 Consolidated Accounts.xlsx
2026-03,2026-03-31,ZAMRE,SCI,Taxation,Profit After Tax,total,,-11818985.65,-11818985.65,SCI Detailed,135,March 2026 Consolidated Accounts.xlsx
2026-03,2026-03-31,ZARIB,SCI,Taxation,Profit After Tax,total,,-341690854.24,-341690854.24,SCI Detailed,135,March 2026 Consolidated Accounts.xlsx
2026-03,2026-03-31,MALAWI,SCI,Taxation,Profit After Tax,total,,-20615298.66,-20615298.66,SCI Detailed,135,March 2026 Consolidated Accounts.xlsx
2026-03,2026-03-31,MENA,SCI,Taxation,Profit After Tax,total,,4371812.54,4371812.54,SCI Detailed,135,March 2026 Consolidated Accounts.xlsx
2026-03,2026-03-31,NIGERIA,SCI,Taxation,Profit After Tax,total,,-8100739.77,-8100739.77,SCI Detailed,135,March 2026 Consolidated Accounts.xlsx
2026-03,2026-03-31,RWANDA,SCI,Taxation,Profit After Tax,total,,-69874.0,-69874.0,SCI Detailed,135,March 2026 Consolidated Accounts.xlsx
2026-03,2026-03-31,ZHL,SCI,Taxation,Profit After Tax,total,,16247303.73,16247303.73,SCI Detailed,135,March 2026 Consolidated Accounts.xlsx
2026-03,2026-03-31,ZATL,SCI,Taxation,Profit After Tax,total,,-1564434.76,-1564434.76,SCI Detailed,135,March 2026 Consolidated Accounts.xlsx
2026-03,2026-03-31,DRC,SCI,Taxation,Profit After Tax,total,,3472710.69,3472710.69,SCI Detailed,135,March 2026 Consolidated Accounts.xlsx
2026-03,2026-03-31,C&P,SCI,Taxation,Profit After Tax,total,,-6004763.24,-6004763.24,SCI Detailed,135,March 2026 Consolidated Accounts.xlsx
2026-03,2026-03-31,ZAAC,SFP,Non-Current Assets,"Property, Plant and Equipment",detail,ppe,96771024.87,96771024.87,SFP Detailed,8,March 2026 Consolidated Accounts.xlsx
2026-03,2026-03-31,ZAMRE,SFP,Non-Current Assets,"Property, Plant and Equipment",detail,ppe,0.0,0.0,SFP Detailed,8,March 2026 Consolidated Accounts.xlsx
2026-03,2026-03-31,ZARIB,SFP,Non-Current Assets,"Property, Plant and Equipment",detail,ppe,65592150.29,65592150.29,SFP Detailed,8,March 2026 Consolidated Accounts.xlsx
2026-03,2026-03-31,MALAWI,SFP,Non-Current Assets,"Property, Plant and Equipment",detail,ppe,13237534.71,13237534.71,SFP Detailed,8,March 2026 Consolidated Accounts.xlsx
2026-03,2026-03-31,MENA,SFP,Non-Current Assets,"Property, Plant and Equipment",detail,ppe,10355812.93,10355812.93,SFP Detailed,8,March 2026 Consolidated Accounts.xlsx
2026-03,2026-03-31,NIGERIA,SFP,Non-Current Assets,"Property, Plant and Equipment",detail,ppe,3479021.0,3479021.0,SFP Detailed,8,March 2026 Consolidated Accounts.xlsx
2026-03,2026-03-31,RWANDA,SFP,Non-Current Assets,"Property, Plant and Equipment",detail,ppe,9074111.62,9074111.62,SFP Detailed,8,March 2026 Consolidated Accounts.xlsx
2026-03,2026-03-31,ZHL,SFP,Non-Current Assets,"Property, Plant and Equipment",detail,ppe,0.0,0.0,SFP Detailed,8,March 2026 Consolidated Accounts.xlsx
2026-03,2026-03-31,ZATL,SFP,Non-Current Assets,"Property, Plant and Equipment",detail,ppe,313674.33,313674.33,SFP Detailed,8,March 2026 Consolidated Accounts.xlsx
2026-03,2026-03-31,DRC,SFP,Non-Current Assets,"Property, Plant and Equipment",detail,ppe,11942486.07,11942486.07,SFP Detailed,8,March 2026 Consolidated Accounts.xlsx
2026-03,2026-03-31,C&P,SFP,Non-Current Assets,"Property, Plant and Equipment",detail,ppe,0.0,0.0,SFP Detailed,8,March 2026 Consolidated Accounts.xlsx
2026-03,2026-03-31,ZAAC,SFP,Non-Current Assets,Intangible assets - computer software,detail,computer_software,21742056.48,21742056.48,SFP Detailed,9,March 2026 Consolidated Accounts.xlsx
2026-03,2026-03-31,ZAMRE,SFP,Non-Current Assets,Intangible assets - computer software,detail,computer_software,4674000.0,4674000.0,SFP Detailed,9,March 2026 Consolidated Accounts.xlsx
2026-03,2026-03-31,ZARIB,SFP,Non-Current Assets,Intangible assets - computer software,detail,computer_software,16465498.75,16465498.75,SFP Detailed,9,March 2026 Consolidated Accounts.xlsx
2026-03,2026-03-31,MALAWI,SFP,Non-Current Assets,Intangible assets - computer software,detail,computer_software,10236836.43,10236836.43,SFP Detailed,9,March 2026 Consolidated Accounts.xlsx
2026-03,2026-03-31,MENA,SFP,Non-Current Assets,Intangible assets - computer software,detail,computer_software,0.0,0.0,SFP Detailed,9,March 2026 Consolidated Accounts.xlsx
2026-03,2026-03-31,NIGERIA,SFP,Non-Current Assets,Intangible assets - computer software,detail,computer_software,0.0,0.0,SFP Detailed,9,March 2026 Consolidated Accounts.xlsx
2026-03,2026-03-31,RWANDA,SFP,Non-Current Assets,Intangible assets - computer software,detail,computer_software,3531337.92,3531337.92,SFP Detailed,9,March 2026 Consolidated Accounts.xlsx
2026-03,2026-03-31,ZHL,SFP,Non-Current Assets,Intangible assets - computer software,detail,computer_software,0.0,0.0,SFP Detailed,9,March 2026 Consolidated Accounts.xlsx
2026-03,2026-03-31,ZATL,SFP,Non-Current Assets,Intangible assets - computer software,detail,computer_software,0.0,0.0,SFP Detailed,9,March 2026 Consolidated Accounts.xlsx
2026-03,2026-03-31,DRC,SFP,Non-Current Assets,Intangible assets - computer software,detail,computer_software,0.0,0.0,SFP Detailed,9,March 2026 Consolidated Accounts.xlsx
2026-03,2026-03-31,C&P,SFP,Non-Current Assets,Intangible assets - computer software,detail,computer_software,0.0,0.0,SFP Detailed,9,March 2026 Consolidated Accounts.xlsx
2026-03,2026-03-31,ZAAC,SFP,Non-Current Assets,Intangible assets - goodwill,detail,goodwill,3706552.43,3706552.43,SFP Detailed,10,March 2026 Consolidated Accounts.xlsx
2026-03,2026-03-31,ZAMRE,SFP,Non-Current Assets,Intangible assets - goodwill,detail,goodwill,0.0,0.0,SFP Detailed,10,March 2026 Consolidated Accounts.xlsx
2026-03,2026-03-31,ZARIB,SFP,Non-Current Assets,Intangible assets - goodwill,detail,goodwill,0.0,0.0,SFP Detailed,10,March 2026 Consolidated Accounts.xlsx
2026-03,2026-03-31,MALAWI,SFP,Non-Current Assets,Intangible assets - goodwill,detail,goodwill,0.0,0.0,SFP Detailed,10,March 2026 Consolidated Accounts.xlsx
2026-03,2026-03-31,MENA,SFP,Non-Current Assets,Intangible assets - goodwill,detail,goodwill,0.0,0.0,SFP Detailed,10,March 2026 Consolidated Accounts.xlsx
2026-03,2026-03-31,NIGERIA,SFP,Non-Current Assets,Intangible assets - goodwill,detail,goodwill,0.0,0.0,SFP Detailed,10,March 2026 Consolidated Accounts.xlsx
2026-03,2026-03-31,RWANDA,SFP,Non-Current Assets,Intangible assets - goodwill,detail,goodwill,0.0,0.0,SFP Detailed,10,March 2026 Consolidated Accounts.xlsx
2026-03,2026-03-31,ZHL,SFP,Non-Current Assets,Intangible assets - goodwill,detail,goodwill,0.0,0.0,SFP Detailed,10,March 2026 Consolidated Accounts.xlsx
2026-03,2026-03-31,ZATL,SFP,Non-Current Assets,Intangible assets - goodwill,detail,goodwill,0.0,0.0,SFP Detailed,10,March 2026 Consolidated Accounts.xlsx
2026-03,2026-03-31,DRC,SFP,Non-Current Assets,Intangible assets - goodwill,detail,goodwill,0.0,0.0,SFP Detailed,10,March 2026 Consolidated Accounts.xlsx
2026-03,2026-03-31,C&P,SFP,Non-Current Assets,Intangible assets - goodwill,detail,goodwill,0.0,0.0,SFP Detailed,10,March 2026 Consolidated Accounts.xlsx
2026-03,2026-03-31,ZAAC,SFP,Non-Current Assets,Investment in associate,detail,investment_in_associate,0.0,0.0,SFP Detailed,11,March 2026 Consolidated Accounts.xlsx
2026-03,2026-03-31,ZAMRE,SFP,Non-Current Assets,Investment in associate,detail,investment_in_associate,0.0,0.0,SFP Detailed,11,March 2026 Consolidated Accounts.xlsx
2026-03,2026-03-31,ZARIB,SFP,Non-Current Assets,Investment in associate,detail,investment_in_associate,0.0,0.0,SFP Detailed,11,March 2026 Consolidated Accounts.xlsx
2026-03,2026-03-31,MALAWI,SFP,Non-Current Assets,Investment in associate,detail,investment_in_associate,0.0,0.0,SFP Detailed,11,March 2026 Consolidated Accounts.xlsx
2026-03,2026-03-31,MENA,SFP,Non-Current Assets,Investment in associate,detail,investment_in_associate,0.0,0.0,SFP Detailed,11,March 2026 Consolidated Accounts.xlsx
2026-03,2026-03-31,NIGERIA,SFP,Non-Current Assets,Investment in associate,detail,investment_in_associate,0.0,0.0,SFP Detailed,11,March 2026 Consolidated Accounts.xlsx
2026-03,2026-03-31,RWANDA,SFP,Non-Current Assets,Investment in associate,detail,investment_in_associate,0.0,0.0,SFP Detailed,11,March 2026 Consolidated Accounts.xlsx
2026-03,2026-03-31,ZHL,SFP,Non-Current Assets,Investment in associate,detail,investment_in_associate,15969831.66,15969831.66,SFP Detailed,11,March 2026 Consolidated Accounts.xlsx
2026-03,2026-03-31,ZATL,SFP,Non-Current Assets,Investment in associate,detail,investment_in_associate,0.0,0.0,SFP Detailed,11,March 2026 Consolidated Accounts.xlsx
2026-03,2026-03-31,DRC,SFP,Non-Current Assets,Investment in associate,detail,investment_in_associate,0.0,0.0,SFP Detailed,11,March 2026 Consolidated Accounts.xlsx
2026-03,2026-03-31,C&P,SFP,Non-Current Assets,Investment in associate,detail,investment_in_associate,0.0,0.0,SFP Detailed,11,March 2026 Consolidated Accounts.xlsx
2026-03,2026-03-31,ZAAC,SFP,Non-Current Assets,Investment in unquoted equity securities,detail,investment_unquoted_equity,0.0,0.0,SFP Detailed,12,March 2026 Consolidated Accounts.xlsx
2026-03,2026-03-31,ZAMRE,SFP,Non-Current Assets,Investment in unquoted equity securities,detail,investment_unquoted_equity,0.0,0.0,SFP Detailed,12,March 2026 Consolidated Accounts.xlsx
2026-03,2026-03-31,ZARIB,SFP,Non-Current Assets,Investment in unquoted equity securities,detail,investment_unquoted_equity,0.0,0.0,SFP Detailed,12,March 2026 Consolidated Accounts.xlsx
2026-03,2026-03-31,MALAWI,SFP,Non-Current Assets,Investment in unquoted equity securities,detail,investment_unquoted_equity,0.0,0.0,SFP Detailed,12,March 2026 Consolidated Accounts.xlsx
2026-03,2026-03-31,MENA,SFP,Non-Current Assets,Investment in unquoted equity securities,detail,investment_unquoted_equity,0.0,0.0,SFP Detailed,12,March 2026 Consolidated Accounts.xlsx
2026-03,2026-03-31,NIGERIA,SFP,Non-Current Assets,Investment in unquoted equity securities,detail,investment_unquoted_equity,1268189.12,1268189.12,SFP Detailed,12,March 2026 Consolidated Accounts.xlsx
2026-03,2026-03-31,RWANDA,SFP,Non-Current Assets,Investment in unquoted equity securities,detail,investment_unquoted_equity,0.0,0.0,SFP Detailed,12,March 2026 Consolidated Accounts.xlsx
2026-03,2026-03-31,ZHL,SFP,Non-Current Assets,Investment in unquoted equity securities,detail,investment_unquoted_equity,0.0,0.0,SFP Detailed,12,March 2026 Consolidated Accounts.xlsx
2026-03,2026-03-31,ZATL,SFP,Non-Current Assets,Investment in unquoted equity securities,detail,investment_unquoted_equity,0.0,0.0,SFP Detailed,12,March 2026 Consolidated Accounts.xlsx
2026-03,2026-03-31,DRC,SFP,Non-Current Assets,Investment in unquoted equity securities,detail,investment_unquoted_equity,0.0,0.0,SFP Detailed,12,March 2026 Consolidated Accounts.xlsx
2026-03,2026-03-31,C&P,SFP,Non-Current Assets,Investment in unquoted equity securities,detail,investment_unquoted_equity,0.0,0.0,SFP Detailed,12,March 2026 Consolidated Accounts.xlsx
2026-03,2026-03-31,ZAAC,SFP,Non-Current Assets,Deposit for investment in subsidiary,detail,deposit_for_investment_in_subsidiary,36808446.31,36808446.31,SFP Detailed,13,March 2026 Consolidated Accounts.xlsx
2026-03,2026-03-31,ZAMRE,SFP,Non-Current Assets,Deposit for investment in subsidiary,detail,deposit_for_investment_in_subsidiary,0.0,0.0,SFP Detailed,13,March 2026 Consolidated Accounts.xlsx
2026-03,2026-03-31,ZARIB,SFP,Non-Current Assets,Deposit for investment in subsidiary,detail,deposit_for_investment_in_subsidiary,1060688.0,1060688.0,SFP Detailed,13,March 2026 Consolidated Accounts.xlsx
2026-03,2026-03-31,MALAWI,SFP,Non-Current Assets,Deposit for investment in subsidiary,detail,deposit_for_investment_in_subsidiary,0.0,0.0,SFP Detailed,13,March 2026 Consolidated Accounts.xlsx
2026-03,2026-03-31,MENA,SFP,Non-Current Assets,Deposit for investment in subsidiary,detail,deposit_for_investment_in_subsidiary,0.0,0.0,SFP Detailed,13,March 2026 Consolidated Accounts.xlsx
2026-03,2026-03-31,NIGERIA,SFP,Non-Current Assets,Deposit for investment in subsidiary,detail,deposit_for_investment_in_subsidiary,0.0,0.0,SFP Detailed,13,March 2026 Consolidated Accounts.xlsx
2026-03,2026-03-31,RWANDA,SFP,Non-Current Assets,Deposit for investment in subsidiary,detail,deposit_for_investment_in_subsidiary,0.0,0.0,SFP Detailed,13,March 2026 Consolidated Accounts.xlsx
2026-03,2026-03-31,ZHL,SFP,Non-Current Assets,Deposit for investment in subsidiary,detail,deposit_for_investment_in_subsidiary,1278387321.58,1278387321.58,SFP Detailed,13,March 2026 Consolidated Accounts.xlsx
2026-03,2026-03-31,ZATL,SFP,Non-Current Assets,Deposit for investment in subsidiary,detail,deposit_for_investment_in_subsidiary,0.0,0.0,SFP Detailed,13,March 2026 Consolidated Accounts.xlsx
2026-03,2026-03-31,DRC,SFP,Non-Current Assets,Deposit for investment in subsidiary,detail,deposit_for_investment_in_subsidiary,0.0,0.0,SFP Detailed,13,March 2026 Consolidated Accounts.xlsx
2026-03,2026-03-31,C&P,SFP,Non-Current Assets,Deposit for investment in subsidiary,detail,deposit_for_investment_in_subsidiary,0.0,0.0,SFP Detailed,13,March 2026 Consolidated Accounts.xlsx
2026-03,2026-03-31,ZAAC,SFP,Non-Current Assets,Deferred tax,detail,deferred_tax,15764930.24,15764930.24,SFP Detailed,14,March 2026 Consolidated Accounts.xlsx
2026-03,2026-03-31,ZAMRE,SFP,Non-Current Assets,Deferred tax,detail,deferred_tax,0.0,0.0,SFP Detailed,14,March 2026 Consolidated Accounts.xlsx
2026-03,2026-03-31,ZARIB,SFP,Non-Current Assets,Deferred tax,detail,deferred_tax,31050038.23,31050038.23,SFP Detailed,14,March 2026 Consolidated Accounts.xlsx
2026-03,2026-03-31,MALAWI,SFP,Non-Current Assets,Deferred tax,detail,deferred_tax,10911075.62,10911075.62,SFP Detailed,14,March 2026 Consolidated Accounts.xlsx
2026-03,2026-03-31,MENA,SFP,Non-Current Assets,Deferred tax,detail,deferred_tax,0.0,0.0,SFP Detailed,14,March 2026 Consolidated Accounts.xlsx
2026-03,2026-03-31,NIGERIA,SFP,Non-Current Assets,Deferred tax,detail,deferred_tax,1596.98,1596.98,SFP Detailed,14,March 2026 Consolidated Accounts.xlsx
2026-03,2026-03-31,RWANDA,SFP,Non-Current Assets,Deferred tax,detail,deferred_tax,-669852.89,-669852.89,SFP Detailed,14,March 2026 Consolidated Accounts.xlsx
2026-03,2026-03-31,ZHL,SFP,Non-Current Assets,Deferred tax,detail,deferred_tax,0.0,0.0,SFP Detailed,14,March 2026 Consolidated Accounts.xlsx
2026-03,2026-03-31,ZATL,SFP,Non-Current Assets,Deferred tax,detail,deferred_tax,1177856.16,1177856.16,SFP Detailed,14,March 2026 Consolidated Accounts.xlsx
2026-03,2026-03-31,DRC,SFP,Non-Current Assets,Deferred tax,detail,deferred_tax,0.0,0.0,SFP Detailed,14,March 2026 Consolidated Accounts.xlsx
2026-03,2026-03-31,C&P,SFP,Non-Current Assets,Deferred tax,detail,deferred_tax,4287361.0,4287361.0,SFP Detailed,14,March 2026 Consolidated Accounts.xlsx
2026-03,2026-03-31,ZAAC,SFP,Current Assets,Trade Receivables (Debtors),detail,trade_receivables,434865999.62,434865999.62,SFP Detailed,17,March 2026 Consolidated Accounts.xlsx
2026-03,2026-03-31,ZAMRE,SFP,Current Assets,Trade Receivables (Debtors),detail,trade_receivables,29612344.45,29612344.45,SFP Detailed,17,March 2026 Consolidated Accounts.xlsx
2026-03,2026-03-31,ZARIB,SFP,Current Assets,Trade Receivables (Debtors),detail,trade_receivables,486570962.67,486570962.67,SFP Detailed,17,March 2026 Consolidated Accounts.xlsx
2026-03,2026-03-31,MALAWI,SFP,Current Assets,Trade Receivables (Debtors),detail,trade_receivables,95396037.01,95396037.01,SFP Detailed,17,March 2026 Consolidated Accounts.xlsx
2026-03,2026-03-31,MENA,SFP,Current Assets,Trade Receivables (Debtors),detail,trade_receivables,89497142.48,89497142.48,SFP Detailed,17,March 2026 Consolidated Accounts.xlsx
2026-03,2026-03-31,NIGERIA,SFP,Current Assets,Trade Receivables (Debtors),detail,trade_receivables,26432458.45,26432458.45,SFP Detailed,17,March 2026 Consolidated Accounts.xlsx
2026-03,2026-03-31,RWANDA,SFP,Current Assets,Trade Receivables (Debtors),detail,trade_receivables,8830020.49,8830020.49,SFP Detailed,17,March 2026 Consolidated Accounts.xlsx
2026-03,2026-03-31,ZHL,SFP,Current Assets,Trade Receivables (Debtors),detail,trade_receivables,1.0,1.0,SFP Detailed,17,March 2026 Consolidated Accounts.xlsx
2026-03,2026-03-31,ZATL,SFP,Current Assets,Trade Receivables (Debtors),detail,trade_receivables,3895378.17,3895378.17,SFP Detailed,17,March 2026 Consolidated Accounts.xlsx
2026-03,2026-03-31,DRC,SFP,Current Assets,Trade Receivables (Debtors),detail,trade_receivables,49340574.48,49340574.48,SFP Detailed,17,March 2026 Consolidated Accounts.xlsx
2026-03,2026-03-31,C&P,SFP,Current Assets,Trade Receivables (Debtors),detail,trade_receivables,45425713.42,45425713.42,SFP Detailed,17,March 2026 Consolidated Accounts.xlsx
2026-03,2026-03-31,ZAAC,SFP,Current Assets,Premium Receivables,detail,premium_receivables,0.0,0.0,SFP Detailed,18,March 2026 Consolidated Accounts.xlsx
2026-03,2026-03-31,ZAMRE,SFP,Current Assets,Premium Receivables,detail,premium_receivables,126789670.0,126789670.0,SFP Detailed,18,March 2026 Consolidated Accounts.xlsx
2026-03,2026-03-31,ZARIB,SFP,Current Assets,Premium Receivables,detail,premium_receivables,2129958096.16,2129958096.16,SFP Detailed,18,March 2026 Consolidated Accounts.xlsx
2026-03,2026-03-31,MALAWI,SFP,Current Assets,Premium Receivables,detail,premium_receivables,0.0,0.0,SFP Detailed,18,March 2026 Consolidated Accounts.xlsx
2026-03,2026-03-31,MENA,SFP,Current Assets,Premium Receivables,detail,premium_receivables,0.0,0.0,SFP Detailed,18,March 2026 Consolidated Accounts.xlsx
2026-03,2026-03-31,NIGERIA,SFP,Current Assets,Premium Receivables,detail,premium_receivables,0.0,0.0,SFP Detailed,18,March 2026 Consolidated Accounts.xlsx
2026-03,2026-03-31,RWANDA,SFP,Current Assets,Premium Receivables,detail,premium_receivables,0.0,0.0,SFP Detailed,18,March 2026 Consolidated Accounts.xlsx
2026-03,2026-03-31,ZHL,SFP,Current Assets,Premium Receivables,detail,premium_receivables,0.0,0.0,SFP Detailed,18,March 2026 Consolidated Accounts.xlsx
2026-03,2026-03-31,ZATL,SFP,Current Assets,Premium Receivables,detail,premium_receivables,0.0,0.0,SFP Detailed,18,March 2026 Consolidated Accounts.xlsx
2026-03,2026-03-31,DRC,SFP,Current Assets,Premium Receivables,detail,premium_receivables,0.0,0.0,SFP Detailed,18,March 2026 Consolidated Accounts.xlsx
2026-03,2026-03-31,C&P,SFP,Current Assets,Premium Receivables,detail,premium_receivables,0.0,0.0,SFP Detailed,18,March 2026 Consolidated Accounts.xlsx
2026-03,2026-03-31,ZAAC,SFP,Current Assets,Other Receivables,detail,other_receivables,51106021.12,51106021.12,SFP Detailed,19,March 2026 Consolidated Accounts.xlsx
2026-03,2026-03-31,ZAMRE,SFP,Current Assets,Other Receivables,detail,other_receivables,20798.53,20798.53,SFP Detailed,19,March 2026 Consolidated Accounts.xlsx
2026-03,2026-03-31,ZARIB,SFP,Current Assets,Other Receivables,detail,other_receivables,-30508774.03,-30508774.03,SFP Detailed,19,March 2026 Consolidated Accounts.xlsx
2026-03,2026-03-31,MALAWI,SFP,Current Assets,Other Receivables,detail,other_receivables,6966146.95,6966146.95,SFP Detailed,19,March 2026 Consolidated Accounts.xlsx
2026-03,2026-03-31,MENA,SFP,Current Assets,Other Receivables,detail,other_receivables,-29632022.7,-29632022.7,SFP Detailed,19,March 2026 Consolidated Accounts.xlsx
2026-03,2026-03-31,NIGERIA,SFP,Current Assets,Other Receivables,detail,other_receivables,11502991.49,11502991.49,SFP Detailed,19,March 2026 Consolidated Accounts.xlsx
2026-03,2026-03-31,RWANDA,SFP,Current Assets,Other Receivables,detail,other_receivables,2341678.36,2341678.36,SFP Detailed,19,March 2026 Consolidated Accounts.xlsx
2026-03,2026-03-31,ZHL,SFP,Current Assets,Other Receivables,detail,other_receivables,350685.52,350685.52,SFP Detailed,19,March 2026 Consolidated Accounts.xlsx
2026-03,2026-03-31,ZATL,SFP,Current Assets,Other Receivables,detail,other_receivables,-1354072.19,-1354072.19,SFP Detailed,19,March 2026 Consolidated Accounts.xlsx
2026-03,2026-03-31,DRC,SFP,Current Assets,Other Receivables,detail,other_receivables,10939721.41,10939721.41,SFP Detailed,19,March 2026 Consolidated Accounts.xlsx
2026-03,2026-03-31,C&P,SFP,Current Assets,Other Receivables,detail,other_receivables,-8150765.58,-8150765.58,SFP Detailed,19,March 2026 Consolidated Accounts.xlsx
2026-03,2026-03-31,ZAAC,SFP,Current Assets,Due from/to related parties,detail,due_from_to_related_parties,172568810.07,172568810.07,SFP Detailed,20,March 2026 Consolidated Accounts.xlsx
2026-03,2026-03-31,ZAMRE,SFP,Current Assets,Due from/to related parties,detail,due_from_to_related_parties,-50846807.27,-50846807.27,SFP Detailed,20,March 2026 Consolidated Accounts.xlsx
2026-03,2026-03-31,ZARIB,SFP,Current Assets,Due from/to related parties,detail,due_from_to_related_parties,339370235.94,339370235.94,SFP Detailed,20,March 2026 Consolidated Accounts.xlsx
2026-03,2026-03-31,MALAWI,SFP,Current Assets,Due from/to related parties,detail,due_from_to_related_parties,-47771302.37,-47771302.37,SFP Detailed,20,March 2026 Consolidated Accounts.xlsx
2026-03,2026-03-31,MENA,SFP,Current Assets,Due from/to related parties,detail,due_from_to_related_parties,0.0,0.0,SFP Detailed,20,March 2026 Consolidated Accounts.xlsx
2026-03,2026-03-31,NIGERIA,SFP,Current Assets,Due from/to related parties,detail,due_from_to_related_parties,-13960645.11,-13960645.11,SFP Detailed,20,March 2026 Consolidated Accounts.xlsx
2026-03,2026-03-31,RWANDA,SFP,Current Assets,Due from/to related parties,detail,due_from_to_related_parties,-1370720.48,-1370720.48,SFP Detailed,20,March 2026 Consolidated Accounts.xlsx
2026-03,2026-03-31,ZHL,SFP,Current Assets,Due from/to related parties,detail,due_from_to_related_parties,-266605482.4,-266605482.4,SFP Detailed,20,March 2026 Consolidated Accounts.xlsx
2026-03,2026-03-31,ZATL,SFP,Current Assets,Due from/to related parties,detail,due_from_to_related_parties,2697185.7,2697185.7,SFP Detailed,20,March 2026 Consolidated Accounts.xlsx
2026-03,2026-03-31,DRC,SFP,Current Assets,Due from/to related parties,detail,due_from_to_related_parties,-10129706.6,-10129706.6,SFP Detailed,20,March 2026 Consolidated Accounts.xlsx
2026-03,2026-03-31,C&P,SFP,Current Assets,Due from/to related parties,detail,due_from_to_related_parties,94390230.57,94390230.57,SFP Detailed,20,March 2026 Consolidated Accounts.xlsx
2026-03,2026-03-31,ZAAC,SFP,Current Assets,Office Cash,detail,office_cash,81958363.02,81958363.02,SFP Detailed,22,March 2026 Consolidated Accounts.xlsx
2026-03,2026-03-31,ZAMRE,SFP,Current Assets,Office Cash,detail,office_cash,10182922.81,10182922.81,SFP Detailed,22,March 2026 Consolidated Accounts.xlsx
2026-03,2026-03-31,ZARIB,SFP,Current Assets,Office Cash,detail,office_cash,130680522.5,130680522.5,SFP Detailed,22,March 2026 Consolidated Accounts.xlsx
2026-03,2026-03-31,MALAWI,SFP,Current Assets,Office Cash,detail,office_cash,29698941.8,29698941.8,SFP Detailed,22,March 2026 Consolidated Accounts.xlsx
2026-03,2026-03-31,MENA,SFP,Current Assets,Office Cash,detail,office_cash,5146220.89,5146220.89,SFP Detailed,22,March 2026 Consolidated Accounts.xlsx
2026-03,2026-03-31,NIGERIA,SFP,Current Assets,Office Cash,detail,office_cash,16949159.71,16949159.71,SFP Detailed,22,March 2026 Consolidated Accounts.xlsx
2026-03,2026-03-31,RWANDA,SFP,Current Assets,Office Cash,detail,office_cash,11331731.83,11331731.83,SFP Detailed,22,March 2026 Consolidated Accounts.xlsx
2026-03,2026-03-31,ZHL,SFP,Current Assets,Office Cash,detail,office_cash,972232.1,972232.1,SFP Detailed,22,March 2026 Consolidated Accounts.xlsx
2026-03,2026-03-31,ZATL,SFP,Current Assets,Office Cash,detail,office_cash,2059120.8,2059120.8,SFP Detailed,22,March 2026 Consolidated Accounts.xlsx
2026-03,2026-03-31,DRC,SFP,Current Assets,Office Cash,detail,office_cash,9625448.27,9625448.27,SFP Detailed,22,March 2026 Consolidated Accounts.xlsx
2026-03,2026-03-31,C&P,SFP,Current Assets,Office Cash,detail,office_cash,1455540.83,1455540.83,SFP Detailed,22,March 2026 Consolidated Accounts.xlsx
2026-03,2026-03-31,ZAMRE,SFP,Current Assets,Client Cash,detail,client_cash,35221293.41,35221293.41,SFP Detailed,23,March 2026 Consolidated Accounts.xlsx
2026-03,2026-03-31,ZARIB,SFP,Current Assets,Client Cash,detail,client_cash,113660264.94,113660264.94,SFP Detailed,23,March 2026 Consolidated Accounts.xlsx
2026-03,2026-03-31,ZAAC,SFP,Current Assets,Deposits,detail,deposits,60000000.0,60000000.0,SFP Detailed,24,March 2026 Consolidated Accounts.xlsx
2026-03,2026-03-31,ZAMRE,SFP,Current Assets,Deposits,detail,deposits,33160000.0,33160000.0,SFP Detailed,24,March 2026 Consolidated Accounts.xlsx
2026-03,2026-03-31,ZARIB,SFP,Current Assets,Deposits,detail,deposits,371830978.47,371830978.47,SFP Detailed,24,March 2026 Consolidated Accounts.xlsx
2026-03,2026-03-31,MALAWI,SFP,Current Assets,Deposits,detail,deposits,73386418.36,73386418.36,SFP Detailed,24,March 2026 Consolidated Accounts.xlsx
2026-03,2026-03-31,MENA,SFP,Current Assets,Deposits,detail,deposits,0.0,0.0,SFP Detailed,24,March 2026 Consolidated Accounts.xlsx
2026-03,2026-03-31,NIGERIA,SFP,Current Assets,Deposits,detail,deposits,0.0,0.0,SFP Detailed,24,March 2026 Consolidated Accounts.xlsx
2026-03,2026-03-31,RWANDA,SFP,Current Assets,Deposits,detail,deposits,22261798.75,22261798.75,SFP Detailed,24,March 2026 Consolidated Accounts.xlsx
2026-03,2026-03-31,ZHL,SFP,Current Assets,Deposits,detail,deposits,4500000.0,4500000.0,SFP Detailed,24,March 2026 Consolidated Accounts.xlsx
2026-03,2026-03-31,ZATL,SFP,Current Assets,Deposits,detail,deposits,502765.21,502765.21,SFP Detailed,24,March 2026 Consolidated Accounts.xlsx
2026-03,2026-03-31,DRC,SFP,Current Assets,Deposits,detail,deposits,0.0,0.0,SFP Detailed,24,March 2026 Consolidated Accounts.xlsx
2026-03,2026-03-31,C&P,SFP,Current Assets,Deposits,detail,deposits,22284303.0,22284303.0,SFP Detailed,24,March 2026 Consolidated Accounts.xlsx
2026-03,2026-03-31,ZAAC,SFP,Current Assets,Placements,detail,placements,20849321.49,20849321.49,SFP Detailed,25,March 2026 Consolidated Accounts.xlsx
2026-03,2026-03-31,ZARIB,SFP,Current Assets,Placements,detail,placements,179936116.0,179936116.0,SFP Detailed,25,March 2026 Consolidated Accounts.xlsx
2026-03,2026-03-31,MALAWI,SFP,Current Assets,Placements,detail,placements,0.0,0.0,SFP Detailed,25,March 2026 Consolidated Accounts.xlsx
2026-03,2026-03-31,MENA,SFP,Current Assets,Placements,detail,placements,0.0,0.0,SFP Detailed,25,March 2026 Consolidated Accounts.xlsx
2026-03,2026-03-31,NIGERIA,SFP,Current Assets,Placements,detail,placements,0.0,0.0,SFP Detailed,25,March 2026 Consolidated Accounts.xlsx
2026-03,2026-03-31,RWANDA,SFP,Current Assets,Placements,detail,placements,0.0,0.0,SFP Detailed,25,March 2026 Consolidated Accounts.xlsx
2026-03,2026-03-31,ZHL,SFP,Current Assets,Placements,detail,placements,0.0,0.0,SFP Detailed,25,March 2026 Consolidated Accounts.xlsx
2026-03,2026-03-31,ZATL,SFP,Current Assets,Placements,detail,placements,0.0,0.0,SFP Detailed,25,March 2026 Consolidated Accounts.xlsx
2026-03,2026-03-31,DRC,SFP,Current Assets,Placements,detail,placements,537455.45,537455.45,SFP Detailed,25,March 2026 Consolidated Accounts.xlsx
2026-03,2026-03-31,C&P,SFP,Current Assets,Placements,detail,placements,695590.6,695590.6,SFP Detailed,25,March 2026 Consolidated Accounts.xlsx
2026-03,2026-03-31,ZAAC,SFP,Current Assets,Tax recoverable,detail,tax_recoverable,7909376.35,7909376.35,SFP Detailed,26,March 2026 Consolidated Accounts.xlsx
2026-03,2026-03-31,ZAMRE,SFP,Current Assets,Tax recoverable,detail,tax_recoverable,-7304377.67,-7304377.67,SFP Detailed,26,March 2026 Consolidated Accounts.xlsx
2026-03,2026-03-31,ZARIB,SFP,Current Assets,Tax recoverable,detail,tax_recoverable,-117746682.59,-117746682.59,SFP Detailed,26,March 2026 Consolidated Accounts.xlsx
2026-03,2026-03-31,MALAWI,SFP,Current Assets,Tax recoverable,detail,tax_recoverable,-727222.42,-727222.42,SFP Detailed,26,March 2026 Consolidated Accounts.xlsx
2026-03,2026-03-31,MENA,SFP,Current Assets,Tax recoverable,detail,tax_recoverable,0.0,0.0,SFP Detailed,26,March 2026 Consolidated Accounts.xlsx
2026-03,2026-03-31,NIGERIA,SFP,Current Assets,Tax recoverable,detail,tax_recoverable,-3507148.27,-3507148.27,SFP Detailed,26,March 2026 Consolidated Accounts.xlsx
2026-03,2026-03-31,RWANDA,SFP,Current Assets,Tax recoverable,detail,tax_recoverable,-27092.86,-27092.86,SFP Detailed,26,March 2026 Consolidated Accounts.xlsx
2026-03,2026-03-31,ZHL,SFP,Current Assets,Tax recoverable,detail,tax_recoverable,252358.94,252358.94,SFP Detailed,26,March 2026 Consolidated Accounts.xlsx
2026-03,2026-03-31,ZATL,SFP,Current Assets,Tax recoverable,detail,tax_recoverable,1980098.56,1980098.56,SFP Detailed,26,March 2026 Consolidated Accounts.xlsx
2026-03,2026-03-31,DRC,SFP,Current Assets,Tax recoverable,detail,tax_recoverable,-143815.62,-143815.62,SFP Detailed,26,March 2026 Consolidated Accounts.xlsx
2026-03,2026-03-31,C&P,SFP,Current Assets,Tax recoverable,detail,tax_recoverable,-1688303.96,-1688303.96,SFP Detailed,26,March 2026 Consolidated Accounts.xlsx
2026-03,2026-03-31,ZAAC,SFP,Current Assets,Accrued Income,detail,accrued_income,184915296.26,184915296.26,SFP Detailed,27,March 2026 Consolidated Accounts.xlsx
2026-03,2026-03-31,C&P,SFP,Current Assets,Accrued Income,detail,accrued_income,12183190.24,12183190.24,SFP Detailed,27,March 2026 Consolidated Accounts.xlsx
2026-03,2026-03-31,ZAAC,SFP,Current Assets,Total Assets,total,,1188966198.26,1188966198.26,SFP Detailed,28,March 2026 Consolidated Accounts.xlsx
2026-03,2026-03-31,ZAMRE,SFP,Current Assets,Total Assets,total,,181509844.27,181509844.27,SFP Detailed,28,March 2026 Consolidated Accounts.xlsx
2026-03,2026-03-31,ZARIB,SFP,Current Assets,Total Assets,total,,3717920095.33,3717920095.33,SFP Detailed,28,March 2026 Consolidated Accounts.xlsx
2026-03,2026-03-31,MALAWI,SFP,Current Assets,Total Assets,total,,191334466.1,191334466.1,SFP Detailed,28,March 2026 Consolidated Accounts.xlsx
2026-03,2026-03-31,MENA,SFP,Current Assets,Total Assets,total,,75367153.61,75367153.61,SFP Detailed,28,March 2026 Consolidated Accounts.xlsx
2026-03,2026-03-31,NIGERIA,SFP,Current Assets,Total Assets,total,,42165623.37,42165623.37,SFP Detailed,28,March 2026 Consolidated Accounts.xlsx
2026-03,2026-03-31,RWANDA,SFP,Current Assets,Total Assets,total,,55303012.75,55303012.75,SFP Detailed,28,March 2026 Consolidated Accounts.xlsx
2026-03,2026-03-31,ZHL,SFP,Current Assets,Total Assets,total,,1033826948.4,1033826948.4,SFP Detailed,28,March 2026 Consolidated Accounts.xlsx
2026-03,2026-03-31,ZATL,SFP,Current Assets,Total Assets,total,,11272006.74,11272006.74,SFP Detailed,28,March 2026 Consolidated Accounts.xlsx
2026-03,2026-03-31,DRC,SFP,Current Assets,Total Assets,total,,72112163.45,72112163.45,SFP Detailed,28,March 2026 Consolidated Accounts.xlsx
2026-03,2026-03-31,C&P,SFP,Current Assets,Total Assets,total,,170882860.12,170882860.12,SFP Detailed,28,March 2026 Consolidated Accounts.xlsx
2026-03,2026-03-31,ZAAC,SFP,Equity,Share capital,detail,share_capital,-25000000.0,25000000.0,SFP Detailed,32,March 2026 Consolidated Accounts.xlsx
2026-03,2026-03-31,ZAMRE,SFP,Equity,Share capital,detail,share_capital,-5000000.0,5000000.0,SFP Detailed,32,March 2026 Consolidated Accounts.xlsx
2026-03,2026-03-31,ZARIB,SFP,Equity,Share capital,detail,share_capital,-33360000.0,33360000.0,SFP Detailed,32,March 2026 Consolidated Accounts.xlsx
2026-03,2026-03-31,MALAWI,SFP,Equity,Share capital,detail,share_capital,-832094.26,832094.26,SFP Detailed,32,March 2026 Consolidated Accounts.xlsx
2026-03,2026-03-31,MENA,SFP,Equity,Share capital,detail,share_capital,-26562170.92,26562170.92,SFP Detailed,32,March 2026 Consolidated Accounts.xlsx
2026-03,2026-03-31,NIGERIA,SFP,Equity,Share capital,detail,share_capital,-6575795.44,6575795.44,SFP Detailed,32,March 2026 Consolidated Accounts.xlsx
2026-03,2026-03-31,RWANDA,SFP,Equity,Share capital,detail,share_capital,-51581572.66,51581572.66,SFP Detailed,32,March 2026 Consolidated Accounts.xlsx
2026-03,2026-03-31,ZHL,SFP,Equity,Share capital,detail,share_capital,-10000000.0,10000000.0,SFP Detailed,32,March 2026 Consolidated Accounts.xlsx
2026-03,2026-03-31,ZATL,SFP,Equity,Share capital,detail,share_capital,-5047476.12,5047476.12,SFP Detailed,32,March 2026 Consolidated Accounts.xlsx
2026-03,2026-03-31,DRC,SFP,Equity,Share capital,detail,share_capital,-74730610.26,74730610.26,SFP Detailed,32,March 2026 Consolidated Accounts.xlsx
2026-03,2026-03-31,C&P,SFP,Equity,Share capital,detail,share_capital,-25000000.0,25000000.0,SFP Detailed,32,March 2026 Consolidated Accounts.xlsx
2026-03,2026-03-31,ZAAC,SFP,Equity,Transalation reserve,detail,translation_reserve,0.0,-0.0,SFP Detailed,33,March 2026 Consolidated Accounts.xlsx
2026-03,2026-03-31,ZAMRE,SFP,Equity,Transalation reserve,detail,translation_reserve,0.0,-0.0,SFP Detailed,33,March 2026 Consolidated Accounts.xlsx
2026-03,2026-03-31,ZARIB,SFP,Equity,Transalation reserve,detail,translation_reserve,-758850.95,758850.95,SFP Detailed,33,March 2026 Consolidated Accounts.xlsx
2026-03,2026-03-31,MALAWI,SFP,Equity,Transalation reserve,detail,translation_reserve,-30209327.33,30209327.33,SFP Detailed,33,March 2026 Consolidated Accounts.xlsx
2026-03,2026-03-31,MENA,SFP,Equity,Transalation reserve,detail,translation_reserve,30359.52,-30359.52,SFP Detailed,33,March 2026 Consolidated Accounts.xlsx
2026-03,2026-03-31,NIGERIA,SFP,Equity,Transalation reserve,detail,translation_reserve,59242.48,-59242.48,SFP Detailed,33,March 2026 Consolidated Accounts.xlsx
2026-03,2026-03-31,RWANDA,SFP,Equity,Transalation reserve,detail,translation_reserve,-310.04,310.04,SFP Detailed,33,March 2026 Consolidated Accounts.xlsx
2026-03,2026-03-31,ZHL,SFP,Equity,Transalation reserve,detail,translation_reserve,0.0,-0.0,SFP Detailed,33,March 2026 Consolidated Accounts.xlsx
2026-03,2026-03-31,ZATL,SFP,Equity,Transalation reserve,detail,translation_reserve,-10025714.62,10025714.62,SFP Detailed,33,March 2026 Consolidated Accounts.xlsx
2026-03,2026-03-31,DRC,SFP,Equity,Transalation reserve,detail,translation_reserve,16200.85,-16200.85,SFP Detailed,33,March 2026 Consolidated Accounts.xlsx
2026-03,2026-03-31,C&P,SFP,Equity,Transalation reserve,detail,translation_reserve,0.0,-0.0,SFP Detailed,33,March 2026 Consolidated Accounts.xlsx
2026-03,2026-03-31,ZAAC,SFP,Equity,proposed dividend,detail,proposed_dividend,0.0,-0.0,SFP Detailed,34,March 2026 Consolidated Accounts.xlsx
2026-03,2026-03-31,ZAMRE,SFP,Equity,proposed dividend,detail,proposed_dividend,0.0,-0.0,SFP Detailed,34,March 2026 Consolidated Accounts.xlsx
2026-03,2026-03-31,ZARIB,SFP,Equity,proposed dividend,detail,proposed_dividend,0.0,-0.0,SFP Detailed,34,March 2026 Consolidated Accounts.xlsx
2026-03,2026-03-31,MALAWI,SFP,Equity,proposed dividend,detail,proposed_dividend,0.0,-0.0,SFP Detailed,34,March 2026 Consolidated Accounts.xlsx
2026-03,2026-03-31,MENA,SFP,Equity,proposed dividend,detail,proposed_dividend,0.0,-0.0,SFP Detailed,34,March 2026 Consolidated Accounts.xlsx
2026-03,2026-03-31,NIGERIA,SFP,Equity,proposed dividend,detail,proposed_dividend,0.0,-0.0,SFP Detailed,34,March 2026 Consolidated Accounts.xlsx
2026-03,2026-03-31,RWANDA,SFP,Equity,proposed dividend,detail,proposed_dividend,0.0,-0.0,SFP Detailed,34,March 2026 Consolidated Accounts.xlsx
2026-03,2026-03-31,ZHL,SFP,Equity,proposed dividend,detail,proposed_dividend,0.0,-0.0,SFP Detailed,34,March 2026 Consolidated Accounts.xlsx
2026-03,2026-03-31,ZATL,SFP,Equity,proposed dividend,detail,proposed_dividend,0.0,-0.0,SFP Detailed,34,March 2026 Consolidated Accounts.xlsx
2026-03,2026-03-31,DRC,SFP,Equity,proposed dividend,detail,proposed_dividend,0.0,-0.0,SFP Detailed,34,March 2026 Consolidated Accounts.xlsx
2026-03,2026-03-31,C&P,SFP,Equity,proposed dividend,detail,proposed_dividend,0.0,-0.0,SFP Detailed,34,March 2026 Consolidated Accounts.xlsx
2026-03,2026-03-31,ZAAC,SFP,Equity,Retained earnings,detail,retained_earnings,-1021890949.75,1021890949.75,SFP Detailed,35,March 2026 Consolidated Accounts.xlsx
2026-03,2026-03-31,ZAMRE,SFP,Equity,Retained earnings,detail,retained_earnings,-5224564.6,5224564.6,SFP Detailed,35,March 2026 Consolidated Accounts.xlsx
2026-03,2026-03-31,ZARIB,SFP,Equity,Retained earnings,detail,retained_earnings,-1201525218.75,1201525218.75,SFP Detailed,35,March 2026 Consolidated Accounts.xlsx
2026-03,2026-03-31,MALAWI,SFP,Equity,Retained earnings,detail,retained_earnings,-110807030.82,110807030.82,SFP Detailed,35,March 2026 Consolidated Accounts.xlsx
2026-03,2026-03-31,MENA,SFP,Equity,Retained earnings,detail,retained_earnings,-7346803.15,7346803.15,SFP Detailed,35,March 2026 Consolidated Accounts.xlsx
2026-03,2026-03-31,NIGERIA,SFP,Equity,Retained earnings,detail,retained_earnings,-19352300.2,19352300.2,SFP Detailed,35,March 2026 Consolidated Accounts.xlsx
2026-03,2026-03-31,RWANDA,SFP,Equity,Retained earnings,detail,retained_earnings,503855.91,-503855.91,SFP Detailed,35,March 2026 Consolidated Accounts.xlsx
2026-03,2026-03-31,ZHL,SFP,Equity,Retained earnings,detail,retained_earnings,-30127713.66,30127713.66,SFP Detailed,35,March 2026 Consolidated Accounts.xlsx
2026-03,2026-03-31,ZATL,SFP,Equity,Retained earnings,detail,retained_earnings,4420719.22,-4420719.22,SFP Detailed,35,March 2026 Consolidated Accounts.xlsx
2026-03,2026-03-31,DRC,SFP,Equity,Retained earnings,detail,retained_earnings,51467741.67,-51467741.67,SFP Detailed,35,March 2026 Consolidated Accounts.xlsx
2026-03,2026-03-31,C&P,SFP,Equity,Retained earnings,detail,retained_earnings,-133494469.71,133494469.71,SFP Detailed,35,March 2026 Consolidated Accounts.xlsx
2026-03,2026-03-31,ZAAC,SFP,Equity,Net Profit,derived,net_profit,-49024853.58,49024853.58,SFP Detailed,36,March 2026 Consolidated Accounts.xlsx
2026-03,2026-03-31,ZAMRE,SFP,Equity,Net Profit,derived,net_profit,-11818985.65,11818985.65,SFP Detailed,36,March 2026 Consolidated Accounts.xlsx
2026-03,2026-03-31,ZARIB,SFP,Equity,Net Profit,derived,net_profit,-341690854.24,341690854.24,SFP Detailed,36,March 2026 Consolidated Accounts.xlsx
2026-03,2026-03-31,MALAWI,SFP,Equity,Net Profit,derived,net_profit,-20615298.66,20615298.66,SFP Detailed,36,March 2026 Consolidated Accounts.xlsx
2026-03,2026-03-31,MENA,SFP,Equity,Net Profit,derived,net_profit,4371812.54,-4371812.54,SFP Detailed,36,March 2026 Consolidated Accounts.xlsx
2026-03,2026-03-31,NIGERIA,SFP,Equity,Net Profit,derived,net_profit,-8100739.77,8100739.77,SFP Detailed,36,March 2026 Consolidated Accounts.xlsx
2026-03,2026-03-31,RWANDA,SFP,Equity,Net Profit,derived,net_profit,-69874.0,69874.0,SFP Detailed,36,March 2026 Consolidated Accounts.xlsx
2026-03,2026-03-31,ZHL,SFP,Equity,Net Profit,derived,net_profit,16247303.73,-16247303.73,SFP Detailed,36,March 2026 Consolidated Accounts.xlsx
2026-03,2026-03-31,ZATL,SFP,Equity,Net Profit,derived,net_profit,-1564434.76,1564434.76,SFP Detailed,36,March 2026 Consolidated Accounts.xlsx
2026-03,2026-03-31,DRC,SFP,Equity,Net Profit,derived,net_profit,3472710.69,-3472710.69,SFP Detailed,36,March 2026 Consolidated Accounts.xlsx
2026-03,2026-03-31,C&P,SFP,Equity,Net Profit,derived,net_profit,-6004763.24,6004763.24,SFP Detailed,36,March 2026 Consolidated Accounts.xlsx
2026-03,2026-03-31,ZAAC,SFP,Equity attributable to equity holders of the parent company,Equity attributable to equity holders of the parent company,group_header,,-1095915803.33,-1095915803.33,SFP Detailed,37,March 2026 Consolidated Accounts.xlsx
2026-03,2026-03-31,ZAMRE,SFP,Equity attributable to equity holders of the parent company,Equity attributable to equity holders of the parent company,group_header,,-22043550.25,-22043550.25,SFP Detailed,37,March 2026 Consolidated Accounts.xlsx
2026-03,2026-03-31,ZARIB,SFP,Equity attributable to equity holders of the parent company,Equity attributable to equity holders of the parent company,group_header,,-1577334923.94,-1577334923.94,SFP Detailed,37,March 2026 Consolidated Accounts.xlsx
2026-03,2026-03-31,MALAWI,SFP,Equity attributable to equity holders of the parent company,Equity attributable to equity holders of the parent company,group_header,,-162463751.06,-162463751.06,SFP Detailed,37,March 2026 Consolidated Accounts.xlsx
2026-03,2026-03-31,MENA,SFP,Equity attributable to equity holders of the parent company,Equity attributable to equity holders of the parent company,group_header,,-29506802.01,-29506802.01,SFP Detailed,37,March 2026 Consolidated Accounts.xlsx
2026-03,2026-03-31,NIGERIA,SFP,Equity attributable to equity holders of the parent company,Equity attributable to equity holders of the parent company,group_header,,-33969592.94,-33969592.94,SFP Detailed,37,March 2026 Consolidated Accounts.xlsx
2026-03,2026-03-31,RWANDA,SFP,Equity attributable to equity holders of the parent company,Equity attributable to equity holders of the parent company,group_header,,-51147900.79,-51147900.79,SFP Detailed,37,March 2026 Consolidated Accounts.xlsx
2026-03,2026-03-31,ZHL,SFP,Equity attributable to equity holders of the parent company,Equity attributable to equity holders of the parent company,group_header,,-23880409.93,-23880409.93,SFP Detailed,37,March 2026 Consolidated Accounts.xlsx
2026-03,2026-03-31,ZATL,SFP,Equity attributable to equity holders of the parent company,Equity attributable to equity holders of the parent company,group_header,,-12216906.28,-12216906.28,SFP Detailed,37,March 2026 Consolidated Accounts.xlsx
2026-03,2026-03-31,DRC,SFP,Equity attributable to equity holders of the parent company,Equity attributable to equity holders of the parent company,group_header,,-19773957.05,-19773957.05,SFP Detailed,37,March 2026 Consolidated Accounts.xlsx
2026-03,2026-03-31,C&P,SFP,Equity attributable to equity holders of the parent company,Equity attributable to equity holders of the parent company,group_header,,-164499232.95,-164499232.95,SFP Detailed,37,March 2026 Consolidated Accounts.xlsx
2026-03,2026-03-31,ZAAC,SFP,Equity attributable to equity holders of the parent company,Non-controlling interests,detail,non_controlling_interests,0.0,-0.0,SFP Detailed,39,March 2026 Consolidated Accounts.xlsx
2026-03,2026-03-31,ZAMRE,SFP,Equity attributable to equity holders of the parent company,Non-controlling interests,detail,non_controlling_interests,0.0,-0.0,SFP Detailed,39,March 2026 Consolidated Accounts.xlsx
2026-03,2026-03-31,ZARIB,SFP,Equity attributable to equity holders of the parent company,Non-controlling interests,detail,non_controlling_interests,0.0,-0.0,SFP Detailed,39,March 2026 Consolidated Accounts.xlsx
2026-03,2026-03-31,MALAWI,SFP,Equity attributable to equity holders of the parent company,Non-controlling interests,detail,non_controlling_interests,0.0,-0.0,SFP Detailed,39,March 2026 Consolidated Accounts.xlsx
2026-03,2026-03-31,MENA,SFP,Equity attributable to equity holders of the parent company,Non-controlling interests,detail,non_controlling_interests,-37445654.92,37445654.92,SFP Detailed,39,March 2026 Consolidated Accounts.xlsx
2026-03,2026-03-31,NIGERIA,SFP,Equity attributable to equity holders of the parent company,Non-controlling interests,detail,non_controlling_interests,0.0,-0.0,SFP Detailed,39,March 2026 Consolidated Accounts.xlsx
2026-03,2026-03-31,RWANDA,SFP,Equity attributable to equity holders of the parent company,Non-controlling interests,detail,non_controlling_interests,0.0,-0.0,SFP Detailed,39,March 2026 Consolidated Accounts.xlsx
2026-03,2026-03-31,ZHL,SFP,Equity attributable to equity holders of the parent company,Non-controlling interests,detail,non_controlling_interests,0.0,-0.0,SFP Detailed,39,March 2026 Consolidated Accounts.xlsx
2026-03,2026-03-31,ZATL,SFP,Equity attributable to equity holders of the parent company,Non-controlling interests,detail,non_controlling_interests,0.0,-0.0,SFP Detailed,39,March 2026 Consolidated Accounts.xlsx
2026-03,2026-03-31,DRC,SFP,Equity attributable to equity holders of the parent company,Non-controlling interests,detail,non_controlling_interests,0.0,-0.0,SFP Detailed,39,March 2026 Consolidated Accounts.xlsx
2026-03,2026-03-31,C&P,SFP,Equity attributable to equity holders of the parent company,Non-controlling interests,detail,non_controlling_interests,0.0,-0.0,SFP Detailed,39,March 2026 Consolidated Accounts.xlsx
2026-03,2026-03-31,ZAAC,SFP,Equity attributable to equity holders of the parent company,Total equity,total,,-1095915803.33,-1095915803.33,SFP Detailed,41,March 2026 Consolidated Accounts.xlsx
2026-03,2026-03-31,ZAMRE,SFP,Equity attributable to equity holders of the parent company,Total equity,total,,-22043550.25,-22043550.25,SFP Detailed,41,March 2026 Consolidated Accounts.xlsx
2026-03,2026-03-31,ZARIB,SFP,Equity attributable to equity holders of the parent company,Total equity,total,,-1577334923.94,-1577334923.94,SFP Detailed,41,March 2026 Consolidated Accounts.xlsx
2026-03,2026-03-31,MALAWI,SFP,Equity attributable to equity holders of the parent company,Total equity,total,,-162463751.06,-162463751.06,SFP Detailed,41,March 2026 Consolidated Accounts.xlsx
2026-03,2026-03-31,MENA,SFP,Equity attributable to equity holders of the parent company,Total equity,total,,-66952456.93,-66952456.93,SFP Detailed,41,March 2026 Consolidated Accounts.xlsx
2026-03,2026-03-31,NIGERIA,SFP,Equity attributable to equity holders of the parent company,Total equity,total,,-33969592.94,-33969592.94,SFP Detailed,41,March 2026 Consolidated Accounts.xlsx
2026-03,2026-03-31,RWANDA,SFP,Equity attributable to equity holders of the parent company,Total equity,total,,-51147900.79,-51147900.79,SFP Detailed,41,March 2026 Consolidated Accounts.xlsx
2026-03,2026-03-31,ZHL,SFP,Equity attributable to equity holders of the parent company,Total equity,total,,-23880409.93,-23880409.93,SFP Detailed,41,March 2026 Consolidated Accounts.xlsx
2026-03,2026-03-31,ZATL,SFP,Equity attributable to equity holders of the parent company,Total equity,total,,-12216906.28,-12216906.28,SFP Detailed,41,March 2026 Consolidated Accounts.xlsx
2026-03,2026-03-31,DRC,SFP,Equity attributable to equity holders of the parent company,Total equity,total,,-19773957.05,-19773957.05,SFP Detailed,41,March 2026 Consolidated Accounts.xlsx
2026-03,2026-03-31,C&P,SFP,Equity attributable to equity holders of the parent company,Total equity,total,,-164499232.95,-164499232.95,SFP Detailed,41,March 2026 Consolidated Accounts.xlsx
2026-03,2026-03-31,ZAAC,SFP,Current liabilities,Trade and other payables,detail,trade_and_other_payables,-93050395.36,93050395.36,SFP Detailed,44,March 2026 Consolidated Accounts.xlsx
2026-03,2026-03-31,ZAMRE,SFP,Current liabilities,Trade and other payables,detail,trade_and_other_payables,0.0,-0.0,SFP Detailed,44,March 2026 Consolidated Accounts.xlsx
2026-03,2026-03-31,ZARIB,SFP,Current liabilities,Trade and other payables,detail,trade_and_other_payables,-68123605.2,68123605.2,SFP Detailed,44,March 2026 Consolidated Accounts.xlsx
2026-03,2026-03-31,MALAWI,SFP,Current liabilities,Trade and other payables,detail,trade_and_other_payables,-28870715.04,28870715.04,SFP Detailed,44,March 2026 Consolidated Accounts.xlsx
2026-03,2026-03-31,MENA,SFP,Current liabilities,Trade and other payables,detail,trade_and_other_payables,-8414693.13,8414693.13,SFP Detailed,44,March 2026 Consolidated Accounts.xlsx
2026-03,2026-03-31,NIGERIA,SFP,Current liabilities,Trade and other payables,detail,trade_and_other_payables,-8196030.44,8196030.44,SFP Detailed,44,March 2026 Consolidated Accounts.xlsx
2026-03,2026-03-31,RWANDA,SFP,Current liabilities,Trade and other payables,detail,trade_and_other_payables,-4155111.95,4155111.95,SFP Detailed,44,March 2026 Consolidated Accounts.xlsx
2026-03,2026-03-31,ZHL,SFP,Current liabilities,Trade and other payables,detail,trade_and_other_payables,-1009946538.47,1009946538.47,SFP Detailed,44,March 2026 Consolidated Accounts.xlsx
2026-03,2026-03-31,ZATL,SFP,Current liabilities,Trade and other payables,detail,trade_and_other_payables,944899.54,-944899.54,SFP Detailed,44,March 2026 Consolidated Accounts.xlsx
2026-03,2026-03-31,DRC,SFP,Current liabilities,Trade and other payables,detail,trade_and_other_payables,2202540.88,-2202540.88,SFP Detailed,44,March 2026 Consolidated Accounts.xlsx
2026-03,2026-03-31,C&P,SFP,Current liabilities,Trade and other payables,detail,trade_and_other_payables,-6383627.17,6383627.17,SFP Detailed,44,March 2026 Consolidated Accounts.xlsx
2026-03,2026-03-31,ZARIB,SFP,Current liabilities,Deferred Revenue,detail,deferred_revenue,0.0,-0.0,SFP Detailed,45,March 2026 Consolidated Accounts.xlsx
2026-03,2026-03-31,ZAAC,SFP,Current liabilities,Premium payable,detail,premium_payable,0.0,-0.0,SFP Detailed,46,March 2026 Consolidated Accounts.xlsx
2026-03,2026-03-31,ZAMRE,SFP,Current liabilities,Premium payable,detail,premium_payable,-159466294.01,159466294.01,SFP Detailed,46,March 2026 Consolidated Accounts.xlsx
2026-03,2026-03-31,ZARIB,SFP,Current liabilities,Premium payable,detail,premium_payable,-2072461566.19,2072461566.19,SFP Detailed,46,March 2026 Consolidated Accounts.xlsx
2026-03,2026-03-31,MALAWI,SFP,Current liabilities,Premium payable,detail,premium_payable,0.0,-0.0,SFP Detailed,46,March 2026 Consolidated Accounts.xlsx
2026-03,2026-03-31,MENA,SFP,Current liabilities,Premium payable,detail,premium_payable,0.0,-0.0,SFP Detailed,46,March 2026 Consolidated Accounts.xlsx
2026-03,2026-03-31,NIGERIA,SFP,Current liabilities,Premium payable,detail,premium_payable,0.0,-0.0,SFP Detailed,46,March 2026 Consolidated Accounts.xlsx
2026-03,2026-03-31,RWANDA,SFP,Current liabilities,Premium payable,detail,premium_payable,0.0,-0.0,SFP Detailed,46,March 2026 Consolidated Accounts.xlsx
2026-03,2026-03-31,ZHL,SFP,Current liabilities,Premium payable,detail,premium_payable,0.0,-0.0,SFP Detailed,46,March 2026 Consolidated Accounts.xlsx
2026-03,2026-03-31,ZATL,SFP,Current liabilities,Premium payable,detail,premium_payable,0.0,-0.0,SFP Detailed,46,March 2026 Consolidated Accounts.xlsx
2026-03,2026-03-31,DRC,SFP,Current liabilities,Premium payable,detail,premium_payable,-54540747.28,54540747.28,SFP Detailed,46,March 2026 Consolidated Accounts.xlsx
2026-03,2026-03-31,C&P,SFP,Current liabilities,Premium payable,detail,premium_payable,0.0,-0.0,SFP Detailed,46,March 2026 Consolidated Accounts.xlsx
2026-03,2026-03-31,ZAAC,SFP,Current liabilities,Borrowings,detail,borrowings,0.43,-0.43,SFP Detailed,47,March 2026 Consolidated Accounts.xlsx
2026-03,2026-03-31,ZAMRE,SFP,Current liabilities,Borrowings,detail,borrowings,0.0,-0.0,SFP Detailed,47,March 2026 Consolidated Accounts.xlsx
2026-03,2026-03-31,ZARIB,SFP,Current liabilities,Borrowings,detail,borrowings,0.0,-0.0,SFP Detailed,47,March 2026 Consolidated Accounts.xlsx
2026-03,2026-03-31,MALAWI,SFP,Current liabilities,Borrowings,detail,borrowings,0.0,-0.0,SFP Detailed,47,March 2026 Consolidated Accounts.xlsx
2026-03,2026-03-31,MENA,SFP,Current liabilities,Borrowings,detail,borrowings,0.0,-0.0,SFP Detailed,47,March 2026 Consolidated Accounts.xlsx
2026-03,2026-03-31,NIGERIA,SFP,Current liabilities,Borrowings,detail,borrowings,0.0,-0.0,SFP Detailed,47,March 2026 Consolidated Accounts.xlsx
2026-03,2026-03-31,RWANDA,SFP,Current liabilities,Borrowings,detail,borrowings,0.0,-0.0,SFP Detailed,47,March 2026 Consolidated Accounts.xlsx
2026-03,2026-03-31,ZHL,SFP,Current liabilities,Borrowings,detail,borrowings,0.0,-0.0,SFP Detailed,47,March 2026 Consolidated Accounts.xlsx
2026-03,2026-03-31,ZATL,SFP,Current liabilities,Borrowings,detail,borrowings,0.0,-0.0,SFP Detailed,47,March 2026 Consolidated Accounts.xlsx
2026-03,2026-03-31,DRC,SFP,Current liabilities,Borrowings,detail,borrowings,0.0,-0.0,SFP Detailed,47,March 2026 Consolidated Accounts.xlsx
2026-03,2026-03-31,C&P,SFP,Current liabilities,Borrowings,detail,borrowings,0.0,-0.0,SFP Detailed,47,March 2026 Consolidated Accounts.xlsx
2026-03,2026-03-31,ZAAC,SFP,Current liabilities,(group_subtotal),group_subtotal,,-93050394.93,-93050394.93,SFP Detailed,48,March 2026 Consolidated Accounts.xlsx
2026-03,2026-03-31,ZAMRE,SFP,Current liabilities,(group_subtotal),group_subtotal,,-159466294.01,-159466294.01,SFP Detailed,48,March 2026 Consolidated Accounts.xlsx
2026-03,2026-03-31,ZARIB,SFP,Current liabilities,(group_subtotal),group_subtotal,,-2140585171.39,-2140585171.39,SFP Detailed,48,March 2026 Consolidated Accounts.xlsx
2026-03,2026-03-31,MALAWI,SFP,Current liabilities,(group_subtotal),group_subtotal,,-28870715.04,-28870715.04,SFP Detailed,48,March 2026 Consolidated Accounts.xlsx
2026-03,2026-03-31,MENA,SFP,Current liabilities,(group_subtotal),group_subtotal,,-8414693.13,-8414693.13,SFP Detailed,48,March 2026 Consolidated Accounts.xlsx
2026-03,2026-03-31,NIGERIA,SFP,Current liabilities,(group_subtotal),group_subtotal,,-8196030.44,-8196030.44,SFP Detailed,48,March 2026 Consolidated Accounts.xlsx
2026-03,2026-03-31,RWANDA,SFP,Current liabilities,(group_subtotal),group_subtotal,,-4155111.95,-4155111.95,SFP Detailed,48,March 2026 Consolidated Accounts.xlsx
2026-03,2026-03-31,ZHL,SFP,Current liabilities,(group_subtotal),group_subtotal,,-1009946538.47,-1009946538.47,SFP Detailed,48,March 2026 Consolidated Accounts.xlsx
2026-03,2026-03-31,ZATL,SFP,Current liabilities,(group_subtotal),group_subtotal,,944899.54,944899.54,SFP Detailed,48,March 2026 Consolidated Accounts.xlsx
2026-03,2026-03-31,DRC,SFP,Current liabilities,(group_subtotal),group_subtotal,,-52338206.41,-52338206.41,SFP Detailed,48,March 2026 Consolidated Accounts.xlsx
2026-03,2026-03-31,C&P,SFP,Current liabilities,(group_subtotal),group_subtotal,,-6383627.17,-6383627.17,SFP Detailed,48,March 2026 Consolidated Accounts.xlsx
2026-03,2026-03-31,ZAAC,SFP,Current liabilities,Total Equity and Liabilities,total,,-1188966198.26,-1188966198.26,SFP Detailed,50,March 2026 Consolidated Accounts.xlsx
2026-03,2026-03-31,ZAMRE,SFP,Current liabilities,Total Equity and Liabilities,total,,-181509844.26,-181509844.26,SFP Detailed,50,March 2026 Consolidated Accounts.xlsx
2026-03,2026-03-31,ZARIB,SFP,Current liabilities,Total Equity and Liabilities,total,,-3717920095.33,-3717920095.33,SFP Detailed,50,March 2026 Consolidated Accounts.xlsx
2026-03,2026-03-31,MALAWI,SFP,Current liabilities,Total Equity and Liabilities,total,,-191334466.1,-191334466.1,SFP Detailed,50,March 2026 Consolidated Accounts.xlsx
2026-03,2026-03-31,MENA,SFP,Current liabilities,Total Equity and Liabilities,total,,-75367150.06,-75367150.06,SFP Detailed,50,March 2026 Consolidated Accounts.xlsx
2026-03,2026-03-31,NIGERIA,SFP,Current liabilities,Total Equity and Liabilities,total,,-42165623.37,-42165623.37,SFP Detailed,50,March 2026 Consolidated Accounts.xlsx
2026-03,2026-03-31,RWANDA,SFP,Current liabilities,Total Equity and Liabilities,total,,-55303012.74,-55303012.74,SFP Detailed,50,March 2026 Consolidated Accounts.xlsx
2026-03,2026-03-31,ZHL,SFP,Current liabilities,Total Equity and Liabilities,total,,-1033826948.4,-1033826948.4,SFP Detailed,50,March 2026 Consolidated Accounts.xlsx
2026-03,2026-03-31,ZATL,SFP,Current liabilities,Total Equity and Liabilities,total,,-11272006.74,-11272006.74,SFP Detailed,50,March 2026 Consolidated Accounts.xlsx
2026-03,2026-03-31,DRC,SFP,Current liabilities,Total Equity and Liabilities,total,,-72112163.45,-72112163.45,SFP Detailed,50,March 2026 Consolidated Accounts.xlsx
2026-03,2026-03-31,C&P,SFP,Current liabilities,Total Equity and Liabilities,total,,-170882860.12,-170882860.12,SFP Detailed,50,March 2026 Consolidated Accounts.xlsx
2026-03,2026-03-31,ZAAC,SFP,Current liabilities,(group_subtotal),group_subtotal,,0.0,0.0,SFP Detailed,52,March 2026 Consolidated Accounts.xlsx
2026-03,2026-03-31,ZAMRE,SFP,Current liabilities,(group_subtotal),group_subtotal,,0.0,0.0,SFP Detailed,52,March 2026 Consolidated Accounts.xlsx
2026-03,2026-03-31,ZARIB,SFP,Current liabilities,(group_subtotal),group_subtotal,,0.0,0.0,SFP Detailed,52,March 2026 Consolidated Accounts.xlsx
2026-03,2026-03-31,MALAWI,SFP,Current liabilities,(group_subtotal),group_subtotal,,0.0,0.0,SFP Detailed,52,March 2026 Consolidated Accounts.xlsx
2026-03,2026-03-31,MENA,SFP,Current liabilities,(group_subtotal),group_subtotal,,3.55,3.55,SFP Detailed,52,March 2026 Consolidated Accounts.xlsx
2026-03,2026-03-31,NIGERIA,SFP,Current liabilities,(group_subtotal),group_subtotal,,0.0,0.0,SFP Detailed,52,March 2026 Consolidated Accounts.xlsx
2026-03,2026-03-31,RWANDA,SFP,Current liabilities,(group_subtotal),group_subtotal,,0.0,0.0,SFP Detailed,52,March 2026 Consolidated Accounts.xlsx
2026-03,2026-03-31,ZHL,SFP,Current liabilities,(group_subtotal),group_subtotal,,0.0,0.0,SFP Detailed,52,March 2026 Consolidated Accounts.xlsx
2026-03,2026-03-31,ZATL,SFP,Current liabilities,(group_subtotal),group_subtotal,,0.0,0.0,SFP Detailed,52,March 2026 Consolidated Accounts.xlsx
2026-03,2026-03-31,DRC,SFP,Current liabilities,(group_subtotal),group_subtotal,,0.0,0.0,SFP Detailed,52,March 2026 Consolidated Accounts.xlsx
2026-03,2026-03-31,C&P,SFP,Current liabilities,(group_subtotal),group_subtotal,,0.0,0.0,SFP Detailed,52,March 2026 Consolidated Accounts.xlsx
2026-04,2026-04-30,ZAAC,SCI,INCOME,Actuarial Fees,detail,actuarial_fees,-124054353.23,124054353.23,SCI Detailed,8,April 2026 Consolidated Accounts.xlsx
2026-04,2026-04-30,ZAMRE,SCI,INCOME,Actuarial Fees,detail,actuarial_fees,0.0,-0.0,SCI Detailed,8,April 2026 Consolidated Accounts.xlsx
2026-04,2026-04-30,ZARIB,SCI,INCOME,Actuarial Fees,detail,actuarial_fees,0.0,-0.0,SCI Detailed,8,April 2026 Consolidated Accounts.xlsx
2026-04,2026-04-30,MALAWI,SCI,INCOME,Actuarial Fees,detail,actuarial_fees,0.0,-0.0,SCI Detailed,8,April 2026 Consolidated Accounts.xlsx
2026-04,2026-04-30,MENA,SCI,INCOME,Actuarial Fees,detail,actuarial_fees,-25495883.85,25495883.85,SCI Detailed,8,April 2026 Consolidated Accounts.xlsx
2026-04,2026-04-30,NIGERIA,SCI,INCOME,Actuarial Fees,detail,actuarial_fees,-29277659.64,29277659.64,SCI Detailed,8,April 2026 Consolidated Accounts.xlsx
2026-04,2026-04-30,RWANDA,SCI,INCOME,Actuarial Fees,detail,actuarial_fees,-4284941.32,4284941.32,SCI Detailed,8,April 2026 Consolidated Accounts.xlsx
2026-04,2026-04-30,ZHL,SCI,INCOME,Actuarial Fees,detail,actuarial_fees,0.0,-0.0,SCI Detailed,8,April 2026 Consolidated Accounts.xlsx
2026-04,2026-04-30,ZATL,SCI,INCOME,Actuarial Fees,detail,actuarial_fees,-7492708.42,7492708.42,SCI Detailed,8,April 2026 Consolidated Accounts.xlsx
2026-04,2026-04-30,DRC,SCI,INCOME,Actuarial Fees,detail,actuarial_fees,0.0,-0.0,SCI Detailed,8,April 2026 Consolidated Accounts.xlsx
2026-04,2026-04-30,C&P,SCI,INCOME,Actuarial Fees,detail,actuarial_fees,0.0,-0.0,SCI Detailed,8,April 2026 Consolidated Accounts.xlsx
2026-04,2026-04-30,ZAAC,SCI,INCOME,Pension Admin Fee,detail,pension_admin_fee,-167454307.78,167454307.78,SCI Detailed,9,April 2026 Consolidated Accounts.xlsx
2026-04,2026-04-30,MALAWI,SCI,INCOME,Pension Admin Fee,detail,pension_admin_fee,-70452993.21,70452993.21,SCI Detailed,9,April 2026 Consolidated Accounts.xlsx
2026-04,2026-04-30,MENA,SCI,INCOME,Pension Admin Fee,detail,pension_admin_fee,0.0,-0.0,SCI Detailed,9,April 2026 Consolidated Accounts.xlsx
2026-04,2026-04-30,NIGERIA,SCI,INCOME,Pension Admin Fee,detail,pension_admin_fee,0.0,-0.0,SCI Detailed,9,April 2026 Consolidated Accounts.xlsx
2026-04,2026-04-30,RWANDA,SCI,INCOME,Pension Admin Fee,detail,pension_admin_fee,-279953.45,279953.45,SCI Detailed,9,April 2026 Consolidated Accounts.xlsx
2026-04,2026-04-30,C&P,SCI,INCOME,Pension Admin Fee,detail,pension_admin_fee,-16660920.32,16660920.32,SCI Detailed,9,April 2026 Consolidated Accounts.xlsx
2026-04,2026-04-30,ZAAC,SCI,INCOME,Umbrella Fund,detail,umbrella_fund,-96334212.31,96334212.31,SCI Detailed,10,April 2026 Consolidated Accounts.xlsx
2026-04,2026-04-30,ZAAC,SCI,INCOME,Insurance Commissions,detail,insurance_commissions,0.0,-0.0,SCI Detailed,11,April 2026 Consolidated Accounts.xlsx
2026-04,2026-04-30,ZAMRE,SCI,INCOME,Insurance Commissions,detail,insurance_commissions,-32259306.0,32259306.0,SCI Detailed,11,April 2026 Consolidated Accounts.xlsx
2026-04,2026-04-30,ZARIB,SCI,INCOME,Insurance Commissions,detail,insurance_commissions,-833228807.49,833228807.49,SCI Detailed,11,April 2026 Consolidated Accounts.xlsx
2026-04,2026-04-30,MALAWI,SCI,INCOME,Insurance Commissions,detail,insurance_commissions,0.0,-0.0,SCI Detailed,11,April 2026 Consolidated Accounts.xlsx
2026-04,2026-04-30,MENA,SCI,INCOME,Insurance Commissions,detail,insurance_commissions,0.0,-0.0,SCI Detailed,11,April 2026 Consolidated Accounts.xlsx
2026-04,2026-04-30,NIGERIA,SCI,INCOME,Insurance Commissions,detail,insurance_commissions,0.0,-0.0,SCI Detailed,11,April 2026 Consolidated Accounts.xlsx
2026-04,2026-04-30,RWANDA,SCI,INCOME,Insurance Commissions,detail,insurance_commissions,-15829814.82,15829814.82,SCI Detailed,11,April 2026 Consolidated Accounts.xlsx
2026-04,2026-04-30,ZHL,SCI,INCOME,Insurance Commissions,detail,insurance_commissions,0.0,-0.0,SCI Detailed,11,April 2026 Consolidated Accounts.xlsx
2026-04,2026-04-30,ZATL,SCI,INCOME,Insurance Commissions,detail,insurance_commissions,0.0,-0.0,SCI Detailed,11,April 2026 Consolidated Accounts.xlsx
2026-04,2026-04-30,DRC,SCI,INCOME,Insurance Commissions,detail,insurance_commissions,-22791627.94,22791627.94,SCI Detailed,11,April 2026 Consolidated Accounts.xlsx
2026-04,2026-04-30,C&P,SCI,INCOME,Insurance Commissions,detail,insurance_commissions,-111488.75,111488.75,SCI Detailed,11,April 2026 Consolidated Accounts.xlsx
2026-04,2026-04-30,ZAAC,SCI,INCOME,SAAS (Software as a Service),detail,saas_income,-9068347.0,9068347.0,SCI Detailed,12,April 2026 Consolidated Accounts.xlsx
2026-04,2026-04-30,ZAMRE,SCI,INCOME,SAAS (Software as a Service),detail,saas_income,0.0,-0.0,SCI Detailed,12,April 2026 Consolidated Accounts.xlsx
2026-04,2026-04-30,ZARIB,SCI,INCOME,SAAS (Software as a Service),detail,saas_income,0.0,-0.0,SCI Detailed,12,April 2026 Consolidated Accounts.xlsx
2026-04,2026-04-30,MALAWI,SCI,INCOME,SAAS (Software as a Service),detail,saas_income,0.0,-0.0,SCI Detailed,12,April 2026 Consolidated Accounts.xlsx
2026-04,2026-04-30,MENA,SCI,INCOME,SAAS (Software as a Service),detail,saas_income,0.0,-0.0,SCI Detailed,12,April 2026 Consolidated Accounts.xlsx
2026-04,2026-04-30,NIGERIA,SCI,INCOME,SAAS (Software as a Service),detail,saas_income,0.0,-0.0,SCI Detailed,12,April 2026 Consolidated Accounts.xlsx
2026-04,2026-04-30,RWANDA,SCI,INCOME,SAAS (Software as a Service),detail,saas_income,0.0,-0.0,SCI Detailed,12,April 2026 Consolidated Accounts.xlsx
2026-04,2026-04-30,ZHL,SCI,INCOME,SAAS (Software as a Service),detail,saas_income,0.0,-0.0,SCI Detailed,12,April 2026 Consolidated Accounts.xlsx
2026-04,2026-04-30,ZATL,SCI,INCOME,SAAS (Software as a Service),detail,saas_income,0.0,-0.0,SCI Detailed,12,April 2026 Consolidated Accounts.xlsx
2026-04,2026-04-30,DRC,SCI,INCOME,SAAS (Software as a Service),detail,saas_income,0.0,-0.0,SCI Detailed,12,April 2026 Consolidated Accounts.xlsx
2026-04,2026-04-30,C&P,SCI,INCOME,SAAS (Software as a Service),detail,saas_income,0.0,-0.0,SCI Detailed,12,April 2026 Consolidated Accounts.xlsx
2026-04,2026-04-30,ZAAC,SCI,INCOME,Retail,detail,retail_income,-39729007.54,39729007.54,SCI Detailed,13,April 2026 Consolidated Accounts.xlsx
2026-04,2026-04-30,ZAAC,SCI,INCOME,Other Income,detail,other_income,-9317489.74,9317489.74,SCI Detailed,14,April 2026 Consolidated Accounts.xlsx
2026-04,2026-04-30,ZAMRE,SCI,INCOME,Other Income,detail,other_income,-530346.0,530346.0,SCI Detailed,14,April 2026 Consolidated Accounts.xlsx
2026-04,2026-04-30,ZARIB,SCI,INCOME,Other Income,detail,other_income,-20659389.39,20659389.39,SCI Detailed,14,April 2026 Consolidated Accounts.xlsx
2026-04,2026-04-30,MALAWI,SCI,INCOME,Other Income,detail,other_income,-4300392.0,4300392.0,SCI Detailed,14,April 2026 Consolidated Accounts.xlsx
2026-04,2026-04-30,MENA,SCI,INCOME,Other Income,detail,other_income,0.0,-0.0,SCI Detailed,14,April 2026 Consolidated Accounts.xlsx
2026-04,2026-04-30,NIGERIA,SCI,INCOME,Other Income,detail,other_income,-322777.05,322777.05,SCI Detailed,14,April 2026 Consolidated Accounts.xlsx
2026-04,2026-04-30,RWANDA,SCI,INCOME,Other Income,detail,other_income,-462100.86,462100.86,SCI Detailed,14,April 2026 Consolidated Accounts.xlsx
2026-04,2026-04-30,ZHL,SCI,INCOME,Other Income,detail,other_income,-108739.63,108739.63,SCI Detailed,14,April 2026 Consolidated Accounts.xlsx
2026-04,2026-04-30,ZATL,SCI,INCOME,Other Income,detail,other_income,-9732.21,9732.21,SCI Detailed,14,April 2026 Consolidated Accounts.xlsx
2026-04,2026-04-30,DRC,SCI,INCOME,Other Income,detail,other_income,0.0,-0.0,SCI Detailed,14,April 2026 Consolidated Accounts.xlsx
2026-04,2026-04-30,C&P,SCI,INCOME,Other Income,detail,other_income,0.0,-0.0,SCI Detailed,14,April 2026 Consolidated Accounts.xlsx
2026-04,2026-04-30,ZAAC,SCI,INCOME,Total Income,total,,-445957717.6,-445957717.6,SCI Detailed,15,April 2026 Consolidated Accounts.xlsx
2026-04,2026-04-30,ZAMRE,SCI,INCOME,Total Income,total,,-32789652.0,-32789652.0,SCI Detailed,15,April 2026 Consolidated Accounts.xlsx
2026-04,2026-04-30,ZARIB,SCI,INCOME,Total Income,total,,-853888196.88,-853888196.88,SCI Detailed,15,April 2026 Consolidated Accounts.xlsx
2026-04,2026-04-30,MALAWI,SCI,INCOME,Total Income,total,,-74753385.22,-74753385.22,SCI Detailed,15,April 2026 Consolidated Accounts.xlsx
2026-04,2026-04-30,MENA,SCI,INCOME,Total Income,total,,-25495883.85,-25495883.85,SCI Detailed,15,April 2026 Consolidated Accounts.xlsx
2026-04,2026-04-30,NIGERIA,SCI,INCOME,Total Income,total,,-29600436.69,-29600436.69,SCI Detailed,15,April 2026 Consolidated Accounts.xlsx
2026-04,2026-04-30,RWANDA,SCI,INCOME,Total Income,total,,-20856810.45,-20856810.45,SCI Detailed,15,April 2026 Consolidated Accounts.xlsx
2026-04,2026-04-30,ZHL,SCI,INCOME,Total Income,total,,-108739.63,-108739.63,SCI Detailed,15,April 2026 Consolidated Accounts.xlsx
2026-04,2026-04-30,ZATL,SCI,INCOME,Total Income,total,,-7502440.63,-7502440.63,SCI Detailed,15,April 2026 Consolidated Accounts.xlsx
2026-04,2026-04-30,DRC,SCI,INCOME,Total Income,total,,-22791627.94,-22791627.94,SCI Detailed,15,April 2026 Consolidated Accounts.xlsx
2026-04,2026-04-30,C&P,SCI,INCOME,Total Income,total,,-16772409.07,-16772409.07,SCI Detailed,15,April 2026 Consolidated Accounts.xlsx
2026-04,2026-04-30,ZAAC,SCI,Personnel Costs,Emol.Pack-Salaries,detail,personnel_costs,248511187.95,248511187.95,SCI Detailed,19,April 2026 Consolidated Accounts.xlsx
2026-04,2026-04-30,ZAMRE,SCI,Personnel Costs,Emol.Pack-Salaries,detail,personnel_costs,0.0,0.0,SCI Detailed,19,April 2026 Consolidated Accounts.xlsx
2026-04,2026-04-30,ZARIB,SCI,Personnel Costs,Emol.Pack-Salaries,detail,personnel_costs,118564257.31,118564257.31,SCI Detailed,19,April 2026 Consolidated Accounts.xlsx
2026-04,2026-04-30,MALAWI,SCI,Personnel Costs,Emol.Pack-Salaries,detail,personnel_costs,12012818.6,12012818.6,SCI Detailed,19,April 2026 Consolidated Accounts.xlsx
2026-04,2026-04-30,MENA,SCI,Personnel Costs,Emol.Pack-Salaries,detail,personnel_costs,21401825.32,21401825.32,SCI Detailed,19,April 2026 Consolidated Accounts.xlsx
2026-04,2026-04-30,NIGERIA,SCI,Personnel Costs,Emol.Pack-Salaries,detail,personnel_costs,4090456.12,4090456.12,SCI Detailed,19,April 2026 Consolidated Accounts.xlsx
2026-04,2026-04-30,RWANDA,SCI,Personnel Costs,Emol.Pack-Salaries,detail,personnel_costs,10423098.01,10423098.01,SCI Detailed,19,April 2026 Consolidated Accounts.xlsx
2026-04,2026-04-30,ZHL,SCI,Personnel Costs,Emol.Pack-Salaries,detail,personnel_costs,0.0,0.0,SCI Detailed,19,April 2026 Consolidated Accounts.xlsx
2026-04,2026-04-30,ZATL,SCI,Personnel Costs,Emol.Pack-Salaries,detail,personnel_costs,1606234.07,1606234.07,SCI Detailed,19,April 2026 Consolidated Accounts.xlsx
2026-04,2026-04-30,DRC,SCI,Personnel Costs,Emol.Pack-Salaries,detail,personnel_costs,4296021.94,4296021.94,SCI Detailed,19,April 2026 Consolidated Accounts.xlsx
2026-04,2026-04-30,ZAAC,SCI,Personnel Costs,Emol.Pack-Housing Subsid,detail,personnel_costs,3627473.0,3627473.0,SCI Detailed,20,April 2026 Consolidated Accounts.xlsx
2026-04,2026-04-30,ZAMRE,SCI,Personnel Costs,Emol.Pack-Housing Subsid,detail,personnel_costs,0.0,0.0,SCI Detailed,20,April 2026 Consolidated Accounts.xlsx
2026-04,2026-04-30,ZARIB,SCI,Personnel Costs,Emol.Pack-Housing Subsid,detail,personnel_costs,0.0,0.0,SCI Detailed,20,April 2026 Consolidated Accounts.xlsx
2026-04,2026-04-30,MALAWI,SCI,Personnel Costs,Emol.Pack-Housing Subsid,detail,personnel_costs,0.0,0.0,SCI Detailed,20,April 2026 Consolidated Accounts.xlsx
2026-04,2026-04-30,MENA,SCI,Personnel Costs,Emol.Pack-Housing Subsid,detail,personnel_costs,0.0,0.0,SCI Detailed,20,April 2026 Consolidated Accounts.xlsx
2026-04,2026-04-30,NIGERIA,SCI,Personnel Costs,Emol.Pack-Housing Subsid,detail,personnel_costs,0.0,0.0,SCI Detailed,20,April 2026 Consolidated Accounts.xlsx
2026-04,2026-04-30,RWANDA,SCI,Personnel Costs,Emol.Pack-Housing Subsid,detail,personnel_costs,0.0,0.0,SCI Detailed,20,April 2026 Consolidated Accounts.xlsx
2026-04,2026-04-30,ZHL,SCI,Personnel Costs,Emol.Pack-Housing Subsid,detail,personnel_costs,0.0,0.0,SCI Detailed,20,April 2026 Consolidated Accounts.xlsx
2026-04,2026-04-30,ZATL,SCI,Personnel Costs,Emol.Pack-Housing Subsid,detail,personnel_costs,0.0,0.0,SCI Detailed,20,April 2026 Consolidated Accounts.xlsx
2026-04,2026-04-30,DRC,SCI,Personnel Costs,Emol.Pack-Housing Subsid,detail,personnel_costs,0.0,0.0,SCI Detailed,20,April 2026 Consolidated Accounts.xlsx
2026-04,2026-04-30,ZAAC,SCI,Personnel Costs,Emol.Pack-Other,detail,personnel_costs,648600.0,648600.0,SCI Detailed,21,April 2026 Consolidated Accounts.xlsx
2026-04,2026-04-30,ZAMRE,SCI,Personnel Costs,Emol.Pack-Other,detail,personnel_costs,0.0,0.0,SCI Detailed,21,April 2026 Consolidated Accounts.xlsx
2026-04,2026-04-30,ZARIB,SCI,Personnel Costs,Emol.Pack-Other,detail,personnel_costs,2288814.0,2288814.0,SCI Detailed,21,April 2026 Consolidated Accounts.xlsx
2026-04,2026-04-30,MALAWI,SCI,Personnel Costs,Emol.Pack-Other,detail,personnel_costs,424813.27,424813.27,SCI Detailed,21,April 2026 Consolidated Accounts.xlsx
2026-04,2026-04-30,MENA,SCI,Personnel Costs,Emol.Pack-Other,detail,personnel_costs,0.0,0.0,SCI Detailed,21,April 2026 Consolidated Accounts.xlsx
2026-04,2026-04-30,NIGERIA,SCI,Personnel Costs,Emol.Pack-Other,detail,personnel_costs,3392296.9,3392296.9,SCI Detailed,21,April 2026 Consolidated Accounts.xlsx
2026-04,2026-04-30,RWANDA,SCI,Personnel Costs,Emol.Pack-Other,detail,personnel_costs,0.0,0.0,SCI Detailed,21,April 2026 Consolidated Accounts.xlsx
2026-04,2026-04-30,ZHL,SCI,Personnel Costs,Emol.Pack-Other,detail,personnel_costs,0.0,0.0,SCI Detailed,21,April 2026 Consolidated Accounts.xlsx
2026-04,2026-04-30,ZATL,SCI,Personnel Costs,Emol.Pack-Other,detail,personnel_costs,8294.55,8294.55,SCI Detailed,21,April 2026 Consolidated Accounts.xlsx
2026-04,2026-04-30,DRC,SCI,Personnel Costs,Emol.Pack-Other,detail,personnel_costs,0.0,0.0,SCI Detailed,21,April 2026 Consolidated Accounts.xlsx
2026-04,2026-04-30,ZAAC,SCI,Personnel Costs,Emol.Pack-Med.Contribut.,detail,personnel_costs,12073190.93,12073190.93,SCI Detailed,22,April 2026 Consolidated Accounts.xlsx
2026-04,2026-04-30,ZAMRE,SCI,Personnel Costs,Emol.Pack-Med.Contribut.,detail,personnel_costs,0.0,0.0,SCI Detailed,22,April 2026 Consolidated Accounts.xlsx
2026-04,2026-04-30,ZARIB,SCI,Personnel Costs,Emol.Pack-Med.Contribut.,detail,personnel_costs,7780429.15,7780429.15,SCI Detailed,22,April 2026 Consolidated Accounts.xlsx
2026-04,2026-04-30,MALAWI,SCI,Personnel Costs,Emol.Pack-Med.Contribut.,detail,personnel_costs,510919.54,510919.54,SCI Detailed,22,April 2026 Consolidated Accounts.xlsx
2026-04,2026-04-30,MENA,SCI,Personnel Costs,Emol.Pack-Med.Contribut.,detail,personnel_costs,0.0,0.0,SCI Detailed,22,April 2026 Consolidated Accounts.xlsx
2026-04,2026-04-30,NIGERIA,SCI,Personnel Costs,Emol.Pack-Med.Contribut.,detail,personnel_costs,255355.2,255355.2,SCI Detailed,22,April 2026 Consolidated Accounts.xlsx
2026-04,2026-04-30,RWANDA,SCI,Personnel Costs,Emol.Pack-Med.Contribut.,detail,personnel_costs,794670.38,794670.38,SCI Detailed,22,April 2026 Consolidated Accounts.xlsx
2026-04,2026-04-30,ZHL,SCI,Personnel Costs,Emol.Pack-Med.Contribut.,detail,personnel_costs,0.0,0.0,SCI Detailed,22,April 2026 Consolidated Accounts.xlsx
2026-04,2026-04-30,ZATL,SCI,Personnel Costs,Emol.Pack-Med.Contribut.,detail,personnel_costs,0.0,0.0,SCI Detailed,22,April 2026 Consolidated Accounts.xlsx
2026-04,2026-04-30,DRC,SCI,Personnel Costs,Emol.Pack-Med.Contribut.,detail,personnel_costs,0.0,0.0,SCI Detailed,22,April 2026 Consolidated Accounts.xlsx
2026-04,2026-04-30,ZAAC,SCI,Personnel Costs,Emol.Pack-Pens.Contribut.,detail,personnel_costs,18613003.29,18613003.29,SCI Detailed,23,April 2026 Consolidated Accounts.xlsx
2026-04,2026-04-30,ZAMRE,SCI,Personnel Costs,Emol.Pack-Pens.Contribut.,detail,personnel_costs,0.0,0.0,SCI Detailed,23,April 2026 Consolidated Accounts.xlsx
2026-04,2026-04-30,ZARIB,SCI,Personnel Costs,Emol.Pack-Pens.Contribut.,detail,personnel_costs,8260367.0,8260367.0,SCI Detailed,23,April 2026 Consolidated Accounts.xlsx
2026-04,2026-04-30,MALAWI,SCI,Personnel Costs,Emol.Pack-Pens.Contribut.,detail,personnel_costs,1178355.51,1178355.51,SCI Detailed,23,April 2026 Consolidated Accounts.xlsx
2026-04,2026-04-30,MENA,SCI,Personnel Costs,Emol.Pack-Pens.Contribut.,detail,personnel_costs,0.0,0.0,SCI Detailed,23,April 2026 Consolidated Accounts.xlsx
2026-04,2026-04-30,NIGERIA,SCI,Personnel Costs,Emol.Pack-Pens.Contribut.,detail,personnel_costs,349716.68,349716.68,SCI Detailed,23,April 2026 Consolidated Accounts.xlsx
2026-04,2026-04-30,RWANDA,SCI,Personnel Costs,Emol.Pack-Pens.Contribut.,detail,personnel_costs,90238.61,90238.61,SCI Detailed,23,April 2026 Consolidated Accounts.xlsx
2026-04,2026-04-30,ZHL,SCI,Personnel Costs,Emol.Pack-Pens.Contribut.,detail,personnel_costs,0.0,0.0,SCI Detailed,23,April 2026 Consolidated Accounts.xlsx
2026-04,2026-04-30,ZATL,SCI,Personnel Costs,Emol.Pack-Pens.Contribut.,detail,personnel_costs,122317.68,122317.68,SCI Detailed,23,April 2026 Consolidated Accounts.xlsx
2026-04,2026-04-30,DRC,SCI,Personnel Costs,Emol.Pack-Pens.Contribut.,detail,personnel_costs,0.0,0.0,SCI Detailed,23,April 2026 Consolidated Accounts.xlsx
2026-04,2026-04-30,ZAAC,SCI,Personnel Costs,Co.Contrib-Life Assurance,detail,personnel_costs,3721142.32,3721142.32,SCI Detailed,24,April 2026 Consolidated Accounts.xlsx
2026-04,2026-04-30,ZAMRE,SCI,Personnel Costs,Co.Contrib-Life Assurance,detail,personnel_costs,0.0,0.0,SCI Detailed,24,April 2026 Consolidated Accounts.xlsx
2026-04,2026-04-30,ZARIB,SCI,Personnel Costs,Co.Contrib-Life Assurance,detail,personnel_costs,1558501.64,1558501.64,SCI Detailed,24,April 2026 Consolidated Accounts.xlsx
2026-04,2026-04-30,MALAWI,SCI,Personnel Costs,Co.Contrib-Life Assurance,detail,personnel_costs,235671.1,235671.1,SCI Detailed,24,April 2026 Consolidated Accounts.xlsx
2026-04,2026-04-30,MENA,SCI,Personnel Costs,Co.Contrib-Life Assurance,detail,personnel_costs,0.0,0.0,SCI Detailed,24,April 2026 Consolidated Accounts.xlsx
2026-04,2026-04-30,NIGERIA,SCI,Personnel Costs,Co.Contrib-Life Assurance,detail,personnel_costs,168166.75,168166.75,SCI Detailed,24,April 2026 Consolidated Accounts.xlsx
2026-04,2026-04-30,RWANDA,SCI,Personnel Costs,Co.Contrib-Life Assurance,detail,personnel_costs,240965.27,240965.27,SCI Detailed,24,April 2026 Consolidated Accounts.xlsx
2026-04,2026-04-30,ZHL,SCI,Personnel Costs,Co.Contrib-Life Assurance,detail,personnel_costs,0.0,0.0,SCI Detailed,24,April 2026 Consolidated Accounts.xlsx
2026-04,2026-04-30,ZATL,SCI,Personnel Costs,Co.Contrib-Life Assurance,detail,personnel_costs,0.0,0.0,SCI Detailed,24,April 2026 Consolidated Accounts.xlsx
2026-04,2026-04-30,DRC,SCI,Personnel Costs,Co.Contrib-Life Assurance,detail,personnel_costs,0.0,0.0,SCI Detailed,24,April 2026 Consolidated Accounts.xlsx
2026-04,2026-04-30,ZAAC,SCI,Personnel Costs,Temporary Staff-General,detail,personnel_costs,454230.67,454230.67,SCI Detailed,25,April 2026 Consolidated Accounts.xlsx
2026-04,2026-04-30,ZAMRE,SCI,Personnel Costs,Temporary Staff-General,detail,personnel_costs,0.0,0.0,SCI Detailed,25,April 2026 Consolidated Accounts.xlsx
2026-04,2026-04-30,ZARIB,SCI,Personnel Costs,Temporary Staff-General,detail,personnel_costs,71850.0,71850.0,SCI Detailed,25,April 2026 Consolidated Accounts.xlsx
2026-04,2026-04-30,MALAWI,SCI,Personnel Costs,Temporary Staff-General,detail,personnel_costs,0.0,0.0,SCI Detailed,25,April 2026 Consolidated Accounts.xlsx
2026-04,2026-04-30,MENA,SCI,Personnel Costs,Temporary Staff-General,detail,personnel_costs,0.0,0.0,SCI Detailed,25,April 2026 Consolidated Accounts.xlsx
2026-04,2026-04-30,NIGERIA,SCI,Personnel Costs,Temporary Staff-General,detail,personnel_costs,0.0,0.0,SCI Detailed,25,April 2026 Consolidated Accounts.xlsx
2026-04,2026-04-30,RWANDA,SCI,Personnel Costs,Temporary Staff-General,detail,personnel_costs,0.0,0.0,SCI Detailed,25,April 2026 Consolidated Accounts.xlsx
2026-04,2026-04-30,ZHL,SCI,Personnel Costs,Temporary Staff-General,detail,personnel_costs,0.0,0.0,SCI Detailed,25,April 2026 Consolidated Accounts.xlsx
2026-04,2026-04-30,ZATL,SCI,Personnel Costs,Temporary Staff-General,detail,personnel_costs,0.0,0.0,SCI Detailed,25,April 2026 Consolidated Accounts.xlsx
2026-04,2026-04-30,DRC,SCI,Personnel Costs,Temporary Staff-General,detail,personnel_costs,490468.94,490468.94,SCI Detailed,25,April 2026 Consolidated Accounts.xlsx
2026-04,2026-04-30,ZAAC,SCI,Personnel Costs,Welfare-General,detail,personnel_costs,258993.93,258993.93,SCI Detailed,26,April 2026 Consolidated Accounts.xlsx
2026-04,2026-04-30,ZAMRE,SCI,Personnel Costs,Welfare-General,detail,personnel_costs,0.0,0.0,SCI Detailed,26,April 2026 Consolidated Accounts.xlsx
2026-04,2026-04-30,ZARIB,SCI,Personnel Costs,Welfare-General,detail,personnel_costs,187318.08,187318.08,SCI Detailed,26,April 2026 Consolidated Accounts.xlsx
2026-04,2026-04-30,MALAWI,SCI,Personnel Costs,Welfare-General,detail,personnel_costs,319828.33,319828.33,SCI Detailed,26,April 2026 Consolidated Accounts.xlsx
2026-04,2026-04-30,MENA,SCI,Personnel Costs,Welfare-General,detail,personnel_costs,0.0,0.0,SCI Detailed,26,April 2026 Consolidated Accounts.xlsx
2026-04,2026-04-30,NIGERIA,SCI,Personnel Costs,Welfare-General,detail,personnel_costs,0.0,0.0,SCI Detailed,26,April 2026 Consolidated Accounts.xlsx
2026-04,2026-04-30,RWANDA,SCI,Personnel Costs,Welfare-General,detail,personnel_costs,0.0,0.0,SCI Detailed,26,April 2026 Consolidated Accounts.xlsx
2026-04,2026-04-30,ZHL,SCI,Personnel Costs,Welfare-General,detail,personnel_costs,0.0,0.0,SCI Detailed,26,April 2026 Consolidated Accounts.xlsx
2026-04,2026-04-30,ZATL,SCI,Personnel Costs,Welfare-General,detail,personnel_costs,0.0,0.0,SCI Detailed,26,April 2026 Consolidated Accounts.xlsx
2026-04,2026-04-30,DRC,SCI,Personnel Costs,Welfare-General,detail,personnel_costs,0.0,0.0,SCI Detailed,26,April 2026 Consolidated Accounts.xlsx
2026-04,2026-04-30,ZAAC,SCI,Personnel Costs,Other Staff Costs,detail,personnel_costs,-38138251.68,-38138251.68,SCI Detailed,27,April 2026 Consolidated Accounts.xlsx
2026-04,2026-04-30,ZAMRE,SCI,Personnel Costs,Other Staff Costs,detail,personnel_costs,11193788.61,11193788.61,SCI Detailed,27,April 2026 Consolidated Accounts.xlsx
2026-04,2026-04-30,ZARIB,SCI,Personnel Costs,Other Staff Costs,detail,personnel_costs,41881276.16,41881276.16,SCI Detailed,27,April 2026 Consolidated Accounts.xlsx
2026-04,2026-04-30,MALAWI,SCI,Personnel Costs,Other Staff Costs,detail,personnel_costs,113390.64,113390.64,SCI Detailed,27,April 2026 Consolidated Accounts.xlsx
2026-04,2026-04-30,MENA,SCI,Personnel Costs,Other Staff Costs,detail,personnel_costs,0.0,0.0,SCI Detailed,27,April 2026 Consolidated Accounts.xlsx
2026-04,2026-04-30,NIGERIA,SCI,Personnel Costs,Other Staff Costs,detail,personnel_costs,42427.28,42427.28,SCI Detailed,27,April 2026 Consolidated Accounts.xlsx
2026-04,2026-04-30,RWANDA,SCI,Personnel Costs,Other Staff Costs,detail,personnel_costs,865117.13,865117.13,SCI Detailed,27,April 2026 Consolidated Accounts.xlsx
2026-04,2026-04-30,ZHL,SCI,Personnel Costs,Other Staff Costs,detail,personnel_costs,0.0,0.0,SCI Detailed,27,April 2026 Consolidated Accounts.xlsx
2026-04,2026-04-30,ZATL,SCI,Personnel Costs,Other Staff Costs,detail,personnel_costs,6308.74,6308.74,SCI Detailed,27,April 2026 Consolidated Accounts.xlsx
2026-04,2026-04-30,DRC,SCI,Personnel Costs,Other Staff Costs,detail,personnel_costs,2494505.35,2494505.35,SCI Detailed,27,April 2026 Consolidated Accounts.xlsx
2026-04,2026-04-30,ZAAC,SCI,Personnel Costs,Other Staff Benefits,detail,personnel_costs,0.0,0.0,SCI Detailed,28,April 2026 Consolidated Accounts.xlsx
2026-04,2026-04-30,ZAMRE,SCI,Personnel Costs,Other Staff Benefits,detail,personnel_costs,0.0,0.0,SCI Detailed,28,April 2026 Consolidated Accounts.xlsx
2026-04,2026-04-30,ZARIB,SCI,Personnel Costs,Other Staff Benefits,detail,personnel_costs,0.0,0.0,SCI Detailed,28,April 2026 Consolidated Accounts.xlsx
2026-04,2026-04-30,MALAWI,SCI,Personnel Costs,Other Staff Benefits,detail,personnel_costs,0.0,0.0,SCI Detailed,28,April 2026 Consolidated Accounts.xlsx
2026-04,2026-04-30,MENA,SCI,Personnel Costs,Other Staff Benefits,detail,personnel_costs,0.0,0.0,SCI Detailed,28,April 2026 Consolidated Accounts.xlsx
2026-04,2026-04-30,NIGERIA,SCI,Personnel Costs,Other Staff Benefits,detail,personnel_costs,0.0,0.0,SCI Detailed,28,April 2026 Consolidated Accounts.xlsx
2026-04,2026-04-30,RWANDA,SCI,Personnel Costs,Other Staff Benefits,detail,personnel_costs,67864.92,67864.92,SCI Detailed,28,April 2026 Consolidated Accounts.xlsx
2026-04,2026-04-30,ZHL,SCI,Personnel Costs,Other Staff Benefits,detail,personnel_costs,0.0,0.0,SCI Detailed,28,April 2026 Consolidated Accounts.xlsx
2026-04,2026-04-30,ZATL,SCI,Personnel Costs,Other Staff Benefits,detail,personnel_costs,0.0,0.0,SCI Detailed,28,April 2026 Consolidated Accounts.xlsx
2026-04,2026-04-30,DRC,SCI,Personnel Costs,Other Staff Benefits,detail,personnel_costs,0.0,0.0,SCI Detailed,28,April 2026 Consolidated Accounts.xlsx
2026-04,2026-04-30,C&P,SCI,Personnel Costs,Other Staff Benefits,detail,personnel_costs,0.0,0.0,SCI Detailed,28,April 2026 Consolidated Accounts.xlsx
2026-04,2026-04-30,ZAAC,SCI,Personnel Costs,Training EXTERNAL,detail,personnel_costs,2707823.42,2707823.42,SCI Detailed,29,April 2026 Consolidated Accounts.xlsx
2026-04,2026-04-30,ZAMRE,SCI,Personnel Costs,Training EXTERNAL,detail,personnel_costs,113619.2,113619.2,SCI Detailed,29,April 2026 Consolidated Accounts.xlsx
2026-04,2026-04-30,ZARIB,SCI,Personnel Costs,Training EXTERNAL,detail,personnel_costs,1567079.07,1567079.07,SCI Detailed,29,April 2026 Consolidated Accounts.xlsx
2026-04,2026-04-30,MALAWI,SCI,Personnel Costs,Training EXTERNAL,detail,personnel_costs,0.0,0.0,SCI Detailed,29,April 2026 Consolidated Accounts.xlsx
2026-04,2026-04-30,MENA,SCI,Personnel Costs,Training EXTERNAL,detail,personnel_costs,0.0,0.0,SCI Detailed,29,April 2026 Consolidated Accounts.xlsx
2026-04,2026-04-30,NIGERIA,SCI,Personnel Costs,Training EXTERNAL,detail,personnel_costs,260534.91,260534.91,SCI Detailed,29,April 2026 Consolidated Accounts.xlsx
2026-04,2026-04-30,RWANDA,SCI,Personnel Costs,Training EXTERNAL,detail,personnel_costs,131455.42,131455.42,SCI Detailed,29,April 2026 Consolidated Accounts.xlsx
2026-04,2026-04-30,ZHL,SCI,Personnel Costs,Training EXTERNAL,detail,personnel_costs,0.0,0.0,SCI Detailed,29,April 2026 Consolidated Accounts.xlsx
2026-04,2026-04-30,ZATL,SCI,Personnel Costs,Training EXTERNAL,detail,personnel_costs,0.0,0.0,SCI Detailed,29,April 2026 Consolidated Accounts.xlsx
2026-04,2026-04-30,DRC,SCI,Personnel Costs,Training EXTERNAL,detail,personnel_costs,343470.34,343470.34,SCI Detailed,29,April 2026 Consolidated Accounts.xlsx
2026-04,2026-04-30,ZAAC,SCI,Personnel Costs,Commission Leads,detail,personnel_costs,306919.38,306919.38,SCI Detailed,30,April 2026 Consolidated Accounts.xlsx
2026-04,2026-04-30,ZAMRE,SCI,Personnel Costs,Commission Leads,detail,personnel_costs,0.0,0.0,SCI Detailed,30,April 2026 Consolidated Accounts.xlsx
2026-04,2026-04-30,ZARIB,SCI,Personnel Costs,Commission Leads,detail,personnel_costs,2313362.64,2313362.64,SCI Detailed,30,April 2026 Consolidated Accounts.xlsx
2026-04,2026-04-30,MALAWI,SCI,Personnel Costs,Commission Leads,detail,personnel_costs,0.0,0.0,SCI Detailed,30,April 2026 Consolidated Accounts.xlsx
2026-04,2026-04-30,MENA,SCI,Personnel Costs,Commission Leads,detail,personnel_costs,0.0,0.0,SCI Detailed,30,April 2026 Consolidated Accounts.xlsx
2026-04,2026-04-30,NIGERIA,SCI,Personnel Costs,Commission Leads,detail,personnel_costs,0.0,0.0,SCI Detailed,30,April 2026 Consolidated Accounts.xlsx
2026-04,2026-04-30,RWANDA,SCI,Personnel Costs,Commission Leads,detail,personnel_costs,0.0,0.0,SCI Detailed,30,April 2026 Consolidated Accounts.xlsx
2026-04,2026-04-30,ZHL,SCI,Personnel Costs,Commission Leads,detail,personnel_costs,0.0,0.0,SCI Detailed,30,April 2026 Consolidated Accounts.xlsx
2026-04,2026-04-30,ZATL,SCI,Personnel Costs,Commission Leads,detail,personnel_costs,0.0,0.0,SCI Detailed,30,April 2026 Consolidated Accounts.xlsx
2026-04,2026-04-30,DRC,SCI,Personnel Costs,Commission Leads,detail,personnel_costs,0.0,0.0,SCI Detailed,30,April 2026 Consolidated Accounts.xlsx
2026-04,2026-04-30,ZAAC,SCI,Personnel Costs,Training Internal,detail,personnel_costs,320820.0,320820.0,SCI Detailed,32,April 2026 Consolidated Accounts.xlsx
2026-04,2026-04-30,ZAMRE,SCI,Personnel Costs,Training Internal,detail,personnel_costs,2227.2,2227.2,SCI Detailed,32,April 2026 Consolidated Accounts.xlsx
2026-04,2026-04-30,ZARIB,SCI,Personnel Costs,Training Internal,detail,personnel_costs,312116.8,312116.8,SCI Detailed,32,April 2026 Consolidated Accounts.xlsx
2026-04,2026-04-30,MALAWI,SCI,Personnel Costs,Training Internal,detail,personnel_costs,0.0,0.0,SCI Detailed,32,April 2026 Consolidated Accounts.xlsx
2026-04,2026-04-30,MENA,SCI,Personnel Costs,Training Internal,detail,personnel_costs,0.0,0.0,SCI Detailed,32,April 2026 Consolidated Accounts.xlsx
2026-04,2026-04-30,NIGERIA,SCI,Personnel Costs,Training Internal,detail,personnel_costs,0.0,0.0,SCI Detailed,32,April 2026 Consolidated Accounts.xlsx
2026-04,2026-04-30,RWANDA,SCI,Personnel Costs,Training Internal,detail,personnel_costs,0.0,0.0,SCI Detailed,32,April 2026 Consolidated Accounts.xlsx
2026-04,2026-04-30,ZHL,SCI,Personnel Costs,Training Internal,detail,personnel_costs,0.0,0.0,SCI Detailed,32,April 2026 Consolidated Accounts.xlsx
2026-04,2026-04-30,ZATL,SCI,Personnel Costs,Training Internal,detail,personnel_costs,0.0,0.0,SCI Detailed,32,April 2026 Consolidated Accounts.xlsx
2026-04,2026-04-30,DRC,SCI,Personnel Costs,Training Internal,detail,personnel_costs,0.0,0.0,SCI Detailed,32,April 2026 Consolidated Accounts.xlsx
2026-04,2026-04-30,ZAAC,SCI,Personnel Costs,(group_subtotal),group_subtotal,,253105133.21,253105133.21,SCI Detailed,33,April 2026 Consolidated Accounts.xlsx
2026-04,2026-04-30,ZAMRE,SCI,Personnel Costs,(group_subtotal),group_subtotal,,11309635.01,11309635.01,SCI Detailed,33,April 2026 Consolidated Accounts.xlsx
2026-04,2026-04-30,ZARIB,SCI,Personnel Costs,(group_subtotal),group_subtotal,,184785371.85,184785371.85,SCI Detailed,33,April 2026 Consolidated Accounts.xlsx
2026-04,2026-04-30,MALAWI,SCI,Personnel Costs,(group_subtotal),group_subtotal,,14795796.99,14795796.99,SCI Detailed,33,April 2026 Consolidated Accounts.xlsx
2026-04,2026-04-30,MENA,SCI,Personnel Costs,(group_subtotal),group_subtotal,,21401825.32,21401825.32,SCI Detailed,33,April 2026 Consolidated Accounts.xlsx
2026-04,2026-04-30,NIGERIA,SCI,Personnel Costs,(group_subtotal),group_subtotal,,8558953.83,8558953.83,SCI Detailed,33,April 2026 Consolidated Accounts.xlsx
2026-04,2026-04-30,RWANDA,SCI,Personnel Costs,(group_subtotal),group_subtotal,,12613409.75,12613409.75,SCI Detailed,33,April 2026 Consolidated Accounts.xlsx
2026-04,2026-04-30,ZHL,SCI,Personnel Costs,(group_subtotal),group_subtotal,,0.0,0.0,SCI Detailed,33,April 2026 Consolidated Accounts.xlsx
2026-04,2026-04-30,ZATL,SCI,Personnel Costs,(group_subtotal),group_subtotal,,1743155.04,1743155.04,SCI Detailed,33,April 2026 Consolidated Accounts.xlsx
2026-04,2026-04-30,DRC,SCI,Personnel Costs,(group_subtotal),group_subtotal,,7624466.57,7624466.57,SCI Detailed,33,April 2026 Consolidated Accounts.xlsx
2026-04,2026-04-30,ZAAC,SCI,Travelling,Trav. Air Fares,detail,travelling,3019172.6,3019172.6,SCI Detailed,35,April 2026 Consolidated Accounts.xlsx
2026-04,2026-04-30,ZAMRE,SCI,Travelling,Trav. Air Fares,detail,travelling,699678.0,699678.0,SCI Detailed,35,April 2026 Consolidated Accounts.xlsx
2026-04,2026-04-30,ZARIB,SCI,Travelling,Trav. Air Fares,detail,travelling,1223663.0,1223663.0,SCI Detailed,35,April 2026 Consolidated Accounts.xlsx
2026-04,2026-04-30,MALAWI,SCI,Travelling,Trav. Air Fares,detail,travelling,487370.74,487370.74,SCI Detailed,35,April 2026 Consolidated Accounts.xlsx
2026-04,2026-04-30,MENA,SCI,Travelling,Trav. Air Fares,detail,travelling,0.0,0.0,SCI Detailed,35,April 2026 Consolidated Accounts.xlsx
2026-04,2026-04-30,NIGERIA,SCI,Travelling,Trav. Air Fares,detail,travelling,298771.79,298771.79,SCI Detailed,35,April 2026 Consolidated Accounts.xlsx
2026-04,2026-04-30,RWANDA,SCI,Travelling,Trav. Air Fares,detail,travelling,1713498.0,1713498.0,SCI Detailed,35,April 2026 Consolidated Accounts.xlsx
2026-04,2026-04-30,ZHL,SCI,Travelling,Trav. Air Fares,detail,travelling,0.0,0.0,SCI Detailed,35,April 2026 Consolidated Accounts.xlsx
2026-04,2026-04-30,ZATL,SCI,Travelling,Trav. Air Fares,detail,travelling,23124.19,23124.19,SCI Detailed,35,April 2026 Consolidated Accounts.xlsx
2026-04,2026-04-30,DRC,SCI,Travelling,Trav. Air Fares,detail,travelling,224572.39,224572.39,SCI Detailed,35,April 2026 Consolidated Accounts.xlsx
2026-04,2026-04-30,C&P,SCI,Travelling,Trav. Air Fares,detail,travelling,0.0,0.0,SCI Detailed,35,April 2026 Consolidated Accounts.xlsx
2026-04,2026-04-30,ZAAC,SCI,Travelling,Trav. Accom.,detail,travelling,5770405.04,5770405.04,SCI Detailed,36,April 2026 Consolidated Accounts.xlsx
2026-04,2026-04-30,ZAMRE,SCI,Travelling,Trav. Accom.,detail,travelling,0.0,0.0,SCI Detailed,36,April 2026 Consolidated Accounts.xlsx
2026-04,2026-04-30,ZARIB,SCI,Travelling,Trav. Accom.,detail,travelling,2497993.22,2497993.22,SCI Detailed,36,April 2026 Consolidated Accounts.xlsx
2026-04,2026-04-30,MALAWI,SCI,Travelling,Trav. Accom.,detail,travelling,0.0,0.0,SCI Detailed,36,April 2026 Consolidated Accounts.xlsx
2026-04,2026-04-30,MENA,SCI,Travelling,Trav. Accom.,detail,travelling,0.0,0.0,SCI Detailed,36,April 2026 Consolidated Accounts.xlsx
2026-04,2026-04-30,NIGERIA,SCI,Travelling,Trav. Accom.,detail,travelling,0.0,0.0,SCI Detailed,36,April 2026 Consolidated Accounts.xlsx
2026-04,2026-04-30,RWANDA,SCI,Travelling,Trav. Accom.,detail,travelling,0.0,0.0,SCI Detailed,36,April 2026 Consolidated Accounts.xlsx
2026-04,2026-04-30,ZHL,SCI,Travelling,Trav. Accom.,detail,travelling,0.0,0.0,SCI Detailed,36,April 2026 Consolidated Accounts.xlsx
2026-04,2026-04-30,ZATL,SCI,Travelling,Trav. Accom.,detail,travelling,207238.0,207238.0,SCI Detailed,36,April 2026 Consolidated Accounts.xlsx
2026-04,2026-04-30,DRC,SCI,Travelling,Trav. Accom.,detail,travelling,1684874.7,1684874.7,SCI Detailed,36,April 2026 Consolidated Accounts.xlsx
2026-04,2026-04-30,C&P,SCI,Travelling,Trav. Accom.,detail,travelling,0.0,0.0,SCI Detailed,36,April 2026 Consolidated Accounts.xlsx
2026-04,2026-04-30,ZAAC,SCI,Travelling,Trav. Sundry exp.,detail,travelling,70613.43,70613.43,SCI Detailed,37,April 2026 Consolidated Accounts.xlsx
2026-04,2026-04-30,ZAMRE,SCI,Travelling,Trav. Sundry exp.,detail,travelling,0.0,0.0,SCI Detailed,37,April 2026 Consolidated Accounts.xlsx
2026-04,2026-04-30,ZARIB,SCI,Travelling,Trav. Sundry exp.,detail,travelling,0.0,0.0,SCI Detailed,37,April 2026 Consolidated Accounts.xlsx
2026-04,2026-04-30,MALAWI,SCI,Travelling,Trav. Sundry exp.,detail,travelling,565949.55,565949.55,SCI Detailed,37,April 2026 Consolidated Accounts.xlsx
2026-04,2026-04-30,MENA,SCI,Travelling,Trav. Sundry exp.,detail,travelling,1641879.4,1641879.4,SCI Detailed,37,April 2026 Consolidated Accounts.xlsx
2026-04,2026-04-30,NIGERIA,SCI,Travelling,Trav. Sundry exp.,detail,travelling,505780.34,505780.34,SCI Detailed,37,April 2026 Consolidated Accounts.xlsx
2026-04,2026-04-30,RWANDA,SCI,Travelling,Trav. Sundry exp.,detail,travelling,0.0,0.0,SCI Detailed,37,April 2026 Consolidated Accounts.xlsx
2026-04,2026-04-30,ZHL,SCI,Travelling,Trav. Sundry exp.,detail,travelling,0.0,0.0,SCI Detailed,37,April 2026 Consolidated Accounts.xlsx
2026-04,2026-04-30,ZATL,SCI,Travelling,Trav. Sundry exp.,detail,travelling,0.0,0.0,SCI Detailed,37,April 2026 Consolidated Accounts.xlsx
2026-04,2026-04-30,DRC,SCI,Travelling,Trav. Sundry exp.,detail,travelling,0.0,0.0,SCI Detailed,37,April 2026 Consolidated Accounts.xlsx
2026-04,2026-04-30,C&P,SCI,Travelling,Trav. Sundry exp.,detail,travelling,0.0,0.0,SCI Detailed,37,April 2026 Consolidated Accounts.xlsx
2026-04,2026-04-30,ZAAC,SCI,Travelling,(group_subtotal),group_subtotal,,8860191.07,8860191.07,SCI Detailed,39,April 2026 Consolidated Accounts.xlsx
2026-04,2026-04-30,ZAMRE,SCI,Travelling,(group_subtotal),group_subtotal,,699678.0,699678.0,SCI Detailed,39,April 2026 Consolidated Accounts.xlsx
2026-04,2026-04-30,ZARIB,SCI,Travelling,(group_subtotal),group_subtotal,,3721656.22,3721656.22,SCI Detailed,39,April 2026 Consolidated Accounts.xlsx
2026-04,2026-04-30,MALAWI,SCI,Travelling,(group_subtotal),group_subtotal,,1053320.29,1053320.29,SCI Detailed,39,April 2026 Consolidated Accounts.xlsx
2026-04,2026-04-30,MENA,SCI,Travelling,(group_subtotal),group_subtotal,,1641879.4,1641879.4,SCI Detailed,39,April 2026 Consolidated Accounts.xlsx
2026-04,2026-04-30,NIGERIA,SCI,Travelling,(group_subtotal),group_subtotal,,804552.13,804552.13,SCI Detailed,39,April 2026 Consolidated Accounts.xlsx
2026-04,2026-04-30,RWANDA,SCI,Travelling,(group_subtotal),group_subtotal,,1713498.0,1713498.0,SCI Detailed,39,April 2026 Consolidated Accounts.xlsx
2026-04,2026-04-30,ZHL,SCI,Travelling,(group_subtotal),group_subtotal,,0.0,0.0,SCI Detailed,39,April 2026 Consolidated Accounts.xlsx
2026-04,2026-04-30,ZATL,SCI,Travelling,(group_subtotal),group_subtotal,,230362.19,230362.19,SCI Detailed,39,April 2026 Consolidated Accounts.xlsx
2026-04,2026-04-30,DRC,SCI,Travelling,(group_subtotal),group_subtotal,,1909447.09,1909447.09,SCI Detailed,39,April 2026 Consolidated Accounts.xlsx
2026-04,2026-04-30,ZAAC,SCI,Entertainment,Entertainment-(IN TOWN),detail,entertainment,4296501.31,4296501.31,SCI Detailed,41,April 2026 Consolidated Accounts.xlsx
2026-04,2026-04-30,ZAMRE,SCI,Entertainment,Entertainment-(IN TOWN),detail,entertainment,231397.0,231397.0,SCI Detailed,41,April 2026 Consolidated Accounts.xlsx
2026-04,2026-04-30,ZARIB,SCI,Entertainment,Entertainment-(IN TOWN),detail,entertainment,3955859.71,3955859.71,SCI Detailed,41,April 2026 Consolidated Accounts.xlsx
2026-04,2026-04-30,MALAWI,SCI,Entertainment,Entertainment-(IN TOWN),detail,entertainment,0.0,0.0,SCI Detailed,41,April 2026 Consolidated Accounts.xlsx
2026-04,2026-04-30,MENA,SCI,Entertainment,Entertainment-(IN TOWN),detail,entertainment,0.0,0.0,SCI Detailed,41,April 2026 Consolidated Accounts.xlsx
2026-04,2026-04-30,NIGERIA,SCI,Entertainment,Entertainment-(IN TOWN),detail,entertainment,0.0,0.0,SCI Detailed,41,April 2026 Consolidated Accounts.xlsx
2026-04,2026-04-30,RWANDA,SCI,Entertainment,Entertainment-(IN TOWN),detail,entertainment,236483.79,236483.79,SCI Detailed,41,April 2026 Consolidated Accounts.xlsx
2026-04,2026-04-30,ZHL,SCI,Entertainment,Entertainment-(IN TOWN),detail,entertainment,11699.99,11699.99,SCI Detailed,41,April 2026 Consolidated Accounts.xlsx
2026-04,2026-04-30,ZATL,SCI,Entertainment,Entertainment-(IN TOWN),detail,entertainment,12642.9,12642.9,SCI Detailed,41,April 2026 Consolidated Accounts.xlsx
2026-04,2026-04-30,DRC,SCI,Entertainment,Entertainment-(IN TOWN),detail,entertainment,274392.03,274392.03,SCI Detailed,41,April 2026 Consolidated Accounts.xlsx
2026-04,2026-04-30,C&P,SCI,Entertainment,Entertainment-(IN TOWN),detail,entertainment,0.0,0.0,SCI Detailed,41,April 2026 Consolidated Accounts.xlsx
2026-04,2026-04-30,ZAAC,SCI,Entertainment,Entertainment-(OUT OF TOWN),detail,entertainment,30000.0,30000.0,SCI Detailed,42,April 2026 Consolidated Accounts.xlsx
2026-04,2026-04-30,ZAMRE,SCI,Entertainment,Entertainment-(OUT OF TOWN),detail,entertainment,21336.8,21336.8,SCI Detailed,42,April 2026 Consolidated Accounts.xlsx
2026-04,2026-04-30,ZARIB,SCI,Entertainment,Entertainment-(OUT OF TOWN),detail,entertainment,479000.0,479000.0,SCI Detailed,42,April 2026 Consolidated Accounts.xlsx
2026-04,2026-04-30,MALAWI,SCI,Entertainment,Entertainment-(OUT OF TOWN),detail,entertainment,0.0,0.0,SCI Detailed,42,April 2026 Consolidated Accounts.xlsx
2026-04,2026-04-30,MENA,SCI,Entertainment,Entertainment-(OUT OF TOWN),detail,entertainment,0.0,0.0,SCI Detailed,42,April 2026 Consolidated Accounts.xlsx
2026-04,2026-04-30,NIGERIA,SCI,Entertainment,Entertainment-(OUT OF TOWN),detail,entertainment,0.0,0.0,SCI Detailed,42,April 2026 Consolidated Accounts.xlsx
2026-04,2026-04-30,RWANDA,SCI,Entertainment,Entertainment-(OUT OF TOWN),detail,entertainment,0.0,0.0,SCI Detailed,42,April 2026 Consolidated Accounts.xlsx
2026-04,2026-04-30,ZHL,SCI,Entertainment,Entertainment-(OUT OF TOWN),detail,entertainment,0.0,0.0,SCI Detailed,42,April 2026 Consolidated Accounts.xlsx
2026-04,2026-04-30,ZATL,SCI,Entertainment,Entertainment-(OUT OF TOWN),detail,entertainment,0.0,0.0,SCI Detailed,42,April 2026 Consolidated Accounts.xlsx
2026-04,2026-04-30,DRC,SCI,Entertainment,Entertainment-(OUT OF TOWN),detail,entertainment,0.0,0.0,SCI Detailed,42,April 2026 Consolidated Accounts.xlsx
2026-04,2026-04-30,C&P,SCI,Entertainment,Entertainment-(OUT OF TOWN),detail,entertainment,0.0,0.0,SCI Detailed,42,April 2026 Consolidated Accounts.xlsx
2026-04,2026-04-30,ZAAC,SCI,Entertainment,CLIENT GIFTS AND REWARDS,detail,entertainment,70000.0,70000.0,SCI Detailed,43,April 2026 Consolidated Accounts.xlsx
2026-04,2026-04-30,ZAMRE,SCI,Entertainment,CLIENT GIFTS AND REWARDS,detail,entertainment,0.0,0.0,SCI Detailed,43,April 2026 Consolidated Accounts.xlsx
2026-04,2026-04-30,ZARIB,SCI,Entertainment,CLIENT GIFTS AND REWARDS,detail,entertainment,2081849.91,2081849.91,SCI Detailed,43,April 2026 Consolidated Accounts.xlsx
2026-04,2026-04-30,MALAWI,SCI,Entertainment,CLIENT GIFTS AND REWARDS,detail,entertainment,0.0,0.0,SCI Detailed,43,April 2026 Consolidated Accounts.xlsx
2026-04,2026-04-30,MENA,SCI,Entertainment,CLIENT GIFTS AND REWARDS,detail,entertainment,0.0,0.0,SCI Detailed,43,April 2026 Consolidated Accounts.xlsx
2026-04,2026-04-30,NIGERIA,SCI,Entertainment,CLIENT GIFTS AND REWARDS,detail,entertainment,0.0,0.0,SCI Detailed,43,April 2026 Consolidated Accounts.xlsx
2026-04,2026-04-30,RWANDA,SCI,Entertainment,CLIENT GIFTS AND REWARDS,detail,entertainment,0.0,0.0,SCI Detailed,43,April 2026 Consolidated Accounts.xlsx
2026-04,2026-04-30,ZHL,SCI,Entertainment,CLIENT GIFTS AND REWARDS,detail,entertainment,0.0,0.0,SCI Detailed,43,April 2026 Consolidated Accounts.xlsx
2026-04,2026-04-30,ZATL,SCI,Entertainment,CLIENT GIFTS AND REWARDS,detail,entertainment,0.0,0.0,SCI Detailed,43,April 2026 Consolidated Accounts.xlsx
2026-04,2026-04-30,DRC,SCI,Entertainment,CLIENT GIFTS AND REWARDS,detail,entertainment,0.0,0.0,SCI Detailed,43,April 2026 Consolidated Accounts.xlsx
2026-04,2026-04-30,C&P,SCI,Entertainment,CLIENT GIFTS AND REWARDS,detail,entertainment,0.0,0.0,SCI Detailed,43,April 2026 Consolidated Accounts.xlsx
2026-04,2026-04-30,ZAAC,SCI,Entertainment,Christmas Party,detail,entertainment,14000.0,14000.0,SCI Detailed,46,April 2026 Consolidated Accounts.xlsx
2026-04,2026-04-30,ZAMRE,SCI,Entertainment,Christmas Party,detail,entertainment,0.0,0.0,SCI Detailed,46,April 2026 Consolidated Accounts.xlsx
2026-04,2026-04-30,ZARIB,SCI,Entertainment,Christmas Party,detail,entertainment,0.0,0.0,SCI Detailed,46,April 2026 Consolidated Accounts.xlsx
2026-04,2026-04-30,MALAWI,SCI,Entertainment,Christmas Party,detail,entertainment,0.0,0.0,SCI Detailed,46,April 2026 Consolidated Accounts.xlsx
2026-04,2026-04-30,MENA,SCI,Entertainment,Christmas Party,detail,entertainment,0.0,0.0,SCI Detailed,46,April 2026 Consolidated Accounts.xlsx
2026-04,2026-04-30,NIGERIA,SCI,Entertainment,Christmas Party,detail,entertainment,40403.97,40403.97,SCI Detailed,46,April 2026 Consolidated Accounts.xlsx
2026-04,2026-04-30,RWANDA,SCI,Entertainment,Christmas Party,detail,entertainment,0.0,0.0,SCI Detailed,46,April 2026 Consolidated Accounts.xlsx
2026-04,2026-04-30,ZHL,SCI,Entertainment,Christmas Party,detail,entertainment,0.0,0.0,SCI Detailed,46,April 2026 Consolidated Accounts.xlsx
2026-04,2026-04-30,ZATL,SCI,Entertainment,Christmas Party,detail,entertainment,0.0,0.0,SCI Detailed,46,April 2026 Consolidated Accounts.xlsx
2026-04,2026-04-30,DRC,SCI,Entertainment,Christmas Party,detail,entertainment,0.0,0.0,SCI Detailed,46,April 2026 Consolidated Accounts.xlsx
2026-04,2026-04-30,C&P,SCI,Entertainment,Christmas Party,detail,entertainment,0.0,0.0,SCI Detailed,46,April 2026 Consolidated Accounts.xlsx
2026-04,2026-04-30,ZAAC,SCI,Entertainment,Conference Attended by us,detail,entertainment,221681.03,221681.03,SCI Detailed,47,April 2026 Consolidated Accounts.xlsx
2026-04,2026-04-30,ZAMRE,SCI,Entertainment,Conference Attended by us,detail,entertainment,0.0,0.0,SCI Detailed,47,April 2026 Consolidated Accounts.xlsx
2026-04,2026-04-30,ZARIB,SCI,Entertainment,Conference Attended by us,detail,entertainment,173637.0,173637.0,SCI Detailed,47,April 2026 Consolidated Accounts.xlsx
2026-04,2026-04-30,MALAWI,SCI,Entertainment,Conference Attended by us,detail,entertainment,877207.89,877207.89,SCI Detailed,47,April 2026 Consolidated Accounts.xlsx
2026-04,2026-04-30,MENA,SCI,Entertainment,Conference Attended by us,detail,entertainment,0.0,0.0,SCI Detailed,47,April 2026 Consolidated Accounts.xlsx
2026-04,2026-04-30,NIGERIA,SCI,Entertainment,Conference Attended by us,detail,entertainment,63133.68,63133.68,SCI Detailed,47,April 2026 Consolidated Accounts.xlsx
2026-04,2026-04-30,RWANDA,SCI,Entertainment,Conference Attended by us,detail,entertainment,0.0,0.0,SCI Detailed,47,April 2026 Consolidated Accounts.xlsx
2026-04,2026-04-30,ZHL,SCI,Entertainment,Conference Attended by us,detail,entertainment,0.0,0.0,SCI Detailed,47,April 2026 Consolidated Accounts.xlsx
2026-04,2026-04-30,ZATL,SCI,Entertainment,Conference Attended by us,detail,entertainment,0.0,0.0,SCI Detailed,47,April 2026 Consolidated Accounts.xlsx
2026-04,2026-04-30,DRC,SCI,Entertainment,Conference Attended by us,detail,entertainment,0.0,0.0,SCI Detailed,47,April 2026 Consolidated Accounts.xlsx
2026-04,2026-04-30,C&P,SCI,Entertainment,Conference Attended by us,detail,entertainment,0.0,0.0,SCI Detailed,47,April 2026 Consolidated Accounts.xlsx
2026-04,2026-04-30,ZAAC,SCI,Entertainment,Conference Given By Us,detail,entertainment,522386.39,522386.39,SCI Detailed,48,April 2026 Consolidated Accounts.xlsx
2026-04,2026-04-30,ZAAC,SCI,Entertainment,(group_subtotal),group_subtotal,,5154568.73,5154568.73,SCI Detailed,49,April 2026 Consolidated Accounts.xlsx
2026-04,2026-04-30,ZAMRE,SCI,Entertainment,(group_subtotal),group_subtotal,,252733.8,252733.8,SCI Detailed,49,April 2026 Consolidated Accounts.xlsx
2026-04,2026-04-30,ZARIB,SCI,Entertainment,(group_subtotal),group_subtotal,,6690346.62,6690346.62,SCI Detailed,49,April 2026 Consolidated Accounts.xlsx
2026-04,2026-04-30,MALAWI,SCI,Entertainment,(group_subtotal),group_subtotal,,877207.89,877207.89,SCI Detailed,49,April 2026 Consolidated Accounts.xlsx
2026-04,2026-04-30,MENA,SCI,Entertainment,(group_subtotal),group_subtotal,,0.0,0.0,SCI Detailed,49,April 2026 Consolidated Accounts.xlsx
2026-04,2026-04-30,NIGERIA,SCI,Entertainment,(group_subtotal),group_subtotal,,103537.65,103537.65,SCI Detailed,49,April 2026 Consolidated Accounts.xlsx
2026-04,2026-04-30,RWANDA,SCI,Entertainment,(group_subtotal),group_subtotal,,236483.79,236483.79,SCI Detailed,49,April 2026 Consolidated Accounts.xlsx
2026-04,2026-04-30,ZHL,SCI,Entertainment,(group_subtotal),group_subtotal,,11699.99,11699.99,SCI Detailed,49,April 2026 Consolidated Accounts.xlsx
2026-04,2026-04-30,ZATL,SCI,Entertainment,(group_subtotal),group_subtotal,,12642.9,12642.9,SCI Detailed,49,April 2026 Consolidated Accounts.xlsx
2026-04,2026-04-30,DRC,SCI,Entertainment,(group_subtotal),group_subtotal,,274392.03,274392.03,SCI Detailed,49,April 2026 Consolidated Accounts.xlsx
2026-04,2026-04-30,C&P,SCI,Entertainment,(group_subtotal),group_subtotal,,0.0,0.0,SCI Detailed,49,April 2026 Consolidated Accounts.xlsx
2026-04,2026-04-30,ZAAC,SCI,IT Costs,Software Maintenance,detail,it_costs,2244489.18,2244489.18,SCI Detailed,51,April 2026 Consolidated Accounts.xlsx
2026-04,2026-04-30,ZAMRE,SCI,IT Costs,Software Maintenance,detail,it_costs,0.0,0.0,SCI Detailed,51,April 2026 Consolidated Accounts.xlsx
2026-04,2026-04-30,MALAWI,SCI,IT Costs,Software Maintenance,detail,it_costs,0.0,0.0,SCI Detailed,51,April 2026 Consolidated Accounts.xlsx
2026-04,2026-04-30,MENA,SCI,IT Costs,Software Maintenance,detail,it_costs,704085.0,704085.0,SCI Detailed,51,April 2026 Consolidated Accounts.xlsx
2026-04,2026-04-30,NIGERIA,SCI,IT Costs,Software Maintenance,detail,it_costs,0.0,0.0,SCI Detailed,51,April 2026 Consolidated Accounts.xlsx
2026-04,2026-04-30,RWANDA,SCI,IT Costs,Software Maintenance,detail,it_costs,0.0,0.0,SCI Detailed,51,April 2026 Consolidated Accounts.xlsx
2026-04,2026-04-30,ZHL,SCI,IT Costs,Software Maintenance,detail,it_costs,0.0,0.0,SCI Detailed,51,April 2026 Consolidated Accounts.xlsx
2026-04,2026-04-30,ZATL,SCI,IT Costs,Software Maintenance,detail,it_costs,2754.8,2754.8,SCI Detailed,51,April 2026 Consolidated Accounts.xlsx
2026-04,2026-04-30,DRC,SCI,IT Costs,Software Maintenance,detail,it_costs,0.0,0.0,SCI Detailed,51,April 2026 Consolidated Accounts.xlsx
2026-04,2026-04-30,C&P,SCI,IT Costs,Software Maintenance,detail,it_costs,0.0,0.0,SCI Detailed,51,April 2026 Consolidated Accounts.xlsx
2026-04,2026-04-30,ZAAC,SCI,IT Costs,Software Licence Fees,detail,it_costs,13694690.32,13694690.32,SCI Detailed,52,April 2026 Consolidated Accounts.xlsx
2026-04,2026-04-30,ZAMRE,SCI,IT Costs,Software Licence Fees,detail,it_costs,428879.43,428879.43,SCI Detailed,52,April 2026 Consolidated Accounts.xlsx
2026-04,2026-04-30,ZARIB,SCI,IT Costs,Software Licence Fees,detail,it_costs,5485731.94,5485731.94,SCI Detailed,52,April 2026 Consolidated Accounts.xlsx
2026-04,2026-04-30,MALAWI,SCI,IT Costs,Software Licence Fees,detail,it_costs,0.0,0.0,SCI Detailed,52,April 2026 Consolidated Accounts.xlsx
2026-04,2026-04-30,MENA,SCI,IT Costs,Software Licence Fees,detail,it_costs,0.0,0.0,SCI Detailed,52,April 2026 Consolidated Accounts.xlsx
2026-04,2026-04-30,NIGERIA,SCI,IT Costs,Software Licence Fees,detail,it_costs,0.0,0.0,SCI Detailed,52,April 2026 Consolidated Accounts.xlsx
2026-04,2026-04-30,RWANDA,SCI,IT Costs,Software Licence Fees,detail,it_costs,97583.55,97583.55,SCI Detailed,52,April 2026 Consolidated Accounts.xlsx
2026-04,2026-04-30,ZHL,SCI,IT Costs,Software Licence Fees,detail,it_costs,0.0,0.0,SCI Detailed,52,April 2026 Consolidated Accounts.xlsx
2026-04,2026-04-30,ZATL,SCI,IT Costs,Software Licence Fees,detail,it_costs,0.0,0.0,SCI Detailed,52,April 2026 Consolidated Accounts.xlsx
2026-04,2026-04-30,DRC,SCI,IT Costs,Software Licence Fees,detail,it_costs,166464.12,166464.12,SCI Detailed,52,April 2026 Consolidated Accounts.xlsx
2026-04,2026-04-30,C&P,SCI,IT Costs,Software Licence Fees,detail,it_costs,0.0,0.0,SCI Detailed,52,April 2026 Consolidated Accounts.xlsx
2026-04,2026-04-30,ZAAC,SCI,IT Costs,Software Implemantation,detail,it_costs,601251.08,601251.08,SCI Detailed,53,April 2026 Consolidated Accounts.xlsx
2026-04,2026-04-30,ZAMRE,SCI,IT Costs,Software Implemantation,detail,it_costs,0.0,0.0,SCI Detailed,53,April 2026 Consolidated Accounts.xlsx
2026-04,2026-04-30,ZARIB,SCI,IT Costs,Software Implemantation,detail,it_costs,697451.25,697451.25,SCI Detailed,53,April 2026 Consolidated Accounts.xlsx
2026-04,2026-04-30,MALAWI,SCI,IT Costs,Software Implemantation,detail,it_costs,0.0,0.0,SCI Detailed,53,April 2026 Consolidated Accounts.xlsx
2026-04,2026-04-30,MENA,SCI,IT Costs,Software Implemantation,detail,it_costs,0.0,0.0,SCI Detailed,53,April 2026 Consolidated Accounts.xlsx
2026-04,2026-04-30,NIGERIA,SCI,IT Costs,Software Implemantation,detail,it_costs,0.0,0.0,SCI Detailed,53,April 2026 Consolidated Accounts.xlsx
2026-04,2026-04-30,RWANDA,SCI,IT Costs,Software Implemantation,detail,it_costs,0.0,0.0,SCI Detailed,53,April 2026 Consolidated Accounts.xlsx
2026-04,2026-04-30,ZHL,SCI,IT Costs,Software Implemantation,detail,it_costs,0.0,0.0,SCI Detailed,53,April 2026 Consolidated Accounts.xlsx
2026-04,2026-04-30,ZATL,SCI,IT Costs,Software Implemantation,detail,it_costs,0.0,0.0,SCI Detailed,53,April 2026 Consolidated Accounts.xlsx
2026-04,2026-04-30,DRC,SCI,IT Costs,Software Implemantation,detail,it_costs,0.0,0.0,SCI Detailed,53,April 2026 Consolidated Accounts.xlsx
2026-04,2026-04-30,C&P,SCI,IT Costs,Software Implemantation,detail,it_costs,0.0,0.0,SCI Detailed,53,April 2026 Consolidated Accounts.xlsx
2026-04,2026-04-30,ZAAC,SCI,IT Costs,PC Supplies,detail,it_costs,131850.01,131850.01,SCI Detailed,54,April 2026 Consolidated Accounts.xlsx
2026-04,2026-04-30,ZAMRE,SCI,IT Costs,PC Supplies,detail,it_costs,0.0,0.0,SCI Detailed,54,April 2026 Consolidated Accounts.xlsx
2026-04,2026-04-30,ZARIB,SCI,IT Costs,PC Supplies,detail,it_costs,306714.0,306714.0,SCI Detailed,54,April 2026 Consolidated Accounts.xlsx
2026-04,2026-04-30,MALAWI,SCI,IT Costs,PC Supplies,detail,it_costs,0.0,0.0,SCI Detailed,54,April 2026 Consolidated Accounts.xlsx
2026-04,2026-04-30,MENA,SCI,IT Costs,PC Supplies,detail,it_costs,0.0,0.0,SCI Detailed,54,April 2026 Consolidated Accounts.xlsx
2026-04,2026-04-30,NIGERIA,SCI,IT Costs,PC Supplies,detail,it_costs,0.0,0.0,SCI Detailed,54,April 2026 Consolidated Accounts.xlsx
2026-04,2026-04-30,RWANDA,SCI,IT Costs,PC Supplies,detail,it_costs,0.0,0.0,SCI Detailed,54,April 2026 Consolidated Accounts.xlsx
2026-04,2026-04-30,ZHL,SCI,IT Costs,PC Supplies,detail,it_costs,0.0,0.0,SCI Detailed,54,April 2026 Consolidated Accounts.xlsx
2026-04,2026-04-30,ZATL,SCI,IT Costs,PC Supplies,detail,it_costs,0.0,0.0,SCI Detailed,54,April 2026 Consolidated Accounts.xlsx
2026-04,2026-04-30,DRC,SCI,IT Costs,PC Supplies,detail,it_costs,129287.5,129287.5,SCI Detailed,54,April 2026 Consolidated Accounts.xlsx
2026-04,2026-04-30,C&P,SCI,IT Costs,PC Supplies,detail,it_costs,0.0,0.0,SCI Detailed,54,April 2026 Consolidated Accounts.xlsx
2026-04,2026-04-30,ZAAC,SCI,IT Costs,Toner,detail,it_costs,0.0,0.0,SCI Detailed,56,April 2026 Consolidated Accounts.xlsx
2026-04,2026-04-30,ZAMRE,SCI,IT Costs,Toner,detail,it_costs,0.0,0.0,SCI Detailed,56,April 2026 Consolidated Accounts.xlsx
2026-04,2026-04-30,MALAWI,SCI,IT Costs,Toner,detail,it_costs,0.0,0.0,SCI Detailed,56,April 2026 Consolidated Accounts.xlsx
2026-04,2026-04-30,MENA,SCI,IT Costs,Toner,detail,it_costs,0.0,0.0,SCI Detailed,56,April 2026 Consolidated Accounts.xlsx
2026-04,2026-04-30,NIGERIA,SCI,IT Costs,Toner,detail,it_costs,79970.71,79970.71,SCI Detailed,56,April 2026 Consolidated Accounts.xlsx
2026-04,2026-04-30,RWANDA,SCI,IT Costs,Toner,detail,it_costs,0.0,0.0,SCI Detailed,56,April 2026 Consolidated Accounts.xlsx
2026-04,2026-04-30,ZHL,SCI,IT Costs,Toner,detail,it_costs,0.0,0.0,SCI Detailed,56,April 2026 Consolidated Accounts.xlsx
2026-04,2026-04-30,ZATL,SCI,IT Costs,Toner,detail,it_costs,0.0,0.0,SCI Detailed,56,April 2026 Consolidated Accounts.xlsx
2026-04,2026-04-30,DRC,SCI,IT Costs,Toner,detail,it_costs,89208.38,89208.38,SCI Detailed,56,April 2026 Consolidated Accounts.xlsx
2026-04,2026-04-30,C&P,SCI,IT Costs,Toner,detail,it_costs,0.0,0.0,SCI Detailed,56,April 2026 Consolidated Accounts.xlsx
2026-04,2026-04-30,ZAAC,SCI,IT Costs,(group_subtotal),group_subtotal,,16672280.59,16672280.59,SCI Detailed,57,April 2026 Consolidated Accounts.xlsx
2026-04,2026-04-30,ZAMRE,SCI,IT Costs,(group_subtotal),group_subtotal,,428879.43,428879.43,SCI Detailed,57,April 2026 Consolidated Accounts.xlsx
2026-04,2026-04-30,ZARIB,SCI,IT Costs,(group_subtotal),group_subtotal,,6489897.19,6489897.19,SCI Detailed,57,April 2026 Consolidated Accounts.xlsx
2026-04,2026-04-30,MALAWI,SCI,IT Costs,(group_subtotal),group_subtotal,,0.0,0.0,SCI Detailed,57,April 2026 Consolidated Accounts.xlsx
2026-04,2026-04-30,MENA,SCI,IT Costs,(group_subtotal),group_subtotal,,704085.0,704085.0,SCI Detailed,57,April 2026 Consolidated Accounts.xlsx
2026-04,2026-04-30,NIGERIA,SCI,IT Costs,(group_subtotal),group_subtotal,,79970.71,79970.71,SCI Detailed,57,April 2026 Consolidated Accounts.xlsx
2026-04,2026-04-30,RWANDA,SCI,IT Costs,(group_subtotal),group_subtotal,,97583.55,97583.55,SCI Detailed,57,April 2026 Consolidated Accounts.xlsx
2026-04,2026-04-30,ZHL,SCI,IT Costs,(group_subtotal),group_subtotal,,0.0,0.0,SCI Detailed,57,April 2026 Consolidated Accounts.xlsx
2026-04,2026-04-30,ZATL,SCI,IT Costs,(group_subtotal),group_subtotal,,2754.8,2754.8,SCI Detailed,57,April 2026 Consolidated Accounts.xlsx
2026-04,2026-04-30,DRC,SCI,IT Costs,(group_subtotal),group_subtotal,,384960.0,384960.0,SCI Detailed,57,April 2026 Consolidated Accounts.xlsx
2026-04,2026-04-30,C&P,SCI,IT Costs,(group_subtotal),group_subtotal,,0.0,0.0,SCI Detailed,57,April 2026 Consolidated Accounts.xlsx
2026-04,2026-04-30,ZAAC,SCI,Communications,Telephone-Variable,detail,communications,1559013.44,1559013.44,SCI Detailed,59,April 2026 Consolidated Accounts.xlsx
2026-04,2026-04-30,ZAMRE,SCI,Communications,Telephone-Variable,detail,communications,24607.9,24607.9,SCI Detailed,59,April 2026 Consolidated Accounts.xlsx
2026-04,2026-04-30,ZARIB,SCI,Communications,Telephone-Variable,detail,communications,1874200.11,1874200.11,SCI Detailed,59,April 2026 Consolidated Accounts.xlsx
2026-04,2026-04-30,MALAWI,SCI,Communications,Telephone-Variable,detail,communications,306059.88,306059.88,SCI Detailed,59,April 2026 Consolidated Accounts.xlsx
2026-04,2026-04-30,MENA,SCI,Communications,Telephone-Variable,detail,communications,0.0,0.0,SCI Detailed,59,April 2026 Consolidated Accounts.xlsx
2026-04,2026-04-30,NIGERIA,SCI,Communications,Telephone-Variable,detail,communications,255296.74,255296.74,SCI Detailed,59,April 2026 Consolidated Accounts.xlsx
2026-04,2026-04-30,RWANDA,SCI,Communications,Telephone-Variable,detail,communications,402716.66,402716.66,SCI Detailed,59,April 2026 Consolidated Accounts.xlsx
2026-04,2026-04-30,ZHL,SCI,Communications,Telephone-Variable,detail,communications,0.0,0.0,SCI Detailed,59,April 2026 Consolidated Accounts.xlsx
2026-04,2026-04-30,ZATL,SCI,Communications,Telephone-Variable,detail,communications,69372.57,69372.57,SCI Detailed,59,April 2026 Consolidated Accounts.xlsx
2026-04,2026-04-30,DRC,SCI,Communications,Telephone-Variable,detail,communications,731767.25,731767.25,SCI Detailed,59,April 2026 Consolidated Accounts.xlsx
2026-04,2026-04-30,C&P,SCI,Communications,Telephone-Variable,detail,communications,0.0,0.0,SCI Detailed,59,April 2026 Consolidated Accounts.xlsx
2026-04,2026-04-30,ZAAC,SCI,Communications,Courier Services Cost,detail,communications,116637.94,116637.94,SCI Detailed,60,April 2026 Consolidated Accounts.xlsx
2026-04,2026-04-30,ZAMRE,SCI,Communications,Courier Services Cost,detail,communications,1440.84,1440.84,SCI Detailed,60,April 2026 Consolidated Accounts.xlsx
2026-04,2026-04-30,ZARIB,SCI,Communications,Courier Services Cost,detail,communications,137500.61,137500.61,SCI Detailed,60,April 2026 Consolidated Accounts.xlsx
2026-04,2026-04-30,MALAWI,SCI,Communications,Courier Services Cost,detail,communications,0.0,0.0,SCI Detailed,60,April 2026 Consolidated Accounts.xlsx
2026-04,2026-04-30,MENA,SCI,Communications,Courier Services Cost,detail,communications,0.0,0.0,SCI Detailed,60,April 2026 Consolidated Accounts.xlsx
2026-04,2026-04-30,NIGERIA,SCI,Communications,Courier Services Cost,detail,communications,21873.62,21873.62,SCI Detailed,60,April 2026 Consolidated Accounts.xlsx
2026-04,2026-04-30,RWANDA,SCI,Communications,Courier Services Cost,detail,communications,88.71,88.71,SCI Detailed,60,April 2026 Consolidated Accounts.xlsx
2026-04,2026-04-30,ZHL,SCI,Communications,Courier Services Cost,detail,communications,0.0,0.0,SCI Detailed,60,April 2026 Consolidated Accounts.xlsx
2026-04,2026-04-30,ZATL,SCI,Communications,Courier Services Cost,detail,communications,0.0,0.0,SCI Detailed,60,April 2026 Consolidated Accounts.xlsx
2026-04,2026-04-30,DRC,SCI,Communications,Courier Services Cost,detail,communications,0.0,0.0,SCI Detailed,60,April 2026 Consolidated Accounts.xlsx
2026-04,2026-04-30,C&P,SCI,Communications,Courier Services Cost,detail,communications,0.0,0.0,SCI Detailed,60,April 2026 Consolidated Accounts.xlsx
2026-04,2026-04-30,ZAAC,SCI,Communications,(group_subtotal),group_subtotal,,1675651.38,1675651.38,SCI Detailed,63,April 2026 Consolidated Accounts.xlsx
2026-04,2026-04-30,ZAMRE,SCI,Communications,(group_subtotal),group_subtotal,,26048.74,26048.74,SCI Detailed,63,April 2026 Consolidated Accounts.xlsx
2026-04,2026-04-30,ZARIB,SCI,Communications,(group_subtotal),group_subtotal,,2011700.72,2011700.72,SCI Detailed,63,April 2026 Consolidated Accounts.xlsx
2026-04,2026-04-30,MALAWI,SCI,Communications,(group_subtotal),group_subtotal,,306059.88,306059.88,SCI Detailed,63,April 2026 Consolidated Accounts.xlsx
2026-04,2026-04-30,MENA,SCI,Communications,(group_subtotal),group_subtotal,,0.0,0.0,SCI Detailed,63,April 2026 Consolidated Accounts.xlsx
2026-04,2026-04-30,NIGERIA,SCI,Communications,(group_subtotal),group_subtotal,,277170.36,277170.36,SCI Detailed,63,April 2026 Consolidated Accounts.xlsx
2026-04,2026-04-30,RWANDA,SCI,Communications,(group_subtotal),group_subtotal,,402805.37,402805.37,SCI Detailed,63,April 2026 Consolidated Accounts.xlsx
2026-04,2026-04-30,ZHL,SCI,Communications,(group_subtotal),group_subtotal,,0.0,0.0,SCI Detailed,63,April 2026 Consolidated Accounts.xlsx
2026-04,2026-04-30,ZATL,SCI,Communications,(group_subtotal),group_subtotal,,69372.57,69372.57,SCI Detailed,63,April 2026 Consolidated Accounts.xlsx
2026-04,2026-04-30,DRC,SCI,Communications,(group_subtotal),group_subtotal,,731767.25,731767.25,SCI Detailed,63,April 2026 Consolidated Accounts.xlsx
2026-04,2026-04-30,C&P,SCI,Communications,(group_subtotal),group_subtotal,,0.0,0.0,SCI Detailed,63,April 2026 Consolidated Accounts.xlsx
2026-04,2026-04-30,ZAAC,SCI,Printing & Stationery,Printing-General,detail,printing_stationery,651442.75,651442.75,SCI Detailed,65,April 2026 Consolidated Accounts.xlsx
2026-04,2026-04-30,ZAMRE,SCI,Printing & Stationery,Printing-General,detail,printing_stationery,17761.4,17761.4,SCI Detailed,65,April 2026 Consolidated Accounts.xlsx
2026-04,2026-04-30,ZARIB,SCI,Printing & Stationery,Printing-General,detail,printing_stationery,761480.44,761480.44,SCI Detailed,65,April 2026 Consolidated Accounts.xlsx
2026-04,2026-04-30,MALAWI,SCI,Printing & Stationery,Printing-General,detail,printing_stationery,584397.08,584397.08,SCI Detailed,65,April 2026 Consolidated Accounts.xlsx
2026-04,2026-04-30,MENA,SCI,Printing & Stationery,Printing-General,detail,printing_stationery,0.0,0.0,SCI Detailed,65,April 2026 Consolidated Accounts.xlsx
2026-04,2026-04-30,NIGERIA,SCI,Printing & Stationery,Printing-General,detail,printing_stationery,63871.92,63871.92,SCI Detailed,65,April 2026 Consolidated Accounts.xlsx
2026-04,2026-04-30,RWANDA,SCI,Printing & Stationery,Printing-General,detail,printing_stationery,102808.61,102808.61,SCI Detailed,65,April 2026 Consolidated Accounts.xlsx
2026-04,2026-04-30,ZHL,SCI,Printing & Stationery,Printing-General,detail,printing_stationery,0.0,0.0,SCI Detailed,65,April 2026 Consolidated Accounts.xlsx
2026-04,2026-04-30,ZATL,SCI,Printing & Stationery,Printing-General,detail,printing_stationery,0.0,0.0,SCI Detailed,65,April 2026 Consolidated Accounts.xlsx
2026-04,2026-04-30,DRC,SCI,Printing & Stationery,Printing-General,detail,printing_stationery,150813.87,150813.87,SCI Detailed,65,April 2026 Consolidated Accounts.xlsx
2026-04,2026-04-30,C&P,SCI,Printing & Stationery,Printing-General,detail,printing_stationery,0.0,0.0,SCI Detailed,65,April 2026 Consolidated Accounts.xlsx
2026-04,2026-04-30,ZAAC,SCI,Printing & Stationery,Stationery-General,detail,printing_stationery,498773.21,498773.21,SCI Detailed,66,April 2026 Consolidated Accounts.xlsx
2026-04,2026-04-30,ZAMRE,SCI,Printing & Stationery,Stationery-General,detail,printing_stationery,0.0,0.0,SCI Detailed,66,April 2026 Consolidated Accounts.xlsx
2026-04,2026-04-30,ZARIB,SCI,Printing & Stationery,Stationery-General,detail,printing_stationery,181130.28,181130.28,SCI Detailed,66,April 2026 Consolidated Accounts.xlsx
2026-04,2026-04-30,MALAWI,SCI,Printing & Stationery,Stationery-General,detail,printing_stationery,0.0,0.0,SCI Detailed,66,April 2026 Consolidated Accounts.xlsx
2026-04,2026-04-30,MENA,SCI,Printing & Stationery,Stationery-General,detail,printing_stationery,0.0,0.0,SCI Detailed,66,April 2026 Consolidated Accounts.xlsx
2026-04,2026-04-30,NIGERIA,SCI,Printing & Stationery,Stationery-General,detail,printing_stationery,0.0,0.0,SCI Detailed,66,April 2026 Consolidated Accounts.xlsx
2026-04,2026-04-30,RWANDA,SCI,Printing & Stationery,Stationery-General,detail,printing_stationery,0.0,0.0,SCI Detailed,66,April 2026 Consolidated Accounts.xlsx
2026-04,2026-04-30,ZHL,SCI,Printing & Stationery,Stationery-General,detail,printing_stationery,0.0,0.0,SCI Detailed,66,April 2026 Consolidated Accounts.xlsx
2026-04,2026-04-30,ZATL,SCI,Printing & Stationery,Stationery-General,detail,printing_stationery,125373.33,125373.33,SCI Detailed,66,April 2026 Consolidated Accounts.xlsx
2026-04,2026-04-30,DRC,SCI,Printing & Stationery,Stationery-General,detail,printing_stationery,90894.28,90894.28,SCI Detailed,66,April 2026 Consolidated Accounts.xlsx
2026-04,2026-04-30,C&P,SCI,Printing & Stationery,Stationery-General,detail,printing_stationery,0.0,0.0,SCI Detailed,66,April 2026 Consolidated Accounts.xlsx
2026-04,2026-04-30,ZAAC,SCI,Printing & Stationery,(group_subtotal),group_subtotal,,1150215.96,1150215.96,SCI Detailed,68,April 2026 Consolidated Accounts.xlsx
2026-04,2026-04-30,ZAMRE,SCI,Printing & Stationery,(group_subtotal),group_subtotal,,17761.4,17761.4,SCI Detailed,68,April 2026 Consolidated Accounts.xlsx
2026-04,2026-04-30,ZARIB,SCI,Printing & Stationery,(group_subtotal),group_subtotal,,942610.72,942610.72,SCI Detailed,68,April 2026 Consolidated Accounts.xlsx
2026-04,2026-04-30,MALAWI,SCI,Printing & Stationery,(group_subtotal),group_subtotal,,584397.08,584397.08,SCI Detailed,68,April 2026 Consolidated Accounts.xlsx
2026-04,2026-04-30,MENA,SCI,Printing & Stationery,(group_subtotal),group_subtotal,,0.0,0.0,SCI Detailed,68,April 2026 Consolidated Accounts.xlsx
2026-04,2026-04-30,NIGERIA,SCI,Printing & Stationery,(group_subtotal),group_subtotal,,63871.92,63871.92,SCI Detailed,68,April 2026 Consolidated Accounts.xlsx
2026-04,2026-04-30,RWANDA,SCI,Printing & Stationery,(group_subtotal),group_subtotal,,102808.61,102808.61,SCI Detailed,68,April 2026 Consolidated Accounts.xlsx
2026-04,2026-04-30,ZHL,SCI,Printing & Stationery,(group_subtotal),group_subtotal,,0.0,0.0,SCI Detailed,68,April 2026 Consolidated Accounts.xlsx
2026-04,2026-04-30,ZATL,SCI,Printing & Stationery,(group_subtotal),group_subtotal,,125373.33,125373.33,SCI Detailed,68,April 2026 Consolidated Accounts.xlsx
2026-04,2026-04-30,DRC,SCI,Printing & Stationery,(group_subtotal),group_subtotal,,241708.15,241708.15,SCI Detailed,68,April 2026 Consolidated Accounts.xlsx
2026-04,2026-04-30,C&P,SCI,Printing & Stationery,(group_subtotal),group_subtotal,,0.0,0.0,SCI Detailed,68,April 2026 Consolidated Accounts.xlsx
2026-04,2026-04-30,ZAAC,SCI,Premises,Prem-Cleaning,detail,premises,990000.0,990000.0,SCI Detailed,70,April 2026 Consolidated Accounts.xlsx
2026-04,2026-04-30,ZAMRE,SCI,Premises,Prem-Cleaning,detail,premises,31680.0,31680.0,SCI Detailed,70,April 2026 Consolidated Accounts.xlsx
2026-04,2026-04-30,ZARIB,SCI,Premises,Prem-Cleaning,detail,premises,981120.0,981120.0,SCI Detailed,70,April 2026 Consolidated Accounts.xlsx
2026-04,2026-04-30,MALAWI,SCI,Premises,Prem-Cleaning,detail,premises,209564.94,209564.94,SCI Detailed,70,April 2026 Consolidated Accounts.xlsx
2026-04,2026-04-30,MENA,SCI,Premises,Prem-Cleaning,detail,premises,0.0,0.0,SCI Detailed,70,April 2026 Consolidated Accounts.xlsx
2026-04,2026-04-30,NIGERIA,SCI,Premises,Prem-Cleaning,detail,premises,0.0,0.0,SCI Detailed,70,April 2026 Consolidated Accounts.xlsx
2026-04,2026-04-30,RWANDA,SCI,Premises,Prem-Cleaning,detail,premises,53227.39,53227.39,SCI Detailed,70,April 2026 Consolidated Accounts.xlsx
2026-04,2026-04-30,ZHL,SCI,Premises,Prem-Cleaning,detail,premises,0.0,0.0,SCI Detailed,70,April 2026 Consolidated Accounts.xlsx
2026-04,2026-04-30,ZATL,SCI,Premises,Prem-Cleaning,detail,premises,30161.99,30161.99,SCI Detailed,70,April 2026 Consolidated Accounts.xlsx
2026-04,2026-04-30,DRC,SCI,Premises,Prem-Cleaning,detail,premises,0.0,0.0,SCI Detailed,70,April 2026 Consolidated Accounts.xlsx
2026-04,2026-04-30,C&P,SCI,Premises,Prem-Cleaning,detail,premises,0.0,0.0,SCI Detailed,70,April 2026 Consolidated Accounts.xlsx
2026-04,2026-04-30,ZAAC,SCI,Premises,Prem-Electricity,detail,premises,503886.11,503886.11,SCI Detailed,71,April 2026 Consolidated Accounts.xlsx
2026-04,2026-04-30,ZAMRE,SCI,Premises,Prem-Electricity,detail,premises,24997.94,24997.94,SCI Detailed,71,April 2026 Consolidated Accounts.xlsx
2026-04,2026-04-30,ZARIB,SCI,Premises,Prem-Electricity,detail,premises,1394408.84,1394408.84,SCI Detailed,71,April 2026 Consolidated Accounts.xlsx
2026-04,2026-04-30,MALAWI,SCI,Premises,Prem-Electricity,detail,premises,111186.11,111186.11,SCI Detailed,71,April 2026 Consolidated Accounts.xlsx
2026-04,2026-04-30,MENA,SCI,Premises,Prem-Electricity,detail,premises,0.0,0.0,SCI Detailed,71,April 2026 Consolidated Accounts.xlsx
2026-04,2026-04-30,NIGERIA,SCI,Premises,Prem-Electricity,detail,premises,139713.7,139713.7,SCI Detailed,71,April 2026 Consolidated Accounts.xlsx
2026-04,2026-04-30,RWANDA,SCI,Premises,Prem-Electricity,detail,premises,0.0,0.0,SCI Detailed,71,April 2026 Consolidated Accounts.xlsx
2026-04,2026-04-30,ZHL,SCI,Premises,Prem-Electricity,detail,premises,0.0,0.0,SCI Detailed,71,April 2026 Consolidated Accounts.xlsx
2026-04,2026-04-30,ZATL,SCI,Premises,Prem-Electricity,detail,premises,33831.7,33831.7,SCI Detailed,71,April 2026 Consolidated Accounts.xlsx
2026-04,2026-04-30,DRC,SCI,Premises,Prem-Electricity,detail,premises,151184.92,151184.92,SCI Detailed,71,April 2026 Consolidated Accounts.xlsx
2026-04,2026-04-30,C&P,SCI,Premises,Prem-Electricity,detail,premises,0.0,0.0,SCI Detailed,71,April 2026 Consolidated Accounts.xlsx
2026-04,2026-04-30,ZAAC,SCI,Premises,Prem-Security,detail,premises,276135.06,276135.06,SCI Detailed,72,April 2026 Consolidated Accounts.xlsx
2026-04,2026-04-30,ZAMRE,SCI,Premises,Prem-Security,detail,premises,7144.94,7144.94,SCI Detailed,72,April 2026 Consolidated Accounts.xlsx
2026-04,2026-04-30,ZARIB,SCI,Premises,Prem-Security,detail,premises,295185.94,295185.94,SCI Detailed,72,April 2026 Consolidated Accounts.xlsx
2026-04,2026-04-30,MALAWI,SCI,Premises,Prem-Security,detail,premises,0.0,0.0,SCI Detailed,72,April 2026 Consolidated Accounts.xlsx
2026-04,2026-04-30,MENA,SCI,Premises,Prem-Security,detail,premises,0.0,0.0,SCI Detailed,72,April 2026 Consolidated Accounts.xlsx
2026-04,2026-04-30,NIGERIA,SCI,Premises,Prem-Security,detail,premises,0.0,0.0,SCI Detailed,72,April 2026 Consolidated Accounts.xlsx
2026-04,2026-04-30,RWANDA,SCI,Premises,Prem-Security,detail,premises,0.0,0.0,SCI Detailed,72,April 2026 Consolidated Accounts.xlsx
2026-04,2026-04-30,ZHL,SCI,Premises,Prem-Security,detail,premises,0.0,0.0,SCI Detailed,72,April 2026 Consolidated Accounts.xlsx
2026-04,2026-04-30,ZATL,SCI,Premises,Prem-Security,detail,premises,0.0,0.0,SCI Detailed,72,April 2026 Consolidated Accounts.xlsx
2026-04,2026-04-30,DRC,SCI,Premises,Prem-Security,detail,premises,0.0,0.0,SCI Detailed,72,April 2026 Consolidated Accounts.xlsx
2026-04,2026-04-30,C&P,SCI,Premises,Prem-Security,detail,premises,0.0,0.0,SCI Detailed,72,April 2026 Consolidated Accounts.xlsx
2026-04,2026-04-30,ZAAC,SCI,Premises,Prem-Rates,detail,premises,1810393.19,1810393.19,SCI Detailed,73,April 2026 Consolidated Accounts.xlsx
2026-04,2026-04-30,ZAMRE,SCI,Premises,Prem-Rates,detail,premises,0.0,0.0,SCI Detailed,73,April 2026 Consolidated Accounts.xlsx
2026-04,2026-04-30,ZARIB,SCI,Premises,Prem-Rates,detail,premises,1404067.85,1404067.85,SCI Detailed,73,April 2026 Consolidated Accounts.xlsx
2026-04,2026-04-30,MALAWI,SCI,Premises,Prem-Rates,detail,premises,0.0,0.0,SCI Detailed,73,April 2026 Consolidated Accounts.xlsx
2026-04,2026-04-30,MENA,SCI,Premises,Prem-Rates,detail,premises,0.0,0.0,SCI Detailed,73,April 2026 Consolidated Accounts.xlsx
2026-04,2026-04-30,NIGERIA,SCI,Premises,Prem-Rates,detail,premises,0.0,0.0,SCI Detailed,73,April 2026 Consolidated Accounts.xlsx
2026-04,2026-04-30,RWANDA,SCI,Premises,Prem-Rates,detail,premises,0.0,0.0,SCI Detailed,73,April 2026 Consolidated Accounts.xlsx
2026-04,2026-04-30,ZHL,SCI,Premises,Prem-Rates,detail,premises,0.0,0.0,SCI Detailed,73,April 2026 Consolidated Accounts.xlsx
2026-04,2026-04-30,ZATL,SCI,Premises,Prem-Rates,detail,premises,44338.12,44338.12,SCI Detailed,73,April 2026 Consolidated Accounts.xlsx
2026-04,2026-04-30,DRC,SCI,Premises,Prem-Rates,detail,premises,0.0,0.0,SCI Detailed,73,April 2026 Consolidated Accounts.xlsx
2026-04,2026-04-30,C&P,SCI,Premises,Prem-Rates,detail,premises,0.0,0.0,SCI Detailed,73,April 2026 Consolidated Accounts.xlsx
2026-04,2026-04-30,ZAAC,SCI,Premises,Prem-Rental(EXTERNAL),detail,premises,8474344.24,8474344.24,SCI Detailed,74,April 2026 Consolidated Accounts.xlsx
2026-04,2026-04-30,ZAMRE,SCI,Premises,Prem-Rental(EXTERNAL),detail,premises,0.0,0.0,SCI Detailed,74,April 2026 Consolidated Accounts.xlsx
2026-04,2026-04-30,ZARIB,SCI,Premises,Prem-Rental(EXTERNAL),detail,premises,8554556.97,8554556.97,SCI Detailed,74,April 2026 Consolidated Accounts.xlsx
2026-04,2026-04-30,MALAWI,SCI,Premises,Prem-Rental(EXTERNAL),detail,premises,928172.97,928172.97,SCI Detailed,74,April 2026 Consolidated Accounts.xlsx
2026-04,2026-04-30,MENA,SCI,Premises,Prem-Rental(EXTERNAL),detail,premises,2639685.07,2639685.07,SCI Detailed,74,April 2026 Consolidated Accounts.xlsx
2026-04,2026-04-30,NIGERIA,SCI,Premises,Prem-Rental(EXTERNAL),detail,premises,686850.46,686850.46,SCI Detailed,74,April 2026 Consolidated Accounts.xlsx
2026-04,2026-04-30,RWANDA,SCI,Premises,Prem-Rental(EXTERNAL),detail,premises,869691.19,869691.19,SCI Detailed,74,April 2026 Consolidated Accounts.xlsx
2026-04,2026-04-30,ZHL,SCI,Premises,Prem-Rental(EXTERNAL),detail,premises,0.0,0.0,SCI Detailed,74,April 2026 Consolidated Accounts.xlsx
2026-04,2026-04-30,ZATL,SCI,Premises,Prem-Rental(EXTERNAL),detail,premises,177352.5,177352.5,SCI Detailed,74,April 2026 Consolidated Accounts.xlsx
2026-04,2026-04-30,DRC,SCI,Premises,Prem-Rental(EXTERNAL),detail,premises,2100325.86,2100325.86,SCI Detailed,74,April 2026 Consolidated Accounts.xlsx
2026-04,2026-04-30,C&P,SCI,Premises,Prem-Rental(EXTERNAL),detail,premises,0.0,0.0,SCI Detailed,74,April 2026 Consolidated Accounts.xlsx
2026-04,2026-04-30,ZAAC,SCI,Premises,Prem-Parking(EXTERNAL),detail,premises,1385520.0,1385520.0,SCI Detailed,75,April 2026 Consolidated Accounts.xlsx
2026-04,2026-04-30,ZAMRE,SCI,Premises,Prem-Parking(EXTERNAL),detail,premises,0.0,0.0,SCI Detailed,75,April 2026 Consolidated Accounts.xlsx
2026-04,2026-04-30,ZARIB,SCI,Premises,Prem-Parking(EXTERNAL),detail,premises,1284271.38,1284271.38,SCI Detailed,75,April 2026 Consolidated Accounts.xlsx
2026-04,2026-04-30,MALAWI,SCI,Premises,Prem-Parking(EXTERNAL),detail,premises,97623.19,97623.19,SCI Detailed,75,April 2026 Consolidated Accounts.xlsx
2026-04,2026-04-30,MENA,SCI,Premises,Prem-Parking(EXTERNAL),detail,premises,0.0,0.0,SCI Detailed,75,April 2026 Consolidated Accounts.xlsx
2026-04,2026-04-30,NIGERIA,SCI,Premises,Prem-Parking(EXTERNAL),detail,premises,0.0,0.0,SCI Detailed,75,April 2026 Consolidated Accounts.xlsx
2026-04,2026-04-30,RWANDA,SCI,Premises,Prem-Parking(EXTERNAL),detail,premises,24057.72,24057.72,SCI Detailed,75,April 2026 Consolidated Accounts.xlsx
2026-04,2026-04-30,ZHL,SCI,Premises,Prem-Parking(EXTERNAL),detail,premises,0.0,0.0,SCI Detailed,75,April 2026 Consolidated Accounts.xlsx
2026-04,2026-04-30,ZATL,SCI,Premises,Prem-Parking(EXTERNAL),detail,premises,15080.99,15080.99,SCI Detailed,75,April 2026 Consolidated Accounts.xlsx
2026-04,2026-04-30,DRC,SCI,Premises,Prem-Parking(EXTERNAL),detail,premises,2191423.12,2191423.12,SCI Detailed,75,April 2026 Consolidated Accounts.xlsx
2026-04,2026-04-30,C&P,SCI,Premises,Prem-Parking(EXTERNAL),detail,premises,0.0,0.0,SCI Detailed,75,April 2026 Consolidated Accounts.xlsx
2026-04,2026-04-30,ZAAC,SCI,Premises,(group_subtotal),group_subtotal,,13440278.6,13440278.6,SCI Detailed,77,April 2026 Consolidated Accounts.xlsx
2026-04,2026-04-30,ZAMRE,SCI,Premises,(group_subtotal),group_subtotal,,63822.88,63822.88,SCI Detailed,77,April 2026 Consolidated Accounts.xlsx
2026-04,2026-04-30,ZARIB,SCI,Premises,(group_subtotal),group_subtotal,,13913610.98,13913610.98,SCI Detailed,77,April 2026 Consolidated Accounts.xlsx
2026-04,2026-04-30,MALAWI,SCI,Premises,(group_subtotal),group_subtotal,,1346547.21,1346547.21,SCI Detailed,77,April 2026 Consolidated Accounts.xlsx
2026-04,2026-04-30,MENA,SCI,Premises,(group_subtotal),group_subtotal,,2639685.07,2639685.07,SCI Detailed,77,April 2026 Consolidated Accounts.xlsx
2026-04,2026-04-30,NIGERIA,SCI,Premises,(group_subtotal),group_subtotal,,826564.16,826564.16,SCI Detailed,77,April 2026 Consolidated Accounts.xlsx
2026-04,2026-04-30,RWANDA,SCI,Premises,(group_subtotal),group_subtotal,,946976.3,946976.3,SCI Detailed,77,April 2026 Consolidated Accounts.xlsx
2026-04,2026-04-30,ZHL,SCI,Premises,(group_subtotal),group_subtotal,,0.0,0.0,SCI Detailed,77,April 2026 Consolidated Accounts.xlsx
2026-04,2026-04-30,ZATL,SCI,Premises,(group_subtotal),group_subtotal,,300765.3,300765.3,SCI Detailed,77,April 2026 Consolidated Accounts.xlsx
2026-04,2026-04-30,DRC,SCI,Premises,(group_subtotal),group_subtotal,,4442933.91,4442933.91,SCI Detailed,77,April 2026 Consolidated Accounts.xlsx
2026-04,2026-04-30,C&P,SCI,Premises,(group_subtotal),group_subtotal,,0.0,0.0,SCI Detailed,77,April 2026 Consolidated Accounts.xlsx
2026-04,2026-04-30,ZAAC,SCI,Advertising & PR,Bus.Advert-General,detail,advertising_pr,7337462.4,7337462.4,SCI Detailed,79,April 2026 Consolidated Accounts.xlsx
2026-04,2026-04-30,ZAMRE,SCI,Advertising & PR,Bus.Advert-General,detail,advertising_pr,157988.86,157988.86,SCI Detailed,79,April 2026 Consolidated Accounts.xlsx
2026-04,2026-04-30,ZARIB,SCI,Advertising & PR,Bus.Advert-General,detail,advertising_pr,1863428.22,1863428.22,SCI Detailed,79,April 2026 Consolidated Accounts.xlsx
2026-04,2026-04-30,MALAWI,SCI,Advertising & PR,Bus.Advert-General,detail,advertising_pr,1719087.67,1719087.67,SCI Detailed,79,April 2026 Consolidated Accounts.xlsx
2026-04,2026-04-30,MENA,SCI,Advertising & PR,Bus.Advert-General,detail,advertising_pr,0.0,0.0,SCI Detailed,79,April 2026 Consolidated Accounts.xlsx
2026-04,2026-04-30,NIGERIA,SCI,Advertising & PR,Bus.Advert-General,detail,advertising_pr,47141.42,47141.42,SCI Detailed,79,April 2026 Consolidated Accounts.xlsx
2026-04,2026-04-30,RWANDA,SCI,Advertising & PR,Bus.Advert-General,detail,advertising_pr,100956.75,100956.75,SCI Detailed,79,April 2026 Consolidated Accounts.xlsx
2026-04,2026-04-30,ZHL,SCI,Advertising & PR,Bus.Advert-General,detail,advertising_pr,0.0,0.0,SCI Detailed,79,April 2026 Consolidated Accounts.xlsx
2026-04,2026-04-30,ZATL,SCI,Advertising & PR,Bus.Advert-General,detail,advertising_pr,0.0,0.0,SCI Detailed,79,April 2026 Consolidated Accounts.xlsx
2026-04,2026-04-30,DRC,SCI,Advertising & PR,Bus.Advert-General,detail,advertising_pr,2556531.02,2556531.02,SCI Detailed,79,April 2026 Consolidated Accounts.xlsx
2026-04,2026-04-30,C&P,SCI,Advertising & PR,Bus.Advert-General,detail,advertising_pr,0.0,0.0,SCI Detailed,79,April 2026 Consolidated Accounts.xlsx
2026-04,2026-04-30,ZAAC,SCI,Advertising & PR,Sponsorships-General,detail,advertising_pr,573250.0,573250.0,SCI Detailed,80,April 2026 Consolidated Accounts.xlsx
2026-04,2026-04-30,ZAMRE,SCI,Advertising & PR,Sponsorships-General,detail,advertising_pr,6856.0,6856.0,SCI Detailed,80,April 2026 Consolidated Accounts.xlsx
2026-04,2026-04-30,ZARIB,SCI,Advertising & PR,Sponsorships-General,detail,advertising_pr,206144.0,206144.0,SCI Detailed,80,April 2026 Consolidated Accounts.xlsx
2026-04,2026-04-30,MALAWI,SCI,Advertising & PR,Sponsorships-General,detail,advertising_pr,0.0,0.0,SCI Detailed,80,April 2026 Consolidated Accounts.xlsx
2026-04,2026-04-30,MENA,SCI,Advertising & PR,Sponsorships-General,detail,advertising_pr,0.0,0.0,SCI Detailed,80,April 2026 Consolidated Accounts.xlsx
2026-04,2026-04-30,NIGERIA,SCI,Advertising & PR,Sponsorships-General,detail,advertising_pr,0.0,0.0,SCI Detailed,80,April 2026 Consolidated Accounts.xlsx
2026-04,2026-04-30,RWANDA,SCI,Advertising & PR,Sponsorships-General,detail,advertising_pr,0.0,0.0,SCI Detailed,80,April 2026 Consolidated Accounts.xlsx
2026-04,2026-04-30,ZHL,SCI,Advertising & PR,Sponsorships-General,detail,advertising_pr,0.0,0.0,SCI Detailed,80,April 2026 Consolidated Accounts.xlsx
2026-04,2026-04-30,ZATL,SCI,Advertising & PR,Sponsorships-General,detail,advertising_pr,0.0,0.0,SCI Detailed,80,April 2026 Consolidated Accounts.xlsx
2026-04,2026-04-30,DRC,SCI,Advertising & PR,Sponsorships-General,detail,advertising_pr,32321.88,32321.88,SCI Detailed,80,April 2026 Consolidated Accounts.xlsx
2026-04,2026-04-30,C&P,SCI,Advertising & PR,Sponsorships-General,detail,advertising_pr,0.0,0.0,SCI Detailed,80,April 2026 Consolidated Accounts.xlsx
2026-04,2026-04-30,ZAAC,SCI,Advertising & PR,(group_subtotal),group_subtotal,,7910712.4,7910712.4,SCI Detailed,81,April 2026 Consolidated Accounts.xlsx
2026-04,2026-04-30,ZAMRE,SCI,Advertising & PR,(group_subtotal),group_subtotal,,164844.86,164844.86,SCI Detailed,81,April 2026 Consolidated Accounts.xlsx
2026-04,2026-04-30,ZARIB,SCI,Advertising & PR,(group_subtotal),group_subtotal,,2069572.22,2069572.22,SCI Detailed,81,April 2026 Consolidated Accounts.xlsx
2026-04,2026-04-30,MALAWI,SCI,Advertising & PR,(group_subtotal),group_subtotal,,1719087.67,1719087.67,SCI Detailed,81,April 2026 Consolidated Accounts.xlsx
2026-04,2026-04-30,MENA,SCI,Advertising & PR,(group_subtotal),group_subtotal,,0.0,0.0,SCI Detailed,81,April 2026 Consolidated Accounts.xlsx
2026-04,2026-04-30,NIGERIA,SCI,Advertising & PR,(group_subtotal),group_subtotal,,47141.42,47141.42,SCI Detailed,81,April 2026 Consolidated Accounts.xlsx
2026-04,2026-04-30,RWANDA,SCI,Advertising & PR,(group_subtotal),group_subtotal,,100956.75,100956.75,SCI Detailed,81,April 2026 Consolidated Accounts.xlsx
2026-04,2026-04-30,ZHL,SCI,Advertising & PR,(group_subtotal),group_subtotal,,0.0,0.0,SCI Detailed,81,April 2026 Consolidated Accounts.xlsx
2026-04,2026-04-30,ZATL,SCI,Advertising & PR,(group_subtotal),group_subtotal,,0.0,0.0,SCI Detailed,81,April 2026 Consolidated Accounts.xlsx
2026-04,2026-04-30,DRC,SCI,Advertising & PR,(group_subtotal),group_subtotal,,2588852.9,2588852.9,SCI Detailed,81,April 2026 Consolidated Accounts.xlsx
2026-04,2026-04-30,C&P,SCI,Advertising & PR,(group_subtotal),group_subtotal,,0.0,0.0,SCI Detailed,81,April 2026 Consolidated Accounts.xlsx
2026-04,2026-04-30,ZAAC,SCI,Insurance,Insurance-P.I.,detail,insurance,5265653.0,5265653.0,SCI Detailed,83,April 2026 Consolidated Accounts.xlsx
2026-04,2026-04-30,ZAMRE,SCI,Insurance,Insurance-P.I.,detail,insurance,0.0,0.0,SCI Detailed,83,April 2026 Consolidated Accounts.xlsx
2026-04,2026-04-30,ZARIB,SCI,Insurance,Insurance-P.I.,detail,insurance,0.0,0.0,SCI Detailed,83,April 2026 Consolidated Accounts.xlsx
2026-04,2026-04-30,MALAWI,SCI,Insurance,Insurance-P.I.,detail,insurance,0.0,0.0,SCI Detailed,83,April 2026 Consolidated Accounts.xlsx
2026-04,2026-04-30,MENA,SCI,Insurance,Insurance-P.I.,detail,insurance,0.0,0.0,SCI Detailed,83,April 2026 Consolidated Accounts.xlsx
2026-04,2026-04-30,NIGERIA,SCI,Insurance,Insurance-P.I.,detail,insurance,34241.27,34241.27,SCI Detailed,83,April 2026 Consolidated Accounts.xlsx
2026-04,2026-04-30,RWANDA,SCI,Insurance,Insurance-P.I.,detail,insurance,200330.6,200330.6,SCI Detailed,83,April 2026 Consolidated Accounts.xlsx
2026-04,2026-04-30,ZHL,SCI,Insurance,Insurance-P.I.,detail,insurance,0.0,0.0,SCI Detailed,83,April 2026 Consolidated Accounts.xlsx
2026-04,2026-04-30,ZATL,SCI,Insurance,Insurance-P.I.,detail,insurance,138591.44,138591.44,SCI Detailed,83,April 2026 Consolidated Accounts.xlsx
2026-04,2026-04-30,DRC,SCI,Insurance,Insurance-P.I.,detail,insurance,0.0,0.0,SCI Detailed,83,April 2026 Consolidated Accounts.xlsx
2026-04,2026-04-30,C&P,SCI,Insurance,Insurance-P.I.,detail,insurance,1391180.32,1391180.32,SCI Detailed,83,April 2026 Consolidated Accounts.xlsx
2026-04,2026-04-30,ZAAC,SCI,Insurance,Insurance-Other,detail,insurance,0.0,0.0,SCI Detailed,84,April 2026 Consolidated Accounts.xlsx
2026-04,2026-04-30,ZAMRE,SCI,Insurance,Insurance-Other,detail,insurance,86192.55,86192.55,SCI Detailed,84,April 2026 Consolidated Accounts.xlsx
2026-04,2026-04-30,ZARIB,SCI,Insurance,Insurance-Other,detail,insurance,4561957.9,4561957.9,SCI Detailed,84,April 2026 Consolidated Accounts.xlsx
2026-04,2026-04-30,MALAWI,SCI,Insurance,Insurance-Other,detail,insurance,1126178.56,1126178.56,SCI Detailed,84,April 2026 Consolidated Accounts.xlsx
2026-04,2026-04-30,MENA,SCI,Insurance,Insurance-Other,detail,insurance,0.0,0.0,SCI Detailed,84,April 2026 Consolidated Accounts.xlsx
2026-04,2026-04-30,NIGERIA,SCI,Insurance,Insurance-Other,detail,insurance,134529.84,134529.84,SCI Detailed,84,April 2026 Consolidated Accounts.xlsx
2026-04,2026-04-30,RWANDA,SCI,Insurance,Insurance-Other,detail,insurance,0.0,0.0,SCI Detailed,84,April 2026 Consolidated Accounts.xlsx
2026-04,2026-04-30,ZHL,SCI,Insurance,Insurance-Other,detail,insurance,0.0,0.0,SCI Detailed,84,April 2026 Consolidated Accounts.xlsx
2026-04,2026-04-30,ZATL,SCI,Insurance,Insurance-Other,detail,insurance,0.0,0.0,SCI Detailed,84,April 2026 Consolidated Accounts.xlsx
2026-04,2026-04-30,DRC,SCI,Insurance,Insurance-Other,detail,insurance,0.0,0.0,SCI Detailed,84,April 2026 Consolidated Accounts.xlsx
2026-04,2026-04-30,C&P,SCI,Insurance,Insurance-Other,detail,insurance,0.0,0.0,SCI Detailed,84,April 2026 Consolidated Accounts.xlsx
2026-04,2026-04-30,ZAAC,SCI,Insurance,(group_subtotal),group_subtotal,,5265653.0,5265653.0,SCI Detailed,85,April 2026 Consolidated Accounts.xlsx
2026-04,2026-04-30,ZAMRE,SCI,Insurance,(group_subtotal),group_subtotal,,86192.55,86192.55,SCI Detailed,85,April 2026 Consolidated Accounts.xlsx
2026-04,2026-04-30,ZARIB,SCI,Insurance,(group_subtotal),group_subtotal,,4561957.9,4561957.9,SCI Detailed,85,April 2026 Consolidated Accounts.xlsx
2026-04,2026-04-30,MALAWI,SCI,Insurance,(group_subtotal),group_subtotal,,1126178.56,1126178.56,SCI Detailed,85,April 2026 Consolidated Accounts.xlsx
2026-04,2026-04-30,MENA,SCI,Insurance,(group_subtotal),group_subtotal,,0.0,0.0,SCI Detailed,85,April 2026 Consolidated Accounts.xlsx
2026-04,2026-04-30,NIGERIA,SCI,Insurance,(group_subtotal),group_subtotal,,168771.11,168771.11,SCI Detailed,85,April 2026 Consolidated Accounts.xlsx
2026-04,2026-04-30,RWANDA,SCI,Insurance,(group_subtotal),group_subtotal,,200330.6,200330.6,SCI Detailed,85,April 2026 Consolidated Accounts.xlsx
2026-04,2026-04-30,ZHL,SCI,Insurance,(group_subtotal),group_subtotal,,0.0,0.0,SCI Detailed,85,April 2026 Consolidated Accounts.xlsx
2026-04,2026-04-30,ZATL,SCI,Insurance,(group_subtotal),group_subtotal,,138591.44,138591.44,SCI Detailed,85,April 2026 Consolidated Accounts.xlsx
2026-04,2026-04-30,DRC,SCI,Insurance,(group_subtotal),group_subtotal,,0.0,0.0,SCI Detailed,85,April 2026 Consolidated Accounts.xlsx
2026-04,2026-04-30,C&P,SCI,Insurance,(group_subtotal),group_subtotal,,1391180.32,1391180.32,SCI Detailed,85,April 2026 Consolidated Accounts.xlsx
2026-04,2026-04-30,ZAAC,SCI,Professional Fees,Prof.Fees-Audit Fees,detail,professional_fees,1334391.0,1334391.0,SCI Detailed,87,April 2026 Consolidated Accounts.xlsx
2026-04,2026-04-30,ZAMRE,SCI,Professional Fees,Prof.Fees-Audit Fees,detail,professional_fees,0.0,0.0,SCI Detailed,87,April 2026 Consolidated Accounts.xlsx
2026-04,2026-04-30,ZARIB,SCI,Professional Fees,Prof.Fees-Audit Fees,detail,professional_fees,851201.32,851201.32,SCI Detailed,87,April 2026 Consolidated Accounts.xlsx
2026-04,2026-04-30,MALAWI,SCI,Professional Fees,Prof.Fees-Audit Fees,detail,professional_fees,489047.47,489047.47,SCI Detailed,87,April 2026 Consolidated Accounts.xlsx
2026-04,2026-04-30,MENA,SCI,Professional Fees,Prof.Fees-Audit Fees,detail,professional_fees,20535.7,20535.7,SCI Detailed,87,April 2026 Consolidated Accounts.xlsx
2026-04,2026-04-30,NIGERIA,SCI,Professional Fees,Prof.Fees-Audit Fees,detail,professional_fees,94282.85,94282.85,SCI Detailed,87,April 2026 Consolidated Accounts.xlsx
2026-04,2026-04-30,RWANDA,SCI,Professional Fees,Prof.Fees-Audit Fees,detail,professional_fees,0.0,0.0,SCI Detailed,87,April 2026 Consolidated Accounts.xlsx
2026-04,2026-04-30,ZHL,SCI,Professional Fees,Prof.Fees-Audit Fees,detail,professional_fees,19664217.47,19664217.47,SCI Detailed,87,April 2026 Consolidated Accounts.xlsx
2026-04,2026-04-30,ZATL,SCI,Professional Fees,Prof.Fees-Audit Fees,detail,professional_fees,125674.95,125674.95,SCI Detailed,87,April 2026 Consolidated Accounts.xlsx
2026-04,2026-04-30,DRC,SCI,Professional Fees,Prof.Fees-Audit Fees,detail,professional_fees,474055.89,474055.89,SCI Detailed,87,April 2026 Consolidated Accounts.xlsx
2026-04,2026-04-30,C&P,SCI,Professional Fees,Prof.Fees-Audit Fees,detail,professional_fees,438833.32,438833.32,SCI Detailed,87,April 2026 Consolidated Accounts.xlsx
2026-04,2026-04-30,ZAAC,SCI,Professional Fees,Prof.Fees-Other,detail,professional_fees,12744231.25,12744231.25,SCI Detailed,89,April 2026 Consolidated Accounts.xlsx
2026-04,2026-04-30,ZAMRE,SCI,Professional Fees,Prof.Fees-Other,detail,professional_fees,98855.2,98855.2,SCI Detailed,89,April 2026 Consolidated Accounts.xlsx
2026-04,2026-04-30,ZARIB,SCI,Professional Fees,Prof.Fees-Other,detail,professional_fees,4284047.0,4284047.0,SCI Detailed,89,April 2026 Consolidated Accounts.xlsx
2026-04,2026-04-30,MALAWI,SCI,Professional Fees,Prof.Fees-Other,detail,professional_fees,1219616.7,1219616.7,SCI Detailed,89,April 2026 Consolidated Accounts.xlsx
2026-04,2026-04-30,MENA,SCI,Professional Fees,Prof.Fees-Other,detail,professional_fees,18366866.92,18366866.92,SCI Detailed,89,April 2026 Consolidated Accounts.xlsx
2026-04,2026-04-30,NIGERIA,SCI,Professional Fees,Prof.Fees-Other,detail,professional_fees,904531.64,904531.64,SCI Detailed,89,April 2026 Consolidated Accounts.xlsx
2026-04,2026-04-30,RWANDA,SCI,Professional Fees,Prof.Fees-Other,detail,professional_fees,469234.93,469234.93,SCI Detailed,89,April 2026 Consolidated Accounts.xlsx
2026-04,2026-04-30,ZHL,SCI,Professional Fees,Prof.Fees-Other,detail,professional_fees,0.0,0.0,SCI Detailed,89,April 2026 Consolidated Accounts.xlsx
2026-04,2026-04-30,ZATL,SCI,Professional Fees,Prof.Fees-Other,detail,professional_fees,38540.32,38540.32,SCI Detailed,89,April 2026 Consolidated Accounts.xlsx
2026-04,2026-04-30,DRC,SCI,Professional Fees,Prof.Fees-Other,detail,professional_fees,4989110.25,4989110.25,SCI Detailed,89,April 2026 Consolidated Accounts.xlsx
2026-04,2026-04-30,C&P,SCI,Professional Fees,Prof.Fees-Other,detail,professional_fees,617900.0,617900.0,SCI Detailed,89,April 2026 Consolidated Accounts.xlsx
2026-04,2026-04-30,ZAAC,SCI,Professional Fees,(group_subtotal),group_subtotal,,14078622.25,14078622.25,SCI Detailed,90,April 2026 Consolidated Accounts.xlsx
2026-04,2026-04-30,ZAMRE,SCI,Professional Fees,(group_subtotal),group_subtotal,,98855.2,98855.2,SCI Detailed,90,April 2026 Consolidated Accounts.xlsx
2026-04,2026-04-30,ZARIB,SCI,Professional Fees,(group_subtotal),group_subtotal,,5135248.32,5135248.32,SCI Detailed,90,April 2026 Consolidated Accounts.xlsx
2026-04,2026-04-30,MALAWI,SCI,Professional Fees,(group_subtotal),group_subtotal,,1708664.17,1708664.17,SCI Detailed,90,April 2026 Consolidated Accounts.xlsx
2026-04,2026-04-30,MENA,SCI,Professional Fees,(group_subtotal),group_subtotal,,18387402.62,18387402.62,SCI Detailed,90,April 2026 Consolidated Accounts.xlsx
2026-04,2026-04-30,NIGERIA,SCI,Professional Fees,(group_subtotal),group_subtotal,,998814.49,998814.49,SCI Detailed,90,April 2026 Consolidated Accounts.xlsx
2026-04,2026-04-30,RWANDA,SCI,Professional Fees,(group_subtotal),group_subtotal,,469234.93,469234.93,SCI Detailed,90,April 2026 Consolidated Accounts.xlsx
2026-04,2026-04-30,ZHL,SCI,Professional Fees,(group_subtotal),group_subtotal,,19664217.47,19664217.47,SCI Detailed,90,April 2026 Consolidated Accounts.xlsx
2026-04,2026-04-30,ZATL,SCI,Professional Fees,(group_subtotal),group_subtotal,,164215.27,164215.27,SCI Detailed,90,April 2026 Consolidated Accounts.xlsx
2026-04,2026-04-30,DRC,SCI,Professional Fees,(group_subtotal),group_subtotal,,5463166.14,5463166.14,SCI Detailed,90,April 2026 Consolidated Accounts.xlsx
2026-04,2026-04-30,C&P,SCI,Professional Fees,(group_subtotal),group_subtotal,,1056733.32,1056733.32,SCI Detailed,90,April 2026 Consolidated Accounts.xlsx
2026-04,2026-04-30,ZAAC,SCI,Depreciation,Comp-Depreciation,detail,depreciation,2688397.88,2688397.88,SCI Detailed,92,April 2026 Consolidated Accounts.xlsx
2026-04,2026-04-30,ZAMRE,SCI,Depreciation,Comp-Depreciation,detail,depreciation,0.0,0.0,SCI Detailed,92,April 2026 Consolidated Accounts.xlsx
2026-04,2026-04-30,ZARIB,SCI,Depreciation,Comp-Depreciation,detail,depreciation,1590308.55,1590308.55,SCI Detailed,92,April 2026 Consolidated Accounts.xlsx
2026-04,2026-04-30,MALAWI,SCI,Depreciation,Comp-Depreciation,detail,depreciation,2287309.23,2287309.23,SCI Detailed,92,April 2026 Consolidated Accounts.xlsx
2026-04,2026-04-30,MENA,SCI,Depreciation,Comp-Depreciation,detail,depreciation,0.0,0.0,SCI Detailed,92,April 2026 Consolidated Accounts.xlsx
2026-04,2026-04-30,NIGERIA,SCI,Depreciation,Comp-Depreciation,detail,depreciation,0.0,0.0,SCI Detailed,92,April 2026 Consolidated Accounts.xlsx
2026-04,2026-04-30,RWANDA,SCI,Depreciation,Comp-Depreciation,detail,depreciation,359681.96,359681.96,SCI Detailed,92,April 2026 Consolidated Accounts.xlsx
2026-04,2026-04-30,ZHL,SCI,Depreciation,Comp-Depreciation,detail,depreciation,0.0,0.0,SCI Detailed,92,April 2026 Consolidated Accounts.xlsx
2026-04,2026-04-30,ZATL,SCI,Depreciation,Comp-Depreciation,detail,depreciation,0.0,0.0,SCI Detailed,92,April 2026 Consolidated Accounts.xlsx
2026-04,2026-04-30,DRC,SCI,Depreciation,Comp-Depreciation,detail,depreciation,78322.37,78322.37,SCI Detailed,92,April 2026 Consolidated Accounts.xlsx
2026-04,2026-04-30,C&P,SCI,Depreciation,Comp-Depreciation,detail,depreciation,0.0,0.0,SCI Detailed,92,April 2026 Consolidated Accounts.xlsx
2026-04,2026-04-30,ZAAC,SCI,Depreciation,S/ware Depreciation,detail,depreciation,3133203.02,3133203.02,SCI Detailed,93,April 2026 Consolidated Accounts.xlsx
2026-04,2026-04-30,ZAMRE,SCI,Depreciation,S/ware Depreciation,detail,depreciation,0.0,0.0,SCI Detailed,93,April 2026 Consolidated Accounts.xlsx
2026-04,2026-04-30,ZARIB,SCI,Depreciation,S/ware Depreciation,detail,depreciation,1692787.73,1692787.73,SCI Detailed,93,April 2026 Consolidated Accounts.xlsx
2026-04,2026-04-30,MALAWI,SCI,Depreciation,S/ware Depreciation,detail,depreciation,712510.4,712510.4,SCI Detailed,93,April 2026 Consolidated Accounts.xlsx
2026-04,2026-04-30,MENA,SCI,Depreciation,S/ware Depreciation,detail,depreciation,0.0,0.0,SCI Detailed,93,April 2026 Consolidated Accounts.xlsx
2026-04,2026-04-30,NIGERIA,SCI,Depreciation,S/ware Depreciation,detail,depreciation,0.0,0.0,SCI Detailed,93,April 2026 Consolidated Accounts.xlsx
2026-04,2026-04-30,RWANDA,SCI,Depreciation,S/ware Depreciation,detail,depreciation,134021.24,134021.24,SCI Detailed,93,April 2026 Consolidated Accounts.xlsx
2026-04,2026-04-30,ZHL,SCI,Depreciation,S/ware Depreciation,detail,depreciation,0.0,0.0,SCI Detailed,93,April 2026 Consolidated Accounts.xlsx
2026-04,2026-04-30,ZATL,SCI,Depreciation,S/ware Depreciation,detail,depreciation,0.0,0.0,SCI Detailed,93,April 2026 Consolidated Accounts.xlsx
2026-04,2026-04-30,DRC,SCI,Depreciation,S/ware Depreciation,detail,depreciation,0.0,0.0,SCI Detailed,93,April 2026 Consolidated Accounts.xlsx
2026-04,2026-04-30,C&P,SCI,Depreciation,S/ware Depreciation,detail,depreciation,0.0,0.0,SCI Detailed,93,April 2026 Consolidated Accounts.xlsx
2026-04,2026-04-30,ZAAC,SCI,Depreciation,Furn-Depreciation,detail,depreciation,1086173.88,1086173.88,SCI Detailed,94,April 2026 Consolidated Accounts.xlsx
2026-04,2026-04-30,ZAMRE,SCI,Depreciation,Furn-Depreciation,detail,depreciation,0.0,0.0,SCI Detailed,94,April 2026 Consolidated Accounts.xlsx
2026-04,2026-04-30,ZARIB,SCI,Depreciation,Furn-Depreciation,detail,depreciation,513583.58,513583.58,SCI Detailed,94,April 2026 Consolidated Accounts.xlsx
2026-04,2026-04-30,MALAWI,SCI,Depreciation,Furn-Depreciation,detail,depreciation,146676.51,146676.51,SCI Detailed,94,April 2026 Consolidated Accounts.xlsx
2026-04,2026-04-30,MENA,SCI,Depreciation,Furn-Depreciation,detail,depreciation,0.0,0.0,SCI Detailed,94,April 2026 Consolidated Accounts.xlsx
2026-04,2026-04-30,NIGERIA,SCI,Depreciation,Furn-Depreciation,detail,depreciation,15396.2,15396.2,SCI Detailed,94,April 2026 Consolidated Accounts.xlsx
2026-04,2026-04-30,RWANDA,SCI,Depreciation,Furn-Depreciation,detail,depreciation,136093.03,136093.03,SCI Detailed,94,April 2026 Consolidated Accounts.xlsx
2026-04,2026-04-30,ZHL,SCI,Depreciation,Furn-Depreciation,detail,depreciation,0.0,0.0,SCI Detailed,94,April 2026 Consolidated Accounts.xlsx
2026-04,2026-04-30,ZATL,SCI,Depreciation,Furn-Depreciation,detail,depreciation,2508.68,2508.68,SCI Detailed,94,April 2026 Consolidated Accounts.xlsx
2026-04,2026-04-30,DRC,SCI,Depreciation,Furn-Depreciation,detail,depreciation,96391.59,96391.59,SCI Detailed,94,April 2026 Consolidated Accounts.xlsx
2026-04,2026-04-30,C&P,SCI,Depreciation,Furn-Depreciation,detail,depreciation,0.0,0.0,SCI Detailed,94,April 2026 Consolidated Accounts.xlsx
2026-04,2026-04-30,ZAAC,SCI,Depreciation,Equip-Depreciation,detail,depreciation,3392777.9,3392777.9,SCI Detailed,95,April 2026 Consolidated Accounts.xlsx
2026-04,2026-04-30,ZAMRE,SCI,Depreciation,Equip-Depreciation,detail,depreciation,0.0,0.0,SCI Detailed,95,April 2026 Consolidated Accounts.xlsx
2026-04,2026-04-30,ZARIB,SCI,Depreciation,Equip-Depreciation,detail,depreciation,2070562.65,2070562.65,SCI Detailed,95,April 2026 Consolidated Accounts.xlsx
2026-04,2026-04-30,MALAWI,SCI,Depreciation,Equip-Depreciation,detail,depreciation,435065.84,435065.84,SCI Detailed,95,April 2026 Consolidated Accounts.xlsx
2026-04,2026-04-30,MENA,SCI,Depreciation,Equip-Depreciation,detail,depreciation,0.0,0.0,SCI Detailed,95,April 2026 Consolidated Accounts.xlsx
2026-04,2026-04-30,NIGERIA,SCI,Depreciation,Equip-Depreciation,detail,depreciation,78779.35,78779.35,SCI Detailed,95,April 2026 Consolidated Accounts.xlsx
2026-04,2026-04-30,RWANDA,SCI,Depreciation,Equip-Depreciation,detail,depreciation,0.0,0.0,SCI Detailed,95,April 2026 Consolidated Accounts.xlsx
2026-04,2026-04-30,ZHL,SCI,Depreciation,Equip-Depreciation,detail,depreciation,0.0,0.0,SCI Detailed,95,April 2026 Consolidated Accounts.xlsx
2026-04,2026-04-30,ZATL,SCI,Depreciation,Equip-Depreciation,detail,depreciation,42215.42,42215.42,SCI Detailed,95,April 2026 Consolidated Accounts.xlsx
2026-04,2026-04-30,DRC,SCI,Depreciation,Equip-Depreciation,detail,depreciation,290172.86,290172.86,SCI Detailed,95,April 2026 Consolidated Accounts.xlsx
2026-04,2026-04-30,C&P,SCI,Depreciation,Equip-Depreciation,detail,depreciation,0.0,0.0,SCI Detailed,95,April 2026 Consolidated Accounts.xlsx
2026-04,2026-04-30,ZAAC,SCI,Depreciation,Leasehold Improv - Ammortization,detail,depreciation,3102063.9,3102063.9,SCI Detailed,96,April 2026 Consolidated Accounts.xlsx
2026-04,2026-04-30,ZAMRE,SCI,Depreciation,Leasehold Improv - Ammortization,detail,depreciation,0.0,0.0,SCI Detailed,96,April 2026 Consolidated Accounts.xlsx
2026-04,2026-04-30,ZARIB,SCI,Depreciation,Leasehold Improv - Ammortization,detail,depreciation,2509453.78,2509453.78,SCI Detailed,96,April 2026 Consolidated Accounts.xlsx
2026-04,2026-04-30,MALAWI,SCI,Depreciation,Leasehold Improv - Ammortization,detail,depreciation,1218402.2,1218402.2,SCI Detailed,96,April 2026 Consolidated Accounts.xlsx
2026-04,2026-04-30,MENA,SCI,Depreciation,Leasehold Improv - Ammortization,detail,depreciation,0.0,0.0,SCI Detailed,96,April 2026 Consolidated Accounts.xlsx
2026-04,2026-04-30,NIGERIA,SCI,Depreciation,Leasehold Improv - Ammortization,detail,depreciation,0.0,0.0,SCI Detailed,96,April 2026 Consolidated Accounts.xlsx
2026-04,2026-04-30,RWANDA,SCI,Depreciation,Leasehold Improv - Ammortization,detail,depreciation,0.0,0.0,SCI Detailed,96,April 2026 Consolidated Accounts.xlsx
2026-04,2026-04-30,ZHL,SCI,Depreciation,Leasehold Improv - Ammortization,detail,depreciation,0.0,0.0,SCI Detailed,96,April 2026 Consolidated Accounts.xlsx
2026-04,2026-04-30,ZATL,SCI,Depreciation,Leasehold Improv - Ammortization,detail,depreciation,0.0,0.0,SCI Detailed,96,April 2026 Consolidated Accounts.xlsx
2026-04,2026-04-30,DRC,SCI,Depreciation,Leasehold Improv - Ammortization,detail,depreciation,21011.8,21011.8,SCI Detailed,96,April 2026 Consolidated Accounts.xlsx
2026-04,2026-04-30,C&P,SCI,Depreciation,Leasehold Improv - Ammortization,detail,depreciation,0.0,0.0,SCI Detailed,96,April 2026 Consolidated Accounts.xlsx
2026-04,2026-04-30,ZAAC,SCI,Depreciation,MV-Depreciation,detail,depreciation,0.0,0.0,SCI Detailed,97,April 2026 Consolidated Accounts.xlsx
2026-04,2026-04-30,ZAMRE,SCI,Depreciation,MV-Depreciation,detail,depreciation,0.0,0.0,SCI Detailed,97,April 2026 Consolidated Accounts.xlsx
2026-04,2026-04-30,ZARIB,SCI,Depreciation,MV-Depreciation,detail,depreciation,22484.9,22484.9,SCI Detailed,97,April 2026 Consolidated Accounts.xlsx
2026-04,2026-04-30,MALAWI,SCI,Depreciation,MV-Depreciation,detail,depreciation,764685.8,764685.8,SCI Detailed,97,April 2026 Consolidated Accounts.xlsx
2026-04,2026-04-30,MENA,SCI,Depreciation,MV-Depreciation,detail,depreciation,0.0,0.0,SCI Detailed,97,April 2026 Consolidated Accounts.xlsx
2026-04,2026-04-30,NIGERIA,SCI,Depreciation,MV-Depreciation,detail,depreciation,235314.34,235314.34,SCI Detailed,97,April 2026 Consolidated Accounts.xlsx
2026-04,2026-04-30,RWANDA,SCI,Depreciation,MV-Depreciation,detail,depreciation,555191.13,555191.13,SCI Detailed,97,April 2026 Consolidated Accounts.xlsx
2026-04,2026-04-30,ZHL,SCI,Depreciation,MV-Depreciation,detail,depreciation,0.0,0.0,SCI Detailed,97,April 2026 Consolidated Accounts.xlsx
2026-04,2026-04-30,ZATL,SCI,Depreciation,MV-Depreciation,detail,depreciation,0.0,0.0,SCI Detailed,97,April 2026 Consolidated Accounts.xlsx
2026-04,2026-04-30,DRC,SCI,Depreciation,MV-Depreciation,detail,depreciation,922786.95,922786.95,SCI Detailed,97,April 2026 Consolidated Accounts.xlsx
2026-04,2026-04-30,C&P,SCI,Depreciation,MV-Depreciation,detail,depreciation,0.0,0.0,SCI Detailed,97,April 2026 Consolidated Accounts.xlsx
2026-04,2026-04-30,ZAAC,SCI,Depreciation,Goodwill amortisation,detail,depreciation,260108.68,260108.68,SCI Detailed,98,April 2026 Consolidated Accounts.xlsx
2026-04,2026-04-30,ZAMRE,SCI,Depreciation,Goodwill amortisation,detail,depreciation,0.0,0.0,SCI Detailed,98,April 2026 Consolidated Accounts.xlsx
2026-04,2026-04-30,ZARIB,SCI,Depreciation,Goodwill amortisation,detail,depreciation,0.0,0.0,SCI Detailed,98,April 2026 Consolidated Accounts.xlsx
2026-04,2026-04-30,MALAWI,SCI,Depreciation,Goodwill amortisation,detail,depreciation,0.0,0.0,SCI Detailed,98,April 2026 Consolidated Accounts.xlsx
2026-04,2026-04-30,MENA,SCI,Depreciation,Goodwill amortisation,detail,depreciation,0.0,0.0,SCI Detailed,98,April 2026 Consolidated Accounts.xlsx
2026-04,2026-04-30,NIGERIA,SCI,Depreciation,Goodwill amortisation,detail,depreciation,0.0,0.0,SCI Detailed,98,April 2026 Consolidated Accounts.xlsx
2026-04,2026-04-30,RWANDA,SCI,Depreciation,Goodwill amortisation,detail,depreciation,0.0,0.0,SCI Detailed,98,April 2026 Consolidated Accounts.xlsx
2026-04,2026-04-30,ZHL,SCI,Depreciation,Goodwill amortisation,detail,depreciation,0.0,0.0,SCI Detailed,98,April 2026 Consolidated Accounts.xlsx
2026-04,2026-04-30,ZATL,SCI,Depreciation,Goodwill amortisation,detail,depreciation,0.0,0.0,SCI Detailed,98,April 2026 Consolidated Accounts.xlsx
2026-04,2026-04-30,DRC,SCI,Depreciation,Goodwill amortisation,detail,depreciation,0.0,0.0,SCI Detailed,98,April 2026 Consolidated Accounts.xlsx
2026-04,2026-04-30,C&P,SCI,Depreciation,Goodwill amortisation,detail,depreciation,0.0,0.0,SCI Detailed,98,April 2026 Consolidated Accounts.xlsx
2026-04,2026-04-30,ZAAC,SCI,Depreciation,(group_subtotal),group_subtotal,,13662725.26,13662725.26,SCI Detailed,99,April 2026 Consolidated Accounts.xlsx
2026-04,2026-04-30,ZAMRE,SCI,Depreciation,(group_subtotal),group_subtotal,,0.0,0.0,SCI Detailed,99,April 2026 Consolidated Accounts.xlsx
2026-04,2026-04-30,ZARIB,SCI,Depreciation,(group_subtotal),group_subtotal,,8399181.19,8399181.19,SCI Detailed,99,April 2026 Consolidated Accounts.xlsx
2026-04,2026-04-30,MALAWI,SCI,Depreciation,(group_subtotal),group_subtotal,,5564649.98,5564649.98,SCI Detailed,99,April 2026 Consolidated Accounts.xlsx
2026-04,2026-04-30,MENA,SCI,Depreciation,(group_subtotal),group_subtotal,,0.0,0.0,SCI Detailed,99,April 2026 Consolidated Accounts.xlsx
2026-04,2026-04-30,NIGERIA,SCI,Depreciation,(group_subtotal),group_subtotal,,329489.89,329489.89,SCI Detailed,99,April 2026 Consolidated Accounts.xlsx
2026-04,2026-04-30,RWANDA,SCI,Depreciation,(group_subtotal),group_subtotal,,1184987.36,1184987.36,SCI Detailed,99,April 2026 Consolidated Accounts.xlsx
2026-04,2026-04-30,ZHL,SCI,Depreciation,(group_subtotal),group_subtotal,,0.0,0.0,SCI Detailed,99,April 2026 Consolidated Accounts.xlsx
2026-04,2026-04-30,ZATL,SCI,Depreciation,(group_subtotal),group_subtotal,,44724.1,44724.1,SCI Detailed,99,April 2026 Consolidated Accounts.xlsx
2026-04,2026-04-30,DRC,SCI,Depreciation,(group_subtotal),group_subtotal,,1408685.57,1408685.57,SCI Detailed,99,April 2026 Consolidated Accounts.xlsx
2026-04,2026-04-30,C&P,SCI,Depreciation,(group_subtotal),group_subtotal,,0.0,0.0,SCI Detailed,99,April 2026 Consolidated Accounts.xlsx
2026-04,2026-04-30,ZAAC,SCI,Motor Vehicle Expenses,MV - Fuel Costs (non personnel),detail,motor_vehicle_expenses,0.0,0.0,SCI Detailed,101,April 2026 Consolidated Accounts.xlsx
2026-04,2026-04-30,ZAMRE,SCI,Motor Vehicle Expenses,MV - Fuel Costs (non personnel),detail,motor_vehicle_expenses,0.0,0.0,SCI Detailed,101,April 2026 Consolidated Accounts.xlsx
2026-04,2026-04-30,ZARIB,SCI,Motor Vehicle Expenses,MV - Fuel Costs (non personnel),detail,motor_vehicle_expenses,362800.0,362800.0,SCI Detailed,101,April 2026 Consolidated Accounts.xlsx
2026-04,2026-04-30,MALAWI,SCI,Motor Vehicle Expenses,MV - Fuel Costs (non personnel),detail,motor_vehicle_expenses,0.0,0.0,SCI Detailed,101,April 2026 Consolidated Accounts.xlsx
2026-04,2026-04-30,MENA,SCI,Motor Vehicle Expenses,MV - Fuel Costs (non personnel),detail,motor_vehicle_expenses,0.0,0.0,SCI Detailed,101,April 2026 Consolidated Accounts.xlsx
2026-04,2026-04-30,NIGERIA,SCI,Motor Vehicle Expenses,MV - Fuel Costs (non personnel),detail,motor_vehicle_expenses,437807.5,437807.5,SCI Detailed,101,April 2026 Consolidated Accounts.xlsx
2026-04,2026-04-30,RWANDA,SCI,Motor Vehicle Expenses,MV - Fuel Costs (non personnel),detail,motor_vehicle_expenses,228206.22,228206.22,SCI Detailed,101,April 2026 Consolidated Accounts.xlsx
2026-04,2026-04-30,ZHL,SCI,Motor Vehicle Expenses,MV - Fuel Costs (non personnel),detail,motor_vehicle_expenses,0.0,0.0,SCI Detailed,101,April 2026 Consolidated Accounts.xlsx
2026-04,2026-04-30,ZATL,SCI,Motor Vehicle Expenses,MV - Fuel Costs (non personnel),detail,motor_vehicle_expenses,0.0,0.0,SCI Detailed,101,April 2026 Consolidated Accounts.xlsx
2026-04,2026-04-30,DRC,SCI,Motor Vehicle Expenses,MV - Fuel Costs (non personnel),detail,motor_vehicle_expenses,473084.94,473084.94,SCI Detailed,101,April 2026 Consolidated Accounts.xlsx
2026-04,2026-04-30,C&P,SCI,Motor Vehicle Expenses,MV - Fuel Costs (non personnel),detail,motor_vehicle_expenses,0.0,0.0,SCI Detailed,101,April 2026 Consolidated Accounts.xlsx
2026-04,2026-04-30,ZAAC,SCI,Motor Vehicle Expenses,MV-Leasing Costs,detail,motor_vehicle_expenses,5293167.0,5293167.0,SCI Detailed,102,April 2026 Consolidated Accounts.xlsx
2026-04,2026-04-30,ZAMRE,SCI,Motor Vehicle Expenses,MV-Leasing Costs,detail,motor_vehicle_expenses,89986.82,89986.82,SCI Detailed,102,April 2026 Consolidated Accounts.xlsx
2026-04,2026-04-30,ZARIB,SCI,Motor Vehicle Expenses,MV-Leasing Costs,detail,motor_vehicle_expenses,0.0,0.0,SCI Detailed,102,April 2026 Consolidated Accounts.xlsx
2026-04,2026-04-30,MALAWI,SCI,Motor Vehicle Expenses,MV-Leasing Costs,detail,motor_vehicle_expenses,0.0,0.0,SCI Detailed,102,April 2026 Consolidated Accounts.xlsx
2026-04,2026-04-30,MENA,SCI,Motor Vehicle Expenses,MV-Leasing Costs,detail,motor_vehicle_expenses,0.0,0.0,SCI Detailed,102,April 2026 Consolidated Accounts.xlsx
2026-04,2026-04-30,NIGERIA,SCI,Motor Vehicle Expenses,MV-Leasing Costs,detail,motor_vehicle_expenses,0.0,0.0,SCI Detailed,102,April 2026 Consolidated Accounts.xlsx
2026-04,2026-04-30,RWANDA,SCI,Motor Vehicle Expenses,MV-Leasing Costs,detail,motor_vehicle_expenses,0.0,0.0,SCI Detailed,102,April 2026 Consolidated Accounts.xlsx
2026-04,2026-04-30,ZHL,SCI,Motor Vehicle Expenses,MV-Leasing Costs,detail,motor_vehicle_expenses,0.0,0.0,SCI Detailed,102,April 2026 Consolidated Accounts.xlsx
2026-04,2026-04-30,ZATL,SCI,Motor Vehicle Expenses,MV-Leasing Costs,detail,motor_vehicle_expenses,0.0,0.0,SCI Detailed,102,April 2026 Consolidated Accounts.xlsx
2026-04,2026-04-30,DRC,SCI,Motor Vehicle Expenses,MV-Leasing Costs,detail,motor_vehicle_expenses,434246.98,434246.98,SCI Detailed,102,April 2026 Consolidated Accounts.xlsx
2026-04,2026-04-30,C&P,SCI,Motor Vehicle Expenses,MV-Leasing Costs,detail,motor_vehicle_expenses,0.0,0.0,SCI Detailed,102,April 2026 Consolidated Accounts.xlsx
2026-04,2026-04-30,ZAAC,SCI,Motor Vehicle Expenses,MV - Leasing Costs (non personnel),detail,motor_vehicle_expenses,0.0,0.0,SCI Detailed,103,April 2026 Consolidated Accounts.xlsx
2026-04,2026-04-30,ZAMRE,SCI,Motor Vehicle Expenses,MV - Leasing Costs (non personnel),detail,motor_vehicle_expenses,0.0,0.0,SCI Detailed,103,April 2026 Consolidated Accounts.xlsx
2026-04,2026-04-30,ZARIB,SCI,Motor Vehicle Expenses,MV - Leasing Costs (non personnel),detail,motor_vehicle_expenses,3174955.38,3174955.38,SCI Detailed,103,April 2026 Consolidated Accounts.xlsx
2026-04,2026-04-30,MALAWI,SCI,Motor Vehicle Expenses,MV - Leasing Costs (non personnel),detail,motor_vehicle_expenses,332729.27,332729.27,SCI Detailed,103,April 2026 Consolidated Accounts.xlsx
2026-04,2026-04-30,MENA,SCI,Motor Vehicle Expenses,MV - Leasing Costs (non personnel),detail,motor_vehicle_expenses,0.0,0.0,SCI Detailed,103,April 2026 Consolidated Accounts.xlsx
2026-04,2026-04-30,NIGERIA,SCI,Motor Vehicle Expenses,MV - Leasing Costs (non personnel),detail,motor_vehicle_expenses,0.0,0.0,SCI Detailed,103,April 2026 Consolidated Accounts.xlsx
2026-04,2026-04-30,RWANDA,SCI,Motor Vehicle Expenses,MV - Leasing Costs (non personnel),detail,motor_vehicle_expenses,8782.52,8782.52,SCI Detailed,103,April 2026 Consolidated Accounts.xlsx
2026-04,2026-04-30,ZHL,SCI,Motor Vehicle Expenses,MV - Leasing Costs (non personnel),detail,motor_vehicle_expenses,0.0,0.0,SCI Detailed,103,April 2026 Consolidated Accounts.xlsx
2026-04,2026-04-30,ZATL,SCI,Motor Vehicle Expenses,MV - Leasing Costs (non personnel),detail,motor_vehicle_expenses,28151.19,28151.19,SCI Detailed,103,April 2026 Consolidated Accounts.xlsx
2026-04,2026-04-30,DRC,SCI,Motor Vehicle Expenses,MV - Leasing Costs (non personnel),detail,motor_vehicle_expenses,128638.48,128638.48,SCI Detailed,103,April 2026 Consolidated Accounts.xlsx
2026-04,2026-04-30,C&P,SCI,Motor Vehicle Expenses,MV - Leasing Costs (non personnel),detail,motor_vehicle_expenses,0.0,0.0,SCI Detailed,103,April 2026 Consolidated Accounts.xlsx
2026-04,2026-04-30,ZAAC,SCI,Motor Vehicle Expenses,(group_subtotal),group_subtotal,,5293167.0,5293167.0,SCI Detailed,105,April 2026 Consolidated Accounts.xlsx
2026-04,2026-04-30,ZAMRE,SCI,Motor Vehicle Expenses,(group_subtotal),group_subtotal,,89986.82,89986.82,SCI Detailed,105,April 2026 Consolidated Accounts.xlsx
2026-04,2026-04-30,ZARIB,SCI,Motor Vehicle Expenses,(group_subtotal),group_subtotal,,3537755.38,3537755.38,SCI Detailed,105,April 2026 Consolidated Accounts.xlsx
2026-04,2026-04-30,MALAWI,SCI,Motor Vehicle Expenses,(group_subtotal),group_subtotal,,332729.27,332729.27,SCI Detailed,105,April 2026 Consolidated Accounts.xlsx
2026-04,2026-04-30,MENA,SCI,Motor Vehicle Expenses,(group_subtotal),group_subtotal,,0.0,0.0,SCI Detailed,105,April 2026 Consolidated Accounts.xlsx
2026-04,2026-04-30,NIGERIA,SCI,Motor Vehicle Expenses,(group_subtotal),group_subtotal,,437807.5,437807.5,SCI Detailed,105,April 2026 Consolidated Accounts.xlsx
2026-04,2026-04-30,RWANDA,SCI,Motor Vehicle Expenses,(group_subtotal),group_subtotal,,236988.74,236988.74,SCI Detailed,105,April 2026 Consolidated Accounts.xlsx
2026-04,2026-04-30,ZHL,SCI,Motor Vehicle Expenses,(group_subtotal),group_subtotal,,0.0,0.0,SCI Detailed,105,April 2026 Consolidated Accounts.xlsx
2026-04,2026-04-30,ZATL,SCI,Motor Vehicle Expenses,(group_subtotal),group_subtotal,,28151.19,28151.19,SCI Detailed,105,April 2026 Consolidated Accounts.xlsx
2026-04,2026-04-30,DRC,SCI,Motor Vehicle Expenses,(group_subtotal),group_subtotal,,1035970.39,1035970.39,SCI Detailed,105,April 2026 Consolidated Accounts.xlsx
2026-04,2026-04-30,C&P,SCI,Motor Vehicle Expenses,(group_subtotal),group_subtotal,,0.0,0.0,SCI Detailed,105,April 2026 Consolidated Accounts.xlsx
2026-04,2026-04-30,ZAAC,SCI,General Expenses,VALUE ADDS,detail,general_expenses,0.0,0.0,SCI Detailed,107,April 2026 Consolidated Accounts.xlsx
2026-04,2026-04-30,ZAMRE,SCI,General Expenses,VALUE ADDS,detail,general_expenses,0.0,0.0,SCI Detailed,107,April 2026 Consolidated Accounts.xlsx
2026-04,2026-04-30,ZARIB,SCI,General Expenses,VALUE ADDS,detail,general_expenses,1850681.65,1850681.65,SCI Detailed,107,April 2026 Consolidated Accounts.xlsx
2026-04,2026-04-30,MALAWI,SCI,General Expenses,VALUE ADDS,detail,general_expenses,0.0,0.0,SCI Detailed,107,April 2026 Consolidated Accounts.xlsx
2026-04,2026-04-30,MENA,SCI,General Expenses,VALUE ADDS,detail,general_expenses,0.0,0.0,SCI Detailed,107,April 2026 Consolidated Accounts.xlsx
2026-04,2026-04-30,NIGERIA,SCI,General Expenses,VALUE ADDS,detail,general_expenses,0.0,0.0,SCI Detailed,107,April 2026 Consolidated Accounts.xlsx
2026-04,2026-04-30,RWANDA,SCI,General Expenses,VALUE ADDS,detail,general_expenses,0.0,0.0,SCI Detailed,107,April 2026 Consolidated Accounts.xlsx
2026-04,2026-04-30,ZHL,SCI,General Expenses,VALUE ADDS,detail,general_expenses,0.0,0.0,SCI Detailed,107,April 2026 Consolidated Accounts.xlsx
2026-04,2026-04-30,ZATL,SCI,General Expenses,VALUE ADDS,detail,general_expenses,0.0,0.0,SCI Detailed,107,April 2026 Consolidated Accounts.xlsx
2026-04,2026-04-30,DRC,SCI,General Expenses,VALUE ADDS,detail,general_expenses,0.0,0.0,SCI Detailed,107,April 2026 Consolidated Accounts.xlsx
2026-04,2026-04-30,C&P,SCI,General Expenses,VALUE ADDS,detail,general_expenses,0.0,0.0,SCI Detailed,107,April 2026 Consolidated Accounts.xlsx
2026-04,2026-04-30,ZAAC,SCI,General Expenses,Equip-Maintenance,detail,general_expenses,60325.0,60325.0,SCI Detailed,108,April 2026 Consolidated Accounts.xlsx
2026-04,2026-04-30,ZAMRE,SCI,General Expenses,Equip-Maintenance,detail,general_expenses,0.0,0.0,SCI Detailed,108,April 2026 Consolidated Accounts.xlsx
2026-04,2026-04-30,ZARIB,SCI,General Expenses,Equip-Maintenance,detail,general_expenses,1707.36,1707.36,SCI Detailed,108,April 2026 Consolidated Accounts.xlsx
2026-04,2026-04-30,MALAWI,SCI,General Expenses,Equip-Maintenance,detail,general_expenses,21123.12,21123.12,SCI Detailed,108,April 2026 Consolidated Accounts.xlsx
2026-04,2026-04-30,MENA,SCI,General Expenses,Equip-Maintenance,detail,general_expenses,0.0,0.0,SCI Detailed,108,April 2026 Consolidated Accounts.xlsx
2026-04,2026-04-30,NIGERIA,SCI,General Expenses,Equip-Maintenance,detail,general_expenses,92082.95,92082.95,SCI Detailed,108,April 2026 Consolidated Accounts.xlsx
2026-04,2026-04-30,RWANDA,SCI,General Expenses,Equip-Maintenance,detail,general_expenses,300845.29,300845.29,SCI Detailed,108,April 2026 Consolidated Accounts.xlsx
2026-04,2026-04-30,ZHL,SCI,General Expenses,Equip-Maintenance,detail,general_expenses,0.0,0.0,SCI Detailed,108,April 2026 Consolidated Accounts.xlsx
2026-04,2026-04-30,ZATL,SCI,General Expenses,Equip-Maintenance,detail,general_expenses,0.0,0.0,SCI Detailed,108,April 2026 Consolidated Accounts.xlsx
2026-04,2026-04-30,DRC,SCI,General Expenses,Equip-Maintenance,detail,general_expenses,0.0,0.0,SCI Detailed,108,April 2026 Consolidated Accounts.xlsx
2026-04,2026-04-30,C&P,SCI,General Expenses,Equip-Maintenance,detail,general_expenses,51000.0,51000.0,SCI Detailed,108,April 2026 Consolidated Accounts.xlsx
2026-04,2026-04-30,ZAAC,SCI,General Expenses,Summary:Gen Exp Other,detail,general_expenses,2193845.44,2193845.44,SCI Detailed,109,April 2026 Consolidated Accounts.xlsx
2026-04,2026-04-30,ZAMRE,SCI,General Expenses,Summary:Gen Exp Other,detail,general_expenses,63912.49,63912.49,SCI Detailed,109,April 2026 Consolidated Accounts.xlsx
2026-04,2026-04-30,ZARIB,SCI,General Expenses,Summary:Gen Exp Other,detail,general_expenses,1882499.99,1882499.99,SCI Detailed,109,April 2026 Consolidated Accounts.xlsx
2026-04,2026-04-30,MALAWI,SCI,General Expenses,Summary:Gen Exp Other,detail,general_expenses,0.0,0.0,SCI Detailed,109,April 2026 Consolidated Accounts.xlsx
2026-04,2026-04-30,MENA,SCI,General Expenses,Summary:Gen Exp Other,detail,general_expenses,0.0,0.0,SCI Detailed,109,April 2026 Consolidated Accounts.xlsx
2026-04,2026-04-30,NIGERIA,SCI,General Expenses,Summary:Gen Exp Other,detail,general_expenses,233071.92,233071.92,SCI Detailed,109,April 2026 Consolidated Accounts.xlsx
2026-04,2026-04-30,RWANDA,SCI,General Expenses,Summary:Gen Exp Other,detail,general_expenses,688959.1,688959.1,SCI Detailed,109,April 2026 Consolidated Accounts.xlsx
2026-04,2026-04-30,ZHL,SCI,General Expenses,Summary:Gen Exp Other,detail,general_expenses,179483.85,179483.85,SCI Detailed,109,April 2026 Consolidated Accounts.xlsx
2026-04,2026-04-30,ZATL,SCI,General Expenses,Summary:Gen Exp Other,detail,general_expenses,694524.19,694524.19,SCI Detailed,109,April 2026 Consolidated Accounts.xlsx
2026-04,2026-04-30,DRC,SCI,General Expenses,Summary:Gen Exp Other,detail,general_expenses,1472173.49,1472173.49,SCI Detailed,109,April 2026 Consolidated Accounts.xlsx
2026-04,2026-04-30,C&P,SCI,General Expenses,Summary:Gen Exp Other,detail,general_expenses,2256614.68,2256614.68,SCI Detailed,109,April 2026 Consolidated Accounts.xlsx
2026-04,2026-04-30,ZAAC,SCI,General Expenses,Books & Periodicals,detail,general_expenses,309991.21,309991.21,SCI Detailed,111,April 2026 Consolidated Accounts.xlsx
2026-04,2026-04-30,ZAMRE,SCI,General Expenses,Books & Periodicals,detail,general_expenses,0.0,0.0,SCI Detailed,111,April 2026 Consolidated Accounts.xlsx
2026-04,2026-04-30,ZARIB,SCI,General Expenses,Books & Periodicals,detail,general_expenses,323532.0,323532.0,SCI Detailed,111,April 2026 Consolidated Accounts.xlsx
2026-04,2026-04-30,MALAWI,SCI,General Expenses,Books & Periodicals,detail,general_expenses,0.0,0.0,SCI Detailed,111,April 2026 Consolidated Accounts.xlsx
2026-04,2026-04-30,MENA,SCI,General Expenses,Books & Periodicals,detail,general_expenses,0.0,0.0,SCI Detailed,111,April 2026 Consolidated Accounts.xlsx
2026-04,2026-04-30,NIGERIA,SCI,General Expenses,Books & Periodicals,detail,general_expenses,0.0,0.0,SCI Detailed,111,April 2026 Consolidated Accounts.xlsx
2026-04,2026-04-30,RWANDA,SCI,General Expenses,Books & Periodicals,detail,general_expenses,0.0,0.0,SCI Detailed,111,April 2026 Consolidated Accounts.xlsx
2026-04,2026-04-30,ZHL,SCI,General Expenses,Books & Periodicals,detail,general_expenses,0.0,0.0,SCI Detailed,111,April 2026 Consolidated Accounts.xlsx
2026-04,2026-04-30,ZATL,SCI,General Expenses,Books & Periodicals,detail,general_expenses,0.0,0.0,SCI Detailed,111,April 2026 Consolidated Accounts.xlsx
2026-04,2026-04-30,DRC,SCI,General Expenses,Books & Periodicals,detail,general_expenses,0.0,0.0,SCI Detailed,111,April 2026 Consolidated Accounts.xlsx
2026-04,2026-04-30,C&P,SCI,General Expenses,Books & Periodicals,detail,general_expenses,0.0,0.0,SCI Detailed,111,April 2026 Consolidated Accounts.xlsx
2026-04,2026-04-30,ZAAC,SCI,General Expenses,Subscriptions General,detail,general_expenses,4385286.74,4385286.74,SCI Detailed,112,April 2026 Consolidated Accounts.xlsx
2026-04,2026-04-30,ZAMRE,SCI,General Expenses,Subscriptions General,detail,general_expenses,61346.5,61346.5,SCI Detailed,112,April 2026 Consolidated Accounts.xlsx
2026-04,2026-04-30,ZARIB,SCI,General Expenses,Subscriptions General,detail,general_expenses,2912938.42,2912938.42,SCI Detailed,112,April 2026 Consolidated Accounts.xlsx
2026-04,2026-04-30,MALAWI,SCI,General Expenses,Subscriptions General,detail,general_expenses,275884.73,275884.73,SCI Detailed,112,April 2026 Consolidated Accounts.xlsx
2026-04,2026-04-30,MENA,SCI,General Expenses,Subscriptions General,detail,general_expenses,0.0,0.0,SCI Detailed,112,April 2026 Consolidated Accounts.xlsx
2026-04,2026-04-30,NIGERIA,SCI,General Expenses,Subscriptions General,detail,general_expenses,0.0,0.0,SCI Detailed,112,April 2026 Consolidated Accounts.xlsx
2026-04,2026-04-30,RWANDA,SCI,General Expenses,Subscriptions General,detail,general_expenses,0.0,0.0,SCI Detailed,112,April 2026 Consolidated Accounts.xlsx
2026-04,2026-04-30,ZHL,SCI,General Expenses,Subscriptions General,detail,general_expenses,0.0,0.0,SCI Detailed,112,April 2026 Consolidated Accounts.xlsx
2026-04,2026-04-30,ZATL,SCI,General Expenses,Subscriptions General,detail,general_expenses,1570.94,1570.94,SCI Detailed,112,April 2026 Consolidated Accounts.xlsx
2026-04,2026-04-30,DRC,SCI,General Expenses,Subscriptions General,detail,general_expenses,306411.38,306411.38,SCI Detailed,112,April 2026 Consolidated Accounts.xlsx
2026-04,2026-04-30,C&P,SCI,General Expenses,Subscriptions General,detail,general_expenses,0.0,0.0,SCI Detailed,112,April 2026 Consolidated Accounts.xlsx
2026-04,2026-04-30,ZAAC,SCI,General Expenses,Donations-Charitable,detail,general_expenses,2240000.0,2240000.0,SCI Detailed,114,April 2026 Consolidated Accounts.xlsx
2026-04,2026-04-30,ZAMRE,SCI,General Expenses,Donations-Charitable,detail,general_expenses,0.0,0.0,SCI Detailed,114,April 2026 Consolidated Accounts.xlsx
2026-04,2026-04-30,ZARIB,SCI,General Expenses,Donations-Charitable,detail,general_expenses,500000.0,500000.0,SCI Detailed,114,April 2026 Consolidated Accounts.xlsx
2026-04,2026-04-30,MALAWI,SCI,General Expenses,Donations-Charitable,detail,general_expenses,0.0,0.0,SCI Detailed,114,April 2026 Consolidated Accounts.xlsx
2026-04,2026-04-30,MENA,SCI,General Expenses,Donations-Charitable,detail,general_expenses,0.0,0.0,SCI Detailed,114,April 2026 Consolidated Accounts.xlsx
2026-04,2026-04-30,NIGERIA,SCI,General Expenses,Donations-Charitable,detail,general_expenses,0.0,0.0,SCI Detailed,114,April 2026 Consolidated Accounts.xlsx
2026-04,2026-04-30,RWANDA,SCI,General Expenses,Donations-Charitable,detail,general_expenses,0.0,0.0,SCI Detailed,114,April 2026 Consolidated Accounts.xlsx
2026-04,2026-04-30,ZHL,SCI,General Expenses,Donations-Charitable,detail,general_expenses,0.0,0.0,SCI Detailed,114,April 2026 Consolidated Accounts.xlsx
2026-04,2026-04-30,ZATL,SCI,General Expenses,Donations-Charitable,detail,general_expenses,0.0,0.0,SCI Detailed,114,April 2026 Consolidated Accounts.xlsx
2026-04,2026-04-30,DRC,SCI,General Expenses,Donations-Charitable,detail,general_expenses,0.0,0.0,SCI Detailed,114,April 2026 Consolidated Accounts.xlsx
2026-04,2026-04-30,C&P,SCI,General Expenses,Donations-Charitable,detail,general_expenses,0.0,0.0,SCI Detailed,114,April 2026 Consolidated Accounts.xlsx
2026-04,2026-04-30,ZAAC,SCI,General Expenses,STAFF WELFARE,detail,general_expenses,189000.0,189000.0,SCI Detailed,115,April 2026 Consolidated Accounts.xlsx
2026-04,2026-04-30,ZAAC,SCI,General Expenses,Bank Charges,detail,general_expenses,38585.44,38585.44,SCI Detailed,116,April 2026 Consolidated Accounts.xlsx
2026-04,2026-04-30,ZAMRE,SCI,General Expenses,Bank Charges,detail,general_expenses,0.0,0.0,SCI Detailed,116,April 2026 Consolidated Accounts.xlsx
2026-04,2026-04-30,ZARIB,SCI,General Expenses,Bank Charges,detail,general_expenses,1154380.69,1154380.69,SCI Detailed,116,April 2026 Consolidated Accounts.xlsx
2026-04,2026-04-30,MALAWI,SCI,General Expenses,Bank Charges,detail,general_expenses,139738.23,139738.23,SCI Detailed,116,April 2026 Consolidated Accounts.xlsx
2026-04,2026-04-30,MENA,SCI,General Expenses,Bank Charges,detail,general_expenses,1113983.22,1113983.22,SCI Detailed,116,April 2026 Consolidated Accounts.xlsx
2026-04,2026-04-30,NIGERIA,SCI,General Expenses,Bank Charges,detail,general_expenses,30737.43,30737.43,SCI Detailed,116,April 2026 Consolidated Accounts.xlsx
2026-04,2026-04-30,RWANDA,SCI,General Expenses,Bank Charges,detail,general_expenses,42689.08,42689.08,SCI Detailed,116,April 2026 Consolidated Accounts.xlsx
2026-04,2026-04-30,ZHL,SCI,General Expenses,Bank Charges,detail,general_expenses,8086.25,8086.25,SCI Detailed,116,April 2026 Consolidated Accounts.xlsx
2026-04,2026-04-30,ZATL,SCI,General Expenses,Bank Charges,detail,general_expenses,55166.0,55166.0,SCI Detailed,116,April 2026 Consolidated Accounts.xlsx
2026-04,2026-04-30,DRC,SCI,General Expenses,Bank Charges,detail,general_expenses,824408.21,824408.21,SCI Detailed,116,April 2026 Consolidated Accounts.xlsx
2026-04,2026-04-30,C&P,SCI,General Expenses,Bank Charges,detail,general_expenses,11807.5,11807.5,SCI Detailed,116,April 2026 Consolidated Accounts.xlsx
2026-04,2026-04-30,ZAAC,SCI,General Expenses,(group_subtotal),group_subtotal,,9417033.83,9417033.83,SCI Detailed,117,April 2026 Consolidated Accounts.xlsx
2026-04,2026-04-30,ZAMRE,SCI,General Expenses,(group_subtotal),group_subtotal,,125258.99,125258.99,SCI Detailed,117,April 2026 Consolidated Accounts.xlsx
2026-04,2026-04-30,ZARIB,SCI,General Expenses,(group_subtotal),group_subtotal,,8625740.11,8625740.11,SCI Detailed,117,April 2026 Consolidated Accounts.xlsx
2026-04,2026-04-30,MALAWI,SCI,General Expenses,(group_subtotal),group_subtotal,,436746.08,436746.08,SCI Detailed,117,April 2026 Consolidated Accounts.xlsx
2026-04,2026-04-30,MENA,SCI,General Expenses,(group_subtotal),group_subtotal,,1113983.22,1113983.22,SCI Detailed,117,April 2026 Consolidated Accounts.xlsx
2026-04,2026-04-30,NIGERIA,SCI,General Expenses,(group_subtotal),group_subtotal,,355892.3,355892.3,SCI Detailed,117,April 2026 Consolidated Accounts.xlsx
2026-04,2026-04-30,RWANDA,SCI,General Expenses,(group_subtotal),group_subtotal,,1032493.46,1032493.46,SCI Detailed,117,April 2026 Consolidated Accounts.xlsx
2026-04,2026-04-30,ZHL,SCI,General Expenses,(group_subtotal),group_subtotal,,187570.1,187570.1,SCI Detailed,117,April 2026 Consolidated Accounts.xlsx
2026-04,2026-04-30,ZATL,SCI,General Expenses,(group_subtotal),group_subtotal,,751261.13,751261.13,SCI Detailed,117,April 2026 Consolidated Accounts.xlsx
2026-04,2026-04-30,DRC,SCI,General Expenses,(group_subtotal),group_subtotal,,2602993.07,2602993.07,SCI Detailed,117,April 2026 Consolidated Accounts.xlsx
2026-04,2026-04-30,C&P,SCI,General Expenses,(group_subtotal),group_subtotal,,2319422.18,2319422.18,SCI Detailed,117,April 2026 Consolidated Accounts.xlsx
2026-04,2026-04-30,ZAAC,SCI,Finance cost,Int paid others,detail,finance_costs,441639.72,441639.72,SCI Detailed,119,April 2026 Consolidated Accounts.xlsx
2026-04,2026-04-30,ZAMRE,SCI,Finance cost,Int paid others,detail,finance_costs,0.0,0.0,SCI Detailed,119,April 2026 Consolidated Accounts.xlsx
2026-04,2026-04-30,ZARIB,SCI,Finance cost,Int paid others,detail,finance_costs,0.0,0.0,SCI Detailed,119,April 2026 Consolidated Accounts.xlsx
2026-04,2026-04-30,MALAWI,SCI,Finance cost,Int paid others,detail,finance_costs,0.0,0.0,SCI Detailed,119,April 2026 Consolidated Accounts.xlsx
2026-04,2026-04-30,MENA,SCI,Finance cost,Int paid others,detail,finance_costs,0.0,0.0,SCI Detailed,119,April 2026 Consolidated Accounts.xlsx
2026-04,2026-04-30,NIGERIA,SCI,Finance cost,Int paid others,detail,finance_costs,0.0,0.0,SCI Detailed,119,April 2026 Consolidated Accounts.xlsx
2026-04,2026-04-30,RWANDA,SCI,Finance cost,Int paid others,detail,finance_costs,0.0,0.0,SCI Detailed,119,April 2026 Consolidated Accounts.xlsx
2026-04,2026-04-30,ZHL,SCI,Finance cost,Int paid others,detail,finance_costs,0.0,0.0,SCI Detailed,119,April 2026 Consolidated Accounts.xlsx
2026-04,2026-04-30,ZATL,SCI,Finance cost,Int paid others,detail,finance_costs,0.0,0.0,SCI Detailed,119,April 2026 Consolidated Accounts.xlsx
2026-04,2026-04-30,DRC,SCI,Finance cost,Int paid others,detail,finance_costs,0.0,0.0,SCI Detailed,119,April 2026 Consolidated Accounts.xlsx
2026-04,2026-04-30,C&P,SCI,Finance cost,Int paid others,detail,finance_costs,0.0,0.0,SCI Detailed,119,April 2026 Consolidated Accounts.xlsx
2026-04,2026-04-30,ZAAC,SCI,Finance cost,Fin Charges Paid,detail,finance_costs,199122.75,199122.75,SCI Detailed,120,April 2026 Consolidated Accounts.xlsx
2026-04,2026-04-30,ZAMRE,SCI,Finance cost,Fin Charges Paid,detail,finance_costs,6384.48,6384.48,SCI Detailed,120,April 2026 Consolidated Accounts.xlsx
2026-04,2026-04-30,ZARIB,SCI,Finance cost,Fin Charges Paid,detail,finance_costs,1720318.26,1720318.26,SCI Detailed,120,April 2026 Consolidated Accounts.xlsx
2026-04,2026-04-30,MALAWI,SCI,Finance cost,Fin Charges Paid,detail,finance_costs,0.0,0.0,SCI Detailed,120,April 2026 Consolidated Accounts.xlsx
2026-04,2026-04-30,MENA,SCI,Finance cost,Fin Charges Paid,detail,finance_costs,0.0,0.0,SCI Detailed,120,April 2026 Consolidated Accounts.xlsx
2026-04,2026-04-30,NIGERIA,SCI,Finance cost,Fin Charges Paid,detail,finance_costs,0.0,0.0,SCI Detailed,120,April 2026 Consolidated Accounts.xlsx
2026-04,2026-04-30,RWANDA,SCI,Finance cost,Fin Charges Paid,detail,finance_costs,0.0,0.0,SCI Detailed,120,April 2026 Consolidated Accounts.xlsx
2026-04,2026-04-30,ZHL,SCI,Finance cost,Fin Charges Paid,detail,finance_costs,0.0,0.0,SCI Detailed,120,April 2026 Consolidated Accounts.xlsx
2026-04,2026-04-30,ZATL,SCI,Finance cost,Fin Charges Paid,detail,finance_costs,0.0,0.0,SCI Detailed,120,April 2026 Consolidated Accounts.xlsx
2026-04,2026-04-30,DRC,SCI,Finance cost,Fin Charges Paid,detail,finance_costs,0.0,0.0,SCI Detailed,120,April 2026 Consolidated Accounts.xlsx
2026-04,2026-04-30,C&P,SCI,Finance cost,Fin Charges Paid,detail,finance_costs,0.0,0.0,SCI Detailed,120,April 2026 Consolidated Accounts.xlsx
2026-04,2026-04-30,ZAAC,SCI,Finance cost,(group_subtotal),group_subtotal,,640762.47,640762.47,SCI Detailed,121,April 2026 Consolidated Accounts.xlsx
2026-04,2026-04-30,ZAMRE,SCI,Finance cost,(group_subtotal),group_subtotal,,6384.48,6384.48,SCI Detailed,121,April 2026 Consolidated Accounts.xlsx
2026-04,2026-04-30,ZARIB,SCI,Finance cost,(group_subtotal),group_subtotal,,1720318.26,1720318.26,SCI Detailed,121,April 2026 Consolidated Accounts.xlsx
2026-04,2026-04-30,MALAWI,SCI,Finance cost,(group_subtotal),group_subtotal,,0.0,0.0,SCI Detailed,121,April 2026 Consolidated Accounts.xlsx
2026-04,2026-04-30,MENA,SCI,Finance cost,(group_subtotal),group_subtotal,,0.0,0.0,SCI Detailed,121,April 2026 Consolidated Accounts.xlsx
2026-04,2026-04-30,NIGERIA,SCI,Finance cost,(group_subtotal),group_subtotal,,0.0,0.0,SCI Detailed,121,April 2026 Consolidated Accounts.xlsx
2026-04,2026-04-30,RWANDA,SCI,Finance cost,(group_subtotal),group_subtotal,,0.0,0.0,SCI Detailed,121,April 2026 Consolidated Accounts.xlsx
2026-04,2026-04-30,ZHL,SCI,Finance cost,(group_subtotal),group_subtotal,,0.0,0.0,SCI Detailed,121,April 2026 Consolidated Accounts.xlsx
2026-04,2026-04-30,ZATL,SCI,Finance cost,(group_subtotal),group_subtotal,,0.0,0.0,SCI Detailed,121,April 2026 Consolidated Accounts.xlsx
2026-04,2026-04-30,DRC,SCI,Finance cost,(group_subtotal),group_subtotal,,0.0,0.0,SCI Detailed,121,April 2026 Consolidated Accounts.xlsx
2026-04,2026-04-30,C&P,SCI,Finance cost,(group_subtotal),group_subtotal,,0.0,0.0,SCI Detailed,121,April 2026 Consolidated Accounts.xlsx
2026-04,2026-04-30,ZAAC,SCI,Taxation,Taxation expense,detail,taxation,26889216.56,26889216.56,SCI Detailed,123,April 2026 Consolidated Accounts.xlsx
2026-04,2026-04-30,ZAMRE,SCI,Taxation,Taxation expense,detail,taxation,5825870.95,5825870.95,SCI Detailed,123,April 2026 Consolidated Accounts.xlsx
2026-04,2026-04-30,ZARIB,SCI,Taxation,Taxation expense,detail,taxation,180384968.65,180384968.65,SCI Detailed,123,April 2026 Consolidated Accounts.xlsx
2026-04,2026-04-30,MALAWI,SCI,Taxation,Taxation expense,detail,taxation,12381364.95,12381364.95,SCI Detailed,123,April 2026 Consolidated Accounts.xlsx
2026-04,2026-04-30,MENA,SCI,Taxation,Taxation expense,detail,taxation,0.0,0.0,SCI Detailed,123,April 2026 Consolidated Accounts.xlsx
2026-04,2026-04-30,NIGERIA,SCI,Taxation,Taxation expense,detail,taxation,4441295.6,4441295.6,SCI Detailed,123,April 2026 Consolidated Accounts.xlsx
2026-04,2026-04-30,RWANDA,SCI,Taxation,Taxation expense,detail,taxation,455475.97,455475.97,SCI Detailed,123,April 2026 Consolidated Accounts.xlsx
2026-04,2026-04-30,ZHL,SCI,Taxation,Taxation expense,detail,taxation,0.0,0.0,SCI Detailed,123,April 2026 Consolidated Accounts.xlsx
2026-04,2026-04-30,ZATL,SCI,Taxation,Taxation expense,detail,taxation,1033088.63,1033088.63,SCI Detailed,123,April 2026 Consolidated Accounts.xlsx
2026-04,2026-04-30,DRC,SCI,Taxation,Taxation expense,detail,taxation,0.0,0.0,SCI Detailed,123,April 2026 Consolidated Accounts.xlsx
2026-04,2026-04-30,C&P,SCI,Taxation,Taxation expense,detail,taxation,3601521.98,3601521.98,SCI Detailed,123,April 2026 Consolidated Accounts.xlsx
2026-04,2026-04-30,ZAAC,SCI,Taxation,(group_subtotal),group_subtotal,,26889216.56,26889216.56,SCI Detailed,124,April 2026 Consolidated Accounts.xlsx
2026-04,2026-04-30,ZAMRE,SCI,Taxation,(group_subtotal),group_subtotal,,5825870.95,5825870.95,SCI Detailed,124,April 2026 Consolidated Accounts.xlsx
2026-04,2026-04-30,ZARIB,SCI,Taxation,(group_subtotal),group_subtotal,,180384968.65,180384968.65,SCI Detailed,124,April 2026 Consolidated Accounts.xlsx
2026-04,2026-04-30,MALAWI,SCI,Taxation,(group_subtotal),group_subtotal,,12381364.95,12381364.95,SCI Detailed,124,April 2026 Consolidated Accounts.xlsx
2026-04,2026-04-30,MENA,SCI,Taxation,(group_subtotal),group_subtotal,,0.0,0.0,SCI Detailed,124,April 2026 Consolidated Accounts.xlsx
2026-04,2026-04-30,NIGERIA,SCI,Taxation,(group_subtotal),group_subtotal,,4441295.6,4441295.6,SCI Detailed,124,April 2026 Consolidated Accounts.xlsx
2026-04,2026-04-30,RWANDA,SCI,Taxation,(group_subtotal),group_subtotal,,455475.97,455475.97,SCI Detailed,124,April 2026 Consolidated Accounts.xlsx
2026-04,2026-04-30,ZHL,SCI,Taxation,(group_subtotal),group_subtotal,,0.0,0.0,SCI Detailed,124,April 2026 Consolidated Accounts.xlsx
2026-04,2026-04-30,ZATL,SCI,Taxation,(group_subtotal),group_subtotal,,1033088.63,1033088.63,SCI Detailed,124,April 2026 Consolidated Accounts.xlsx
2026-04,2026-04-30,DRC,SCI,Taxation,(group_subtotal),group_subtotal,,0.0,0.0,SCI Detailed,124,April 2026 Consolidated Accounts.xlsx
2026-04,2026-04-30,C&P,SCI,Taxation,(group_subtotal),group_subtotal,,3601521.98,3601521.98,SCI Detailed,124,April 2026 Consolidated Accounts.xlsx
2026-04,2026-04-30,ZAAC,SCI,Taxation,Management Expense,detail,management_expense,0.0,0.0,SCI Detailed,126,April 2026 Consolidated Accounts.xlsx
2026-04,2026-04-30,ZAMRE,SCI,Taxation,Management Expense,detail,management_expense,0.0,0.0,SCI Detailed,126,April 2026 Consolidated Accounts.xlsx
2026-04,2026-04-30,ZARIB,SCI,Taxation,Management Expense,detail,management_expense,0.0,0.0,SCI Detailed,126,April 2026 Consolidated Accounts.xlsx
2026-04,2026-04-30,MALAWI,SCI,Taxation,Management Expense,detail,management_expense,5675148.43,5675148.43,SCI Detailed,126,April 2026 Consolidated Accounts.xlsx
2026-04,2026-04-30,MENA,SCI,Taxation,Management Expense,detail,management_expense,0.0,0.0,SCI Detailed,126,April 2026 Consolidated Accounts.xlsx
2026-04,2026-04-30,NIGERIA,SCI,Taxation,Management Expense,detail,management_expense,1743580.55,1743580.55,SCI Detailed,126,April 2026 Consolidated Accounts.xlsx
2026-04,2026-04-30,RWANDA,SCI,Taxation,Management Expense,detail,management_expense,0.0,0.0,SCI Detailed,126,April 2026 Consolidated Accounts.xlsx
2026-04,2026-04-30,ZHL,SCI,Taxation,Management Expense,detail,management_expense,0.0,0.0,SCI Detailed,126,April 2026 Consolidated Accounts.xlsx
2026-04,2026-04-30,ZATL,SCI,Taxation,Management Expense,detail,management_expense,447442.59,447442.59,SCI Detailed,126,April 2026 Consolidated Accounts.xlsx
2026-04,2026-04-30,DRC,SCI,Taxation,Management Expense,detail,management_expense,633596.67,633596.67,SCI Detailed,126,April 2026 Consolidated Accounts.xlsx
2026-04,2026-04-30,C&P,SCI,Taxation,Management Expense,detail,management_expense,0.0,0.0,SCI Detailed,126,April 2026 Consolidated Accounts.xlsx
2026-04,2026-04-30,ZAAC,SCI,Taxation,(group_subtotal),group_subtotal,,0.0,0.0,SCI Detailed,127,April 2026 Consolidated Accounts.xlsx
2026-04,2026-04-30,ZAMRE,SCI,Taxation,(group_subtotal),group_subtotal,,0.0,0.0,SCI Detailed,127,April 2026 Consolidated Accounts.xlsx
2026-04,2026-04-30,ZARIB,SCI,Taxation,(group_subtotal),group_subtotal,,0.0,0.0,SCI Detailed,127,April 2026 Consolidated Accounts.xlsx
2026-04,2026-04-30,MALAWI,SCI,Taxation,(group_subtotal),group_subtotal,,5675148.43,5675148.43,SCI Detailed,127,April 2026 Consolidated Accounts.xlsx
2026-04,2026-04-30,MENA,SCI,Taxation,(group_subtotal),group_subtotal,,0.0,0.0,SCI Detailed,127,April 2026 Consolidated Accounts.xlsx
2026-04,2026-04-30,NIGERIA,SCI,Taxation,(group_subtotal),group_subtotal,,1743580.55,1743580.55,SCI Detailed,127,April 2026 Consolidated Accounts.xlsx
2026-04,2026-04-30,RWANDA,SCI,Taxation,(group_subtotal),group_subtotal,,0.0,0.0,SCI Detailed,127,April 2026 Consolidated Accounts.xlsx
2026-04,2026-04-30,ZHL,SCI,Taxation,(group_subtotal),group_subtotal,,0.0,0.0,SCI Detailed,127,April 2026 Consolidated Accounts.xlsx
2026-04,2026-04-30,ZATL,SCI,Taxation,(group_subtotal),group_subtotal,,447442.59,447442.59,SCI Detailed,127,April 2026 Consolidated Accounts.xlsx
2026-04,2026-04-30,DRC,SCI,Taxation,(group_subtotal),group_subtotal,,633596.67,633596.67,SCI Detailed,127,April 2026 Consolidated Accounts.xlsx
2026-04,2026-04-30,C&P,SCI,Taxation,(group_subtotal),group_subtotal,,0.0,0.0,SCI Detailed,127,April 2026 Consolidated Accounts.xlsx
2026-04,2026-04-30,ZAAC,SCI,Taxation,Total Expenses,total,,356326995.75,356326995.75,SCI Detailed,130,April 2026 Consolidated Accounts.xlsx
2026-04,2026-04-30,ZAMRE,SCI,Taxation,Total Expenses,total,,13370082.16,13370082.16,SCI Detailed,130,April 2026 Consolidated Accounts.xlsx
2026-04,2026-04-30,ZARIB,SCI,Taxation,Total Expenses,total,,252604967.68,252604967.68,SCI Detailed,130,April 2026 Consolidated Accounts.xlsx
2026-04,2026-04-30,MALAWI,SCI,Taxation,Total Expenses,total,,35526533.51,35526533.51,SCI Detailed,130,April 2026 Consolidated Accounts.xlsx
2026-04,2026-04-30,MENA,SCI,Taxation,Total Expenses,total,,45888860.63,45888860.63,SCI Detailed,130,April 2026 Consolidated Accounts.xlsx
2026-04,2026-04-30,NIGERIA,SCI,Taxation,Total Expenses,total,,14796118.03,14796118.03,SCI Detailed,130,April 2026 Consolidated Accounts.xlsx
2026-04,2026-04-30,RWANDA,SCI,Taxation,Total Expenses,total,,19338557.21,19338557.21,SCI Detailed,130,April 2026 Consolidated Accounts.xlsx
2026-04,2026-04-30,ZHL,SCI,Taxation,Total Expenses,total,,19863487.56,19863487.56,SCI Detailed,130,April 2026 Consolidated Accounts.xlsx
2026-04,2026-04-30,ZATL,SCI,Taxation,Total Expenses,total,,4058811.86,4058811.86,SCI Detailed,130,April 2026 Consolidated Accounts.xlsx
2026-04,2026-04-30,DRC,SCI,Taxation,Total Expenses,total,,29342939.73,29342939.73,SCI Detailed,130,April 2026 Consolidated Accounts.xlsx
2026-04,2026-04-30,C&P,SCI,Taxation,Total Expenses,total,,4767335.82,4767335.82,SCI Detailed,130,April 2026 Consolidated Accounts.xlsx
2026-04,2026-04-30,ZAAC,SCI,Taxation,Profit Before Tax,total,,-89630721.85,-89630721.85,SCI Detailed,132,April 2026 Consolidated Accounts.xlsx
2026-04,2026-04-30,ZAMRE,SCI,Taxation,Profit Before Tax,total,,-19419569.84,-19419569.84,SCI Detailed,132,April 2026 Consolidated Accounts.xlsx
2026-04,2026-04-30,ZARIB,SCI,Taxation,Profit Before Tax,total,,-601283229.2,-601283229.2,SCI Detailed,132,April 2026 Consolidated Accounts.xlsx
2026-04,2026-04-30,MALAWI,SCI,Taxation,Profit Before Tax,total,,-39226851.7,-39226851.7,SCI Detailed,132,April 2026 Consolidated Accounts.xlsx
2026-04,2026-04-30,MENA,SCI,Taxation,Profit Before Tax,total,,20392976.77,20392976.77,SCI Detailed,132,April 2026 Consolidated Accounts.xlsx
2026-04,2026-04-30,NIGERIA,SCI,Taxation,Profit Before Tax,total,,-14804318.66,-14804318.66,SCI Detailed,132,April 2026 Consolidated Accounts.xlsx
2026-04,2026-04-30,RWANDA,SCI,Taxation,Profit Before Tax,total,,-1518253.25,-1518253.25,SCI Detailed,132,April 2026 Consolidated Accounts.xlsx
2026-04,2026-04-30,ZHL,SCI,Taxation,Profit Before Tax,total,,19754747.93,19754747.93,SCI Detailed,132,April 2026 Consolidated Accounts.xlsx
2026-04,2026-04-30,ZATL,SCI,Taxation,Profit Before Tax,total,,-3443628.77,-3443628.77,SCI Detailed,132,April 2026 Consolidated Accounts.xlsx
2026-04,2026-04-30,DRC,SCI,Taxation,Profit Before Tax,total,,6551311.79,6551311.79,SCI Detailed,132,April 2026 Consolidated Accounts.xlsx
2026-04,2026-04-30,C&P,SCI,Taxation,Profit Before Tax,total,,-12005073.25,-12005073.25,SCI Detailed,132,April 2026 Consolidated Accounts.xlsx
2026-04,2026-04-30,ZAAC,SCI,Taxation,Profit After Tax,total,,-62741505.3,-62741505.3,SCI Detailed,134,April 2026 Consolidated Accounts.xlsx
2026-04,2026-04-30,ZAMRE,SCI,Taxation,Profit After Tax,total,,-13593698.89,-13593698.89,SCI Detailed,134,April 2026 Consolidated Accounts.xlsx
2026-04,2026-04-30,ZARIB,SCI,Taxation,Profit After Tax,total,,-420898260.55,-420898260.55,SCI Detailed,134,April 2026 Consolidated Accounts.xlsx
2026-04,2026-04-30,MALAWI,SCI,Taxation,Profit After Tax,total,,-26845486.75,-26845486.75,SCI Detailed,134,April 2026 Consolidated Accounts.xlsx
2026-04,2026-04-30,MENA,SCI,Taxation,Profit After Tax,total,,20392976.77,20392976.77,SCI Detailed,134,April 2026 Consolidated Accounts.xlsx
2026-04,2026-04-30,NIGERIA,SCI,Taxation,Profit After Tax,total,,-10363023.06,-10363023.06,SCI Detailed,134,April 2026 Consolidated Accounts.xlsx
2026-04,2026-04-30,RWANDA,SCI,Taxation,Profit After Tax,total,,-1062777.27,-1062777.27,SCI Detailed,134,April 2026 Consolidated Accounts.xlsx
2026-04,2026-04-30,ZHL,SCI,Taxation,Profit After Tax,total,,19754747.93,19754747.93,SCI Detailed,134,April 2026 Consolidated Accounts.xlsx
2026-04,2026-04-30,ZATL,SCI,Taxation,Profit After Tax,total,,-2410540.14,-2410540.14,SCI Detailed,134,April 2026 Consolidated Accounts.xlsx
2026-04,2026-04-30,DRC,SCI,Taxation,Profit After Tax,total,,6551311.79,6551311.79,SCI Detailed,134,April 2026 Consolidated Accounts.xlsx
2026-04,2026-04-30,C&P,SCI,Taxation,Profit After Tax,total,,-8403551.28,-8403551.28,SCI Detailed,134,April 2026 Consolidated Accounts.xlsx
2026-04,2026-04-30,ZAAC,SFP,Non-Current Assets,"Property, Plant and Equipment",detail,ppe,95850900.55,95850900.55,SFP Detailed,8,April 2026 Consolidated Accounts.xlsx
2026-04,2026-04-30,ZAMRE,SFP,Non-Current Assets,"Property, Plant and Equipment",detail,ppe,0.0,0.0,SFP Detailed,8,April 2026 Consolidated Accounts.xlsx
2026-04,2026-04-30,ZARIB,SFP,Non-Current Assets,"Property, Plant and Equipment",detail,ppe,65368530.77,65368530.77,SFP Detailed,8,April 2026 Consolidated Accounts.xlsx
2026-04,2026-04-30,MALAWI,SFP,Non-Current Assets,"Property, Plant and Equipment",detail,ppe,12526030.29,12526030.29,SFP Detailed,8,April 2026 Consolidated Accounts.xlsx
2026-04,2026-04-30,MENA,SFP,Non-Current Assets,"Property, Plant and Equipment",detail,ppe,10277774.58,10277774.58,SFP Detailed,8,April 2026 Consolidated Accounts.xlsx
2026-04,2026-04-30,NIGERIA,SFP,Non-Current Assets,"Property, Plant and Equipment",detail,ppe,3572097.24,3572097.24,SFP Detailed,8,April 2026 Consolidated Accounts.xlsx
2026-04,2026-04-30,RWANDA,SFP,Non-Current Assets,"Property, Plant and Equipment",detail,ppe,8735737.59,8735737.59,SFP Detailed,8,April 2026 Consolidated Accounts.xlsx
2026-04,2026-04-30,ZHL,SFP,Non-Current Assets,"Property, Plant and Equipment",detail,ppe,0.0,0.0,SFP Detailed,8,April 2026 Consolidated Accounts.xlsx
2026-04,2026-04-30,ZATL,SFP,Non-Current Assets,"Property, Plant and Equipment",detail,ppe,302491.9,302491.9,SFP Detailed,8,April 2026 Consolidated Accounts.xlsx
2026-04,2026-04-30,DRC,SFP,Non-Current Assets,"Property, Plant and Equipment",detail,ppe,12040042.91,12040042.91,SFP Detailed,8,April 2026 Consolidated Accounts.xlsx
2026-04,2026-04-30,C&P,SFP,Non-Current Assets,"Property, Plant and Equipment",detail,ppe,0.0,0.0,SFP Detailed,8,April 2026 Consolidated Accounts.xlsx
2026-04,2026-04-30,ZAAC,SFP,Non-Current Assets,Intangible assets - computer software,detail,computer_software,20958755.78,20958755.78,SFP Detailed,9,April 2026 Consolidated Accounts.xlsx
2026-04,2026-04-30,ZAMRE,SFP,Non-Current Assets,Intangible assets - computer software,detail,computer_software,4674000.0,4674000.0,SFP Detailed,9,April 2026 Consolidated Accounts.xlsx
2026-04,2026-04-30,ZARIB,SFP,Non-Current Assets,Intangible assets - computer software,detail,computer_software,22565801.83,22565801.83,SFP Detailed,9,April 2026 Consolidated Accounts.xlsx
2026-04,2026-04-30,MALAWI,SFP,Non-Current Assets,Intangible assets - computer software,detail,computer_software,10165013.43,10165013.43,SFP Detailed,9,April 2026 Consolidated Accounts.xlsx
2026-04,2026-04-30,MENA,SFP,Non-Current Assets,Intangible assets - computer software,detail,computer_software,0.0,0.0,SFP Detailed,9,April 2026 Consolidated Accounts.xlsx
2026-04,2026-04-30,NIGERIA,SFP,Non-Current Assets,Intangible assets - computer software,detail,computer_software,0.0,0.0,SFP Detailed,9,April 2026 Consolidated Accounts.xlsx
2026-04,2026-04-30,RWANDA,SFP,Non-Current Assets,Intangible assets - computer software,detail,computer_software,3469897.51,3469897.51,SFP Detailed,9,April 2026 Consolidated Accounts.xlsx
2026-04,2026-04-30,ZHL,SFP,Non-Current Assets,Intangible assets - computer software,detail,computer_software,0.0,0.0,SFP Detailed,9,April 2026 Consolidated Accounts.xlsx
2026-04,2026-04-30,ZATL,SFP,Non-Current Assets,Intangible assets - computer software,detail,computer_software,0.0,0.0,SFP Detailed,9,April 2026 Consolidated Accounts.xlsx
2026-04,2026-04-30,DRC,SFP,Non-Current Assets,Intangible assets - computer software,detail,computer_software,0.0,0.0,SFP Detailed,9,April 2026 Consolidated Accounts.xlsx
2026-04,2026-04-30,C&P,SFP,Non-Current Assets,Intangible assets - computer software,detail,computer_software,0.0,0.0,SFP Detailed,9,April 2026 Consolidated Accounts.xlsx
2026-04,2026-04-30,ZAAC,SFP,Non-Current Assets,Intangible assets - goodwill,detail,goodwill,3641525.26,3641525.26,SFP Detailed,10,April 2026 Consolidated Accounts.xlsx
2026-04,2026-04-30,ZAMRE,SFP,Non-Current Assets,Intangible assets - goodwill,detail,goodwill,0.0,0.0,SFP Detailed,10,April 2026 Consolidated Accounts.xlsx
2026-04,2026-04-30,ZARIB,SFP,Non-Current Assets,Intangible assets - goodwill,detail,goodwill,0.0,0.0,SFP Detailed,10,April 2026 Consolidated Accounts.xlsx
2026-04,2026-04-30,MALAWI,SFP,Non-Current Assets,Intangible assets - goodwill,detail,goodwill,0.0,0.0,SFP Detailed,10,April 2026 Consolidated Accounts.xlsx
2026-04,2026-04-30,MENA,SFP,Non-Current Assets,Intangible assets - goodwill,detail,goodwill,0.0,0.0,SFP Detailed,10,April 2026 Consolidated Accounts.xlsx
2026-04,2026-04-30,NIGERIA,SFP,Non-Current Assets,Intangible assets - goodwill,detail,goodwill,0.0,0.0,SFP Detailed,10,April 2026 Consolidated Accounts.xlsx
2026-04,2026-04-30,RWANDA,SFP,Non-Current Assets,Intangible assets - goodwill,detail,goodwill,0.0,0.0,SFP Detailed,10,April 2026 Consolidated Accounts.xlsx
2026-04,2026-04-30,ZHL,SFP,Non-Current Assets,Intangible assets - goodwill,detail,goodwill,0.0,0.0,SFP Detailed,10,April 2026 Consolidated Accounts.xlsx
2026-04,2026-04-30,ZATL,SFP,Non-Current Assets,Intangible assets - goodwill,detail,goodwill,0.0,0.0,SFP Detailed,10,April 2026 Consolidated Accounts.xlsx
2026-04,2026-04-30,DRC,SFP,Non-Current Assets,Intangible assets - goodwill,detail,goodwill,0.0,0.0,SFP Detailed,10,April 2026 Consolidated Accounts.xlsx
2026-04,2026-04-30,C&P,SFP,Non-Current Assets,Intangible assets - goodwill,detail,goodwill,0.0,0.0,SFP Detailed,10,April 2026 Consolidated Accounts.xlsx
2026-04,2026-04-30,ZAAC,SFP,Non-Current Assets,Investment in associate,detail,investment_in_associate,0.0,0.0,SFP Detailed,11,April 2026 Consolidated Accounts.xlsx
2026-04,2026-04-30,ZAMRE,SFP,Non-Current Assets,Investment in associate,detail,investment_in_associate,0.0,0.0,SFP Detailed,11,April 2026 Consolidated Accounts.xlsx
2026-04,2026-04-30,ZARIB,SFP,Non-Current Assets,Investment in associate,detail,investment_in_associate,0.0,0.0,SFP Detailed,11,April 2026 Consolidated Accounts.xlsx
2026-04,2026-04-30,MALAWI,SFP,Non-Current Assets,Investment in associate,detail,investment_in_associate,0.0,0.0,SFP Detailed,11,April 2026 Consolidated Accounts.xlsx
2026-04,2026-04-30,MENA,SFP,Non-Current Assets,Investment in associate,detail,investment_in_associate,0.0,0.0,SFP Detailed,11,April 2026 Consolidated Accounts.xlsx
2026-04,2026-04-30,NIGERIA,SFP,Non-Current Assets,Investment in associate,detail,investment_in_associate,0.0,0.0,SFP Detailed,11,April 2026 Consolidated Accounts.xlsx
2026-04,2026-04-30,RWANDA,SFP,Non-Current Assets,Investment in associate,detail,investment_in_associate,0.0,0.0,SFP Detailed,11,April 2026 Consolidated Accounts.xlsx
2026-04,2026-04-30,ZHL,SFP,Non-Current Assets,Investment in associate,detail,investment_in_associate,15969831.66,15969831.66,SFP Detailed,11,April 2026 Consolidated Accounts.xlsx
2026-04,2026-04-30,ZATL,SFP,Non-Current Assets,Investment in associate,detail,investment_in_associate,0.0,0.0,SFP Detailed,11,April 2026 Consolidated Accounts.xlsx
2026-04,2026-04-30,DRC,SFP,Non-Current Assets,Investment in associate,detail,investment_in_associate,0.0,0.0,SFP Detailed,11,April 2026 Consolidated Accounts.xlsx
2026-04,2026-04-30,C&P,SFP,Non-Current Assets,Investment in associate,detail,investment_in_associate,0.0,0.0,SFP Detailed,11,April 2026 Consolidated Accounts.xlsx
2026-04,2026-04-30,ZAAC,SFP,Non-Current Assets,Investment in unquoted equity securities,detail,investment_unquoted_equity,0.0,0.0,SFP Detailed,12,April 2026 Consolidated Accounts.xlsx
2026-04,2026-04-30,ZAMRE,SFP,Non-Current Assets,Investment in unquoted equity securities,detail,investment_unquoted_equity,0.0,0.0,SFP Detailed,12,April 2026 Consolidated Accounts.xlsx
2026-04,2026-04-30,ZARIB,SFP,Non-Current Assets,Investment in unquoted equity securities,detail,investment_unquoted_equity,0.0,0.0,SFP Detailed,12,April 2026 Consolidated Accounts.xlsx
2026-04,2026-04-30,MALAWI,SFP,Non-Current Assets,Investment in unquoted equity securities,detail,investment_unquoted_equity,0.0,0.0,SFP Detailed,12,April 2026 Consolidated Accounts.xlsx
2026-04,2026-04-30,MENA,SFP,Non-Current Assets,Investment in unquoted equity securities,detail,investment_unquoted_equity,0.0,0.0,SFP Detailed,12,April 2026 Consolidated Accounts.xlsx
2026-04,2026-04-30,NIGERIA,SFP,Non-Current Assets,Investment in unquoted equity securities,detail,investment_unquoted_equity,938614.6,938614.6,SFP Detailed,12,April 2026 Consolidated Accounts.xlsx
2026-04,2026-04-30,RWANDA,SFP,Non-Current Assets,Investment in unquoted equity securities,detail,investment_unquoted_equity,0.0,0.0,SFP Detailed,12,April 2026 Consolidated Accounts.xlsx
2026-04,2026-04-30,ZHL,SFP,Non-Current Assets,Investment in unquoted equity securities,detail,investment_unquoted_equity,0.0,0.0,SFP Detailed,12,April 2026 Consolidated Accounts.xlsx
2026-04,2026-04-30,ZATL,SFP,Non-Current Assets,Investment in unquoted equity securities,detail,investment_unquoted_equity,0.0,0.0,SFP Detailed,12,April 2026 Consolidated Accounts.xlsx
2026-04,2026-04-30,DRC,SFP,Non-Current Assets,Investment in unquoted equity securities,detail,investment_unquoted_equity,0.0,0.0,SFP Detailed,12,April 2026 Consolidated Accounts.xlsx
2026-04,2026-04-30,C&P,SFP,Non-Current Assets,Investment in unquoted equity securities,detail,investment_unquoted_equity,0.0,0.0,SFP Detailed,12,April 2026 Consolidated Accounts.xlsx
2026-04,2026-04-30,ZAAC,SFP,Non-Current Assets,Deposit for investment in subsidiary,detail,deposit_for_investment_in_subsidiary,36808446.31,36808446.31,SFP Detailed,13,April 2026 Consolidated Accounts.xlsx
2026-04,2026-04-30,ZAMRE,SFP,Non-Current Assets,Deposit for investment in subsidiary,detail,deposit_for_investment_in_subsidiary,0.0,0.0,SFP Detailed,13,April 2026 Consolidated Accounts.xlsx
2026-04,2026-04-30,ZARIB,SFP,Non-Current Assets,Deposit for investment in subsidiary,detail,deposit_for_investment_in_subsidiary,1060688.0,1060688.0,SFP Detailed,13,April 2026 Consolidated Accounts.xlsx
2026-04,2026-04-30,MALAWI,SFP,Non-Current Assets,Deposit for investment in subsidiary,detail,deposit_for_investment_in_subsidiary,0.0,0.0,SFP Detailed,13,April 2026 Consolidated Accounts.xlsx
2026-04,2026-04-30,MENA,SFP,Non-Current Assets,Deposit for investment in subsidiary,detail,deposit_for_investment_in_subsidiary,0.0,0.0,SFP Detailed,13,April 2026 Consolidated Accounts.xlsx
2026-04,2026-04-30,NIGERIA,SFP,Non-Current Assets,Deposit for investment in subsidiary,detail,deposit_for_investment_in_subsidiary,0.0,0.0,SFP Detailed,13,April 2026 Consolidated Accounts.xlsx
2026-04,2026-04-30,RWANDA,SFP,Non-Current Assets,Deposit for investment in subsidiary,detail,deposit_for_investment_in_subsidiary,0.0,0.0,SFP Detailed,13,April 2026 Consolidated Accounts.xlsx
2026-04,2026-04-30,ZHL,SFP,Non-Current Assets,Deposit for investment in subsidiary,detail,deposit_for_investment_in_subsidiary,1278387321.58,1278387321.58,SFP Detailed,13,April 2026 Consolidated Accounts.xlsx
2026-04,2026-04-30,ZATL,SFP,Non-Current Assets,Deposit for investment in subsidiary,detail,deposit_for_investment_in_subsidiary,0.0,0.0,SFP Detailed,13,April 2026 Consolidated Accounts.xlsx
2026-04,2026-04-30,DRC,SFP,Non-Current Assets,Deposit for investment in subsidiary,detail,deposit_for_investment_in_subsidiary,0.0,0.0,SFP Detailed,13,April 2026 Consolidated Accounts.xlsx
2026-04,2026-04-30,C&P,SFP,Non-Current Assets,Deposit for investment in subsidiary,detail,deposit_for_investment_in_subsidiary,0.0,0.0,SFP Detailed,13,April 2026 Consolidated Accounts.xlsx
2026-04,2026-04-30,ZAAC,SFP,Non-Current Assets,Deferred tax,detail,deferred_tax,15764930.24,15764930.24,SFP Detailed,14,April 2026 Consolidated Accounts.xlsx
2026-04,2026-04-30,ZAMRE,SFP,Non-Current Assets,Deferred tax,detail,deferred_tax,0.0,0.0,SFP Detailed,14,April 2026 Consolidated Accounts.xlsx
2026-04,2026-04-30,ZARIB,SFP,Non-Current Assets,Deferred tax,detail,deferred_tax,31050038.23,31050038.23,SFP Detailed,14,April 2026 Consolidated Accounts.xlsx
2026-04,2026-04-30,MALAWI,SFP,Non-Current Assets,Deferred tax,detail,deferred_tax,10834522.07,10834522.07,SFP Detailed,14,April 2026 Consolidated Accounts.xlsx
2026-04,2026-04-30,MENA,SFP,Non-Current Assets,Deferred tax,detail,deferred_tax,0.0,0.0,SFP Detailed,14,April 2026 Consolidated Accounts.xlsx
2026-04,2026-04-30,NIGERIA,SFP,Non-Current Assets,Deferred tax,detail,deferred_tax,58936.46,58936.46,SFP Detailed,14,April 2026 Consolidated Accounts.xlsx
2026-04,2026-04-30,RWANDA,SFP,Non-Current Assets,Deferred tax,detail,deferred_tax,-664527.21,-664527.21,SFP Detailed,14,April 2026 Consolidated Accounts.xlsx
2026-04,2026-04-30,ZHL,SFP,Non-Current Assets,Deferred tax,detail,deferred_tax,0.0,0.0,SFP Detailed,14,April 2026 Consolidated Accounts.xlsx
2026-04,2026-04-30,ZATL,SFP,Non-Current Assets,Deferred tax,detail,deferred_tax,1412603.24,1412603.24,SFP Detailed,14,April 2026 Consolidated Accounts.xlsx
2026-04,2026-04-30,DRC,SFP,Non-Current Assets,Deferred tax,detail,deferred_tax,0.0,0.0,SFP Detailed,14,April 2026 Consolidated Accounts.xlsx
2026-04,2026-04-30,C&P,SFP,Non-Current Assets,Deferred tax,detail,deferred_tax,4287361.0,4287361.0,SFP Detailed,14,April 2026 Consolidated Accounts.xlsx
2026-04,2026-04-30,ZAAC,SFP,Current Assets,Trade Receivables (Debtors),detail,trade_receivables,432806271.46,432806271.46,SFP Detailed,17,April 2026 Consolidated Accounts.xlsx
2026-04,2026-04-30,ZAMRE,SFP,Current Assets,Trade Receivables (Debtors),detail,trade_receivables,33646270.59,33646270.59,SFP Detailed,17,April 2026 Consolidated Accounts.xlsx
2026-04,2026-04-30,ZARIB,SFP,Current Assets,Trade Receivables (Debtors),detail,trade_receivables,430466958.04,430466958.04,SFP Detailed,17,April 2026 Consolidated Accounts.xlsx
2026-04,2026-04-30,MALAWI,SFP,Current Assets,Trade Receivables (Debtors),detail,trade_receivables,79968131.73,79968131.73,SFP Detailed,17,April 2026 Consolidated Accounts.xlsx
2026-04,2026-04-30,MENA,SFP,Current Assets,Trade Receivables (Debtors),detail,trade_receivables,92536827.21,92536827.21,SFP Detailed,17,April 2026 Consolidated Accounts.xlsx
2026-04,2026-04-30,NIGERIA,SFP,Current Assets,Trade Receivables (Debtors),detail,trade_receivables,30535434.48,30535434.48,SFP Detailed,17,April 2026 Consolidated Accounts.xlsx
2026-04,2026-04-30,RWANDA,SFP,Current Assets,Trade Receivables (Debtors),detail,trade_receivables,7910359.02,7910359.02,SFP Detailed,17,April 2026 Consolidated Accounts.xlsx
2026-04,2026-04-30,ZHL,SFP,Current Assets,Trade Receivables (Debtors),detail,trade_receivables,1.0,1.0,SFP Detailed,17,April 2026 Consolidated Accounts.xlsx
2026-04,2026-04-30,ZATL,SFP,Current Assets,Trade Receivables (Debtors),detail,trade_receivables,3905029.83,3905029.83,SFP Detailed,17,April 2026 Consolidated Accounts.xlsx
2026-04,2026-04-30,DRC,SFP,Current Assets,Trade Receivables (Debtors),detail,trade_receivables,43593875.22,43593875.22,SFP Detailed,17,April 2026 Consolidated Accounts.xlsx
2026-04,2026-04-30,C&P,SFP,Current Assets,Trade Receivables (Debtors),detail,trade_receivables,40891706.67,40891706.67,SFP Detailed,17,April 2026 Consolidated Accounts.xlsx
2026-04,2026-04-30,ZAAC,SFP,Current Assets,Premium Receivables,detail,premium_receivables,0.0,0.0,SFP Detailed,18,April 2026 Consolidated Accounts.xlsx
2026-04,2026-04-30,ZAMRE,SFP,Current Assets,Premium Receivables,detail,premium_receivables,141466496.95,141466496.95,SFP Detailed,18,April 2026 Consolidated Accounts.xlsx
2026-04,2026-04-30,ZARIB,SFP,Current Assets,Premium Receivables,detail,premium_receivables,2201631043.3,2201631043.3,SFP Detailed,18,April 2026 Consolidated Accounts.xlsx
2026-04,2026-04-30,MALAWI,SFP,Current Assets,Premium Receivables,detail,premium_receivables,0.0,0.0,SFP Detailed,18,April 2026 Consolidated Accounts.xlsx
2026-04,2026-04-30,MENA,SFP,Current Assets,Premium Receivables,detail,premium_receivables,0.0,0.0,SFP Detailed,18,April 2026 Consolidated Accounts.xlsx
2026-04,2026-04-30,NIGERIA,SFP,Current Assets,Premium Receivables,detail,premium_receivables,0.0,0.0,SFP Detailed,18,April 2026 Consolidated Accounts.xlsx
2026-04,2026-04-30,RWANDA,SFP,Current Assets,Premium Receivables,detail,premium_receivables,0.0,0.0,SFP Detailed,18,April 2026 Consolidated Accounts.xlsx
2026-04,2026-04-30,ZHL,SFP,Current Assets,Premium Receivables,detail,premium_receivables,0.0,0.0,SFP Detailed,18,April 2026 Consolidated Accounts.xlsx
2026-04,2026-04-30,ZATL,SFP,Current Assets,Premium Receivables,detail,premium_receivables,0.0,0.0,SFP Detailed,18,April 2026 Consolidated Accounts.xlsx
2026-04,2026-04-30,DRC,SFP,Current Assets,Premium Receivables,detail,premium_receivables,0.0,0.0,SFP Detailed,18,April 2026 Consolidated Accounts.xlsx
2026-04,2026-04-30,C&P,SFP,Current Assets,Premium Receivables,detail,premium_receivables,0.0,0.0,SFP Detailed,18,April 2026 Consolidated Accounts.xlsx
2026-04,2026-04-30,ZAAC,SFP,Current Assets,Other Receivables,detail,other_receivables,40402460.63,40402460.63,SFP Detailed,19,April 2026 Consolidated Accounts.xlsx
2026-04,2026-04-30,ZAMRE,SFP,Current Assets,Other Receivables,detail,other_receivables,456372.0,456372.0,SFP Detailed,19,April 2026 Consolidated Accounts.xlsx
2026-04,2026-04-30,ZARIB,SFP,Current Assets,Other Receivables,detail,other_receivables,-36070222.81,-36070222.81,SFP Detailed,19,April 2026 Consolidated Accounts.xlsx
2026-04,2026-04-30,MALAWI,SFP,Current Assets,Other Receivables,detail,other_receivables,7357301.51,7357301.51,SFP Detailed,19,April 2026 Consolidated Accounts.xlsx
2026-04,2026-04-30,MENA,SFP,Current Assets,Other Receivables,detail,other_receivables,9089715.9,9089715.9,SFP Detailed,19,April 2026 Consolidated Accounts.xlsx
2026-04,2026-04-30,NIGERIA,SFP,Current Assets,Other Receivables,detail,other_receivables,10939612.54,10939612.54,SFP Detailed,19,April 2026 Consolidated Accounts.xlsx
2026-04,2026-04-30,RWANDA,SFP,Current Assets,Other Receivables,detail,other_receivables,1587323.5,1587323.5,SFP Detailed,19,April 2026 Consolidated Accounts.xlsx
2026-04,2026-04-30,ZHL,SFP,Current Assets,Other Receivables,detail,other_receivables,405961.55,405961.55,SFP Detailed,19,April 2026 Consolidated Accounts.xlsx
2026-04,2026-04-30,ZATL,SFP,Current Assets,Other Receivables,detail,other_receivables,-1385639.59,-1385639.59,SFP Detailed,19,April 2026 Consolidated Accounts.xlsx
2026-04,2026-04-30,DRC,SFP,Current Assets,Other Receivables,detail,other_receivables,11442933.92,11442933.92,SFP Detailed,19,April 2026 Consolidated Accounts.xlsx
2026-04,2026-04-30,C&P,SFP,Current Assets,Other Receivables,detail,other_receivables,-8161870.83,-8161870.83,SFP Detailed,19,April 2026 Consolidated Accounts.xlsx
2026-04,2026-04-30,ZAAC,SFP,Current Assets,Due from/to related parties,detail,due_from_to_related_parties,194738827.92,194738827.92,SFP Detailed,20,April 2026 Consolidated Accounts.xlsx
2026-04,2026-04-30,ZAMRE,SFP,Current Assets,Due from/to related parties,detail,due_from_to_related_parties,-57419573.48,-57419573.48,SFP Detailed,20,April 2026 Consolidated Accounts.xlsx
2026-04,2026-04-30,ZARIB,SFP,Current Assets,Due from/to related parties,detail,due_from_to_related_parties,331542532.96,331542532.96,SFP Detailed,20,April 2026 Consolidated Accounts.xlsx
2026-04,2026-04-30,MALAWI,SFP,Current Assets,Due from/to related parties,detail,due_from_to_related_parties,-48854152.79,-48854152.79,SFP Detailed,20,April 2026 Consolidated Accounts.xlsx
2026-04,2026-04-30,MENA,SFP,Current Assets,Due from/to related parties,detail,due_from_to_related_parties,0.0,0.0,SFP Detailed,20,April 2026 Consolidated Accounts.xlsx
2026-04,2026-04-30,NIGERIA,SFP,Current Assets,Due from/to related parties,detail,due_from_to_related_parties,-3681157.69,-3681157.69,SFP Detailed,20,April 2026 Consolidated Accounts.xlsx
2026-04,2026-04-30,RWANDA,SFP,Current Assets,Due from/to related parties,detail,due_from_to_related_parties,-1359822.53,-1359822.53,SFP Detailed,20,April 2026 Consolidated Accounts.xlsx
2026-04,2026-04-30,ZHL,SFP,Current Assets,Due from/to related parties,detail,due_from_to_related_parties,-269728888.64,-269728888.64,SFP Detailed,20,April 2026 Consolidated Accounts.xlsx
2026-04,2026-04-30,ZATL,SFP,Current Assets,Due from/to related parties,detail,due_from_to_related_parties,2583198.97,2583198.97,SFP Detailed,20,April 2026 Consolidated Accounts.xlsx
2026-04,2026-04-30,DRC,SFP,Current Assets,Due from/to related parties,detail,due_from_to_related_parties,-10070454.88,-10070454.88,SFP Detailed,20,April 2026 Consolidated Accounts.xlsx
2026-04,2026-04-30,C&P,SFP,Current Assets,Due from/to related parties,detail,due_from_to_related_parties,92114182.15,92114182.15,SFP Detailed,20,April 2026 Consolidated Accounts.xlsx
2026-04,2026-04-30,ZAAC,SFP,Current Assets,Office Cash,detail,office_cash,37290488.71,37290488.71,SFP Detailed,22,April 2026 Consolidated Accounts.xlsx
2026-04,2026-04-30,ZAMRE,SFP,Current Assets,Office Cash,detail,office_cash,8479154.19,8479154.19,SFP Detailed,22,April 2026 Consolidated Accounts.xlsx
2026-04,2026-04-30,ZARIB,SFP,Current Assets,Office Cash,detail,office_cash,23130739.02,23130739.02,SFP Detailed,22,April 2026 Consolidated Accounts.xlsx
2026-04,2026-04-30,MALAWI,SFP,Current Assets,Office Cash,detail,office_cash,1312783.51,1312783.51,SFP Detailed,22,April 2026 Consolidated Accounts.xlsx
2026-04,2026-04-30,MENA,SFP,Current Assets,Office Cash,detail,office_cash,2517586.68,2517586.68,SFP Detailed,22,April 2026 Consolidated Accounts.xlsx
2026-04,2026-04-30,NIGERIA,SFP,Current Assets,Office Cash,detail,office_cash,135308.43,135308.43,SFP Detailed,22,April 2026 Consolidated Accounts.xlsx
2026-04,2026-04-30,RWANDA,SFP,Current Assets,Office Cash,detail,office_cash,14807518.68,14807518.68,SFP Detailed,22,April 2026 Consolidated Accounts.xlsx
2026-04,2026-04-30,ZHL,SFP,Current Assets,Office Cash,detail,office_cash,188696.25,188696.25,SFP Detailed,22,April 2026 Consolidated Accounts.xlsx
2026-04,2026-04-30,ZATL,SFP,Current Assets,Office Cash,detail,office_cash,3226640.71,3226640.71,SFP Detailed,22,April 2026 Consolidated Accounts.xlsx
2026-04,2026-04-30,DRC,SFP,Current Assets,Office Cash,detail,office_cash,12569986.09,12569986.09,SFP Detailed,22,April 2026 Consolidated Accounts.xlsx
2026-04,2026-04-30,C&P,SFP,Current Assets,Office Cash,detail,office_cash,6023667.38,6023667.38,SFP Detailed,22,April 2026 Consolidated Accounts.xlsx
2026-04,2026-04-30,ZAMRE,SFP,Current Assets,Client Cash,detail,client_cash,73429241.4,73429241.4,SFP Detailed,23,April 2026 Consolidated Accounts.xlsx
2026-04,2026-04-30,ZARIB,SFP,Current Assets,Client Cash,detail,client_cash,194905837.97,194905837.97,SFP Detailed,23,April 2026 Consolidated Accounts.xlsx
2026-04,2026-04-30,ZAAC,SFP,Current Assets,Deposits,detail,deposits,58000000.0,58000000.0,SFP Detailed,24,April 2026 Consolidated Accounts.xlsx
2026-04,2026-04-30,ZAMRE,SFP,Current Assets,Deposits,detail,deposits,33160000.0,33160000.0,SFP Detailed,24,April 2026 Consolidated Accounts.xlsx
2026-04,2026-04-30,ZARIB,SFP,Current Assets,Deposits,detail,deposits,896271492.17,896271492.17,SFP Detailed,24,April 2026 Consolidated Accounts.xlsx
2026-04,2026-04-30,MALAWI,SFP,Current Assets,Deposits,detail,deposits,114953975.2,114953975.2,SFP Detailed,24,April 2026 Consolidated Accounts.xlsx
2026-04,2026-04-30,MENA,SFP,Current Assets,Deposits,detail,deposits,0.0,0.0,SFP Detailed,24,April 2026 Consolidated Accounts.xlsx
2026-04,2026-04-30,NIGERIA,SFP,Current Assets,Deposits,detail,deposits,0.0,0.0,SFP Detailed,24,April 2026 Consolidated Accounts.xlsx
2026-04,2026-04-30,RWANDA,SFP,Current Assets,Deposits,detail,deposits,22084805.65,22084805.65,SFP Detailed,24,April 2026 Consolidated Accounts.xlsx
2026-04,2026-04-30,ZHL,SFP,Current Assets,Deposits,detail,deposits,4500000.0,4500000.0,SFP Detailed,24,April 2026 Consolidated Accounts.xlsx
2026-04,2026-04-30,ZATL,SFP,Current Assets,Deposits,detail,deposits,502765.21,502765.21,SFP Detailed,24,April 2026 Consolidated Accounts.xlsx
2026-04,2026-04-30,DRC,SFP,Current Assets,Deposits,detail,deposits,0.0,0.0,SFP Detailed,24,April 2026 Consolidated Accounts.xlsx
2026-04,2026-04-30,C&P,SFP,Current Assets,Deposits,detail,deposits,22284303.0,22284303.0,SFP Detailed,24,April 2026 Consolidated Accounts.xlsx
2026-04,2026-04-30,ZAAC,SFP,Current Assets,Placements,detail,placements,20849321.49,20849321.49,SFP Detailed,25,April 2026 Consolidated Accounts.xlsx
2026-04,2026-04-30,ZARIB,SFP,Current Assets,Placements,detail,placements,142446879.6,142446879.6,SFP Detailed,25,April 2026 Consolidated Accounts.xlsx
2026-04,2026-04-30,MALAWI,SFP,Current Assets,Placements,detail,placements,0.0,0.0,SFP Detailed,25,April 2026 Consolidated Accounts.xlsx
2026-04,2026-04-30,MENA,SFP,Current Assets,Placements,detail,placements,0.0,0.0,SFP Detailed,25,April 2026 Consolidated Accounts.xlsx
2026-04,2026-04-30,NIGERIA,SFP,Current Assets,Placements,detail,placements,0.0,0.0,SFP Detailed,25,April 2026 Consolidated Accounts.xlsx
2026-04,2026-04-30,RWANDA,SFP,Current Assets,Placements,detail,placements,0.0,0.0,SFP Detailed,25,April 2026 Consolidated Accounts.xlsx
2026-04,2026-04-30,ZHL,SFP,Current Assets,Placements,detail,placements,0.0,0.0,SFP Detailed,25,April 2026 Consolidated Accounts.xlsx
2026-04,2026-04-30,ZATL,SFP,Current Assets,Placements,detail,placements,0.0,0.0,SFP Detailed,25,April 2026 Consolidated Accounts.xlsx
2026-04,2026-04-30,DRC,SFP,Current Assets,Placements,detail,placements,534311.7,534311.7,SFP Detailed,25,April 2026 Consolidated Accounts.xlsx
2026-04,2026-04-30,C&P,SFP,Current Assets,Placements,detail,placements,347795.52,347795.52,SFP Detailed,25,April 2026 Consolidated Accounts.xlsx
2026-04,2026-04-30,ZAAC,SFP,Current Assets,Tax recoverable,detail,tax_recoverable,24791496.75,24791496.75,SFP Detailed,26,April 2026 Consolidated Accounts.xlsx
2026-04,2026-04-30,ZAMRE,SFP,Current Assets,Tax recoverable,detail,tax_recoverable,-5215105.95,-5215105.95,SFP Detailed,26,April 2026 Consolidated Accounts.xlsx
2026-04,2026-04-30,ZARIB,SFP,Current Assets,Tax recoverable,detail,tax_recoverable,-106417101.89,-106417101.89,SFP Detailed,26,April 2026 Consolidated Accounts.xlsx
2026-04,2026-04-30,MALAWI,SFP,Current Assets,Tax recoverable,detail,tax_recoverable,2942094.55,2942094.55,SFP Detailed,26,April 2026 Consolidated Accounts.xlsx
2026-04,2026-04-30,MENA,SFP,Current Assets,Tax recoverable,detail,tax_recoverable,0.0,0.0,SFP Detailed,26,April 2026 Consolidated Accounts.xlsx
2026-04,2026-04-30,NIGERIA,SFP,Current Assets,Tax recoverable,detail,tax_recoverable,-11143429.88,-11143429.88,SFP Detailed,26,April 2026 Consolidated Accounts.xlsx
2026-04,2026-04-30,RWANDA,SFP,Current Assets,Tax recoverable,detail,tax_recoverable,-453560.4,-453560.4,SFP Detailed,26,April 2026 Consolidated Accounts.xlsx
2026-04,2026-04-30,ZHL,SFP,Current Assets,Tax recoverable,detail,tax_recoverable,252358.94,252358.94,SFP Detailed,26,April 2026 Consolidated Accounts.xlsx
2026-04,2026-04-30,ZATL,SFP,Current Assets,Tax recoverable,detail,tax_recoverable,514336.93,514336.93,SFP Detailed,26,April 2026 Consolidated Accounts.xlsx
2026-04,2026-04-30,DRC,SFP,Current Assets,Tax recoverable,detail,tax_recoverable,12029.6,12029.6,SFP Detailed,26,April 2026 Consolidated Accounts.xlsx
2026-04,2026-04-30,C&P,SFP,Current Assets,Tax recoverable,detail,tax_recoverable,-993355.97,-993355.97,SFP Detailed,26,April 2026 Consolidated Accounts.xlsx
2026-04,2026-04-30,ZAAC,SFP,Current Assets,Accrued Income,detail,accrued_income,208209655.94,208209655.94,SFP Detailed,27,April 2026 Consolidated Accounts.xlsx
2026-04,2026-04-30,C&P,SFP,Current Assets,Accrued Income,detail,accrued_income,16660920.32,16660920.32,SFP Detailed,27,April 2026 Consolidated Accounts.xlsx
2026-04,2026-04-30,ZAAC,SFP,Current Assets,Total Assets,total,,1190113081.05,1190113081.05,SFP Detailed,28,April 2026 Consolidated Accounts.xlsx
2026-04,2026-04-30,ZAMRE,SFP,Current Assets,Total Assets,total,,232676855.7,232676855.7,SFP Detailed,28,April 2026 Consolidated Accounts.xlsx
2026-04,2026-04-30,ZARIB,SFP,Current Assets,Total Assets,total,,4197953217.19,4197953217.19,SFP Detailed,28,April 2026 Consolidated Accounts.xlsx
2026-04,2026-04-30,MALAWI,SFP,Current Assets,Total Assets,total,,191205699.5,191205699.5,SFP Detailed,28,April 2026 Consolidated Accounts.xlsx
2026-04,2026-04-30,MENA,SFP,Current Assets,Total Assets,total,,114421904.38,114421904.38,SFP Detailed,28,April 2026 Consolidated Accounts.xlsx
2026-04,2026-04-30,NIGERIA,SFP,Current Assets,Total Assets,total,,31355416.19,31355416.19,SFP Detailed,28,April 2026 Consolidated Accounts.xlsx
2026-04,2026-04-30,RWANDA,SFP,Current Assets,Total Assets,total,,56117731.82,56117731.82,SFP Detailed,28,April 2026 Consolidated Accounts.xlsx
2026-04,2026-04-30,ZHL,SFP,Current Assets,Total Assets,total,,1029975282.34,1029975282.34,SFP Detailed,28,April 2026 Consolidated Accounts.xlsx
2026-04,2026-04-30,ZATL,SFP,Current Assets,Total Assets,total,,11061427.19,11061427.19,SFP Detailed,28,April 2026 Consolidated Accounts.xlsx
2026-04,2026-04-30,DRC,SFP,Current Assets,Total Assets,total,,70122724.57,70122724.57,SFP Detailed,28,April 2026 Consolidated Accounts.xlsx
2026-04,2026-04-30,C&P,SFP,Current Assets,Total Assets,total,,173454709.24,173454709.24,SFP Detailed,28,April 2026 Consolidated Accounts.xlsx
2026-04,2026-04-30,ZAAC,SFP,Equity,Share capital,detail,share_capital,-25000000.0,25000000.0,SFP Detailed,32,April 2026 Consolidated Accounts.xlsx
2026-04,2026-04-30,ZAMRE,SFP,Equity,Share capital,detail,share_capital,-5000000.0,5000000.0,SFP Detailed,32,April 2026 Consolidated Accounts.xlsx
2026-04,2026-04-30,ZARIB,SFP,Equity,Share capital,detail,share_capital,-33360000.0,33360000.0,SFP Detailed,32,April 2026 Consolidated Accounts.xlsx
2026-04,2026-04-30,MALAWI,SFP,Equity,Share capital,detail,share_capital,-826256.18,826256.18,SFP Detailed,32,April 2026 Consolidated Accounts.xlsx
2026-04,2026-04-30,MENA,SFP,Equity,Share capital,detail,share_capital,-37758562.09,37758562.09,SFP Detailed,32,April 2026 Consolidated Accounts.xlsx
2026-04,2026-04-30,NIGERIA,SFP,Equity,Share capital,detail,share_capital,-6570302.23,6570302.23,SFP Detailed,32,April 2026 Consolidated Accounts.xlsx
2026-04,2026-04-30,RWANDA,SFP,Equity,Share capital,detail,share_capital,-51171471.82,51171471.82,SFP Detailed,32,April 2026 Consolidated Accounts.xlsx
2026-04,2026-04-30,ZHL,SFP,Equity,Share capital,detail,share_capital,-10000000.0,10000000.0,SFP Detailed,32,April 2026 Consolidated Accounts.xlsx
2026-04,2026-04-30,ZATL,SFP,Equity,Share capital,detail,share_capital,-5047476.12,5047476.12,SFP Detailed,32,April 2026 Consolidated Accounts.xlsx
2026-04,2026-04-30,DRC,SFP,Equity,Share capital,detail,share_capital,-74293488.24,74293488.24,SFP Detailed,32,April 2026 Consolidated Accounts.xlsx
2026-04,2026-04-30,C&P,SFP,Equity,Share capital,detail,share_capital,-25000000.0,25000000.0,SFP Detailed,32,April 2026 Consolidated Accounts.xlsx
2026-04,2026-04-30,ZAAC,SFP,Equity,Transalation reserve,detail,translation_reserve,0.0,-0.0,SFP Detailed,33,April 2026 Consolidated Accounts.xlsx
2026-04,2026-04-30,ZAMRE,SFP,Equity,Transalation reserve,detail,translation_reserve,0.0,-0.0,SFP Detailed,33,April 2026 Consolidated Accounts.xlsx
2026-04,2026-04-30,ZARIB,SFP,Equity,Transalation reserve,detail,translation_reserve,-758850.95,758850.95,SFP Detailed,33,April 2026 Consolidated Accounts.xlsx
2026-04,2026-04-30,MALAWI,SFP,Equity,Transalation reserve,detail,translation_reserve,-29853079.12,29853079.12,SFP Detailed,33,April 2026 Consolidated Accounts.xlsx
2026-04,2026-04-30,MENA,SFP,Equity,Transalation reserve,detail,translation_reserve,-48804.0,48804.0,SFP Detailed,33,April 2026 Consolidated Accounts.xlsx
2026-04,2026-04-30,NIGERIA,SFP,Equity,Transalation reserve,detail,translation_reserve,46316.65,-46316.65,SFP Detailed,33,April 2026 Consolidated Accounts.xlsx
2026-04,2026-04-30,RWANDA,SFP,Equity,Transalation reserve,detail,translation_reserve,4470.0,-4470.0,SFP Detailed,33,April 2026 Consolidated Accounts.xlsx
2026-04,2026-04-30,ZHL,SFP,Equity,Transalation reserve,detail,translation_reserve,0.0,-0.0,SFP Detailed,33,April 2026 Consolidated Accounts.xlsx
2026-04,2026-04-30,ZATL,SFP,Equity,Transalation reserve,detail,translation_reserve,-10035928.14,10035928.14,SFP Detailed,33,April 2026 Consolidated Accounts.xlsx
2026-04,2026-04-30,DRC,SFP,Equity,Transalation reserve,detail,translation_reserve,-5954.01,5954.01,SFP Detailed,33,April 2026 Consolidated Accounts.xlsx
2026-04,2026-04-30,C&P,SFP,Equity,Transalation reserve,detail,translation_reserve,0.0,-0.0,SFP Detailed,33,April 2026 Consolidated Accounts.xlsx
2026-04,2026-04-30,ZAAC,SFP,Equity,proposed dividend,detail,proposed_dividend,0.0,-0.0,SFP Detailed,34,April 2026 Consolidated Accounts.xlsx
2026-04,2026-04-30,ZAMRE,SFP,Equity,proposed dividend,detail,proposed_dividend,0.0,-0.0,SFP Detailed,34,April 2026 Consolidated Accounts.xlsx
2026-04,2026-04-30,ZARIB,SFP,Equity,proposed dividend,detail,proposed_dividend,0.0,-0.0,SFP Detailed,34,April 2026 Consolidated Accounts.xlsx
2026-04,2026-04-30,MALAWI,SFP,Equity,proposed dividend,detail,proposed_dividend,0.0,-0.0,SFP Detailed,34,April 2026 Consolidated Accounts.xlsx
2026-04,2026-04-30,MENA,SFP,Equity,proposed dividend,detail,proposed_dividend,0.0,-0.0,SFP Detailed,34,April 2026 Consolidated Accounts.xlsx
2026-04,2026-04-30,NIGERIA,SFP,Equity,proposed dividend,detail,proposed_dividend,0.0,-0.0,SFP Detailed,34,April 2026 Consolidated Accounts.xlsx
2026-04,2026-04-30,RWANDA,SFP,Equity,proposed dividend,detail,proposed_dividend,0.0,-0.0,SFP Detailed,34,April 2026 Consolidated Accounts.xlsx
2026-04,2026-04-30,ZHL,SFP,Equity,proposed dividend,detail,proposed_dividend,0.0,-0.0,SFP Detailed,34,April 2026 Consolidated Accounts.xlsx
2026-04,2026-04-30,ZATL,SFP,Equity,proposed dividend,detail,proposed_dividend,0.0,-0.0,SFP Detailed,34,April 2026 Consolidated Accounts.xlsx
2026-04,2026-04-30,DRC,SFP,Equity,proposed dividend,detail,proposed_dividend,0.0,-0.0,SFP Detailed,34,April 2026 Consolidated Accounts.xlsx
2026-04,2026-04-30,C&P,SFP,Equity,proposed dividend,detail,proposed_dividend,0.0,-0.0,SFP Detailed,34,April 2026 Consolidated Accounts.xlsx
2026-04,2026-04-30,ZAAC,SFP,Equity,Retained earnings,detail,retained_earnings,-1021890949.75,1021890949.75,SFP Detailed,35,April 2026 Consolidated Accounts.xlsx
2026-04,2026-04-30,ZAMRE,SFP,Equity,Retained earnings,detail,retained_earnings,-4833892.0,4833892.0,SFP Detailed,35,April 2026 Consolidated Accounts.xlsx
2026-04,2026-04-30,ZARIB,SFP,Equity,Retained earnings,detail,retained_earnings,-1189689872.0,1189689872.0,SFP Detailed,35,April 2026 Consolidated Accounts.xlsx
2026-04,2026-04-30,MALAWI,SFP,Equity,Retained earnings,detail,retained_earnings,-110029593.99,110029593.99,SFP Detailed,35,April 2026 Consolidated Accounts.xlsx
2026-04,2026-04-30,MENA,SFP,Equity,Retained earnings,detail,retained_earnings,-7272732.83,7272732.83,SFP Detailed,35,April 2026 Consolidated Accounts.xlsx
2026-04,2026-04-30,NIGERIA,SFP,Equity,Retained earnings,detail,retained_earnings,-8027072.65,8027072.65,SFP Detailed,35,April 2026 Consolidated Accounts.xlsx
2026-04,2026-04-30,RWANDA,SFP,Equity,Retained earnings,detail,retained_earnings,499849.99,-499849.99,SFP Detailed,35,April 2026 Consolidated Accounts.xlsx
2026-04,2026-04-30,ZHL,SFP,Equity,Retained earnings,detail,retained_earnings,-30127713.66,30127713.66,SFP Detailed,35,April 2026 Consolidated Accounts.xlsx
2026-04,2026-04-30,ZATL,SFP,Equity,Retained earnings,detail,retained_earnings,7661280.69,-7661280.69,SFP Detailed,35,April 2026 Consolidated Accounts.xlsx
2026-04,2026-04-30,DRC,SFP,Equity,Retained earnings,detail,retained_earnings,51166691.23,-51166691.23,SFP Detailed,35,April 2026 Consolidated Accounts.xlsx
2026-04,2026-04-30,C&P,SFP,Equity,Retained earnings,detail,retained_earnings,-133494469.71,133494469.71,SFP Detailed,35,April 2026 Consolidated Accounts.xlsx
2026-04,2026-04-30,ZAAC,SFP,Equity,Net Profit,derived,net_profit,-62741505.29,62741505.29,SFP Detailed,36,April 2026 Consolidated Accounts.xlsx
2026-04,2026-04-30,ZAMRE,SFP,Equity,Net Profit,derived,net_profit,-13593698.89,13593698.89,SFP Detailed,36,April 2026 Consolidated Accounts.xlsx
2026-04,2026-04-30,ZARIB,SFP,Equity,Net Profit,derived,net_profit,-420898260.55,420898260.55,SFP Detailed,36,April 2026 Consolidated Accounts.xlsx
2026-04,2026-04-30,MALAWI,SFP,Equity,Net Profit,derived,net_profit,-26845486.75,26845486.75,SFP Detailed,36,April 2026 Consolidated Accounts.xlsx
2026-04,2026-04-30,MENA,SFP,Equity,Net Profit,derived,net_profit,20392976.77,-20392976.77,SFP Detailed,36,April 2026 Consolidated Accounts.xlsx
2026-04,2026-04-30,NIGERIA,SFP,Equity,Net Profit,derived,net_profit,-10363023.06,10363023.06,SFP Detailed,36,April 2026 Consolidated Accounts.xlsx
2026-04,2026-04-30,RWANDA,SFP,Equity,Net Profit,derived,net_profit,-1062777.27,1062777.27,SFP Detailed,36,April 2026 Consolidated Accounts.xlsx
2026-04,2026-04-30,ZHL,SFP,Equity,Net Profit,derived,net_profit,19754747.93,-19754747.93,SFP Detailed,36,April 2026 Consolidated Accounts.xlsx
2026-04,2026-04-30,ZATL,SFP,Equity,Net Profit,derived,net_profit,-2410540.14,2410540.14,SFP Detailed,36,April 2026 Consolidated Accounts.xlsx
2026-04,2026-04-30,DRC,SFP,Equity,Net Profit,derived,net_profit,6551311.79,-6551311.79,SFP Detailed,36,April 2026 Consolidated Accounts.xlsx
2026-04,2026-04-30,C&P,SFP,Equity,Net Profit,derived,net_profit,-8403551.28,8403551.28,SFP Detailed,36,April 2026 Consolidated Accounts.xlsx
2026-04,2026-04-30,ZAAC,SFP,Equity attributable to equity holders of the parent company,Equity attributable to equity holders of the parent company,group_header,,-1109632455.05,-1109632455.05,SFP Detailed,37,April 2026 Consolidated Accounts.xlsx
2026-04,2026-04-30,ZAMRE,SFP,Equity attributable to equity holders of the parent company,Equity attributable to equity holders of the parent company,group_header,,-23427590.89,-23427590.89,SFP Detailed,37,April 2026 Consolidated Accounts.xlsx
2026-04,2026-04-30,ZARIB,SFP,Equity attributable to equity holders of the parent company,Equity attributable to equity holders of the parent company,group_header,,-1644706983.5,-1644706983.5,SFP Detailed,37,April 2026 Consolidated Accounts.xlsx
2026-04,2026-04-30,MALAWI,SFP,Equity attributable to equity holders of the parent company,Equity attributable to equity holders of the parent company,group_header,,-167554416.05,-167554416.05,SFP Detailed,37,April 2026 Consolidated Accounts.xlsx
2026-04,2026-04-30,MENA,SFP,Equity attributable to equity holders of the parent company,Equity attributable to equity holders of the parent company,group_header,,-24687122.15,-24687122.15,SFP Detailed,37,April 2026 Consolidated Accounts.xlsx
2026-04,2026-04-30,NIGERIA,SFP,Equity attributable to equity holders of the parent company,Equity attributable to equity holders of the parent company,group_header,,-24914081.3,-24914081.3,SFP Detailed,37,April 2026 Consolidated Accounts.xlsx
2026-04,2026-04-30,RWANDA,SFP,Equity attributable to equity holders of the parent company,Equity attributable to equity holders of the parent company,group_header,,-51729929.1,-51729929.1,SFP Detailed,37,April 2026 Consolidated Accounts.xlsx
2026-04,2026-04-30,ZHL,SFP,Equity attributable to equity holders of the parent company,Equity attributable to equity holders of the parent company,group_header,,-20372965.73,-20372965.73,SFP Detailed,37,April 2026 Consolidated Accounts.xlsx
2026-04,2026-04-30,ZATL,SFP,Equity attributable to equity holders of the parent company,Equity attributable to equity holders of the parent company,group_header,,-9832663.7,-9832663.7,SFP Detailed,37,April 2026 Consolidated Accounts.xlsx
2026-04,2026-04-30,DRC,SFP,Equity attributable to equity holders of the parent company,Equity attributable to equity holders of the parent company,group_header,,-16581439.23,-16581439.23,SFP Detailed,37,April 2026 Consolidated Accounts.xlsx
2026-04,2026-04-30,C&P,SFP,Equity attributable to equity holders of the parent company,Equity attributable to equity holders of the parent company,group_header,,-166898020.98,-166898020.98,SFP Detailed,37,April 2026 Consolidated Accounts.xlsx
2026-04,2026-04-30,ZAAC,SFP,Equity attributable to equity holders of the parent company,Non-controlling interests,detail,non_controlling_interests,0.0,-0.0,SFP Detailed,39,April 2026 Consolidated Accounts.xlsx
2026-04,2026-04-30,ZAMRE,SFP,Equity attributable to equity holders of the parent company,Non-controlling interests,detail,non_controlling_interests,0.0,-0.0,SFP Detailed,39,April 2026 Consolidated Accounts.xlsx
2026-04,2026-04-30,ZARIB,SFP,Equity attributable to equity holders of the parent company,Non-controlling interests,detail,non_controlling_interests,0.0,-0.0,SFP Detailed,39,April 2026 Consolidated Accounts.xlsx
2026-04,2026-04-30,MALAWI,SFP,Equity attributable to equity holders of the parent company,Non-controlling interests,detail,non_controlling_interests,0.0,-0.0,SFP Detailed,39,April 2026 Consolidated Accounts.xlsx
2026-04,2026-04-30,MENA,SFP,Equity attributable to equity holders of the parent company,Non-controlling interests,detail,non_controlling_interests,-81573570.63,81573570.63,SFP Detailed,39,April 2026 Consolidated Accounts.xlsx
2026-04,2026-04-30,NIGERIA,SFP,Equity attributable to equity holders of the parent company,Non-controlling interests,detail,non_controlling_interests,0.0,-0.0,SFP Detailed,39,April 2026 Consolidated Accounts.xlsx
2026-04,2026-04-30,RWANDA,SFP,Equity attributable to equity holders of the parent company,Non-controlling interests,detail,non_controlling_interests,0.0,-0.0,SFP Detailed,39,April 2026 Consolidated Accounts.xlsx
2026-04,2026-04-30,ZHL,SFP,Equity attributable to equity holders of the parent company,Non-controlling interests,detail,non_controlling_interests,0.0,-0.0,SFP Detailed,39,April 2026 Consolidated Accounts.xlsx
2026-04,2026-04-30,ZATL,SFP,Equity attributable to equity holders of the parent company,Non-controlling interests,detail,non_controlling_interests,0.0,-0.0,SFP Detailed,39,April 2026 Consolidated Accounts.xlsx
2026-04,2026-04-30,DRC,SFP,Equity attributable to equity holders of the parent company,Non-controlling interests,detail,non_controlling_interests,0.0,-0.0,SFP Detailed,39,April 2026 Consolidated Accounts.xlsx
2026-04,2026-04-30,C&P,SFP,Equity attributable to equity holders of the parent company,Non-controlling interests,detail,non_controlling_interests,0.0,-0.0,SFP Detailed,39,April 2026 Consolidated Accounts.xlsx
2026-04,2026-04-30,ZAAC,SFP,Equity attributable to equity holders of the parent company,Total equity,total,,-1109632455.05,-1109632455.05,SFP Detailed,41,April 2026 Consolidated Accounts.xlsx
2026-04,2026-04-30,ZAMRE,SFP,Equity attributable to equity holders of the parent company,Total equity,total,,-23427590.89,-23427590.89,SFP Detailed,41,April 2026 Consolidated Accounts.xlsx
2026-04,2026-04-30,ZARIB,SFP,Equity attributable to equity holders of the parent company,Total equity,total,,-1644706983.5,-1644706983.5,SFP Detailed,41,April 2026 Consolidated Accounts.xlsx
2026-04,2026-04-30,MALAWI,SFP,Equity attributable to equity holders of the parent company,Total equity,total,,-167554416.05,-167554416.05,SFP Detailed,41,April 2026 Consolidated Accounts.xlsx
2026-04,2026-04-30,MENA,SFP,Equity attributable to equity holders of the parent company,Total equity,total,,-106260692.79,-106260692.79,SFP Detailed,41,April 2026 Consolidated Accounts.xlsx
2026-04,2026-04-30,NIGERIA,SFP,Equity attributable to equity holders of the parent company,Total equity,total,,-24914081.3,-24914081.3,SFP Detailed,41,April 2026 Consolidated Accounts.xlsx
2026-04,2026-04-30,RWANDA,SFP,Equity attributable to equity holders of the parent company,Total equity,total,,-51729929.1,-51729929.1,SFP Detailed,41,April 2026 Consolidated Accounts.xlsx
2026-04,2026-04-30,ZHL,SFP,Equity attributable to equity holders of the parent company,Total equity,total,,-20372965.73,-20372965.73,SFP Detailed,41,April 2026 Consolidated Accounts.xlsx
2026-04,2026-04-30,ZATL,SFP,Equity attributable to equity holders of the parent company,Total equity,total,,-9832663.7,-9832663.7,SFP Detailed,41,April 2026 Consolidated Accounts.xlsx
2026-04,2026-04-30,DRC,SFP,Equity attributable to equity holders of the parent company,Total equity,total,,-16581439.23,-16581439.23,SFP Detailed,41,April 2026 Consolidated Accounts.xlsx
2026-04,2026-04-30,C&P,SFP,Equity attributable to equity holders of the parent company,Total equity,total,,-166898020.98,-166898020.98,SFP Detailed,41,April 2026 Consolidated Accounts.xlsx
2026-04,2026-04-30,ZAAC,SFP,Current liabilities,Trade and other payables,detail,trade_and_other_payables,-80480626.43,80480626.43,SFP Detailed,44,April 2026 Consolidated Accounts.xlsx
2026-04,2026-04-30,ZAMRE,SFP,Current liabilities,Trade and other payables,detail,trade_and_other_payables,0.0,-0.0,SFP Detailed,44,April 2026 Consolidated Accounts.xlsx
2026-04,2026-04-30,ZARIB,SFP,Current liabilities,Trade and other payables,detail,trade_and_other_payables,-71225598.39,71225598.39,SFP Detailed,44,April 2026 Consolidated Accounts.xlsx
2026-04,2026-04-30,MALAWI,SFP,Current liabilities,Trade and other payables,detail,trade_and_other_payables,-23651283.45,23651283.45,SFP Detailed,44,April 2026 Consolidated Accounts.xlsx
2026-04,2026-04-30,MENA,SFP,Current liabilities,Trade and other payables,detail,trade_and_other_payables,-8161208.08,8161208.08,SFP Detailed,44,April 2026 Consolidated Accounts.xlsx
2026-04,2026-04-30,NIGERIA,SFP,Current liabilities,Trade and other payables,detail,trade_and_other_payables,-6441334.9,6441334.9,SFP Detailed,44,April 2026 Consolidated Accounts.xlsx
2026-04,2026-04-30,RWANDA,SFP,Current liabilities,Trade and other payables,detail,trade_and_other_payables,-4387802.73,4387802.73,SFP Detailed,44,April 2026 Consolidated Accounts.xlsx
2026-04,2026-04-30,ZHL,SFP,Current liabilities,Trade and other payables,detail,trade_and_other_payables,-1009602316.61,1009602316.61,SFP Detailed,44,April 2026 Consolidated Accounts.xlsx
2026-04,2026-04-30,ZATL,SFP,Current liabilities,Trade and other payables,detail,trade_and_other_payables,-1228763.48,1228763.48,SFP Detailed,44,April 2026 Consolidated Accounts.xlsx
2026-04,2026-04-30,DRC,SFP,Current liabilities,Trade and other payables,detail,trade_and_other_payables,680436.56,-680436.56,SFP Detailed,44,April 2026 Consolidated Accounts.xlsx
2026-04,2026-04-30,C&P,SFP,Current liabilities,Trade and other payables,detail,trade_and_other_payables,-6556688.25,6556688.25,SFP Detailed,44,April 2026 Consolidated Accounts.xlsx
2026-04,2026-04-30,ZARIB,SFP,Current liabilities,Deferred Revenue,detail,deferred_revenue,0.0,-0.0,SFP Detailed,45,April 2026 Consolidated Accounts.xlsx
2026-04,2026-04-30,ZAAC,SFP,Current liabilities,Premium payable,detail,premium_payable,0.0,-0.0,SFP Detailed,46,April 2026 Consolidated Accounts.xlsx
2026-04,2026-04-30,ZAMRE,SFP,Current liabilities,Premium payable,detail,premium_payable,-209249264.81,209249264.81,SFP Detailed,46,April 2026 Consolidated Accounts.xlsx
2026-04,2026-04-30,ZARIB,SFP,Current liabilities,Premium payable,detail,premium_payable,-2482020635.29,2482020635.29,SFP Detailed,46,April 2026 Consolidated Accounts.xlsx
2026-04,2026-04-30,MALAWI,SFP,Current liabilities,Premium payable,detail,premium_payable,0.0,-0.0,SFP Detailed,46,April 2026 Consolidated Accounts.xlsx
2026-04,2026-04-30,MENA,SFP,Current liabilities,Premium payable,detail,premium_payable,0.0,-0.0,SFP Detailed,46,April 2026 Consolidated Accounts.xlsx
2026-04,2026-04-30,NIGERIA,SFP,Current liabilities,Premium payable,detail,premium_payable,0.0,-0.0,SFP Detailed,46,April 2026 Consolidated Accounts.xlsx
2026-04,2026-04-30,RWANDA,SFP,Current liabilities,Premium payable,detail,premium_payable,0.0,-0.0,SFP Detailed,46,April 2026 Consolidated Accounts.xlsx
2026-04,2026-04-30,ZHL,SFP,Current liabilities,Premium payable,detail,premium_payable,0.0,-0.0,SFP Detailed,46,April 2026 Consolidated Accounts.xlsx
2026-04,2026-04-30,ZATL,SFP,Current liabilities,Premium payable,detail,premium_payable,0.0,-0.0,SFP Detailed,46,April 2026 Consolidated Accounts.xlsx
2026-04,2026-04-30,DRC,SFP,Current liabilities,Premium payable,detail,premium_payable,-54221721.9,54221721.9,SFP Detailed,46,April 2026 Consolidated Accounts.xlsx
2026-04,2026-04-30,C&P,SFP,Current liabilities,Premium payable,detail,premium_payable,0.0,-0.0,SFP Detailed,46,April 2026 Consolidated Accounts.xlsx
2026-04,2026-04-30,ZAAC,SFP,Current liabilities,Borrowings,detail,borrowings,0.43,-0.43,SFP Detailed,47,April 2026 Consolidated Accounts.xlsx
2026-04,2026-04-30,ZAMRE,SFP,Current liabilities,Borrowings,detail,borrowings,0.0,-0.0,SFP Detailed,47,April 2026 Consolidated Accounts.xlsx
2026-04,2026-04-30,ZARIB,SFP,Current liabilities,Borrowings,detail,borrowings,0.0,-0.0,SFP Detailed,47,April 2026 Consolidated Accounts.xlsx
2026-04,2026-04-30,MALAWI,SFP,Current liabilities,Borrowings,detail,borrowings,0.0,-0.0,SFP Detailed,47,April 2026 Consolidated Accounts.xlsx
2026-04,2026-04-30,MENA,SFP,Current liabilities,Borrowings,detail,borrowings,0.0,-0.0,SFP Detailed,47,April 2026 Consolidated Accounts.xlsx
2026-04,2026-04-30,NIGERIA,SFP,Current liabilities,Borrowings,detail,borrowings,0.0,-0.0,SFP Detailed,47,April 2026 Consolidated Accounts.xlsx
2026-04,2026-04-30,RWANDA,SFP,Current liabilities,Borrowings,detail,borrowings,0.0,-0.0,SFP Detailed,47,April 2026 Consolidated Accounts.xlsx
2026-04,2026-04-30,ZHL,SFP,Current liabilities,Borrowings,detail,borrowings,0.0,-0.0,SFP Detailed,47,April 2026 Consolidated Accounts.xlsx
2026-04,2026-04-30,ZATL,SFP,Current liabilities,Borrowings,detail,borrowings,0.0,-0.0,SFP Detailed,47,April 2026 Consolidated Accounts.xlsx
2026-04,2026-04-30,DRC,SFP,Current liabilities,Borrowings,detail,borrowings,0.0,-0.0,SFP Detailed,47,April 2026 Consolidated Accounts.xlsx
2026-04,2026-04-30,C&P,SFP,Current liabilities,Borrowings,detail,borrowings,0.0,-0.0,SFP Detailed,47,April 2026 Consolidated Accounts.xlsx
2026-04,2026-04-30,ZAAC,SFP,Current liabilities,(group_subtotal),group_subtotal,,-80480626.0,-80480626.0,SFP Detailed,48,April 2026 Consolidated Accounts.xlsx
2026-04,2026-04-30,ZAMRE,SFP,Current liabilities,(group_subtotal),group_subtotal,,-209249264.81,-209249264.81,SFP Detailed,48,April 2026 Consolidated Accounts.xlsx
2026-04,2026-04-30,ZARIB,SFP,Current liabilities,(group_subtotal),group_subtotal,,-2553246233.68,-2553246233.68,SFP Detailed,48,April 2026 Consolidated Accounts.xlsx
2026-04,2026-04-30,MALAWI,SFP,Current liabilities,(group_subtotal),group_subtotal,,-23651283.45,-23651283.45,SFP Detailed,48,April 2026 Consolidated Accounts.xlsx
2026-04,2026-04-30,MENA,SFP,Current liabilities,(group_subtotal),group_subtotal,,-8161208.08,-8161208.08,SFP Detailed,48,April 2026 Consolidated Accounts.xlsx
2026-04,2026-04-30,NIGERIA,SFP,Current liabilities,(group_subtotal),group_subtotal,,-6441334.9,-6441334.9,SFP Detailed,48,April 2026 Consolidated Accounts.xlsx
2026-04,2026-04-30,RWANDA,SFP,Current liabilities,(group_subtotal),group_subtotal,,-4387802.73,-4387802.73,SFP Detailed,48,April 2026 Consolidated Accounts.xlsx
2026-04,2026-04-30,ZHL,SFP,Current liabilities,(group_subtotal),group_subtotal,,-1009602316.61,-1009602316.61,SFP Detailed,48,April 2026 Consolidated Accounts.xlsx
2026-04,2026-04-30,ZATL,SFP,Current liabilities,(group_subtotal),group_subtotal,,-1228763.48,-1228763.48,SFP Detailed,48,April 2026 Consolidated Accounts.xlsx
2026-04,2026-04-30,DRC,SFP,Current liabilities,(group_subtotal),group_subtotal,,-53541285.34,-53541285.34,SFP Detailed,48,April 2026 Consolidated Accounts.xlsx
2026-04,2026-04-30,C&P,SFP,Current liabilities,(group_subtotal),group_subtotal,,-6556688.25,-6556688.25,SFP Detailed,48,April 2026 Consolidated Accounts.xlsx
2026-04,2026-04-30,ZAAC,SFP,Current liabilities,Total Equity and Liabilities,total,,-1190113081.05,-1190113081.05,SFP Detailed,50,April 2026 Consolidated Accounts.xlsx
2026-04,2026-04-30,ZAMRE,SFP,Current liabilities,Total Equity and Liabilities,total,,-232676855.7,-232676855.7,SFP Detailed,50,April 2026 Consolidated Accounts.xlsx
2026-04,2026-04-30,ZARIB,SFP,Current liabilities,Total Equity and Liabilities,total,,-4197953217.19,-4197953217.19,SFP Detailed,50,April 2026 Consolidated Accounts.xlsx
2026-04,2026-04-30,MALAWI,SFP,Current liabilities,Total Equity and Liabilities,total,,-191205699.5,-191205699.5,SFP Detailed,50,April 2026 Consolidated Accounts.xlsx
2026-04,2026-04-30,MENA,SFP,Current liabilities,Total Equity and Liabilities,total,,-114421900.86,-114421900.86,SFP Detailed,50,April 2026 Consolidated Accounts.xlsx
2026-04,2026-04-30,NIGERIA,SFP,Current liabilities,Total Equity and Liabilities,total,,-31355416.19,-31355416.19,SFP Detailed,50,April 2026 Consolidated Accounts.xlsx
2026-04,2026-04-30,RWANDA,SFP,Current liabilities,Total Equity and Liabilities,total,,-56117731.83,-56117731.83,SFP Detailed,50,April 2026 Consolidated Accounts.xlsx
2026-04,2026-04-30,ZHL,SFP,Current liabilities,Total Equity and Liabilities,total,,-1029975282.34,-1029975282.34,SFP Detailed,50,April 2026 Consolidated Accounts.xlsx
2026-04,2026-04-30,ZATL,SFP,Current liabilities,Total Equity and Liabilities,total,,-11061427.19,-11061427.19,SFP Detailed,50,April 2026 Consolidated Accounts.xlsx
2026-04,2026-04-30,DRC,SFP,Current liabilities,Total Equity and Liabilities,total,,-70122724.57,-70122724.57,SFP Detailed,50,April 2026 Consolidated Accounts.xlsx
2026-04,2026-04-30,C&P,SFP,Current liabilities,Total Equity and Liabilities,total,,-173454709.23,-173454709.23,SFP Detailed,50,April 2026 Consolidated Accounts.xlsx
2026-04,2026-04-30,ZAAC,SFP,Current liabilities,(group_subtotal),group_subtotal,,0.0,0.0,SFP Detailed,52,April 2026 Consolidated Accounts.xlsx
2026-04,2026-04-30,ZAMRE,SFP,Current liabilities,(group_subtotal),group_subtotal,,0.0,0.0,SFP Detailed,52,April 2026 Consolidated Accounts.xlsx
2026-04,2026-04-30,ZARIB,SFP,Current liabilities,(group_subtotal),group_subtotal,,0.0,0.0,SFP Detailed,52,April 2026 Consolidated Accounts.xlsx
2026-04,2026-04-30,MALAWI,SFP,Current liabilities,(group_subtotal),group_subtotal,,0.0,0.0,SFP Detailed,52,April 2026 Consolidated Accounts.xlsx
2026-04,2026-04-30,MENA,SFP,Current liabilities,(group_subtotal),group_subtotal,,3.51,3.51,SFP Detailed,52,April 2026 Consolidated Accounts.xlsx
2026-04,2026-04-30,NIGERIA,SFP,Current liabilities,(group_subtotal),group_subtotal,,-0.0,-0.0,SFP Detailed,52,April 2026 Consolidated Accounts.xlsx
2026-04,2026-04-30,RWANDA,SFP,Current liabilities,(group_subtotal),group_subtotal,,-0.0,-0.0,SFP Detailed,52,April 2026 Consolidated Accounts.xlsx
2026-04,2026-04-30,ZHL,SFP,Current liabilities,(group_subtotal),group_subtotal,,0.0,0.0,SFP Detailed,52,April 2026 Consolidated Accounts.xlsx
2026-04,2026-04-30,ZATL,SFP,Current liabilities,(group_subtotal),group_subtotal,,0.0,0.0,SFP Detailed,52,April 2026 Consolidated Accounts.xlsx
2026-04,2026-04-30,DRC,SFP,Current liabilities,(group_subtotal),group_subtotal,,0.0,0.0,SFP Detailed,52,April 2026 Consolidated Accounts.xlsx
2026-04,2026-04-30,C&P,SFP,Current liabilities,(group_subtotal),group_subtotal,,0.0,0.0,SFP Detailed,52,April 2026 Consolidated Accounts.xlsx
2026-05,2026-05-31,ZAAC,SCI,INCOME,Actuarial Fees,detail,actuarial_fees,-176649945.08,176649945.08,SCI Detailed,8,May 2026 Consolidated Accounts.xlsx
2026-05,2026-05-31,ZAMRE,SCI,INCOME,Actuarial Fees,detail,actuarial_fees,0.0,-0.0,SCI Detailed,8,May 2026 Consolidated Accounts.xlsx
2026-05,2026-05-31,ZARIB,SCI,INCOME,Actuarial Fees,detail,actuarial_fees,0.0,-0.0,SCI Detailed,8,May 2026 Consolidated Accounts.xlsx
2026-05,2026-05-31,MALAWI,SCI,INCOME,Actuarial Fees,detail,actuarial_fees,0.0,-0.0,SCI Detailed,8,May 2026 Consolidated Accounts.xlsx
2026-05,2026-05-31,MENA,SCI,INCOME,Actuarial Fees,detail,actuarial_fees,-32696056.68,32696056.68,SCI Detailed,8,May 2026 Consolidated Accounts.xlsx
2026-05,2026-05-31,NIGERIA,SCI,INCOME,Actuarial Fees,detail,actuarial_fees,-36154819.63,36154819.63,SCI Detailed,8,May 2026 Consolidated Accounts.xlsx
2026-05,2026-05-31,RWANDA,SCI,INCOME,Actuarial Fees,detail,actuarial_fees,-4283604.75,4283604.75,SCI Detailed,8,May 2026 Consolidated Accounts.xlsx
2026-05,2026-05-31,ZHL,SCI,INCOME,Actuarial Fees,detail,actuarial_fees,0.0,-0.0,SCI Detailed,8,May 2026 Consolidated Accounts.xlsx
2026-05,2026-05-31,ZATL,SCI,INCOME,Actuarial Fees,detail,actuarial_fees,-7385993.86,7385993.86,SCI Detailed,8,May 2026 Consolidated Accounts.xlsx
2026-05,2026-05-31,DRC,SCI,INCOME,Actuarial Fees,detail,actuarial_fees,0.0,-0.0,SCI Detailed,8,May 2026 Consolidated Accounts.xlsx
2026-05,2026-05-31,C&P,SCI,INCOME,Actuarial Fees,detail,actuarial_fees,0.0,-0.0,SCI Detailed,8,May 2026 Consolidated Accounts.xlsx
2026-05,2026-05-31,ZAAC,SCI,INCOME,Pension Admin Fee,detail,pension_admin_fee,-220102732.4,220102732.4,SCI Detailed,9,May 2026 Consolidated Accounts.xlsx
2026-05,2026-05-31,MALAWI,SCI,INCOME,Pension Admin Fee,detail,pension_admin_fee,-90938418.73,90938418.73,SCI Detailed,9,May 2026 Consolidated Accounts.xlsx
2026-05,2026-05-31,MENA,SCI,INCOME,Pension Admin Fee,detail,pension_admin_fee,0.0,-0.0,SCI Detailed,9,May 2026 Consolidated Accounts.xlsx
2026-05,2026-05-31,NIGERIA,SCI,INCOME,Pension Admin Fee,detail,pension_admin_fee,0.0,-0.0,SCI Detailed,9,May 2026 Consolidated Accounts.xlsx
2026-05,2026-05-31,RWANDA,SCI,INCOME,Pension Admin Fee,detail,pension_admin_fee,-345293.93,345293.93,SCI Detailed,9,May 2026 Consolidated Accounts.xlsx
2026-05,2026-05-31,C&P,SCI,INCOME,Pension Admin Fee,detail,pension_admin_fee,-21132702.22,21132702.22,SCI Detailed,9,May 2026 Consolidated Accounts.xlsx
2026-05,2026-05-31,ZAAC,SCI,INCOME,Umbrella Fund,detail,umbrella_fund,-124791535.96,124791535.96,SCI Detailed,10,May 2026 Consolidated Accounts.xlsx
2026-05,2026-05-31,ZAAC,SCI,INCOME,Insurance Commissions,detail,insurance_commissions,0.0,-0.0,SCI Detailed,11,May 2026 Consolidated Accounts.xlsx
2026-05,2026-05-31,ZAMRE,SCI,INCOME,Insurance Commissions,detail,insurance_commissions,-35969538.0,35969538.0,SCI Detailed,11,May 2026 Consolidated Accounts.xlsx
2026-05,2026-05-31,ZARIB,SCI,INCOME,Insurance Commissions,detail,insurance_commissions,-884741909.86,884741909.86,SCI Detailed,11,May 2026 Consolidated Accounts.xlsx
2026-05,2026-05-31,MALAWI,SCI,INCOME,Insurance Commissions,detail,insurance_commissions,0.0,-0.0,SCI Detailed,11,May 2026 Consolidated Accounts.xlsx
2026-05,2026-05-31,MENA,SCI,INCOME,Insurance Commissions,detail,insurance_commissions,0.0,-0.0,SCI Detailed,11,May 2026 Consolidated Accounts.xlsx
2026-05,2026-05-31,NIGERIA,SCI,INCOME,Insurance Commissions,detail,insurance_commissions,0.0,-0.0,SCI Detailed,11,May 2026 Consolidated Accounts.xlsx
2026-05,2026-05-31,RWANDA,SCI,INCOME,Insurance Commissions,detail,insurance_commissions,-20846563.48,20846563.48,SCI Detailed,11,May 2026 Consolidated Accounts.xlsx
2026-05,2026-05-31,ZHL,SCI,INCOME,Insurance Commissions,detail,insurance_commissions,0.0,-0.0,SCI Detailed,11,May 2026 Consolidated Accounts.xlsx
2026-05,2026-05-31,ZATL,SCI,INCOME,Insurance Commissions,detail,insurance_commissions,0.0,-0.0,SCI Detailed,11,May 2026 Consolidated Accounts.xlsx
2026-05,2026-05-31,DRC,SCI,INCOME,Insurance Commissions,detail,insurance_commissions,-25057589.19,25057589.19,SCI Detailed,11,May 2026 Consolidated Accounts.xlsx
2026-05,2026-05-31,C&P,SCI,INCOME,Insurance Commissions,detail,insurance_commissions,0.0,-0.0,SCI Detailed,11,May 2026 Consolidated Accounts.xlsx
2026-05,2026-05-31,ZAAC,SCI,INCOME,SAAS (Software as a Service),detail,saas_income,-15228347.0,15228347.0,SCI Detailed,12,May 2026 Consolidated Accounts.xlsx
2026-05,2026-05-31,ZAMRE,SCI,INCOME,SAAS (Software as a Service),detail,saas_income,0.0,-0.0,SCI Detailed,12,May 2026 Consolidated Accounts.xlsx
2026-05,2026-05-31,ZARIB,SCI,INCOME,SAAS (Software as a Service),detail,saas_income,0.0,-0.0,SCI Detailed,12,May 2026 Consolidated Accounts.xlsx
2026-05,2026-05-31,MALAWI,SCI,INCOME,SAAS (Software as a Service),detail,saas_income,0.0,-0.0,SCI Detailed,12,May 2026 Consolidated Accounts.xlsx
2026-05,2026-05-31,MENA,SCI,INCOME,SAAS (Software as a Service),detail,saas_income,0.0,-0.0,SCI Detailed,12,May 2026 Consolidated Accounts.xlsx
2026-05,2026-05-31,NIGERIA,SCI,INCOME,SAAS (Software as a Service),detail,saas_income,0.0,-0.0,SCI Detailed,12,May 2026 Consolidated Accounts.xlsx
2026-05,2026-05-31,RWANDA,SCI,INCOME,SAAS (Software as a Service),detail,saas_income,0.0,-0.0,SCI Detailed,12,May 2026 Consolidated Accounts.xlsx
2026-05,2026-05-31,ZHL,SCI,INCOME,SAAS (Software as a Service),detail,saas_income,0.0,-0.0,SCI Detailed,12,May 2026 Consolidated Accounts.xlsx
2026-05,2026-05-31,ZATL,SCI,INCOME,SAAS (Software as a Service),detail,saas_income,0.0,-0.0,SCI Detailed,12,May 2026 Consolidated Accounts.xlsx
2026-05,2026-05-31,DRC,SCI,INCOME,SAAS (Software as a Service),detail,saas_income,0.0,-0.0,SCI Detailed,12,May 2026 Consolidated Accounts.xlsx
2026-05,2026-05-31,C&P,SCI,INCOME,SAAS (Software as a Service),detail,saas_income,0.0,-0.0,SCI Detailed,12,May 2026 Consolidated Accounts.xlsx
2026-05,2026-05-31,ZAAC,SCI,INCOME,Retail,detail,retail_income,-50504469.83,50504469.83,SCI Detailed,13,May 2026 Consolidated Accounts.xlsx
2026-05,2026-05-31,ZAAC,SCI,INCOME,Other Income,detail,other_income,-12049338.37,12049338.37,SCI Detailed,14,May 2026 Consolidated Accounts.xlsx
2026-05,2026-05-31,ZAMRE,SCI,INCOME,Other Income,detail,other_income,-694246.82,694246.82,SCI Detailed,14,May 2026 Consolidated Accounts.xlsx
2026-05,2026-05-31,ZARIB,SCI,INCOME,Other Income,detail,other_income,-22847779.89,22847779.89,SCI Detailed,14,May 2026 Consolidated Accounts.xlsx
2026-05,2026-05-31,MALAWI,SCI,INCOME,Other Income,detail,other_income,-5783284.61,5783284.61,SCI Detailed,14,May 2026 Consolidated Accounts.xlsx
2026-05,2026-05-31,MENA,SCI,INCOME,Other Income,detail,other_income,0.0,-0.0,SCI Detailed,14,May 2026 Consolidated Accounts.xlsx
2026-05,2026-05-31,NIGERIA,SCI,INCOME,Other Income,detail,other_income,-322836.68,322836.68,SCI Detailed,14,May 2026 Consolidated Accounts.xlsx
2026-05,2026-05-31,RWANDA,SCI,INCOME,Other Income,detail,other_income,-546170.59,546170.59,SCI Detailed,14,May 2026 Consolidated Accounts.xlsx
2026-05,2026-05-31,ZHL,SCI,INCOME,Other Income,detail,other_income,-136830.73,136830.73,SCI Detailed,14,May 2026 Consolidated Accounts.xlsx
2026-05,2026-05-31,ZATL,SCI,INCOME,Other Income,detail,other_income,-12062.46,12062.46,SCI Detailed,14,May 2026 Consolidated Accounts.xlsx
2026-05,2026-05-31,DRC,SCI,INCOME,Other Income,detail,other_income,0.0,-0.0,SCI Detailed,14,May 2026 Consolidated Accounts.xlsx
2026-05,2026-05-31,C&P,SCI,INCOME,Other Income,detail,other_income,-179954.3,179954.3,SCI Detailed,14,May 2026 Consolidated Accounts.xlsx
2026-05,2026-05-31,ZAAC,SCI,INCOME,Total Income,total,,-599326368.64,-599326368.64,SCI Detailed,15,May 2026 Consolidated Accounts.xlsx
2026-05,2026-05-31,ZAMRE,SCI,INCOME,Total Income,total,,-36663784.82,-36663784.82,SCI Detailed,15,May 2026 Consolidated Accounts.xlsx
2026-05,2026-05-31,ZARIB,SCI,INCOME,Total Income,total,,-907589689.75,-907589689.75,SCI Detailed,15,May 2026 Consolidated Accounts.xlsx
2026-05,2026-05-31,MALAWI,SCI,INCOME,Total Income,total,,-96721703.34,-96721703.34,SCI Detailed,15,May 2026 Consolidated Accounts.xlsx
2026-05,2026-05-31,MENA,SCI,INCOME,Total Income,total,,-32696056.68,-32696056.68,SCI Detailed,15,May 2026 Consolidated Accounts.xlsx
2026-05,2026-05-31,NIGERIA,SCI,INCOME,Total Income,total,,-36477656.31,-36477656.31,SCI Detailed,15,May 2026 Consolidated Accounts.xlsx
2026-05,2026-05-31,RWANDA,SCI,INCOME,Total Income,total,,-26021632.75,-26021632.75,SCI Detailed,15,May 2026 Consolidated Accounts.xlsx
2026-05,2026-05-31,ZHL,SCI,INCOME,Total Income,total,,-136830.73,-136830.73,SCI Detailed,15,May 2026 Consolidated Accounts.xlsx
2026-05,2026-05-31,ZATL,SCI,INCOME,Total Income,total,,-7398056.32,-7398056.32,SCI Detailed,15,May 2026 Consolidated Accounts.xlsx
2026-05,2026-05-31,DRC,SCI,INCOME,Total Income,total,,-25057589.19,-25057589.19,SCI Detailed,15,May 2026 Consolidated Accounts.xlsx
2026-05,2026-05-31,C&P,SCI,INCOME,Total Income,total,,-21312656.52,-21312656.52,SCI Detailed,15,May 2026 Consolidated Accounts.xlsx
2026-05,2026-05-31,ZAAC,SCI,Personnel Costs,Emol.Pack-Salaries,detail,personnel_costs,308601968.21,308601968.21,SCI Detailed,19,May 2026 Consolidated Accounts.xlsx
2026-05,2026-05-31,ZAMRE,SCI,Personnel Costs,Emol.Pack-Salaries,detail,personnel_costs,0.0,0.0,SCI Detailed,19,May 2026 Consolidated Accounts.xlsx
2026-05,2026-05-31,ZARIB,SCI,Personnel Costs,Emol.Pack-Salaries,detail,personnel_costs,142044888.96,142044888.96,SCI Detailed,19,May 2026 Consolidated Accounts.xlsx
2026-05,2026-05-31,MALAWI,SCI,Personnel Costs,Emol.Pack-Salaries,detail,personnel_costs,14981979.05,14981979.05,SCI Detailed,19,May 2026 Consolidated Accounts.xlsx
2026-05,2026-05-31,MENA,SCI,Personnel Costs,Emol.Pack-Salaries,detail,personnel_costs,23057179.91,23057179.91,SCI Detailed,19,May 2026 Consolidated Accounts.xlsx
2026-05,2026-05-31,NIGERIA,SCI,Personnel Costs,Emol.Pack-Salaries,detail,personnel_costs,5013843.46,5013843.46,SCI Detailed,19,May 2026 Consolidated Accounts.xlsx
2026-05,2026-05-31,RWANDA,SCI,Personnel Costs,Emol.Pack-Salaries,detail,personnel_costs,13222135.43,13222135.43,SCI Detailed,19,May 2026 Consolidated Accounts.xlsx
2026-05,2026-05-31,ZHL,SCI,Personnel Costs,Emol.Pack-Salaries,detail,personnel_costs,0.0,0.0,SCI Detailed,19,May 2026 Consolidated Accounts.xlsx
2026-05,2026-05-31,ZATL,SCI,Personnel Costs,Emol.Pack-Salaries,detail,personnel_costs,1925926.13,1925926.13,SCI Detailed,19,May 2026 Consolidated Accounts.xlsx
2026-05,2026-05-31,DRC,SCI,Personnel Costs,Emol.Pack-Salaries,detail,personnel_costs,5259000.62,5259000.62,SCI Detailed,19,May 2026 Consolidated Accounts.xlsx
2026-05,2026-05-31,ZAAC,SCI,Personnel Costs,Emol.Pack-Housing Subsid,detail,personnel_costs,4489345.0,4489345.0,SCI Detailed,20,May 2026 Consolidated Accounts.xlsx
2026-05,2026-05-31,ZAMRE,SCI,Personnel Costs,Emol.Pack-Housing Subsid,detail,personnel_costs,0.0,0.0,SCI Detailed,20,May 2026 Consolidated Accounts.xlsx
2026-05,2026-05-31,ZARIB,SCI,Personnel Costs,Emol.Pack-Housing Subsid,detail,personnel_costs,0.0,0.0,SCI Detailed,20,May 2026 Consolidated Accounts.xlsx
2026-05,2026-05-31,MALAWI,SCI,Personnel Costs,Emol.Pack-Housing Subsid,detail,personnel_costs,0.0,0.0,SCI Detailed,20,May 2026 Consolidated Accounts.xlsx
2026-05,2026-05-31,MENA,SCI,Personnel Costs,Emol.Pack-Housing Subsid,detail,personnel_costs,0.0,0.0,SCI Detailed,20,May 2026 Consolidated Accounts.xlsx
2026-05,2026-05-31,NIGERIA,SCI,Personnel Costs,Emol.Pack-Housing Subsid,detail,personnel_costs,0.0,0.0,SCI Detailed,20,May 2026 Consolidated Accounts.xlsx
2026-05,2026-05-31,RWANDA,SCI,Personnel Costs,Emol.Pack-Housing Subsid,detail,personnel_costs,0.0,0.0,SCI Detailed,20,May 2026 Consolidated Accounts.xlsx
2026-05,2026-05-31,ZHL,SCI,Personnel Costs,Emol.Pack-Housing Subsid,detail,personnel_costs,0.0,0.0,SCI Detailed,20,May 2026 Consolidated Accounts.xlsx
2026-05,2026-05-31,ZATL,SCI,Personnel Costs,Emol.Pack-Housing Subsid,detail,personnel_costs,0.0,0.0,SCI Detailed,20,May 2026 Consolidated Accounts.xlsx
2026-05,2026-05-31,DRC,SCI,Personnel Costs,Emol.Pack-Housing Subsid,detail,personnel_costs,0.0,0.0,SCI Detailed,20,May 2026 Consolidated Accounts.xlsx
2026-05,2026-05-31,ZAAC,SCI,Personnel Costs,Emol.Pack-Other,detail,personnel_costs,806800.0,806800.0,SCI Detailed,21,May 2026 Consolidated Accounts.xlsx
2026-05,2026-05-31,ZAMRE,SCI,Personnel Costs,Emol.Pack-Other,detail,personnel_costs,0.0,0.0,SCI Detailed,21,May 2026 Consolidated Accounts.xlsx
2026-05,2026-05-31,ZARIB,SCI,Personnel Costs,Emol.Pack-Other,detail,personnel_costs,2948445.0,2948445.0,SCI Detailed,21,May 2026 Consolidated Accounts.xlsx
2026-05,2026-05-31,MALAWI,SCI,Personnel Costs,Emol.Pack-Other,detail,personnel_costs,617113.21,617113.21,SCI Detailed,21,May 2026 Consolidated Accounts.xlsx
2026-05,2026-05-31,MENA,SCI,Personnel Costs,Emol.Pack-Other,detail,personnel_costs,0.0,0.0,SCI Detailed,21,May 2026 Consolidated Accounts.xlsx
2026-05,2026-05-31,NIGERIA,SCI,Personnel Costs,Emol.Pack-Other,detail,personnel_costs,4196361.46,4196361.46,SCI Detailed,21,May 2026 Consolidated Accounts.xlsx
2026-05,2026-05-31,RWANDA,SCI,Personnel Costs,Emol.Pack-Other,detail,personnel_costs,0.0,0.0,SCI Detailed,21,May 2026 Consolidated Accounts.xlsx
2026-05,2026-05-31,ZHL,SCI,Personnel Costs,Emol.Pack-Other,detail,personnel_costs,0.0,0.0,SCI Detailed,21,May 2026 Consolidated Accounts.xlsx
2026-05,2026-05-31,ZATL,SCI,Personnel Costs,Emol.Pack-Other,detail,personnel_costs,65906.84,65906.84,SCI Detailed,21,May 2026 Consolidated Accounts.xlsx
2026-05,2026-05-31,DRC,SCI,Personnel Costs,Emol.Pack-Other,detail,personnel_costs,0.0,0.0,SCI Detailed,21,May 2026 Consolidated Accounts.xlsx
2026-05,2026-05-31,ZAAC,SCI,Personnel Costs,Emol.Pack-Med.Contribut.,detail,personnel_costs,15480441.49,15480441.49,SCI Detailed,22,May 2026 Consolidated Accounts.xlsx
2026-05,2026-05-31,ZAMRE,SCI,Personnel Costs,Emol.Pack-Med.Contribut.,detail,personnel_costs,0.0,0.0,SCI Detailed,22,May 2026 Consolidated Accounts.xlsx
2026-05,2026-05-31,ZARIB,SCI,Personnel Costs,Emol.Pack-Med.Contribut.,detail,personnel_costs,9576497.33,9576497.33,SCI Detailed,22,May 2026 Consolidated Accounts.xlsx
2026-05,2026-05-31,MALAWI,SCI,Personnel Costs,Emol.Pack-Med.Contribut.,detail,personnel_costs,637658.51,637658.51,SCI Detailed,22,May 2026 Consolidated Accounts.xlsx
2026-05,2026-05-31,MENA,SCI,Personnel Costs,Emol.Pack-Med.Contribut.,detail,personnel_costs,0.0,0.0,SCI Detailed,22,May 2026 Consolidated Accounts.xlsx
2026-05,2026-05-31,NIGERIA,SCI,Personnel Costs,Emol.Pack-Med.Contribut.,detail,personnel_costs,323812.89,323812.89,SCI Detailed,22,May 2026 Consolidated Accounts.xlsx
2026-05,2026-05-31,RWANDA,SCI,Personnel Costs,Emol.Pack-Med.Contribut.,detail,personnel_costs,992762.34,992762.34,SCI Detailed,22,May 2026 Consolidated Accounts.xlsx
2026-05,2026-05-31,ZHL,SCI,Personnel Costs,Emol.Pack-Med.Contribut.,detail,personnel_costs,0.0,0.0,SCI Detailed,22,May 2026 Consolidated Accounts.xlsx
2026-05,2026-05-31,ZATL,SCI,Personnel Costs,Emol.Pack-Med.Contribut.,detail,personnel_costs,0.0,0.0,SCI Detailed,22,May 2026 Consolidated Accounts.xlsx
2026-05,2026-05-31,DRC,SCI,Personnel Costs,Emol.Pack-Med.Contribut.,detail,personnel_costs,0.0,0.0,SCI Detailed,22,May 2026 Consolidated Accounts.xlsx
2026-05,2026-05-31,ZAAC,SCI,Personnel Costs,Emol.Pack-Pens.Contribut.,detail,personnel_costs,23422979.29,23422979.29,SCI Detailed,23,May 2026 Consolidated Accounts.xlsx
2026-05,2026-05-31,ZAMRE,SCI,Personnel Costs,Emol.Pack-Pens.Contribut.,detail,personnel_costs,0.0,0.0,SCI Detailed,23,May 2026 Consolidated Accounts.xlsx
2026-05,2026-05-31,ZARIB,SCI,Personnel Costs,Emol.Pack-Pens.Contribut.,detail,personnel_costs,10479146.01,10479146.01,SCI Detailed,23,May 2026 Consolidated Accounts.xlsx
2026-05,2026-05-31,MALAWI,SCI,Personnel Costs,Emol.Pack-Pens.Contribut.,detail,personnel_costs,1475266.99,1475266.99,SCI Detailed,23,May 2026 Consolidated Accounts.xlsx
2026-05,2026-05-31,MENA,SCI,Personnel Costs,Emol.Pack-Pens.Contribut.,detail,personnel_costs,0.0,0.0,SCI Detailed,23,May 2026 Consolidated Accounts.xlsx
2026-05,2026-05-31,NIGERIA,SCI,Personnel Costs,Emol.Pack-Pens.Contribut.,detail,personnel_costs,442407.4,442407.4,SCI Detailed,23,May 2026 Consolidated Accounts.xlsx
2026-05,2026-05-31,RWANDA,SCI,Personnel Costs,Emol.Pack-Pens.Contribut.,detail,personnel_costs,114736.38,114736.38,SCI Detailed,23,May 2026 Consolidated Accounts.xlsx
2026-05,2026-05-31,ZHL,SCI,Personnel Costs,Emol.Pack-Pens.Contribut.,detail,personnel_costs,0.0,0.0,SCI Detailed,23,May 2026 Consolidated Accounts.xlsx
2026-05,2026-05-31,ZATL,SCI,Personnel Costs,Emol.Pack-Pens.Contribut.,detail,personnel_costs,154683.79,154683.79,SCI Detailed,23,May 2026 Consolidated Accounts.xlsx
2026-05,2026-05-31,DRC,SCI,Personnel Costs,Emol.Pack-Pens.Contribut.,detail,personnel_costs,0.0,0.0,SCI Detailed,23,May 2026 Consolidated Accounts.xlsx
2026-05,2026-05-31,ZAAC,SCI,Personnel Costs,Co.Contrib-Life Assurance,detail,personnel_costs,4651427.9,4651427.9,SCI Detailed,24,May 2026 Consolidated Accounts.xlsx
2026-05,2026-05-31,ZAMRE,SCI,Personnel Costs,Co.Contrib-Life Assurance,detail,personnel_costs,0.0,0.0,SCI Detailed,24,May 2026 Consolidated Accounts.xlsx
2026-05,2026-05-31,ZARIB,SCI,Personnel Costs,Co.Contrib-Life Assurance,detail,personnel_costs,1877688.05,1877688.05,SCI Detailed,24,May 2026 Consolidated Accounts.xlsx
2026-05,2026-05-31,MALAWI,SCI,Personnel Costs,Co.Contrib-Life Assurance,detail,personnel_costs,295053.4,295053.4,SCI Detailed,24,May 2026 Consolidated Accounts.xlsx
2026-05,2026-05-31,MENA,SCI,Personnel Costs,Co.Contrib-Life Assurance,detail,personnel_costs,0.0,0.0,SCI Detailed,24,May 2026 Consolidated Accounts.xlsx
2026-05,2026-05-31,NIGERIA,SCI,Personnel Costs,Co.Contrib-Life Assurance,detail,personnel_costs,210103.91,210103.91,SCI Detailed,24,May 2026 Consolidated Accounts.xlsx
2026-05,2026-05-31,RWANDA,SCI,Personnel Costs,Co.Contrib-Life Assurance,detail,personnel_costs,240890.11,240890.11,SCI Detailed,24,May 2026 Consolidated Accounts.xlsx
2026-05,2026-05-31,ZHL,SCI,Personnel Costs,Co.Contrib-Life Assurance,detail,personnel_costs,0.0,0.0,SCI Detailed,24,May 2026 Consolidated Accounts.xlsx
2026-05,2026-05-31,ZATL,SCI,Personnel Costs,Co.Contrib-Life Assurance,detail,personnel_costs,0.0,0.0,SCI Detailed,24,May 2026 Consolidated Accounts.xlsx
2026-05,2026-05-31,DRC,SCI,Personnel Costs,Co.Contrib-Life Assurance,detail,personnel_costs,0.0,0.0,SCI Detailed,24,May 2026 Consolidated Accounts.xlsx
2026-05,2026-05-31,ZAAC,SCI,Personnel Costs,Temporary Staff-General,detail,personnel_costs,564003.41,564003.41,SCI Detailed,25,May 2026 Consolidated Accounts.xlsx
2026-05,2026-05-31,ZAMRE,SCI,Personnel Costs,Temporary Staff-General,detail,personnel_costs,0.0,0.0,SCI Detailed,25,May 2026 Consolidated Accounts.xlsx
2026-05,2026-05-31,ZARIB,SCI,Personnel Costs,Temporary Staff-General,detail,personnel_costs,71850.0,71850.0,SCI Detailed,25,May 2026 Consolidated Accounts.xlsx
2026-05,2026-05-31,MALAWI,SCI,Personnel Costs,Temporary Staff-General,detail,personnel_costs,0.0,0.0,SCI Detailed,25,May 2026 Consolidated Accounts.xlsx
2026-05,2026-05-31,MENA,SCI,Personnel Costs,Temporary Staff-General,detail,personnel_costs,0.0,0.0,SCI Detailed,25,May 2026 Consolidated Accounts.xlsx
2026-05,2026-05-31,NIGERIA,SCI,Personnel Costs,Temporary Staff-General,detail,personnel_costs,0.0,0.0,SCI Detailed,25,May 2026 Consolidated Accounts.xlsx
2026-05,2026-05-31,RWANDA,SCI,Personnel Costs,Temporary Staff-General,detail,personnel_costs,0.0,0.0,SCI Detailed,25,May 2026 Consolidated Accounts.xlsx
2026-05,2026-05-31,ZHL,SCI,Personnel Costs,Temporary Staff-General,detail,personnel_costs,0.0,0.0,SCI Detailed,25,May 2026 Consolidated Accounts.xlsx
2026-05,2026-05-31,ZATL,SCI,Personnel Costs,Temporary Staff-General,detail,personnel_costs,0.0,0.0,SCI Detailed,25,May 2026 Consolidated Accounts.xlsx
2026-05,2026-05-31,DRC,SCI,Personnel Costs,Temporary Staff-General,detail,personnel_costs,701492.3,701492.3,SCI Detailed,25,May 2026 Consolidated Accounts.xlsx
2026-05,2026-05-31,ZAAC,SCI,Personnel Costs,Welfare-General,detail,personnel_costs,323793.93,323793.93,SCI Detailed,26,May 2026 Consolidated Accounts.xlsx
2026-05,2026-05-31,ZAMRE,SCI,Personnel Costs,Welfare-General,detail,personnel_costs,0.0,0.0,SCI Detailed,26,May 2026 Consolidated Accounts.xlsx
2026-05,2026-05-31,ZARIB,SCI,Personnel Costs,Welfare-General,detail,personnel_costs,260080.7,260080.7,SCI Detailed,26,May 2026 Consolidated Accounts.xlsx
2026-05,2026-05-31,MALAWI,SCI,Personnel Costs,Welfare-General,detail,personnel_costs,424964.32,424964.32,SCI Detailed,26,May 2026 Consolidated Accounts.xlsx
2026-05,2026-05-31,MENA,SCI,Personnel Costs,Welfare-General,detail,personnel_costs,0.0,0.0,SCI Detailed,26,May 2026 Consolidated Accounts.xlsx
2026-05,2026-05-31,NIGERIA,SCI,Personnel Costs,Welfare-General,detail,personnel_costs,0.0,0.0,SCI Detailed,26,May 2026 Consolidated Accounts.xlsx
2026-05,2026-05-31,RWANDA,SCI,Personnel Costs,Welfare-General,detail,personnel_costs,0.0,0.0,SCI Detailed,26,May 2026 Consolidated Accounts.xlsx
2026-05,2026-05-31,ZHL,SCI,Personnel Costs,Welfare-General,detail,personnel_costs,0.0,0.0,SCI Detailed,26,May 2026 Consolidated Accounts.xlsx
2026-05,2026-05-31,ZATL,SCI,Personnel Costs,Welfare-General,detail,personnel_costs,0.0,0.0,SCI Detailed,26,May 2026 Consolidated Accounts.xlsx
2026-05,2026-05-31,DRC,SCI,Personnel Costs,Welfare-General,detail,personnel_costs,0.0,0.0,SCI Detailed,26,May 2026 Consolidated Accounts.xlsx
2026-05,2026-05-31,ZAAC,SCI,Personnel Costs,Other Staff Costs,detail,personnel_costs,-47672814.6,-47672814.6,SCI Detailed,27,May 2026 Consolidated Accounts.xlsx
2026-05,2026-05-31,ZAMRE,SCI,Personnel Costs,Other Staff Costs,detail,personnel_costs,12726139.33,12726139.33,SCI Detailed,27,May 2026 Consolidated Accounts.xlsx
2026-05,2026-05-31,ZARIB,SCI,Personnel Costs,Other Staff Costs,detail,personnel_costs,62238151.58,62238151.58,SCI Detailed,27,May 2026 Consolidated Accounts.xlsx
2026-05,2026-05-31,MALAWI,SCI,Personnel Costs,Other Staff Costs,detail,personnel_costs,275939.35,275939.35,SCI Detailed,27,May 2026 Consolidated Accounts.xlsx
2026-05,2026-05-31,MENA,SCI,Personnel Costs,Other Staff Costs,detail,personnel_costs,0.0,0.0,SCI Detailed,27,May 2026 Consolidated Accounts.xlsx
2026-05,2026-05-31,NIGERIA,SCI,Personnel Costs,Other Staff Costs,detail,personnel_costs,729610.52,729610.52,SCI Detailed,27,May 2026 Consolidated Accounts.xlsx
2026-05,2026-05-31,RWANDA,SCI,Personnel Costs,Other Staff Costs,detail,personnel_costs,1097437.23,1097437.23,SCI Detailed,27,May 2026 Consolidated Accounts.xlsx
2026-05,2026-05-31,ZHL,SCI,Personnel Costs,Other Staff Costs,detail,personnel_costs,0.0,0.0,SCI Detailed,27,May 2026 Consolidated Accounts.xlsx
2026-05,2026-05-31,ZATL,SCI,Personnel Costs,Other Staff Costs,detail,personnel_costs,7924.3,7924.3,SCI Detailed,27,May 2026 Consolidated Accounts.xlsx
2026-05,2026-05-31,DRC,SCI,Personnel Costs,Other Staff Costs,detail,personnel_costs,3100090.96,3100090.96,SCI Detailed,27,May 2026 Consolidated Accounts.xlsx
2026-05,2026-05-31,ZAAC,SCI,Personnel Costs,Other Staff Benefits,detail,personnel_costs,0.0,0.0,SCI Detailed,28,May 2026 Consolidated Accounts.xlsx
2026-05,2026-05-31,ZAMRE,SCI,Personnel Costs,Other Staff Benefits,detail,personnel_costs,0.0,0.0,SCI Detailed,28,May 2026 Consolidated Accounts.xlsx
2026-05,2026-05-31,ZARIB,SCI,Personnel Costs,Other Staff Benefits,detail,personnel_costs,0.0,0.0,SCI Detailed,28,May 2026 Consolidated Accounts.xlsx
2026-05,2026-05-31,MALAWI,SCI,Personnel Costs,Other Staff Benefits,detail,personnel_costs,0.0,0.0,SCI Detailed,28,May 2026 Consolidated Accounts.xlsx
2026-05,2026-05-31,MENA,SCI,Personnel Costs,Other Staff Benefits,detail,personnel_costs,0.0,0.0,SCI Detailed,28,May 2026 Consolidated Accounts.xlsx
2026-05,2026-05-31,NIGERIA,SCI,Personnel Costs,Other Staff Benefits,detail,personnel_costs,0.0,0.0,SCI Detailed,28,May 2026 Consolidated Accounts.xlsx
2026-05,2026-05-31,RWANDA,SCI,Personnel Costs,Other Staff Benefits,detail,personnel_costs,67843.75,67843.75,SCI Detailed,28,May 2026 Consolidated Accounts.xlsx
2026-05,2026-05-31,ZHL,SCI,Personnel Costs,Other Staff Benefits,detail,personnel_costs,0.0,0.0,SCI Detailed,28,May 2026 Consolidated Accounts.xlsx
2026-05,2026-05-31,ZATL,SCI,Personnel Costs,Other Staff Benefits,detail,personnel_costs,0.0,0.0,SCI Detailed,28,May 2026 Consolidated Accounts.xlsx
2026-05,2026-05-31,DRC,SCI,Personnel Costs,Other Staff Benefits,detail,personnel_costs,0.0,0.0,SCI Detailed,28,May 2026 Consolidated Accounts.xlsx
2026-05,2026-05-31,C&P,SCI,Personnel Costs,Other Staff Benefits,detail,personnel_costs,0.0,0.0,SCI Detailed,28,May 2026 Consolidated Accounts.xlsx
2026-05,2026-05-31,ZAAC,SCI,Personnel Costs,Training EXTERNAL,detail,personnel_costs,5417318.35,5417318.35,SCI Detailed,29,May 2026 Consolidated Accounts.xlsx
2026-05,2026-05-31,ZAMRE,SCI,Personnel Costs,Training EXTERNAL,detail,personnel_costs,133017.47,133017.47,SCI Detailed,29,May 2026 Consolidated Accounts.xlsx
2026-05,2026-05-31,ZARIB,SCI,Personnel Costs,Training EXTERNAL,detail,personnel_costs,1654979.07,1654979.07,SCI Detailed,29,May 2026 Consolidated Accounts.xlsx
2026-05,2026-05-31,MALAWI,SCI,Personnel Costs,Training EXTERNAL,detail,personnel_costs,0.0,0.0,SCI Detailed,29,May 2026 Consolidated Accounts.xlsx
2026-05,2026-05-31,MENA,SCI,Personnel Costs,Training EXTERNAL,detail,personnel_costs,0.0,0.0,SCI Detailed,29,May 2026 Consolidated Accounts.xlsx
2026-05,2026-05-31,NIGERIA,SCI,Personnel Costs,Training EXTERNAL,detail,personnel_costs,320117.9,320117.9,SCI Detailed,29,May 2026 Consolidated Accounts.xlsx
2026-05,2026-05-31,RWANDA,SCI,Personnel Costs,Training EXTERNAL,detail,personnel_costs,131414.41,131414.41,SCI Detailed,29,May 2026 Consolidated Accounts.xlsx
2026-05,2026-05-31,ZHL,SCI,Personnel Costs,Training EXTERNAL,detail,personnel_costs,0.0,0.0,SCI Detailed,29,May 2026 Consolidated Accounts.xlsx
2026-05,2026-05-31,ZATL,SCI,Personnel Costs,Training EXTERNAL,detail,personnel_costs,0.0,0.0,SCI Detailed,29,May 2026 Consolidated Accounts.xlsx
2026-05,2026-05-31,DRC,SCI,Personnel Costs,Training EXTERNAL,detail,personnel_costs,343609.82,343609.82,SCI Detailed,29,May 2026 Consolidated Accounts.xlsx
2026-05,2026-05-31,ZAAC,SCI,Personnel Costs,Commission Leads,detail,personnel_costs,306919.38,306919.38,SCI Detailed,30,May 2026 Consolidated Accounts.xlsx
2026-05,2026-05-31,ZAMRE,SCI,Personnel Costs,Commission Leads,detail,personnel_costs,0.0,0.0,SCI Detailed,30,May 2026 Consolidated Accounts.xlsx
2026-05,2026-05-31,ZARIB,SCI,Personnel Costs,Commission Leads,detail,personnel_costs,2313362.64,2313362.64,SCI Detailed,30,May 2026 Consolidated Accounts.xlsx
2026-05,2026-05-31,MALAWI,SCI,Personnel Costs,Commission Leads,detail,personnel_costs,0.0,0.0,SCI Detailed,30,May 2026 Consolidated Accounts.xlsx
2026-05,2026-05-31,MENA,SCI,Personnel Costs,Commission Leads,detail,personnel_costs,0.0,0.0,SCI Detailed,30,May 2026 Consolidated Accounts.xlsx
2026-05,2026-05-31,NIGERIA,SCI,Personnel Costs,Commission Leads,detail,personnel_costs,0.0,0.0,SCI Detailed,30,May 2026 Consolidated Accounts.xlsx
2026-05,2026-05-31,RWANDA,SCI,Personnel Costs,Commission Leads,detail,personnel_costs,0.0,0.0,SCI Detailed,30,May 2026 Consolidated Accounts.xlsx
2026-05,2026-05-31,ZHL,SCI,Personnel Costs,Commission Leads,detail,personnel_costs,0.0,0.0,SCI Detailed,30,May 2026 Consolidated Accounts.xlsx
2026-05,2026-05-31,ZATL,SCI,Personnel Costs,Commission Leads,detail,personnel_costs,0.0,0.0,SCI Detailed,30,May 2026 Consolidated Accounts.xlsx
2026-05,2026-05-31,DRC,SCI,Personnel Costs,Commission Leads,detail,personnel_costs,0.0,0.0,SCI Detailed,30,May 2026 Consolidated Accounts.xlsx
2026-05,2026-05-31,ZAAC,SCI,Personnel Costs,Training Internal,detail,personnel_costs,320820.0,320820.0,SCI Detailed,32,May 2026 Consolidated Accounts.xlsx
2026-05,2026-05-31,ZAMRE,SCI,Personnel Costs,Training Internal,detail,personnel_costs,2227.2,2227.2,SCI Detailed,32,May 2026 Consolidated Accounts.xlsx
2026-05,2026-05-31,ZARIB,SCI,Personnel Costs,Training Internal,detail,personnel_costs,347116.8,347116.8,SCI Detailed,32,May 2026 Consolidated Accounts.xlsx
2026-05,2026-05-31,MALAWI,SCI,Personnel Costs,Training Internal,detail,personnel_costs,0.0,0.0,SCI Detailed,32,May 2026 Consolidated Accounts.xlsx
2026-05,2026-05-31,MENA,SCI,Personnel Costs,Training Internal,detail,personnel_costs,0.0,0.0,SCI Detailed,32,May 2026 Consolidated Accounts.xlsx
2026-05,2026-05-31,NIGERIA,SCI,Personnel Costs,Training Internal,detail,personnel_costs,0.0,0.0,SCI Detailed,32,May 2026 Consolidated Accounts.xlsx
2026-05,2026-05-31,RWANDA,SCI,Personnel Costs,Training Internal,detail,personnel_costs,0.0,0.0,SCI Detailed,32,May 2026 Consolidated Accounts.xlsx
2026-05,2026-05-31,ZHL,SCI,Personnel Costs,Training Internal,detail,personnel_costs,0.0,0.0,SCI Detailed,32,May 2026 Consolidated Accounts.xlsx
2026-05,2026-05-31,ZATL,SCI,Personnel Costs,Training Internal,detail,personnel_costs,0.0,0.0,SCI Detailed,32,May 2026 Consolidated Accounts.xlsx
2026-05,2026-05-31,DRC,SCI,Personnel Costs,Training Internal,detail,personnel_costs,0.0,0.0,SCI Detailed,32,May 2026 Consolidated Accounts.xlsx
2026-05,2026-05-31,ZAAC,SCI,Personnel Costs,(group_subtotal),group_subtotal,,316713002.36,316713002.36,SCI Detailed,33,May 2026 Consolidated Accounts.xlsx
2026-05,2026-05-31,ZAMRE,SCI,Personnel Costs,(group_subtotal),group_subtotal,,12861384.0,12861384.0,SCI Detailed,33,May 2026 Consolidated Accounts.xlsx
2026-05,2026-05-31,ZARIB,SCI,Personnel Costs,(group_subtotal),group_subtotal,,233812206.14,233812206.14,SCI Detailed,33,May 2026 Consolidated Accounts.xlsx
2026-05,2026-05-31,MALAWI,SCI,Personnel Costs,(group_subtotal),group_subtotal,,18707974.83,18707974.83,SCI Detailed,33,May 2026 Consolidated Accounts.xlsx
2026-05,2026-05-31,MENA,SCI,Personnel Costs,(group_subtotal),group_subtotal,,23057179.91,23057179.91,SCI Detailed,33,May 2026 Consolidated Accounts.xlsx
2026-05,2026-05-31,NIGERIA,SCI,Personnel Costs,(group_subtotal),group_subtotal,,11236257.55,11236257.55,SCI Detailed,33,May 2026 Consolidated Accounts.xlsx
2026-05,2026-05-31,RWANDA,SCI,Personnel Costs,(group_subtotal),group_subtotal,,15867219.67,15867219.67,SCI Detailed,33,May 2026 Consolidated Accounts.xlsx
2026-05,2026-05-31,ZHL,SCI,Personnel Costs,(group_subtotal),group_subtotal,,0.0,0.0,SCI Detailed,33,May 2026 Consolidated Accounts.xlsx
2026-05,2026-05-31,ZATL,SCI,Personnel Costs,(group_subtotal),group_subtotal,,2154441.06,2154441.06,SCI Detailed,33,May 2026 Consolidated Accounts.xlsx
2026-05,2026-05-31,DRC,SCI,Personnel Costs,(group_subtotal),group_subtotal,,9404193.7,9404193.7,SCI Detailed,33,May 2026 Consolidated Accounts.xlsx
2026-05,2026-05-31,ZAAC,SCI,Travelling,Trav. Air Fares,detail,travelling,3838262.6,3838262.6,SCI Detailed,35,May 2026 Consolidated Accounts.xlsx
2026-05,2026-05-31,ZAMRE,SCI,Travelling,Trav. Air Fares,detail,travelling,790678.0,790678.0,SCI Detailed,35,May 2026 Consolidated Accounts.xlsx
2026-05,2026-05-31,ZARIB,SCI,Travelling,Trav. Air Fares,detail,travelling,1489863.0,1489863.0,SCI Detailed,35,May 2026 Consolidated Accounts.xlsx
2026-05,2026-05-31,MALAWI,SCI,Travelling,Trav. Air Fares,detail,travelling,684989.09,684989.09,SCI Detailed,35,May 2026 Consolidated Accounts.xlsx
2026-05,2026-05-31,MENA,SCI,Travelling,Trav. Air Fares,detail,travelling,0.0,0.0,SCI Detailed,35,May 2026 Consolidated Accounts.xlsx
2026-05,2026-05-31,NIGERIA,SCI,Travelling,Trav. Air Fares,detail,travelling,178232.67,178232.67,SCI Detailed,35,May 2026 Consolidated Accounts.xlsx
2026-05,2026-05-31,RWANDA,SCI,Travelling,Trav. Air Fares,detail,travelling,1716954.33,1716954.33,SCI Detailed,35,May 2026 Consolidated Accounts.xlsx
2026-05,2026-05-31,ZHL,SCI,Travelling,Trav. Air Fares,detail,travelling,0.0,0.0,SCI Detailed,35,May 2026 Consolidated Accounts.xlsx
2026-05,2026-05-31,ZATL,SCI,Travelling,Trav. Air Fares,detail,travelling,22794.85,22794.85,SCI Detailed,35,May 2026 Consolidated Accounts.xlsx
2026-05,2026-05-31,DRC,SCI,Travelling,Trav. Air Fares,detail,travelling,712016.7,712016.7,SCI Detailed,35,May 2026 Consolidated Accounts.xlsx
2026-05,2026-05-31,C&P,SCI,Travelling,Trav. Air Fares,detail,travelling,0.0,0.0,SCI Detailed,35,May 2026 Consolidated Accounts.xlsx
2026-05,2026-05-31,ZAAC,SCI,Travelling,Trav. Accom.,detail,travelling,8348731.72,8348731.72,SCI Detailed,36,May 2026 Consolidated Accounts.xlsx
2026-05,2026-05-31,ZAMRE,SCI,Travelling,Trav. Accom.,detail,travelling,0.0,0.0,SCI Detailed,36,May 2026 Consolidated Accounts.xlsx
2026-05,2026-05-31,ZARIB,SCI,Travelling,Trav. Accom.,detail,travelling,3071523.24,3071523.24,SCI Detailed,36,May 2026 Consolidated Accounts.xlsx
2026-05,2026-05-31,MALAWI,SCI,Travelling,Trav. Accom.,detail,travelling,599628.96,599628.96,SCI Detailed,36,May 2026 Consolidated Accounts.xlsx
2026-05,2026-05-31,MENA,SCI,Travelling,Trav. Accom.,detail,travelling,0.0,0.0,SCI Detailed,36,May 2026 Consolidated Accounts.xlsx
2026-05,2026-05-31,NIGERIA,SCI,Travelling,Trav. Accom.,detail,travelling,0.0,0.0,SCI Detailed,36,May 2026 Consolidated Accounts.xlsx
2026-05,2026-05-31,RWANDA,SCI,Travelling,Trav. Accom.,detail,travelling,0.0,0.0,SCI Detailed,36,May 2026 Consolidated Accounts.xlsx
2026-05,2026-05-31,ZHL,SCI,Travelling,Trav. Accom.,detail,travelling,0.0,0.0,SCI Detailed,36,May 2026 Consolidated Accounts.xlsx
2026-05,2026-05-31,ZATL,SCI,Travelling,Trav. Accom.,detail,travelling,455692.17,455692.17,SCI Detailed,36,May 2026 Consolidated Accounts.xlsx
2026-05,2026-05-31,DRC,SCI,Travelling,Trav. Accom.,detail,travelling,2045124.08,2045124.08,SCI Detailed,36,May 2026 Consolidated Accounts.xlsx
2026-05,2026-05-31,C&P,SCI,Travelling,Trav. Accom.,detail,travelling,0.0,0.0,SCI Detailed,36,May 2026 Consolidated Accounts.xlsx
2026-05,2026-05-31,ZAAC,SCI,Travelling,Trav. Sundry exp.,detail,travelling,70613.43,70613.43,SCI Detailed,37,May 2026 Consolidated Accounts.xlsx
2026-05,2026-05-31,ZAMRE,SCI,Travelling,Trav. Sundry exp.,detail,travelling,0.0,0.0,SCI Detailed,37,May 2026 Consolidated Accounts.xlsx
2026-05,2026-05-31,ZARIB,SCI,Travelling,Trav. Sundry exp.,detail,travelling,0.0,0.0,SCI Detailed,37,May 2026 Consolidated Accounts.xlsx
2026-05,2026-05-31,MALAWI,SCI,Travelling,Trav. Sundry exp.,detail,travelling,893864.51,893864.51,SCI Detailed,37,May 2026 Consolidated Accounts.xlsx
2026-05,2026-05-31,MENA,SCI,Travelling,Trav. Sundry exp.,detail,travelling,1664128.94,1664128.94,SCI Detailed,37,May 2026 Consolidated Accounts.xlsx
2026-05,2026-05-31,NIGERIA,SCI,Travelling,Trav. Sundry exp.,detail,travelling,909445.36,909445.36,SCI Detailed,37,May 2026 Consolidated Accounts.xlsx
2026-05,2026-05-31,RWANDA,SCI,Travelling,Trav. Sundry exp.,detail,travelling,0.0,0.0,SCI Detailed,37,May 2026 Consolidated Accounts.xlsx
2026-05,2026-05-31,ZHL,SCI,Travelling,Trav. Sundry exp.,detail,travelling,0.0,0.0,SCI Detailed,37,May 2026 Consolidated Accounts.xlsx
2026-05,2026-05-31,ZATL,SCI,Travelling,Trav. Sundry exp.,detail,travelling,0.0,0.0,SCI Detailed,37,May 2026 Consolidated Accounts.xlsx
2026-05,2026-05-31,DRC,SCI,Travelling,Trav. Sundry exp.,detail,travelling,0.0,0.0,SCI Detailed,37,May 2026 Consolidated Accounts.xlsx
2026-05,2026-05-31,C&P,SCI,Travelling,Trav. Sundry exp.,detail,travelling,0.0,0.0,SCI Detailed,37,May 2026 Consolidated Accounts.xlsx
2026-05,2026-05-31,ZAAC,SCI,Travelling,(group_subtotal),group_subtotal,,12257607.75,12257607.75,SCI Detailed,39,May 2026 Consolidated Accounts.xlsx
2026-05,2026-05-31,ZAMRE,SCI,Travelling,(group_subtotal),group_subtotal,,790678.0,790678.0,SCI Detailed,39,May 2026 Consolidated Accounts.xlsx
2026-05,2026-05-31,ZARIB,SCI,Travelling,(group_subtotal),group_subtotal,,4561386.24,4561386.24,SCI Detailed,39,May 2026 Consolidated Accounts.xlsx
2026-05,2026-05-31,MALAWI,SCI,Travelling,(group_subtotal),group_subtotal,,2178482.55,2178482.55,SCI Detailed,39,May 2026 Consolidated Accounts.xlsx
2026-05,2026-05-31,MENA,SCI,Travelling,(group_subtotal),group_subtotal,,1664128.94,1664128.94,SCI Detailed,39,May 2026 Consolidated Accounts.xlsx
2026-05,2026-05-31,NIGERIA,SCI,Travelling,(group_subtotal),group_subtotal,,1087678.03,1087678.03,SCI Detailed,39,May 2026 Consolidated Accounts.xlsx
2026-05,2026-05-31,RWANDA,SCI,Travelling,(group_subtotal),group_subtotal,,1716954.33,1716954.33,SCI Detailed,39,May 2026 Consolidated Accounts.xlsx
2026-05,2026-05-31,ZHL,SCI,Travelling,(group_subtotal),group_subtotal,,0.0,0.0,SCI Detailed,39,May 2026 Consolidated Accounts.xlsx
2026-05,2026-05-31,ZATL,SCI,Travelling,(group_subtotal),group_subtotal,,478487.02,478487.02,SCI Detailed,39,May 2026 Consolidated Accounts.xlsx
2026-05,2026-05-31,DRC,SCI,Travelling,(group_subtotal),group_subtotal,,2757140.78,2757140.78,SCI Detailed,39,May 2026 Consolidated Accounts.xlsx
2026-05,2026-05-31,ZAAC,SCI,Entertainment,Entertainment-(IN TOWN),detail,entertainment,6312618.32,6312618.32,SCI Detailed,41,May 2026 Consolidated Accounts.xlsx
2026-05,2026-05-31,ZAMRE,SCI,Entertainment,Entertainment-(IN TOWN),detail,entertainment,321657.0,321657.0,SCI Detailed,41,May 2026 Consolidated Accounts.xlsx
2026-05,2026-05-31,ZARIB,SCI,Entertainment,Entertainment-(IN TOWN),detail,entertainment,5053641.49,5053641.49,SCI Detailed,41,May 2026 Consolidated Accounts.xlsx
2026-05,2026-05-31,MALAWI,SCI,Entertainment,Entertainment-(IN TOWN),detail,entertainment,0.0,0.0,SCI Detailed,41,May 2026 Consolidated Accounts.xlsx
2026-05,2026-05-31,MENA,SCI,Entertainment,Entertainment-(IN TOWN),detail,entertainment,0.0,0.0,SCI Detailed,41,May 2026 Consolidated Accounts.xlsx
2026-05,2026-05-31,NIGERIA,SCI,Entertainment,Entertainment-(IN TOWN),detail,entertainment,0.0,0.0,SCI Detailed,41,May 2026 Consolidated Accounts.xlsx
2026-05,2026-05-31,RWANDA,SCI,Entertainment,Entertainment-(IN TOWN),detail,entertainment,245702.41,245702.41,SCI Detailed,41,May 2026 Consolidated Accounts.xlsx
2026-05,2026-05-31,ZHL,SCI,Entertainment,Entertainment-(IN TOWN),detail,entertainment,11699.99,11699.99,SCI Detailed,41,May 2026 Consolidated Accounts.xlsx
2026-05,2026-05-31,ZATL,SCI,Entertainment,Entertainment-(IN TOWN),detail,entertainment,25207.45,25207.45,SCI Detailed,41,May 2026 Consolidated Accounts.xlsx
2026-05,2026-05-31,DRC,SCI,Entertainment,Entertainment-(IN TOWN),detail,entertainment,283850.86,283850.86,SCI Detailed,41,May 2026 Consolidated Accounts.xlsx
2026-05,2026-05-31,C&P,SCI,Entertainment,Entertainment-(IN TOWN),detail,entertainment,0.0,0.0,SCI Detailed,41,May 2026 Consolidated Accounts.xlsx
2026-05,2026-05-31,ZAAC,SCI,Entertainment,Entertainment-(OUT OF TOWN),detail,entertainment,30000.0,30000.0,SCI Detailed,42,May 2026 Consolidated Accounts.xlsx
2026-05,2026-05-31,ZAMRE,SCI,Entertainment,Entertainment-(OUT OF TOWN),detail,entertainment,21336.8,21336.8,SCI Detailed,42,May 2026 Consolidated Accounts.xlsx
2026-05,2026-05-31,ZARIB,SCI,Entertainment,Entertainment-(OUT OF TOWN),detail,entertainment,484160.0,484160.0,SCI Detailed,42,May 2026 Consolidated Accounts.xlsx
2026-05,2026-05-31,MALAWI,SCI,Entertainment,Entertainment-(OUT OF TOWN),detail,entertainment,0.0,0.0,SCI Detailed,42,May 2026 Consolidated Accounts.xlsx
2026-05,2026-05-31,MENA,SCI,Entertainment,Entertainment-(OUT OF TOWN),detail,entertainment,0.0,0.0,SCI Detailed,42,May 2026 Consolidated Accounts.xlsx
2026-05,2026-05-31,NIGERIA,SCI,Entertainment,Entertainment-(OUT OF TOWN),detail,entertainment,0.0,0.0,SCI Detailed,42,May 2026 Consolidated Accounts.xlsx
2026-05,2026-05-31,RWANDA,SCI,Entertainment,Entertainment-(OUT OF TOWN),detail,entertainment,0.0,0.0,SCI Detailed,42,May 2026 Consolidated Accounts.xlsx
2026-05,2026-05-31,ZHL,SCI,Entertainment,Entertainment-(OUT OF TOWN),detail,entertainment,0.0,0.0,SCI Detailed,42,May 2026 Consolidated Accounts.xlsx
2026-05,2026-05-31,ZATL,SCI,Entertainment,Entertainment-(OUT OF TOWN),detail,entertainment,0.0,0.0,SCI Detailed,42,May 2026 Consolidated Accounts.xlsx
2026-05,2026-05-31,DRC,SCI,Entertainment,Entertainment-(OUT OF TOWN),detail,entertainment,0.0,0.0,SCI Detailed,42,May 2026 Consolidated Accounts.xlsx
2026-05,2026-05-31,C&P,SCI,Entertainment,Entertainment-(OUT OF TOWN),detail,entertainment,0.0,0.0,SCI Detailed,42,May 2026 Consolidated Accounts.xlsx
2026-05,2026-05-31,ZAAC,SCI,Entertainment,CLIENT GIFTS AND REWARDS,detail,entertainment,70000.0,70000.0,SCI Detailed,43,May 2026 Consolidated Accounts.xlsx
2026-05,2026-05-31,ZAMRE,SCI,Entertainment,CLIENT GIFTS AND REWARDS,detail,entertainment,0.0,0.0,SCI Detailed,43,May 2026 Consolidated Accounts.xlsx
2026-05,2026-05-31,ZARIB,SCI,Entertainment,CLIENT GIFTS AND REWARDS,detail,entertainment,2206159.91,2206159.91,SCI Detailed,43,May 2026 Consolidated Accounts.xlsx
2026-05,2026-05-31,MALAWI,SCI,Entertainment,CLIENT GIFTS AND REWARDS,detail,entertainment,0.0,0.0,SCI Detailed,43,May 2026 Consolidated Accounts.xlsx
2026-05,2026-05-31,MENA,SCI,Entertainment,CLIENT GIFTS AND REWARDS,detail,entertainment,0.0,0.0,SCI Detailed,43,May 2026 Consolidated Accounts.xlsx
2026-05,2026-05-31,NIGERIA,SCI,Entertainment,CLIENT GIFTS AND REWARDS,detail,entertainment,0.0,0.0,SCI Detailed,43,May 2026 Consolidated Accounts.xlsx
2026-05,2026-05-31,RWANDA,SCI,Entertainment,CLIENT GIFTS AND REWARDS,detail,entertainment,0.0,0.0,SCI Detailed,43,May 2026 Consolidated Accounts.xlsx
2026-05,2026-05-31,ZHL,SCI,Entertainment,CLIENT GIFTS AND REWARDS,detail,entertainment,0.0,0.0,SCI Detailed,43,May 2026 Consolidated Accounts.xlsx
2026-05,2026-05-31,ZATL,SCI,Entertainment,CLIENT GIFTS AND REWARDS,detail,entertainment,0.0,0.0,SCI Detailed,43,May 2026 Consolidated Accounts.xlsx
2026-05,2026-05-31,DRC,SCI,Entertainment,CLIENT GIFTS AND REWARDS,detail,entertainment,0.0,0.0,SCI Detailed,43,May 2026 Consolidated Accounts.xlsx
2026-05,2026-05-31,C&P,SCI,Entertainment,CLIENT GIFTS AND REWARDS,detail,entertainment,0.0,0.0,SCI Detailed,43,May 2026 Consolidated Accounts.xlsx
2026-05,2026-05-31,ZAAC,SCI,Entertainment,Christmas Party,detail,entertainment,14000.0,14000.0,SCI Detailed,46,May 2026 Consolidated Accounts.xlsx
2026-05,2026-05-31,ZAMRE,SCI,Entertainment,Christmas Party,detail,entertainment,0.0,0.0,SCI Detailed,46,May 2026 Consolidated Accounts.xlsx
2026-05,2026-05-31,ZARIB,SCI,Entertainment,Christmas Party,detail,entertainment,0.0,0.0,SCI Detailed,46,May 2026 Consolidated Accounts.xlsx
2026-05,2026-05-31,MALAWI,SCI,Entertainment,Christmas Party,detail,entertainment,0.0,0.0,SCI Detailed,46,May 2026 Consolidated Accounts.xlsx
2026-05,2026-05-31,MENA,SCI,Entertainment,Christmas Party,detail,entertainment,0.0,0.0,SCI Detailed,46,May 2026 Consolidated Accounts.xlsx
2026-05,2026-05-31,NIGERIA,SCI,Entertainment,Christmas Party,detail,entertainment,62543.7,62543.7,SCI Detailed,46,May 2026 Consolidated Accounts.xlsx
2026-05,2026-05-31,RWANDA,SCI,Entertainment,Christmas Party,detail,entertainment,0.0,0.0,SCI Detailed,46,May 2026 Consolidated Accounts.xlsx
2026-05,2026-05-31,ZHL,SCI,Entertainment,Christmas Party,detail,entertainment,0.0,0.0,SCI Detailed,46,May 2026 Consolidated Accounts.xlsx
2026-05,2026-05-31,ZATL,SCI,Entertainment,Christmas Party,detail,entertainment,0.0,0.0,SCI Detailed,46,May 2026 Consolidated Accounts.xlsx
2026-05,2026-05-31,DRC,SCI,Entertainment,Christmas Party,detail,entertainment,0.0,0.0,SCI Detailed,46,May 2026 Consolidated Accounts.xlsx
2026-05,2026-05-31,C&P,SCI,Entertainment,Christmas Party,detail,entertainment,0.0,0.0,SCI Detailed,46,May 2026 Consolidated Accounts.xlsx
2026-05,2026-05-31,ZAAC,SCI,Entertainment,Conference Attended by us,detail,entertainment,941847.04,941847.04,SCI Detailed,47,May 2026 Consolidated Accounts.xlsx
2026-05,2026-05-31,ZAMRE,SCI,Entertainment,Conference Attended by us,detail,entertainment,0.0,0.0,SCI Detailed,47,May 2026 Consolidated Accounts.xlsx
2026-05,2026-05-31,ZARIB,SCI,Entertainment,Conference Attended by us,detail,entertainment,363251.0,363251.0,SCI Detailed,47,May 2026 Consolidated Accounts.xlsx
2026-05,2026-05-31,MALAWI,SCI,Entertainment,Conference Attended by us,detail,entertainment,1040557.31,1040557.31,SCI Detailed,47,May 2026 Consolidated Accounts.xlsx
2026-05,2026-05-31,MENA,SCI,Entertainment,Conference Attended by us,detail,entertainment,0.0,0.0,SCI Detailed,47,May 2026 Consolidated Accounts.xlsx
2026-05,2026-05-31,NIGERIA,SCI,Entertainment,Conference Attended by us,detail,entertainment,63145.34,63145.34,SCI Detailed,47,May 2026 Consolidated Accounts.xlsx
2026-05,2026-05-31,RWANDA,SCI,Entertainment,Conference Attended by us,detail,entertainment,0.0,0.0,SCI Detailed,47,May 2026 Consolidated Accounts.xlsx
2026-05,2026-05-31,ZHL,SCI,Entertainment,Conference Attended by us,detail,entertainment,0.0,0.0,SCI Detailed,47,May 2026 Consolidated Accounts.xlsx
2026-05,2026-05-31,ZATL,SCI,Entertainment,Conference Attended by us,detail,entertainment,0.0,0.0,SCI Detailed,47,May 2026 Consolidated Accounts.xlsx
2026-05,2026-05-31,DRC,SCI,Entertainment,Conference Attended by us,detail,entertainment,38802.0,38802.0,SCI Detailed,47,May 2026 Consolidated Accounts.xlsx
2026-05,2026-05-31,C&P,SCI,Entertainment,Conference Attended by us,detail,entertainment,0.0,0.0,SCI Detailed,47,May 2026 Consolidated Accounts.xlsx
2026-05,2026-05-31,ZAAC,SCI,Entertainment,Conference Given By Us,detail,entertainment,5706371.85,5706371.85,SCI Detailed,48,May 2026 Consolidated Accounts.xlsx
2026-05,2026-05-31,ZAAC,SCI,Entertainment,(group_subtotal),group_subtotal,,13074837.21,13074837.21,SCI Detailed,49,May 2026 Consolidated Accounts.xlsx
2026-05,2026-05-31,ZAMRE,SCI,Entertainment,(group_subtotal),group_subtotal,,342993.8,342993.8,SCI Detailed,49,May 2026 Consolidated Accounts.xlsx
2026-05,2026-05-31,ZARIB,SCI,Entertainment,(group_subtotal),group_subtotal,,8107212.4,8107212.4,SCI Detailed,49,May 2026 Consolidated Accounts.xlsx
2026-05,2026-05-31,MALAWI,SCI,Entertainment,(group_subtotal),group_subtotal,,1040557.31,1040557.31,SCI Detailed,49,May 2026 Consolidated Accounts.xlsx
2026-05,2026-05-31,MENA,SCI,Entertainment,(group_subtotal),group_subtotal,,0.0,0.0,SCI Detailed,49,May 2026 Consolidated Accounts.xlsx
2026-05,2026-05-31,NIGERIA,SCI,Entertainment,(group_subtotal),group_subtotal,,125689.04,125689.04,SCI Detailed,49,May 2026 Consolidated Accounts.xlsx
2026-05,2026-05-31,RWANDA,SCI,Entertainment,(group_subtotal),group_subtotal,,245702.41,245702.41,SCI Detailed,49,May 2026 Consolidated Accounts.xlsx
2026-05,2026-05-31,ZHL,SCI,Entertainment,(group_subtotal),group_subtotal,,11699.99,11699.99,SCI Detailed,49,May 2026 Consolidated Accounts.xlsx
2026-05,2026-05-31,ZATL,SCI,Entertainment,(group_subtotal),group_subtotal,,25207.45,25207.45,SCI Detailed,49,May 2026 Consolidated Accounts.xlsx
2026-05,2026-05-31,DRC,SCI,Entertainment,(group_subtotal),group_subtotal,,322652.86,322652.86,SCI Detailed,49,May 2026 Consolidated Accounts.xlsx
2026-05,2026-05-31,C&P,SCI,Entertainment,(group_subtotal),group_subtotal,,0.0,0.0,SCI Detailed,49,May 2026 Consolidated Accounts.xlsx
2026-05,2026-05-31,ZAAC,SCI,IT Costs,Software Maintenance,detail,it_costs,2976147.1,2976147.1,SCI Detailed,51,May 2026 Consolidated Accounts.xlsx
2026-05,2026-05-31,ZAMRE,SCI,IT Costs,Software Maintenance,detail,it_costs,0.0,0.0,SCI Detailed,51,May 2026 Consolidated Accounts.xlsx
2026-05,2026-05-31,MALAWI,SCI,IT Costs,Software Maintenance,detail,it_costs,0.0,0.0,SCI Detailed,51,May 2026 Consolidated Accounts.xlsx
2026-05,2026-05-31,MENA,SCI,IT Costs,Software Maintenance,detail,it_costs,1011729.56,1011729.56,SCI Detailed,51,May 2026 Consolidated Accounts.xlsx
2026-05,2026-05-31,NIGERIA,SCI,IT Costs,Software Maintenance,detail,it_costs,0.0,0.0,SCI Detailed,51,May 2026 Consolidated Accounts.xlsx
2026-05,2026-05-31,RWANDA,SCI,IT Costs,Software Maintenance,detail,it_costs,0.0,0.0,SCI Detailed,51,May 2026 Consolidated Accounts.xlsx
2026-05,2026-05-31,ZHL,SCI,IT Costs,Software Maintenance,detail,it_costs,0.0,0.0,SCI Detailed,51,May 2026 Consolidated Accounts.xlsx
2026-05,2026-05-31,ZATL,SCI,IT Costs,Software Maintenance,detail,it_costs,3394.45,3394.45,SCI Detailed,51,May 2026 Consolidated Accounts.xlsx
2026-05,2026-05-31,DRC,SCI,IT Costs,Software Maintenance,detail,it_costs,0.0,0.0,SCI Detailed,51,May 2026 Consolidated Accounts.xlsx
2026-05,2026-05-31,C&P,SCI,IT Costs,Software Maintenance,detail,it_costs,0.0,0.0,SCI Detailed,51,May 2026 Consolidated Accounts.xlsx
2026-05,2026-05-31,ZAAC,SCI,IT Costs,Software Licence Fees,detail,it_costs,17528192.78,17528192.78,SCI Detailed,52,May 2026 Consolidated Accounts.xlsx
2026-05,2026-05-31,ZAMRE,SCI,IT Costs,Software Licence Fees,detail,it_costs,592462.86,592462.86,SCI Detailed,52,May 2026 Consolidated Accounts.xlsx
2026-05,2026-05-31,ZARIB,SCI,IT Costs,Software Licence Fees,detail,it_costs,12753530.75,12753530.75,SCI Detailed,52,May 2026 Consolidated Accounts.xlsx
2026-05,2026-05-31,MALAWI,SCI,IT Costs,Software Licence Fees,detail,it_costs,0.0,0.0,SCI Detailed,52,May 2026 Consolidated Accounts.xlsx
2026-05,2026-05-31,MENA,SCI,IT Costs,Software Licence Fees,detail,it_costs,0.0,0.0,SCI Detailed,52,May 2026 Consolidated Accounts.xlsx
2026-05,2026-05-31,NIGERIA,SCI,IT Costs,Software Licence Fees,detail,it_costs,0.0,0.0,SCI Detailed,52,May 2026 Consolidated Accounts.xlsx
2026-05,2026-05-31,RWANDA,SCI,IT Costs,Software Licence Fees,detail,it_costs,97553.11,97553.11,SCI Detailed,52,May 2026 Consolidated Accounts.xlsx
2026-05,2026-05-31,ZHL,SCI,IT Costs,Software Licence Fees,detail,it_costs,0.0,0.0,SCI Detailed,52,May 2026 Consolidated Accounts.xlsx
2026-05,2026-05-31,ZATL,SCI,IT Costs,Software Licence Fees,detail,it_costs,0.0,0.0,SCI Detailed,52,May 2026 Consolidated Accounts.xlsx
2026-05,2026-05-31,DRC,SCI,IT Costs,Software Licence Fees,detail,it_costs,166531.72,166531.72,SCI Detailed,52,May 2026 Consolidated Accounts.xlsx
2026-05,2026-05-31,C&P,SCI,IT Costs,Software Licence Fees,detail,it_costs,0.0,0.0,SCI Detailed,52,May 2026 Consolidated Accounts.xlsx
2026-05,2026-05-31,ZAAC,SCI,IT Costs,Software Implemantation,detail,it_costs,2347510.28,2347510.28,SCI Detailed,53,May 2026 Consolidated Accounts.xlsx
2026-05,2026-05-31,ZAMRE,SCI,IT Costs,Software Implemantation,detail,it_costs,0.0,0.0,SCI Detailed,53,May 2026 Consolidated Accounts.xlsx
2026-05,2026-05-31,ZARIB,SCI,IT Costs,Software Implemantation,detail,it_costs,2723111.92,2723111.92,SCI Detailed,53,May 2026 Consolidated Accounts.xlsx
2026-05,2026-05-31,MALAWI,SCI,IT Costs,Software Implemantation,detail,it_costs,0.0,0.0,SCI Detailed,53,May 2026 Consolidated Accounts.xlsx
2026-05,2026-05-31,MENA,SCI,IT Costs,Software Implemantation,detail,it_costs,0.0,0.0,SCI Detailed,53,May 2026 Consolidated Accounts.xlsx
2026-05,2026-05-31,NIGERIA,SCI,IT Costs,Software Implemantation,detail,it_costs,0.0,0.0,SCI Detailed,53,May 2026 Consolidated Accounts.xlsx
2026-05,2026-05-31,RWANDA,SCI,IT Costs,Software Implemantation,detail,it_costs,0.0,0.0,SCI Detailed,53,May 2026 Consolidated Accounts.xlsx
2026-05,2026-05-31,ZHL,SCI,IT Costs,Software Implemantation,detail,it_costs,0.0,0.0,SCI Detailed,53,May 2026 Consolidated Accounts.xlsx
2026-05,2026-05-31,ZATL,SCI,IT Costs,Software Implemantation,detail,it_costs,0.0,0.0,SCI Detailed,53,May 2026 Consolidated Accounts.xlsx
2026-05,2026-05-31,DRC,SCI,IT Costs,Software Implemantation,detail,it_costs,0.0,0.0,SCI Detailed,53,May 2026 Consolidated Accounts.xlsx
2026-05,2026-05-31,C&P,SCI,IT Costs,Software Implemantation,detail,it_costs,0.0,0.0,SCI Detailed,53,May 2026 Consolidated Accounts.xlsx
2026-05,2026-05-31,ZAAC,SCI,IT Costs,PC Supplies,detail,it_costs,207190.01,207190.01,SCI Detailed,54,May 2026 Consolidated Accounts.xlsx
2026-05,2026-05-31,ZAMRE,SCI,IT Costs,PC Supplies,detail,it_costs,0.0,0.0,SCI Detailed,54,May 2026 Consolidated Accounts.xlsx
2026-05,2026-05-31,ZARIB,SCI,IT Costs,PC Supplies,detail,it_costs,314834.0,314834.0,SCI Detailed,54,May 2026 Consolidated Accounts.xlsx
2026-05,2026-05-31,MALAWI,SCI,IT Costs,PC Supplies,detail,it_costs,0.0,0.0,SCI Detailed,54,May 2026 Consolidated Accounts.xlsx
2026-05,2026-05-31,MENA,SCI,IT Costs,PC Supplies,detail,it_costs,0.0,0.0,SCI Detailed,54,May 2026 Consolidated Accounts.xlsx
2026-05,2026-05-31,NIGERIA,SCI,IT Costs,PC Supplies,detail,it_costs,0.0,0.0,SCI Detailed,54,May 2026 Consolidated Accounts.xlsx
2026-05,2026-05-31,RWANDA,SCI,IT Costs,PC Supplies,detail,it_costs,0.0,0.0,SCI Detailed,54,May 2026 Consolidated Accounts.xlsx
2026-05,2026-05-31,ZHL,SCI,IT Costs,PC Supplies,detail,it_costs,0.0,0.0,SCI Detailed,54,May 2026 Consolidated Accounts.xlsx
2026-05,2026-05-31,ZATL,SCI,IT Costs,PC Supplies,detail,it_costs,0.0,0.0,SCI Detailed,54,May 2026 Consolidated Accounts.xlsx
2026-05,2026-05-31,DRC,SCI,IT Costs,PC Supplies,detail,it_costs,129340.0,129340.0,SCI Detailed,54,May 2026 Consolidated Accounts.xlsx
2026-05,2026-05-31,C&P,SCI,IT Costs,PC Supplies,detail,it_costs,0.0,0.0,SCI Detailed,54,May 2026 Consolidated Accounts.xlsx
2026-05,2026-05-31,ZAAC,SCI,IT Costs,Toner,detail,it_costs,0.0,0.0,SCI Detailed,56,May 2026 Consolidated Accounts.xlsx
2026-05,2026-05-31,ZAMRE,SCI,IT Costs,Toner,detail,it_costs,0.0,0.0,SCI Detailed,56,May 2026 Consolidated Accounts.xlsx
2026-05,2026-05-31,ZARIB,SCI,IT Costs,Toner,detail,it_costs,134850.0,134850.0,SCI Detailed,56,May 2026 Consolidated Accounts.xlsx
2026-05,2026-05-31,MALAWI,SCI,IT Costs,Toner,detail,it_costs,0.0,0.0,SCI Detailed,56,May 2026 Consolidated Accounts.xlsx
2026-05,2026-05-31,MENA,SCI,IT Costs,Toner,detail,it_costs,0.0,0.0,SCI Detailed,56,May 2026 Consolidated Accounts.xlsx
2026-05,2026-05-31,NIGERIA,SCI,IT Costs,Toner,detail,it_costs,79985.48,79985.48,SCI Detailed,56,May 2026 Consolidated Accounts.xlsx
2026-05,2026-05-31,RWANDA,SCI,IT Costs,Toner,detail,it_costs,0.0,0.0,SCI Detailed,56,May 2026 Consolidated Accounts.xlsx
2026-05,2026-05-31,ZHL,SCI,IT Costs,Toner,detail,it_costs,0.0,0.0,SCI Detailed,56,May 2026 Consolidated Accounts.xlsx
2026-05,2026-05-31,ZATL,SCI,IT Costs,Toner,detail,it_costs,0.0,0.0,SCI Detailed,56,May 2026 Consolidated Accounts.xlsx
2026-05,2026-05-31,DRC,SCI,IT Costs,Toner,detail,it_costs,89244.6,89244.6,SCI Detailed,56,May 2026 Consolidated Accounts.xlsx
2026-05,2026-05-31,C&P,SCI,IT Costs,Toner,detail,it_costs,0.0,0.0,SCI Detailed,56,May 2026 Consolidated Accounts.xlsx
2026-05,2026-05-31,ZAAC,SCI,IT Costs,(group_subtotal),group_subtotal,,23059040.17,23059040.17,SCI Detailed,57,May 2026 Consolidated Accounts.xlsx
2026-05,2026-05-31,ZAMRE,SCI,IT Costs,(group_subtotal),group_subtotal,,592462.86,592462.86,SCI Detailed,57,May 2026 Consolidated Accounts.xlsx
2026-05,2026-05-31,ZARIB,SCI,IT Costs,(group_subtotal),group_subtotal,,15926326.67,15926326.67,SCI Detailed,57,May 2026 Consolidated Accounts.xlsx
2026-05,2026-05-31,MALAWI,SCI,IT Costs,(group_subtotal),group_subtotal,,0.0,0.0,SCI Detailed,57,May 2026 Consolidated Accounts.xlsx
2026-05,2026-05-31,MENA,SCI,IT Costs,(group_subtotal),group_subtotal,,1011729.56,1011729.56,SCI Detailed,57,May 2026 Consolidated Accounts.xlsx
2026-05,2026-05-31,NIGERIA,SCI,IT Costs,(group_subtotal),group_subtotal,,79985.48,79985.48,SCI Detailed,57,May 2026 Consolidated Accounts.xlsx
2026-05,2026-05-31,RWANDA,SCI,IT Costs,(group_subtotal),group_subtotal,,97553.11,97553.11,SCI Detailed,57,May 2026 Consolidated Accounts.xlsx
2026-05,2026-05-31,ZHL,SCI,IT Costs,(group_subtotal),group_subtotal,,0.0,0.0,SCI Detailed,57,May 2026 Consolidated Accounts.xlsx
2026-05,2026-05-31,ZATL,SCI,IT Costs,(group_subtotal),group_subtotal,,3394.45,3394.45,SCI Detailed,57,May 2026 Consolidated Accounts.xlsx
2026-05,2026-05-31,DRC,SCI,IT Costs,(group_subtotal),group_subtotal,,385116.32,385116.32,SCI Detailed,57,May 2026 Consolidated Accounts.xlsx
2026-05,2026-05-31,C&P,SCI,IT Costs,(group_subtotal),group_subtotal,,0.0,0.0,SCI Detailed,57,May 2026 Consolidated Accounts.xlsx
2026-05,2026-05-31,ZAAC,SCI,Communications,Telephone-Variable,detail,communications,1941737.81,1941737.81,SCI Detailed,59,May 2026 Consolidated Accounts.xlsx
2026-05,2026-05-31,ZAMRE,SCI,Communications,Telephone-Variable,detail,communications,32363.46,32363.46,SCI Detailed,59,May 2026 Consolidated Accounts.xlsx
2026-05,2026-05-31,ZARIB,SCI,Communications,Telephone-Variable,detail,communications,2275052.19,2275052.19,SCI Detailed,59,May 2026 Consolidated Accounts.xlsx
2026-05,2026-05-31,MALAWI,SCI,Communications,Telephone-Variable,detail,communications,384905.73,384905.73,SCI Detailed,59,May 2026 Consolidated Accounts.xlsx
2026-05,2026-05-31,MENA,SCI,Communications,Telephone-Variable,detail,communications,0.0,0.0,SCI Detailed,59,May 2026 Consolidated Accounts.xlsx
2026-05,2026-05-31,NIGERIA,SCI,Communications,Telephone-Variable,detail,communications,283848.49,283848.49,SCI Detailed,59,May 2026 Consolidated Accounts.xlsx
2026-05,2026-05-31,RWANDA,SCI,Communications,Telephone-Variable,detail,communications,498039.84,498039.84,SCI Detailed,59,May 2026 Consolidated Accounts.xlsx
2026-05,2026-05-31,ZHL,SCI,Communications,Telephone-Variable,detail,communications,0.0,0.0,SCI Detailed,59,May 2026 Consolidated Accounts.xlsx
2026-05,2026-05-31,ZATL,SCI,Communications,Telephone-Variable,detail,communications,119672.94,119672.94,SCI Detailed,59,May 2026 Consolidated Accounts.xlsx
2026-05,2026-05-31,DRC,SCI,Communications,Telephone-Variable,detail,communications,773453.2,773453.2,SCI Detailed,59,May 2026 Consolidated Accounts.xlsx
2026-05,2026-05-31,C&P,SCI,Communications,Telephone-Variable,detail,communications,0.0,0.0,SCI Detailed,59,May 2026 Consolidated Accounts.xlsx
2026-05,2026-05-31,ZAAC,SCI,Communications,Courier Services Cost,detail,communications,172756.72,172756.72,SCI Detailed,60,May 2026 Consolidated Accounts.xlsx
2026-05,2026-05-31,ZAMRE,SCI,Communications,Courier Services Cost,detail,communications,2647.24,2647.24,SCI Detailed,60,May 2026 Consolidated Accounts.xlsx
2026-05,2026-05-31,ZARIB,SCI,Communications,Courier Services Cost,detail,communications,177517.14,177517.14,SCI Detailed,60,May 2026 Consolidated Accounts.xlsx
2026-05,2026-05-31,MALAWI,SCI,Communications,Courier Services Cost,detail,communications,0.0,0.0,SCI Detailed,60,May 2026 Consolidated Accounts.xlsx
2026-05,2026-05-31,MENA,SCI,Communications,Courier Services Cost,detail,communications,0.0,0.0,SCI Detailed,60,May 2026 Consolidated Accounts.xlsx
2026-05,2026-05-31,NIGERIA,SCI,Communications,Courier Services Cost,detail,communications,26592.67,26592.67,SCI Detailed,60,May 2026 Consolidated Accounts.xlsx
2026-05,2026-05-31,RWANDA,SCI,Communications,Courier Services Cost,detail,communications,88.68,88.68,SCI Detailed,60,May 2026 Consolidated Accounts.xlsx
2026-05,2026-05-31,ZHL,SCI,Communications,Courier Services Cost,detail,communications,0.0,0.0,SCI Detailed,60,May 2026 Consolidated Accounts.xlsx
2026-05,2026-05-31,ZATL,SCI,Communications,Courier Services Cost,detail,communications,0.0,0.0,SCI Detailed,60,May 2026 Consolidated Accounts.xlsx
2026-05,2026-05-31,DRC,SCI,Communications,Courier Services Cost,detail,communications,0.0,0.0,SCI Detailed,60,May 2026 Consolidated Accounts.xlsx
2026-05,2026-05-31,C&P,SCI,Communications,Courier Services Cost,detail,communications,0.0,0.0,SCI Detailed,60,May 2026 Consolidated Accounts.xlsx
2026-05,2026-05-31,ZAAC,SCI,Communications,(group_subtotal),group_subtotal,,2114494.53,2114494.53,SCI Detailed,63,May 2026 Consolidated Accounts.xlsx
2026-05,2026-05-31,ZAMRE,SCI,Communications,(group_subtotal),group_subtotal,,35010.7,35010.7,SCI Detailed,63,May 2026 Consolidated Accounts.xlsx
2026-05,2026-05-31,ZARIB,SCI,Communications,(group_subtotal),group_subtotal,,2452569.33,2452569.33,SCI Detailed,63,May 2026 Consolidated Accounts.xlsx
2026-05,2026-05-31,MALAWI,SCI,Communications,(group_subtotal),group_subtotal,,384905.73,384905.73,SCI Detailed,63,May 2026 Consolidated Accounts.xlsx
2026-05,2026-05-31,MENA,SCI,Communications,(group_subtotal),group_subtotal,,0.0,0.0,SCI Detailed,63,May 2026 Consolidated Accounts.xlsx
2026-05,2026-05-31,NIGERIA,SCI,Communications,(group_subtotal),group_subtotal,,310441.16,310441.16,SCI Detailed,63,May 2026 Consolidated Accounts.xlsx
2026-05,2026-05-31,RWANDA,SCI,Communications,(group_subtotal),group_subtotal,,498128.53,498128.53,SCI Detailed,63,May 2026 Consolidated Accounts.xlsx
2026-05,2026-05-31,ZHL,SCI,Communications,(group_subtotal),group_subtotal,,0.0,0.0,SCI Detailed,63,May 2026 Consolidated Accounts.xlsx
2026-05,2026-05-31,ZATL,SCI,Communications,(group_subtotal),group_subtotal,,119672.94,119672.94,SCI Detailed,63,May 2026 Consolidated Accounts.xlsx
2026-05,2026-05-31,DRC,SCI,Communications,(group_subtotal),group_subtotal,,773453.2,773453.2,SCI Detailed,63,May 2026 Consolidated Accounts.xlsx
2026-05,2026-05-31,C&P,SCI,Communications,(group_subtotal),group_subtotal,,0.0,0.0,SCI Detailed,63,May 2026 Consolidated Accounts.xlsx
2026-05,2026-05-31,ZAAC,SCI,Printing & Stationery,Printing-General,detail,printing_stationery,1068930.5,1068930.5,SCI Detailed,65,May 2026 Consolidated Accounts.xlsx
2026-05,2026-05-31,ZAMRE,SCI,Printing & Stationery,Printing-General,detail,printing_stationery,33258.54,33258.54,SCI Detailed,65,May 2026 Consolidated Accounts.xlsx
2026-05,2026-05-31,ZARIB,SCI,Printing & Stationery,Printing-General,detail,printing_stationery,1030269.08,1030269.08,SCI Detailed,65,May 2026 Consolidated Accounts.xlsx
2026-05,2026-05-31,MALAWI,SCI,Printing & Stationery,Printing-General,detail,printing_stationery,1017041.99,1017041.99,SCI Detailed,65,May 2026 Consolidated Accounts.xlsx
2026-05,2026-05-31,MENA,SCI,Printing & Stationery,Printing-General,detail,printing_stationery,0.0,0.0,SCI Detailed,65,May 2026 Consolidated Accounts.xlsx
2026-05,2026-05-31,NIGERIA,SCI,Printing & Stationery,Printing-General,detail,printing_stationery,76717.97,76717.97,SCI Detailed,65,May 2026 Consolidated Accounts.xlsx
2026-05,2026-05-31,RWANDA,SCI,Printing & Stationery,Printing-General,detail,printing_stationery,102776.55,102776.55,SCI Detailed,65,May 2026 Consolidated Accounts.xlsx
2026-05,2026-05-31,ZHL,SCI,Printing & Stationery,Printing-General,detail,printing_stationery,0.0,0.0,SCI Detailed,65,May 2026 Consolidated Accounts.xlsx
2026-05,2026-05-31,ZATL,SCI,Printing & Stationery,Printing-General,detail,printing_stationery,0.0,0.0,SCI Detailed,65,May 2026 Consolidated Accounts.xlsx
2026-05,2026-05-31,DRC,SCI,Printing & Stationery,Printing-General,detail,printing_stationery,246615.16,246615.16,SCI Detailed,65,May 2026 Consolidated Accounts.xlsx
2026-05,2026-05-31,C&P,SCI,Printing & Stationery,Printing-General,detail,printing_stationery,0.0,0.0,SCI Detailed,65,May 2026 Consolidated Accounts.xlsx
2026-05,2026-05-31,ZAAC,SCI,Printing & Stationery,Stationery-General,detail,printing_stationery,523148.21,523148.21,SCI Detailed,66,May 2026 Consolidated Accounts.xlsx
2026-05,2026-05-31,ZAMRE,SCI,Printing & Stationery,Stationery-General,detail,printing_stationery,0.0,0.0,SCI Detailed,66,May 2026 Consolidated Accounts.xlsx
2026-05,2026-05-31,ZARIB,SCI,Printing & Stationery,Stationery-General,detail,printing_stationery,209405.28,209405.28,SCI Detailed,66,May 2026 Consolidated Accounts.xlsx
2026-05,2026-05-31,MALAWI,SCI,Printing & Stationery,Stationery-General,detail,printing_stationery,0.0,0.0,SCI Detailed,66,May 2026 Consolidated Accounts.xlsx
2026-05,2026-05-31,MENA,SCI,Printing & Stationery,Stationery-General,detail,printing_stationery,0.0,0.0,SCI Detailed,66,May 2026 Consolidated Accounts.xlsx
2026-05,2026-05-31,NIGERIA,SCI,Printing & Stationery,Stationery-General,detail,printing_stationery,0.0,0.0,SCI Detailed,66,May 2026 Consolidated Accounts.xlsx
2026-05,2026-05-31,RWANDA,SCI,Printing & Stationery,Stationery-General,detail,printing_stationery,0.0,0.0,SCI Detailed,66,May 2026 Consolidated Accounts.xlsx
2026-05,2026-05-31,ZHL,SCI,Printing & Stationery,Stationery-General,detail,printing_stationery,0.0,0.0,SCI Detailed,66,May 2026 Consolidated Accounts.xlsx
2026-05,2026-05-31,ZATL,SCI,Printing & Stationery,Stationery-General,detail,printing_stationery,220218.04,220218.04,SCI Detailed,66,May 2026 Consolidated Accounts.xlsx
2026-05,2026-05-31,DRC,SCI,Printing & Stationery,Stationery-General,detail,printing_stationery,90931.19,90931.19,SCI Detailed,66,May 2026 Consolidated Accounts.xlsx
2026-05,2026-05-31,C&P,SCI,Printing & Stationery,Stationery-General,detail,printing_stationery,0.0,0.0,SCI Detailed,66,May 2026 Consolidated Accounts.xlsx
2026-05,2026-05-31,ZAAC,SCI,Printing & Stationery,(group_subtotal),group_subtotal,,1592078.71,1592078.71,SCI Detailed,68,May 2026 Consolidated Accounts.xlsx
2026-05,2026-05-31,ZAMRE,SCI,Printing & Stationery,(group_subtotal),group_subtotal,,33258.54,33258.54,SCI Detailed,68,May 2026 Consolidated Accounts.xlsx
2026-05,2026-05-31,ZARIB,SCI,Printing & Stationery,(group_subtotal),group_subtotal,,1239674.36,1239674.36,SCI Detailed,68,May 2026 Consolidated Accounts.xlsx
2026-05,2026-05-31,MALAWI,SCI,Printing & Stationery,(group_subtotal),group_subtotal,,1017041.99,1017041.99,SCI Detailed,68,May 2026 Consolidated Accounts.xlsx
2026-05,2026-05-31,MENA,SCI,Printing & Stationery,(group_subtotal),group_subtotal,,0.0,0.0,SCI Detailed,68,May 2026 Consolidated Accounts.xlsx
2026-05,2026-05-31,NIGERIA,SCI,Printing & Stationery,(group_subtotal),group_subtotal,,76717.97,76717.97,SCI Detailed,68,May 2026 Consolidated Accounts.xlsx
2026-05,2026-05-31,RWANDA,SCI,Printing & Stationery,(group_subtotal),group_subtotal,,102776.55,102776.55,SCI Detailed,68,May 2026 Consolidated Accounts.xlsx
2026-05,2026-05-31,ZHL,SCI,Printing & Stationery,(group_subtotal),group_subtotal,,0.0,0.0,SCI Detailed,68,May 2026 Consolidated Accounts.xlsx
2026-05,2026-05-31,ZATL,SCI,Printing & Stationery,(group_subtotal),group_subtotal,,220218.04,220218.04,SCI Detailed,68,May 2026 Consolidated Accounts.xlsx
2026-05,2026-05-31,DRC,SCI,Printing & Stationery,(group_subtotal),group_subtotal,,337546.36,337546.36,SCI Detailed,68,May 2026 Consolidated Accounts.xlsx
2026-05,2026-05-31,C&P,SCI,Printing & Stationery,(group_subtotal),group_subtotal,,0.0,0.0,SCI Detailed,68,May 2026 Consolidated Accounts.xlsx
2026-05,2026-05-31,ZAAC,SCI,Premises,Prem-Cleaning,detail,premises,1237500.0,1237500.0,SCI Detailed,70,May 2026 Consolidated Accounts.xlsx
2026-05,2026-05-31,ZAMRE,SCI,Premises,Prem-Cleaning,detail,premises,39600.0,39600.0,SCI Detailed,70,May 2026 Consolidated Accounts.xlsx
2026-05,2026-05-31,ZARIB,SCI,Premises,Prem-Cleaning,detail,premises,1237900.0,1237900.0,SCI Detailed,70,May 2026 Consolidated Accounts.xlsx
2026-05,2026-05-31,MALAWI,SCI,Premises,Prem-Cleaning,detail,premises,256832.89,256832.89,SCI Detailed,70,May 2026 Consolidated Accounts.xlsx
2026-05,2026-05-31,MENA,SCI,Premises,Prem-Cleaning,detail,premises,0.0,0.0,SCI Detailed,70,May 2026 Consolidated Accounts.xlsx
2026-05,2026-05-31,NIGERIA,SCI,Premises,Prem-Cleaning,detail,premises,0.0,0.0,SCI Detailed,70,May 2026 Consolidated Accounts.xlsx
2026-05,2026-05-31,RWANDA,SCI,Premises,Prem-Cleaning,detail,premises,90459.85,90459.85,SCI Detailed,70,May 2026 Consolidated Accounts.xlsx
2026-05,2026-05-31,ZHL,SCI,Premises,Prem-Cleaning,detail,premises,0.0,0.0,SCI Detailed,70,May 2026 Consolidated Accounts.xlsx
2026-05,2026-05-31,ZATL,SCI,Premises,Prem-Cleaning,detail,premises,37165.51,37165.51,SCI Detailed,70,May 2026 Consolidated Accounts.xlsx
2026-05,2026-05-31,DRC,SCI,Premises,Prem-Cleaning,detail,premises,0.0,0.0,SCI Detailed,70,May 2026 Consolidated Accounts.xlsx
2026-05,2026-05-31,C&P,SCI,Premises,Prem-Cleaning,detail,premises,0.0,0.0,SCI Detailed,70,May 2026 Consolidated Accounts.xlsx
2026-05,2026-05-31,ZAAC,SCI,Premises,Prem-Electricity,detail,premises,503886.29,503886.29,SCI Detailed,71,May 2026 Consolidated Accounts.xlsx
2026-05,2026-05-31,ZAMRE,SCI,Premises,Prem-Electricity,detail,premises,34154.78,34154.78,SCI Detailed,71,May 2026 Consolidated Accounts.xlsx
2026-05,2026-05-31,ZARIB,SCI,Premises,Prem-Electricity,detail,premises,1671403.11,1671403.11,SCI Detailed,71,May 2026 Consolidated Accounts.xlsx
2026-05,2026-05-31,MALAWI,SCI,Premises,Prem-Electricity,detail,premises,129842.33,129842.33,SCI Detailed,71,May 2026 Consolidated Accounts.xlsx
2026-05,2026-05-31,MENA,SCI,Premises,Prem-Electricity,detail,premises,0.0,0.0,SCI Detailed,71,May 2026 Consolidated Accounts.xlsx
2026-05,2026-05-31,NIGERIA,SCI,Premises,Prem-Electricity,detail,premises,189275.02,189275.02,SCI Detailed,71,May 2026 Consolidated Accounts.xlsx
2026-05,2026-05-31,RWANDA,SCI,Premises,Prem-Electricity,detail,premises,0.0,0.0,SCI Detailed,71,May 2026 Consolidated Accounts.xlsx
2026-05,2026-05-31,ZHL,SCI,Premises,Prem-Electricity,detail,premises,0.0,0.0,SCI Detailed,71,May 2026 Consolidated Accounts.xlsx
2026-05,2026-05-31,ZATL,SCI,Premises,Prem-Electricity,detail,premises,42170.47,42170.47,SCI Detailed,71,May 2026 Consolidated Accounts.xlsx
2026-05,2026-05-31,DRC,SCI,Premises,Prem-Electricity,detail,premises,177114.32,177114.32,SCI Detailed,71,May 2026 Consolidated Accounts.xlsx
2026-05,2026-05-31,C&P,SCI,Premises,Prem-Electricity,detail,premises,0.0,0.0,SCI Detailed,71,May 2026 Consolidated Accounts.xlsx
2026-05,2026-05-31,ZAAC,SCI,Premises,Prem-Security,detail,premises,348308.06,348308.06,SCI Detailed,72,May 2026 Consolidated Accounts.xlsx
2026-05,2026-05-31,ZAMRE,SCI,Premises,Prem-Security,detail,premises,9555.59,9555.59,SCI Detailed,72,May 2026 Consolidated Accounts.xlsx
2026-05,2026-05-31,ZARIB,SCI,Premises,Prem-Security,detail,premises,368108.01,368108.01,SCI Detailed,72,May 2026 Consolidated Accounts.xlsx
2026-05,2026-05-31,MALAWI,SCI,Premises,Prem-Security,detail,premises,0.0,0.0,SCI Detailed,72,May 2026 Consolidated Accounts.xlsx
2026-05,2026-05-31,MENA,SCI,Premises,Prem-Security,detail,premises,0.0,0.0,SCI Detailed,72,May 2026 Consolidated Accounts.xlsx
2026-05,2026-05-31,NIGERIA,SCI,Premises,Prem-Security,detail,premises,0.0,0.0,SCI Detailed,72,May 2026 Consolidated Accounts.xlsx
2026-05,2026-05-31,RWANDA,SCI,Premises,Prem-Security,detail,premises,0.0,0.0,SCI Detailed,72,May 2026 Consolidated Accounts.xlsx
2026-05,2026-05-31,ZHL,SCI,Premises,Prem-Security,detail,premises,0.0,0.0,SCI Detailed,72,May 2026 Consolidated Accounts.xlsx
2026-05,2026-05-31,ZATL,SCI,Premises,Prem-Security,detail,premises,0.0,0.0,SCI Detailed,72,May 2026 Consolidated Accounts.xlsx
2026-05,2026-05-31,DRC,SCI,Premises,Prem-Security,detail,premises,0.0,0.0,SCI Detailed,72,May 2026 Consolidated Accounts.xlsx
2026-05,2026-05-31,C&P,SCI,Premises,Prem-Security,detail,premises,0.0,0.0,SCI Detailed,72,May 2026 Consolidated Accounts.xlsx
2026-05,2026-05-31,ZAAC,SCI,Premises,Prem-Rates,detail,premises,2262991.48,2262991.48,SCI Detailed,73,May 2026 Consolidated Accounts.xlsx
2026-05,2026-05-31,ZAMRE,SCI,Premises,Prem-Rates,detail,premises,0.0,0.0,SCI Detailed,73,May 2026 Consolidated Accounts.xlsx
2026-05,2026-05-31,ZARIB,SCI,Premises,Prem-Rates,detail,premises,1756897.3,1756897.3,SCI Detailed,73,May 2026 Consolidated Accounts.xlsx
2026-05,2026-05-31,MALAWI,SCI,Premises,Prem-Rates,detail,premises,0.0,0.0,SCI Detailed,73,May 2026 Consolidated Accounts.xlsx
2026-05,2026-05-31,MENA,SCI,Premises,Prem-Rates,detail,premises,0.0,0.0,SCI Detailed,73,May 2026 Consolidated Accounts.xlsx
2026-05,2026-05-31,NIGERIA,SCI,Premises,Prem-Rates,detail,premises,0.0,0.0,SCI Detailed,73,May 2026 Consolidated Accounts.xlsx
2026-05,2026-05-31,RWANDA,SCI,Premises,Prem-Rates,detail,premises,0.0,0.0,SCI Detailed,73,May 2026 Consolidated Accounts.xlsx
2026-05,2026-05-31,ZHL,SCI,Premises,Prem-Rates,detail,premises,0.0,0.0,SCI Detailed,73,May 2026 Consolidated Accounts.xlsx
2026-05,2026-05-31,ZATL,SCI,Premises,Prem-Rates,detail,premises,54633.3,54633.3,SCI Detailed,73,May 2026 Consolidated Accounts.xlsx
2026-05,2026-05-31,DRC,SCI,Premises,Prem-Rates,detail,premises,0.0,0.0,SCI Detailed,73,May 2026 Consolidated Accounts.xlsx
2026-05,2026-05-31,C&P,SCI,Premises,Prem-Rates,detail,premises,0.0,0.0,SCI Detailed,73,May 2026 Consolidated Accounts.xlsx
2026-05,2026-05-31,ZAAC,SCI,Premises,Prem-Rental(EXTERNAL),detail,premises,10592930.3,10592930.3,SCI Detailed,74,May 2026 Consolidated Accounts.xlsx
2026-05,2026-05-31,ZAMRE,SCI,Premises,Prem-Rental(EXTERNAL),detail,premises,0.0,0.0,SCI Detailed,74,May 2026 Consolidated Accounts.xlsx
2026-05,2026-05-31,ZARIB,SCI,Premises,Prem-Rental(EXTERNAL),detail,premises,10338056.58,10338056.58,SCI Detailed,74,May 2026 Consolidated Accounts.xlsx
2026-05,2026-05-31,MALAWI,SCI,Premises,Prem-Rental(EXTERNAL),detail,premises,1521592.58,1521592.58,SCI Detailed,74,May 2026 Consolidated Accounts.xlsx
2026-05,2026-05-31,MENA,SCI,Premises,Prem-Rental(EXTERNAL),detail,premises,3458237.18,3458237.18,SCI Detailed,74,May 2026 Consolidated Accounts.xlsx
2026-05,2026-05-31,NIGERIA,SCI,Premises,Prem-Rental(EXTERNAL),detail,premises,922177.81,922177.81,SCI Detailed,74,May 2026 Consolidated Accounts.xlsx
2026-05,2026-05-31,RWANDA,SCI,Premises,Prem-Rental(EXTERNAL),detail,premises,1086774.9,1086774.9,SCI Detailed,74,May 2026 Consolidated Accounts.xlsx
2026-05,2026-05-31,ZHL,SCI,Premises,Prem-Rental(EXTERNAL),detail,premises,0.0,0.0,SCI Detailed,74,May 2026 Consolidated Accounts.xlsx
2026-05,2026-05-31,ZATL,SCI,Premises,Prem-Rental(EXTERNAL),detail,premises,218533.2,218533.2,SCI Detailed,74,May 2026 Consolidated Accounts.xlsx
2026-05,2026-05-31,DRC,SCI,Premises,Prem-Rental(EXTERNAL),detail,premises,5158776.34,5158776.34,SCI Detailed,74,May 2026 Consolidated Accounts.xlsx
2026-05,2026-05-31,C&P,SCI,Premises,Prem-Rental(EXTERNAL),detail,premises,0.0,0.0,SCI Detailed,74,May 2026 Consolidated Accounts.xlsx
2026-05,2026-05-31,ZAAC,SCI,Premises,Prem-Parking(EXTERNAL),detail,premises,1732800.0,1732800.0,SCI Detailed,75,May 2026 Consolidated Accounts.xlsx
2026-05,2026-05-31,ZAMRE,SCI,Premises,Prem-Parking(EXTERNAL),detail,premises,0.0,0.0,SCI Detailed,75,May 2026 Consolidated Accounts.xlsx
2026-05,2026-05-31,ZARIB,SCI,Premises,Prem-Parking(EXTERNAL),detail,premises,1614530.76,1614530.76,SCI Detailed,75,May 2026 Consolidated Accounts.xlsx
2026-05,2026-05-31,MALAWI,SCI,Premises,Prem-Parking(EXTERNAL),detail,premises,123730.35,123730.35,SCI Detailed,75,May 2026 Consolidated Accounts.xlsx
2026-05,2026-05-31,MENA,SCI,Premises,Prem-Parking(EXTERNAL),detail,premises,0.0,0.0,SCI Detailed,75,May 2026 Consolidated Accounts.xlsx
2026-05,2026-05-31,NIGERIA,SCI,Premises,Prem-Parking(EXTERNAL),detail,premises,0.0,0.0,SCI Detailed,75,May 2026 Consolidated Accounts.xlsx
2026-05,2026-05-31,RWANDA,SCI,Premises,Prem-Parking(EXTERNAL),detail,premises,30062.76,30062.76,SCI Detailed,75,May 2026 Consolidated Accounts.xlsx
2026-05,2026-05-31,ZHL,SCI,Premises,Prem-Parking(EXTERNAL),detail,premises,0.0,0.0,SCI Detailed,75,May 2026 Consolidated Accounts.xlsx
2026-05,2026-05-31,ZATL,SCI,Premises,Prem-Parking(EXTERNAL),detail,premises,14866.2,14866.2,SCI Detailed,75,May 2026 Consolidated Accounts.xlsx
2026-05,2026-05-31,DRC,SCI,Premises,Prem-Parking(EXTERNAL),detail,premises,0.0,0.0,SCI Detailed,75,May 2026 Consolidated Accounts.xlsx
2026-05,2026-05-31,C&P,SCI,Premises,Prem-Parking(EXTERNAL),detail,premises,0.0,0.0,SCI Detailed,75,May 2026 Consolidated Accounts.xlsx
2026-05,2026-05-31,ZAAC,SCI,Premises,(group_subtotal),group_subtotal,,16678416.13,16678416.13,SCI Detailed,77,May 2026 Consolidated Accounts.xlsx
2026-05,2026-05-31,ZAMRE,SCI,Premises,(group_subtotal),group_subtotal,,83310.37,83310.37,SCI Detailed,77,May 2026 Consolidated Accounts.xlsx
2026-05,2026-05-31,ZARIB,SCI,Premises,(group_subtotal),group_subtotal,,16986895.76,16986895.76,SCI Detailed,77,May 2026 Consolidated Accounts.xlsx
2026-05,2026-05-31,MALAWI,SCI,Premises,(group_subtotal),group_subtotal,,2031998.14,2031998.14,SCI Detailed,77,May 2026 Consolidated Accounts.xlsx
2026-05,2026-05-31,MENA,SCI,Premises,(group_subtotal),group_subtotal,,3458237.18,3458237.18,SCI Detailed,77,May 2026 Consolidated Accounts.xlsx
2026-05,2026-05-31,NIGERIA,SCI,Premises,(group_subtotal),group_subtotal,,1111452.83,1111452.83,SCI Detailed,77,May 2026 Consolidated Accounts.xlsx
2026-05,2026-05-31,RWANDA,SCI,Premises,(group_subtotal),group_subtotal,,1207297.51,1207297.51,SCI Detailed,77,May 2026 Consolidated Accounts.xlsx
2026-05,2026-05-31,ZHL,SCI,Premises,(group_subtotal),group_subtotal,,0.0,0.0,SCI Detailed,77,May 2026 Consolidated Accounts.xlsx
2026-05,2026-05-31,ZATL,SCI,Premises,(group_subtotal),group_subtotal,,367368.68,367368.68,SCI Detailed,77,May 2026 Consolidated Accounts.xlsx
2026-05,2026-05-31,DRC,SCI,Premises,(group_subtotal),group_subtotal,,5335890.66,5335890.66,SCI Detailed,77,May 2026 Consolidated Accounts.xlsx
2026-05,2026-05-31,C&P,SCI,Premises,(group_subtotal),group_subtotal,,0.0,0.0,SCI Detailed,77,May 2026 Consolidated Accounts.xlsx
2026-05,2026-05-31,ZAAC,SCI,Advertising & PR,Bus.Advert-General,detail,advertising_pr,10286081.26,10286081.26,SCI Detailed,79,May 2026 Consolidated Accounts.xlsx
2026-05,2026-05-31,ZAMRE,SCI,Advertising & PR,Bus.Advert-General,detail,advertising_pr,292770.15,292770.15,SCI Detailed,79,May 2026 Consolidated Accounts.xlsx
2026-05,2026-05-31,ZARIB,SCI,Advertising & PR,Bus.Advert-General,detail,advertising_pr,2452099.29,2452099.29,SCI Detailed,79,May 2026 Consolidated Accounts.xlsx
2026-05,2026-05-31,MALAWI,SCI,Advertising & PR,Bus.Advert-General,detail,advertising_pr,1719429.87,1719429.87,SCI Detailed,79,May 2026 Consolidated Accounts.xlsx
2026-05,2026-05-31,MENA,SCI,Advertising & PR,Bus.Advert-General,detail,advertising_pr,1674165.06,1674165.06,SCI Detailed,79,May 2026 Consolidated Accounts.xlsx
2026-05,2026-05-31,NIGERIA,SCI,Advertising & PR,Bus.Advert-General,detail,advertising_pr,141450.39,141450.39,SCI Detailed,79,May 2026 Consolidated Accounts.xlsx
2026-05,2026-05-31,RWANDA,SCI,Advertising & PR,Bus.Advert-General,detail,advertising_pr,100925.25,100925.25,SCI Detailed,79,May 2026 Consolidated Accounts.xlsx
2026-05,2026-05-31,ZHL,SCI,Advertising & PR,Bus.Advert-General,detail,advertising_pr,0.0,0.0,SCI Detailed,79,May 2026 Consolidated Accounts.xlsx
2026-05,2026-05-31,ZATL,SCI,Advertising & PR,Bus.Advert-General,detail,advertising_pr,0.0,0.0,SCI Detailed,79,May 2026 Consolidated Accounts.xlsx
2026-05,2026-05-31,DRC,SCI,Advertising & PR,Bus.Advert-General,detail,advertising_pr,2565329.56,2565329.56,SCI Detailed,79,May 2026 Consolidated Accounts.xlsx
2026-05,2026-05-31,C&P,SCI,Advertising & PR,Bus.Advert-General,detail,advertising_pr,0.0,0.0,SCI Detailed,79,May 2026 Consolidated Accounts.xlsx
2026-05,2026-05-31,ZAAC,SCI,Advertising & PR,Sponsorships-General,detail,advertising_pr,623250.0,623250.0,SCI Detailed,80,May 2026 Consolidated Accounts.xlsx
2026-05,2026-05-31,ZAMRE,SCI,Advertising & PR,Sponsorships-General,detail,advertising_pr,6856.0,6856.0,SCI Detailed,80,May 2026 Consolidated Accounts.xlsx
2026-05,2026-05-31,ZARIB,SCI,Advertising & PR,Sponsorships-General,detail,advertising_pr,206144.0,206144.0,SCI Detailed,80,May 2026 Consolidated Accounts.xlsx
2026-05,2026-05-31,MALAWI,SCI,Advertising & PR,Sponsorships-General,detail,advertising_pr,0.0,0.0,SCI Detailed,80,May 2026 Consolidated Accounts.xlsx
2026-05,2026-05-31,MENA,SCI,Advertising & PR,Sponsorships-General,detail,advertising_pr,0.0,0.0,SCI Detailed,80,May 2026 Consolidated Accounts.xlsx
2026-05,2026-05-31,NIGERIA,SCI,Advertising & PR,Sponsorships-General,detail,advertising_pr,0.0,0.0,SCI Detailed,80,May 2026 Consolidated Accounts.xlsx
2026-05,2026-05-31,RWANDA,SCI,Advertising & PR,Sponsorships-General,detail,advertising_pr,0.0,0.0,SCI Detailed,80,May 2026 Consolidated Accounts.xlsx
2026-05,2026-05-31,ZHL,SCI,Advertising & PR,Sponsorships-General,detail,advertising_pr,0.0,0.0,SCI Detailed,80,May 2026 Consolidated Accounts.xlsx
2026-05,2026-05-31,ZATL,SCI,Advertising & PR,Sponsorships-General,detail,advertising_pr,0.0,0.0,SCI Detailed,80,May 2026 Consolidated Accounts.xlsx
2026-05,2026-05-31,DRC,SCI,Advertising & PR,Sponsorships-General,detail,advertising_pr,32335.0,32335.0,SCI Detailed,80,May 2026 Consolidated Accounts.xlsx
2026-05,2026-05-31,C&P,SCI,Advertising & PR,Sponsorships-General,detail,advertising_pr,0.0,0.0,SCI Detailed,80,May 2026 Consolidated Accounts.xlsx
2026-05,2026-05-31,ZAAC,SCI,Advertising & PR,(group_subtotal),group_subtotal,,10909331.26,10909331.26,SCI Detailed,81,May 2026 Consolidated Accounts.xlsx
2026-05,2026-05-31,ZAMRE,SCI,Advertising & PR,(group_subtotal),group_subtotal,,299626.15,299626.15,SCI Detailed,81,May 2026 Consolidated Accounts.xlsx
2026-05,2026-05-31,ZARIB,SCI,Advertising & PR,(group_subtotal),group_subtotal,,2658243.29,2658243.29,SCI Detailed,81,May 2026 Consolidated Accounts.xlsx
2026-05,2026-05-31,MALAWI,SCI,Advertising & PR,(group_subtotal),group_subtotal,,1719429.87,1719429.87,SCI Detailed,81,May 2026 Consolidated Accounts.xlsx
2026-05,2026-05-31,MENA,SCI,Advertising & PR,(group_subtotal),group_subtotal,,1674165.06,1674165.06,SCI Detailed,81,May 2026 Consolidated Accounts.xlsx
2026-05,2026-05-31,NIGERIA,SCI,Advertising & PR,(group_subtotal),group_subtotal,,141450.39,141450.39,SCI Detailed,81,May 2026 Consolidated Accounts.xlsx
2026-05,2026-05-31,RWANDA,SCI,Advertising & PR,(group_subtotal),group_subtotal,,100925.25,100925.25,SCI Detailed,81,May 2026 Consolidated Accounts.xlsx
2026-05,2026-05-31,ZHL,SCI,Advertising & PR,(group_subtotal),group_subtotal,,0.0,0.0,SCI Detailed,81,May 2026 Consolidated Accounts.xlsx
2026-05,2026-05-31,ZATL,SCI,Advertising & PR,(group_subtotal),group_subtotal,,0.0,0.0,SCI Detailed,81,May 2026 Consolidated Accounts.xlsx
2026-05,2026-05-31,DRC,SCI,Advertising & PR,(group_subtotal),group_subtotal,,2597664.56,2597664.56,SCI Detailed,81,May 2026 Consolidated Accounts.xlsx
2026-05,2026-05-31,C&P,SCI,Advertising & PR,(group_subtotal),group_subtotal,,0.0,0.0,SCI Detailed,81,May 2026 Consolidated Accounts.xlsx
2026-05,2026-05-31,ZAAC,SCI,Insurance,Insurance-P.I.,detail,insurance,6582066.25,6582066.25,SCI Detailed,83,May 2026 Consolidated Accounts.xlsx
2026-05,2026-05-31,ZAMRE,SCI,Insurance,Insurance-P.I.,detail,insurance,0.0,0.0,SCI Detailed,83,May 2026 Consolidated Accounts.xlsx
2026-05,2026-05-31,ZARIB,SCI,Insurance,Insurance-P.I.,detail,insurance,0.0,0.0,SCI Detailed,83,May 2026 Consolidated Accounts.xlsx
2026-05,2026-05-31,MALAWI,SCI,Insurance,Insurance-P.I.,detail,insurance,0.0,0.0,SCI Detailed,83,May 2026 Consolidated Accounts.xlsx
2026-05,2026-05-31,MENA,SCI,Insurance,Insurance-P.I.,detail,insurance,0.0,0.0,SCI Detailed,83,May 2026 Consolidated Accounts.xlsx
2026-05,2026-05-31,NIGERIA,SCI,Insurance,Insurance-P.I.,detail,insurance,42809.49,42809.49,SCI Detailed,83,May 2026 Consolidated Accounts.xlsx
2026-05,2026-05-31,RWANDA,SCI,Insurance,Insurance-P.I.,detail,insurance,200268.11,200268.11,SCI Detailed,83,May 2026 Consolidated Accounts.xlsx
2026-05,2026-05-31,ZHL,SCI,Insurance,Insurance-P.I.,detail,insurance,0.0,0.0,SCI Detailed,83,May 2026 Consolidated Accounts.xlsx
2026-05,2026-05-31,ZATL,SCI,Insurance,Insurance-P.I.,detail,insurance,172207.0,172207.0,SCI Detailed,83,May 2026 Consolidated Accounts.xlsx
2026-05,2026-05-31,DRC,SCI,Insurance,Insurance-P.I.,detail,insurance,0.0,0.0,SCI Detailed,83,May 2026 Consolidated Accounts.xlsx
2026-05,2026-05-31,C&P,SCI,Insurance,Insurance-P.I.,detail,insurance,1738975.4,1738975.4,SCI Detailed,83,May 2026 Consolidated Accounts.xlsx
2026-05,2026-05-31,ZAAC,SCI,Insurance,Insurance-Other,detail,insurance,0.0,0.0,SCI Detailed,84,May 2026 Consolidated Accounts.xlsx
2026-05,2026-05-31,ZAMRE,SCI,Insurance,Insurance-Other,detail,insurance,86192.55,86192.55,SCI Detailed,84,May 2026 Consolidated Accounts.xlsx
2026-05,2026-05-31,ZARIB,SCI,Insurance,Insurance-Other,detail,insurance,8192037.48,8192037.48,SCI Detailed,84,May 2026 Consolidated Accounts.xlsx
2026-05,2026-05-31,MALAWI,SCI,Insurance,Insurance-Other,detail,insurance,1399831.09,1399831.09,SCI Detailed,84,May 2026 Consolidated Accounts.xlsx
2026-05,2026-05-31,MENA,SCI,Insurance,Insurance-Other,detail,insurance,0.0,0.0,SCI Detailed,84,May 2026 Consolidated Accounts.xlsx
2026-05,2026-05-31,NIGERIA,SCI,Insurance,Insurance-Other,detail,insurance,162771.61,162771.61,SCI Detailed,84,May 2026 Consolidated Accounts.xlsx
2026-05,2026-05-31,RWANDA,SCI,Insurance,Insurance-Other,detail,insurance,0.0,0.0,SCI Detailed,84,May 2026 Consolidated Accounts.xlsx
2026-05,2026-05-31,ZHL,SCI,Insurance,Insurance-Other,detail,insurance,0.0,0.0,SCI Detailed,84,May 2026 Consolidated Accounts.xlsx
2026-05,2026-05-31,ZATL,SCI,Insurance,Insurance-Other,detail,insurance,0.0,0.0,SCI Detailed,84,May 2026 Consolidated Accounts.xlsx
2026-05,2026-05-31,DRC,SCI,Insurance,Insurance-Other,detail,insurance,0.0,0.0,SCI Detailed,84,May 2026 Consolidated Accounts.xlsx
2026-05,2026-05-31,C&P,SCI,Insurance,Insurance-Other,detail,insurance,0.0,0.0,SCI Detailed,84,May 2026 Consolidated Accounts.xlsx
2026-05,2026-05-31,ZAAC,SCI,Insurance,(group_subtotal),group_subtotal,,6582066.25,6582066.25,SCI Detailed,85,May 2026 Consolidated Accounts.xlsx
2026-05,2026-05-31,ZAMRE,SCI,Insurance,(group_subtotal),group_subtotal,,86192.55,86192.55,SCI Detailed,85,May 2026 Consolidated Accounts.xlsx
2026-05,2026-05-31,ZARIB,SCI,Insurance,(group_subtotal),group_subtotal,,8192037.48,8192037.48,SCI Detailed,85,May 2026 Consolidated Accounts.xlsx
2026-05,2026-05-31,MALAWI,SCI,Insurance,(group_subtotal),group_subtotal,,1399831.09,1399831.09,SCI Detailed,85,May 2026 Consolidated Accounts.xlsx
2026-05,2026-05-31,MENA,SCI,Insurance,(group_subtotal),group_subtotal,,0.0,0.0,SCI Detailed,85,May 2026 Consolidated Accounts.xlsx
2026-05,2026-05-31,NIGERIA,SCI,Insurance,(group_subtotal),group_subtotal,,205581.1,205581.1,SCI Detailed,85,May 2026 Consolidated Accounts.xlsx
2026-05,2026-05-31,RWANDA,SCI,Insurance,(group_subtotal),group_subtotal,,200268.11,200268.11,SCI Detailed,85,May 2026 Consolidated Accounts.xlsx
2026-05,2026-05-31,ZHL,SCI,Insurance,(group_subtotal),group_subtotal,,0.0,0.0,SCI Detailed,85,May 2026 Consolidated Accounts.xlsx
2026-05,2026-05-31,ZATL,SCI,Insurance,(group_subtotal),group_subtotal,,172207.0,172207.0,SCI Detailed,85,May 2026 Consolidated Accounts.xlsx
2026-05,2026-05-31,DRC,SCI,Insurance,(group_subtotal),group_subtotal,,0.0,0.0,SCI Detailed,85,May 2026 Consolidated Accounts.xlsx
2026-05,2026-05-31,C&P,SCI,Insurance,(group_subtotal),group_subtotal,,1738975.4,1738975.4,SCI Detailed,85,May 2026 Consolidated Accounts.xlsx
2026-05,2026-05-31,ZAAC,SCI,Professional Fees,Prof.Fees-Audit Fees,detail,professional_fees,-561250.0,-561250.0,SCI Detailed,87,May 2026 Consolidated Accounts.xlsx
2026-05,2026-05-31,ZAMRE,SCI,Professional Fees,Prof.Fees-Audit Fees,detail,professional_fees,394190.0,394190.0,SCI Detailed,87,May 2026 Consolidated Accounts.xlsx
2026-05,2026-05-31,ZARIB,SCI,Professional Fees,Prof.Fees-Audit Fees,detail,professional_fees,1252115.32,1252115.32,SCI Detailed,87,May 2026 Consolidated Accounts.xlsx
2026-05,2026-05-31,MALAWI,SCI,Professional Fees,Prof.Fees-Audit Fees,detail,professional_fees,489144.82,489144.82,SCI Detailed,87,May 2026 Consolidated Accounts.xlsx
2026-05,2026-05-31,MENA,SCI,Professional Fees,Prof.Fees-Audit Fees,detail,professional_fees,0.0,0.0,SCI Detailed,87,May 2026 Consolidated Accounts.xlsx
2026-05,2026-05-31,NIGERIA,SCI,Professional Fees,Prof.Fees-Audit Fees,detail,professional_fees,117875.32,117875.32,SCI Detailed,87,May 2026 Consolidated Accounts.xlsx
2026-05,2026-05-31,RWANDA,SCI,Professional Fees,Prof.Fees-Audit Fees,detail,professional_fees,0.0,0.0,SCI Detailed,87,May 2026 Consolidated Accounts.xlsx
2026-05,2026-05-31,ZHL,SCI,Professional Fees,Prof.Fees-Audit Fees,detail,professional_fees,20550412.1,20550412.1,SCI Detailed,87,May 2026 Consolidated Accounts.xlsx
2026-05,2026-05-31,ZATL,SCI,Professional Fees,Prof.Fees-Audit Fees,detail,professional_fees,154856.29,154856.29,SCI Detailed,87,May 2026 Consolidated Accounts.xlsx
2026-05,2026-05-31,DRC,SCI,Professional Fees,Prof.Fees-Audit Fees,detail,professional_fees,528140.49,528140.49,SCI Detailed,87,May 2026 Consolidated Accounts.xlsx
2026-05,2026-05-31,C&P,SCI,Professional Fees,Prof.Fees-Audit Fees,detail,professional_fees,135416.65,135416.65,SCI Detailed,87,May 2026 Consolidated Accounts.xlsx
2026-05,2026-05-31,ZAAC,SCI,Professional Fees,Prof.Fees-Other,detail,professional_fees,17357952.25,17357952.25,SCI Detailed,89,May 2026 Consolidated Accounts.xlsx
2026-05,2026-05-31,ZAMRE,SCI,Professional Fees,Prof.Fees-Other,detail,professional_fees,98855.2,98855.2,SCI Detailed,89,May 2026 Consolidated Accounts.xlsx
2026-05,2026-05-31,ZARIB,SCI,Professional Fees,Prof.Fees-Other,detail,professional_fees,6930099.0,6930099.0,SCI Detailed,89,May 2026 Consolidated Accounts.xlsx
2026-05,2026-05-31,MALAWI,SCI,Professional Fees,Prof.Fees-Other,detail,professional_fees,1546389.33,1546389.33,SCI Detailed,89,May 2026 Consolidated Accounts.xlsx
2026-05,2026-05-31,MENA,SCI,Professional Fees,Prof.Fees-Other,detail,professional_fees,18354406.74,18354406.74,SCI Detailed,89,May 2026 Consolidated Accounts.xlsx
2026-05,2026-05-31,NIGERIA,SCI,Professional Fees,Prof.Fees-Other,detail,professional_fees,1033575.68,1033575.68,SCI Detailed,89,May 2026 Consolidated Accounts.xlsx
2026-05,2026-05-31,RWANDA,SCI,Professional Fees,Prof.Fees-Other,detail,professional_fees,469088.56,469088.56,SCI Detailed,89,May 2026 Consolidated Accounts.xlsx
2026-05,2026-05-31,ZHL,SCI,Professional Fees,Prof.Fees-Other,detail,professional_fees,0.0,0.0,SCI Detailed,89,May 2026 Consolidated Accounts.xlsx
2026-05,2026-05-31,ZATL,SCI,Professional Fees,Prof.Fees-Other,detail,professional_fees,109109.68,109109.68,SCI Detailed,89,May 2026 Consolidated Accounts.xlsx
2026-05,2026-05-31,DRC,SCI,Professional Fees,Prof.Fees-Other,detail,professional_fees,5734841.18,5734841.18,SCI Detailed,89,May 2026 Consolidated Accounts.xlsx
2026-05,2026-05-31,C&P,SCI,Professional Fees,Prof.Fees-Other,detail,professional_fees,617900.0,617900.0,SCI Detailed,89,May 2026 Consolidated Accounts.xlsx
2026-05,2026-05-31,ZAAC,SCI,Professional Fees,(group_subtotal),group_subtotal,,16796702.25,16796702.25,SCI Detailed,90,May 2026 Consolidated Accounts.xlsx
2026-05,2026-05-31,ZAMRE,SCI,Professional Fees,(group_subtotal),group_subtotal,,493045.2,493045.2,SCI Detailed,90,May 2026 Consolidated Accounts.xlsx
2026-05,2026-05-31,ZARIB,SCI,Professional Fees,(group_subtotal),group_subtotal,,8182214.32,8182214.32,SCI Detailed,90,May 2026 Consolidated Accounts.xlsx
2026-05,2026-05-31,MALAWI,SCI,Professional Fees,(group_subtotal),group_subtotal,,2035534.15,2035534.15,SCI Detailed,90,May 2026 Consolidated Accounts.xlsx
2026-05,2026-05-31,MENA,SCI,Professional Fees,(group_subtotal),group_subtotal,,18354406.74,18354406.74,SCI Detailed,90,May 2026 Consolidated Accounts.xlsx
2026-05,2026-05-31,NIGERIA,SCI,Professional Fees,(group_subtotal),group_subtotal,,1151451.01,1151451.01,SCI Detailed,90,May 2026 Consolidated Accounts.xlsx
2026-05,2026-05-31,RWANDA,SCI,Professional Fees,(group_subtotal),group_subtotal,,469088.56,469088.56,SCI Detailed,90,May 2026 Consolidated Accounts.xlsx
2026-05,2026-05-31,ZHL,SCI,Professional Fees,(group_subtotal),group_subtotal,,20550412.1,20550412.1,SCI Detailed,90,May 2026 Consolidated Accounts.xlsx
2026-05,2026-05-31,ZATL,SCI,Professional Fees,(group_subtotal),group_subtotal,,263965.97,263965.97,SCI Detailed,90,May 2026 Consolidated Accounts.xlsx
2026-05,2026-05-31,DRC,SCI,Professional Fees,(group_subtotal),group_subtotal,,6262981.67,6262981.67,SCI Detailed,90,May 2026 Consolidated Accounts.xlsx
2026-05,2026-05-31,C&P,SCI,Professional Fees,(group_subtotal),group_subtotal,,753316.65,753316.65,SCI Detailed,90,May 2026 Consolidated Accounts.xlsx
2026-05,2026-05-31,ZAAC,SCI,Depreciation,Comp-Depreciation,detail,depreciation,3360497.93,3360497.93,SCI Detailed,92,May 2026 Consolidated Accounts.xlsx
2026-05,2026-05-31,ZAMRE,SCI,Depreciation,Comp-Depreciation,detail,depreciation,0.0,0.0,SCI Detailed,92,May 2026 Consolidated Accounts.xlsx
2026-05,2026-05-31,ZARIB,SCI,Depreciation,Comp-Depreciation,detail,depreciation,1990020.41,1990020.41,SCI Detailed,92,May 2026 Consolidated Accounts.xlsx
2026-05,2026-05-31,MALAWI,SCI,Depreciation,Comp-Depreciation,detail,depreciation,2634290.16,2634290.16,SCI Detailed,92,May 2026 Consolidated Accounts.xlsx
2026-05,2026-05-31,MENA,SCI,Depreciation,Comp-Depreciation,detail,depreciation,0.0,0.0,SCI Detailed,92,May 2026 Consolidated Accounts.xlsx
2026-05,2026-05-31,NIGERIA,SCI,Depreciation,Comp-Depreciation,detail,depreciation,0.0,0.0,SCI Detailed,92,May 2026 Consolidated Accounts.xlsx
2026-05,2026-05-31,RWANDA,SCI,Depreciation,Comp-Depreciation,detail,depreciation,448535.19,448535.19,SCI Detailed,92,May 2026 Consolidated Accounts.xlsx
2026-05,2026-05-31,ZHL,SCI,Depreciation,Comp-Depreciation,detail,depreciation,0.0,0.0,SCI Detailed,92,May 2026 Consolidated Accounts.xlsx
2026-05,2026-05-31,ZATL,SCI,Depreciation,Comp-Depreciation,detail,depreciation,0.0,0.0,SCI Detailed,92,May 2026 Consolidated Accounts.xlsx
2026-05,2026-05-31,DRC,SCI,Depreciation,Comp-Depreciation,detail,depreciation,97942.71,97942.71,SCI Detailed,92,May 2026 Consolidated Accounts.xlsx
2026-05,2026-05-31,C&P,SCI,Depreciation,Comp-Depreciation,detail,depreciation,0.0,0.0,SCI Detailed,92,May 2026 Consolidated Accounts.xlsx
2026-05,2026-05-31,ZAAC,SCI,Depreciation,S/ware Depreciation,detail,depreciation,3916503.82,3916503.82,SCI Detailed,93,May 2026 Consolidated Accounts.xlsx
2026-05,2026-05-31,ZAMRE,SCI,Depreciation,S/ware Depreciation,detail,depreciation,0.0,0.0,SCI Detailed,93,May 2026 Consolidated Accounts.xlsx
2026-05,2026-05-31,ZARIB,SCI,Depreciation,S/ware Depreciation,detail,depreciation,2115984.66,2115984.66,SCI Detailed,93,May 2026 Consolidated Accounts.xlsx
2026-05,2026-05-31,MALAWI,SCI,Depreciation,S/ware Depreciation,detail,depreciation,890815.29,890815.29,SCI Detailed,93,May 2026 Consolidated Accounts.xlsx
2026-05,2026-05-31,MENA,SCI,Depreciation,S/ware Depreciation,detail,depreciation,0.0,0.0,SCI Detailed,93,May 2026 Consolidated Accounts.xlsx
2026-05,2026-05-31,NIGERIA,SCI,Depreciation,S/ware Depreciation,detail,depreciation,0.0,0.0,SCI Detailed,93,May 2026 Consolidated Accounts.xlsx
2026-05,2026-05-31,RWANDA,SCI,Depreciation,S/ware Depreciation,detail,depreciation,167474.3,167474.3,SCI Detailed,93,May 2026 Consolidated Accounts.xlsx
2026-05,2026-05-31,ZHL,SCI,Depreciation,S/ware Depreciation,detail,depreciation,0.0,0.0,SCI Detailed,93,May 2026 Consolidated Accounts.xlsx
2026-05,2026-05-31,ZATL,SCI,Depreciation,S/ware Depreciation,detail,depreciation,0.0,0.0,SCI Detailed,93,May 2026 Consolidated Accounts.xlsx
2026-05,2026-05-31,DRC,SCI,Depreciation,S/ware Depreciation,detail,depreciation,0.0,0.0,SCI Detailed,93,May 2026 Consolidated Accounts.xlsx
2026-05,2026-05-31,C&P,SCI,Depreciation,S/ware Depreciation,detail,depreciation,0.0,0.0,SCI Detailed,93,May 2026 Consolidated Accounts.xlsx
2026-05,2026-05-31,ZAAC,SCI,Depreciation,Furn-Depreciation,detail,depreciation,1357718.46,1357718.46,SCI Detailed,94,May 2026 Consolidated Accounts.xlsx
2026-05,2026-05-31,ZAMRE,SCI,Depreciation,Furn-Depreciation,detail,depreciation,0.0,0.0,SCI Detailed,94,May 2026 Consolidated Accounts.xlsx
2026-05,2026-05-31,ZARIB,SCI,Depreciation,Furn-Depreciation,detail,depreciation,641979.48,641979.48,SCI Detailed,94,May 2026 Consolidated Accounts.xlsx
2026-05,2026-05-31,MALAWI,SCI,Depreciation,Furn-Depreciation,detail,depreciation,177577.35,177577.35,SCI Detailed,94,May 2026 Consolidated Accounts.xlsx
2026-05,2026-05-31,MENA,SCI,Depreciation,Furn-Depreciation,detail,depreciation,0.0,0.0,SCI Detailed,94,May 2026 Consolidated Accounts.xlsx
2026-05,2026-05-31,NIGERIA,SCI,Depreciation,Furn-Depreciation,detail,depreciation,23079.71,23079.71,SCI Detailed,94,May 2026 Consolidated Accounts.xlsx
2026-05,2026-05-31,RWANDA,SCI,Depreciation,Furn-Depreciation,detail,depreciation,175601.72,175601.72,SCI Detailed,94,May 2026 Consolidated Accounts.xlsx
2026-05,2026-05-31,ZHL,SCI,Depreciation,Furn-Depreciation,detail,depreciation,0.0,0.0,SCI Detailed,94,May 2026 Consolidated Accounts.xlsx
2026-05,2026-05-31,ZATL,SCI,Depreciation,Furn-Depreciation,detail,depreciation,3091.19,3091.19,SCI Detailed,94,May 2026 Consolidated Accounts.xlsx
2026-05,2026-05-31,DRC,SCI,Depreciation,Furn-Depreciation,detail,depreciation,120538.41,120538.41,SCI Detailed,94,May 2026 Consolidated Accounts.xlsx
2026-05,2026-05-31,C&P,SCI,Depreciation,Furn-Depreciation,detail,depreciation,0.0,0.0,SCI Detailed,94,May 2026 Consolidated Accounts.xlsx
2026-05,2026-05-31,ZAAC,SCI,Depreciation,Equip-Depreciation,detail,depreciation,4240972.96,4240972.96,SCI Detailed,95,May 2026 Consolidated Accounts.xlsx
2026-05,2026-05-31,ZAMRE,SCI,Depreciation,Equip-Depreciation,detail,depreciation,0.0,0.0,SCI Detailed,95,May 2026 Consolidated Accounts.xlsx
2026-05,2026-05-31,ZARIB,SCI,Depreciation,Equip-Depreciation,detail,depreciation,2588203.32,2588203.32,SCI Detailed,95,May 2026 Consolidated Accounts.xlsx
2026-05,2026-05-31,MALAWI,SCI,Depreciation,Equip-Depreciation,detail,depreciation,518690.39,518690.39,SCI Detailed,95,May 2026 Consolidated Accounts.xlsx
2026-05,2026-05-31,MENA,SCI,Depreciation,Equip-Depreciation,detail,depreciation,0.0,0.0,SCI Detailed,95,May 2026 Consolidated Accounts.xlsx
2026-05,2026-05-31,NIGERIA,SCI,Depreciation,Equip-Depreciation,detail,depreciation,117317.44,117317.44,SCI Detailed,95,May 2026 Consolidated Accounts.xlsx
2026-05,2026-05-31,RWANDA,SCI,Depreciation,Equip-Depreciation,detail,depreciation,0.0,0.0,SCI Detailed,95,May 2026 Consolidated Accounts.xlsx
2026-05,2026-05-31,ZHL,SCI,Depreciation,Equip-Depreciation,detail,depreciation,0.0,0.0,SCI Detailed,95,May 2026 Consolidated Accounts.xlsx
2026-05,2026-05-31,ZATL,SCI,Depreciation,Equip-Depreciation,detail,depreciation,52017.72,52017.72,SCI Detailed,95,May 2026 Consolidated Accounts.xlsx
2026-05,2026-05-31,DRC,SCI,Depreciation,Equip-Depreciation,detail,depreciation,362863.37,362863.37,SCI Detailed,95,May 2026 Consolidated Accounts.xlsx
2026-05,2026-05-31,C&P,SCI,Depreciation,Equip-Depreciation,detail,depreciation,0.0,0.0,SCI Detailed,95,May 2026 Consolidated Accounts.xlsx
2026-05,2026-05-31,ZAAC,SCI,Depreciation,Leasehold Improv - Ammortization,detail,depreciation,3877579.92,3877579.92,SCI Detailed,96,May 2026 Consolidated Accounts.xlsx
2026-05,2026-05-31,ZAMRE,SCI,Depreciation,Leasehold Improv - Ammortization,detail,depreciation,0.0,0.0,SCI Detailed,96,May 2026 Consolidated Accounts.xlsx
2026-05,2026-05-31,ZARIB,SCI,Depreciation,Leasehold Improv - Ammortization,detail,depreciation,3136817.22,3136817.22,SCI Detailed,96,May 2026 Consolidated Accounts.xlsx
2026-05,2026-05-31,MALAWI,SCI,Depreciation,Leasehold Improv - Ammortization,detail,depreciation,1515231.15,1515231.15,SCI Detailed,96,May 2026 Consolidated Accounts.xlsx
2026-05,2026-05-31,MENA,SCI,Depreciation,Leasehold Improv - Ammortization,detail,depreciation,0.0,0.0,SCI Detailed,96,May 2026 Consolidated Accounts.xlsx
2026-05,2026-05-31,NIGERIA,SCI,Depreciation,Leasehold Improv - Ammortization,detail,depreciation,0.0,0.0,SCI Detailed,96,May 2026 Consolidated Accounts.xlsx
2026-05,2026-05-31,RWANDA,SCI,Depreciation,Leasehold Improv - Ammortization,detail,depreciation,0.0,0.0,SCI Detailed,96,May 2026 Consolidated Accounts.xlsx
2026-05,2026-05-31,ZHL,SCI,Depreciation,Leasehold Improv - Ammortization,detail,depreciation,0.0,0.0,SCI Detailed,96,May 2026 Consolidated Accounts.xlsx
2026-05,2026-05-31,ZATL,SCI,Depreciation,Leasehold Improv - Ammortization,detail,depreciation,0.0,0.0,SCI Detailed,96,May 2026 Consolidated Accounts.xlsx
2026-05,2026-05-31,DRC,SCI,Depreciation,Leasehold Improv - Ammortization,detail,depreciation,26275.42,26275.42,SCI Detailed,96,May 2026 Consolidated Accounts.xlsx
2026-05,2026-05-31,C&P,SCI,Depreciation,Leasehold Improv - Ammortization,detail,depreciation,0.0,0.0,SCI Detailed,96,May 2026 Consolidated Accounts.xlsx
2026-05,2026-05-31,ZAAC,SCI,Depreciation,MV-Depreciation,detail,depreciation,0.0,0.0,SCI Detailed,97,May 2026 Consolidated Accounts.xlsx
2026-05,2026-05-31,ZAMRE,SCI,Depreciation,MV-Depreciation,detail,depreciation,0.0,0.0,SCI Detailed,97,May 2026 Consolidated Accounts.xlsx
2026-05,2026-05-31,ZARIB,SCI,Depreciation,MV-Depreciation,detail,depreciation,28106.13,28106.13,SCI Detailed,97,May 2026 Consolidated Accounts.xlsx
2026-05,2026-05-31,MALAWI,SCI,Depreciation,MV-Depreciation,detail,depreciation,956120.96,956120.96,SCI Detailed,97,May 2026 Consolidated Accounts.xlsx
2026-05,2026-05-31,MENA,SCI,Depreciation,MV-Depreciation,detail,depreciation,0.0,0.0,SCI Detailed,97,May 2026 Consolidated Accounts.xlsx
2026-05,2026-05-31,NIGERIA,SCI,Depreciation,MV-Depreciation,detail,depreciation,292723.75,292723.75,SCI Detailed,97,May 2026 Consolidated Accounts.xlsx
2026-05,2026-05-31,RWANDA,SCI,Depreciation,MV-Depreciation,detail,depreciation,693772.44,693772.44,SCI Detailed,97,May 2026 Consolidated Accounts.xlsx
2026-05,2026-05-31,ZHL,SCI,Depreciation,MV-Depreciation,detail,depreciation,0.0,0.0,SCI Detailed,97,May 2026 Consolidated Accounts.xlsx
2026-05,2026-05-31,ZATL,SCI,Depreciation,MV-Depreciation,detail,depreciation,0.0,0.0,SCI Detailed,97,May 2026 Consolidated Accounts.xlsx
2026-05,2026-05-31,DRC,SCI,Depreciation,MV-Depreciation,detail,depreciation,1153952.08,1153952.08,SCI Detailed,97,May 2026 Consolidated Accounts.xlsx
2026-05,2026-05-31,C&P,SCI,Depreciation,MV-Depreciation,detail,depreciation,0.0,0.0,SCI Detailed,97,May 2026 Consolidated Accounts.xlsx
2026-05,2026-05-31,ZAAC,SCI,Depreciation,Goodwill amortisation,detail,depreciation,325135.85,325135.85,SCI Detailed,98,May 2026 Consolidated Accounts.xlsx
2026-05,2026-05-31,ZAMRE,SCI,Depreciation,Goodwill amortisation,detail,depreciation,0.0,0.0,SCI Detailed,98,May 2026 Consolidated Accounts.xlsx
2026-05,2026-05-31,ZARIB,SCI,Depreciation,Goodwill amortisation,detail,depreciation,0.0,0.0,SCI Detailed,98,May 2026 Consolidated Accounts.xlsx
2026-05,2026-05-31,MALAWI,SCI,Depreciation,Goodwill amortisation,detail,depreciation,0.0,0.0,SCI Detailed,98,May 2026 Consolidated Accounts.xlsx
2026-05,2026-05-31,MENA,SCI,Depreciation,Goodwill amortisation,detail,depreciation,0.0,0.0,SCI Detailed,98,May 2026 Consolidated Accounts.xlsx
2026-05,2026-05-31,NIGERIA,SCI,Depreciation,Goodwill amortisation,detail,depreciation,0.0,0.0,SCI Detailed,98,May 2026 Consolidated Accounts.xlsx
2026-05,2026-05-31,RWANDA,SCI,Depreciation,Goodwill amortisation,detail,depreciation,0.0,0.0,SCI Detailed,98,May 2026 Consolidated Accounts.xlsx
2026-05,2026-05-31,ZHL,SCI,Depreciation,Goodwill amortisation,detail,depreciation,0.0,0.0,SCI Detailed,98,May 2026 Consolidated Accounts.xlsx
2026-05,2026-05-31,ZATL,SCI,Depreciation,Goodwill amortisation,detail,depreciation,0.0,0.0,SCI Detailed,98,May 2026 Consolidated Accounts.xlsx
2026-05,2026-05-31,DRC,SCI,Depreciation,Goodwill amortisation,detail,depreciation,0.0,0.0,SCI Detailed,98,May 2026 Consolidated Accounts.xlsx
2026-05,2026-05-31,C&P,SCI,Depreciation,Goodwill amortisation,detail,depreciation,0.0,0.0,SCI Detailed,98,May 2026 Consolidated Accounts.xlsx
2026-05,2026-05-31,ZAAC,SCI,Depreciation,(group_subtotal),group_subtotal,,17078408.94,17078408.94,SCI Detailed,99,May 2026 Consolidated Accounts.xlsx
2026-05,2026-05-31,ZAMRE,SCI,Depreciation,(group_subtotal),group_subtotal,,0.0,0.0,SCI Detailed,99,May 2026 Consolidated Accounts.xlsx
2026-05,2026-05-31,ZARIB,SCI,Depreciation,(group_subtotal),group_subtotal,,10501111.21,10501111.21,SCI Detailed,99,May 2026 Consolidated Accounts.xlsx
2026-05,2026-05-31,MALAWI,SCI,Depreciation,(group_subtotal),group_subtotal,,6692725.29,6692725.29,SCI Detailed,99,May 2026 Consolidated Accounts.xlsx
2026-05,2026-05-31,MENA,SCI,Depreciation,(group_subtotal),group_subtotal,,0.0,0.0,SCI Detailed,99,May 2026 Consolidated Accounts.xlsx
2026-05,2026-05-31,NIGERIA,SCI,Depreciation,(group_subtotal),group_subtotal,,433120.89,433120.89,SCI Detailed,99,May 2026 Consolidated Accounts.xlsx
2026-05,2026-05-31,RWANDA,SCI,Depreciation,(group_subtotal),group_subtotal,,1485383.64,1485383.64,SCI Detailed,99,May 2026 Consolidated Accounts.xlsx
2026-05,2026-05-31,ZHL,SCI,Depreciation,(group_subtotal),group_subtotal,,0.0,0.0,SCI Detailed,99,May 2026 Consolidated Accounts.xlsx
2026-05,2026-05-31,ZATL,SCI,Depreciation,(group_subtotal),group_subtotal,,55108.9,55108.9,SCI Detailed,99,May 2026 Consolidated Accounts.xlsx
2026-05,2026-05-31,DRC,SCI,Depreciation,(group_subtotal),group_subtotal,,1761572.0,1761572.0,SCI Detailed,99,May 2026 Consolidated Accounts.xlsx
2026-05,2026-05-31,C&P,SCI,Depreciation,(group_subtotal),group_subtotal,,0.0,0.0,SCI Detailed,99,May 2026 Consolidated Accounts.xlsx
2026-05,2026-05-31,ZAAC,SCI,Motor Vehicle Expenses,MV - Fuel Costs (non personnel),detail,motor_vehicle_expenses,0.0,0.0,SCI Detailed,101,May 2026 Consolidated Accounts.xlsx
2026-05,2026-05-31,ZAMRE,SCI,Motor Vehicle Expenses,MV - Fuel Costs (non personnel),detail,motor_vehicle_expenses,0.0,0.0,SCI Detailed,101,May 2026 Consolidated Accounts.xlsx
2026-05,2026-05-31,ZARIB,SCI,Motor Vehicle Expenses,MV - Fuel Costs (non personnel),detail,motor_vehicle_expenses,430800.0,430800.0,SCI Detailed,101,May 2026 Consolidated Accounts.xlsx
2026-05,2026-05-31,MALAWI,SCI,Motor Vehicle Expenses,MV - Fuel Costs (non personnel),detail,motor_vehicle_expenses,0.0,0.0,SCI Detailed,101,May 2026 Consolidated Accounts.xlsx
2026-05,2026-05-31,MENA,SCI,Motor Vehicle Expenses,MV - Fuel Costs (non personnel),detail,motor_vehicle_expenses,0.0,0.0,SCI Detailed,101,May 2026 Consolidated Accounts.xlsx
2026-05,2026-05-31,NIGERIA,SCI,Motor Vehicle Expenses,MV - Fuel Costs (non personnel),detail,motor_vehicle_expenses,437888.3,437888.3,SCI Detailed,101,May 2026 Consolidated Accounts.xlsx
2026-05,2026-05-31,RWANDA,SCI,Motor Vehicle Expenses,MV - Fuel Costs (non personnel),detail,motor_vehicle_expenses,284502.38,284502.38,SCI Detailed,101,May 2026 Consolidated Accounts.xlsx
2026-05,2026-05-31,ZHL,SCI,Motor Vehicle Expenses,MV - Fuel Costs (non personnel),detail,motor_vehicle_expenses,0.0,0.0,SCI Detailed,101,May 2026 Consolidated Accounts.xlsx
2026-05,2026-05-31,ZATL,SCI,Motor Vehicle Expenses,MV - Fuel Costs (non personnel),detail,motor_vehicle_expenses,0.0,0.0,SCI Detailed,101,May 2026 Consolidated Accounts.xlsx
2026-05,2026-05-31,DRC,SCI,Motor Vehicle Expenses,MV - Fuel Costs (non personnel),detail,motor_vehicle_expenses,546337.33,546337.33,SCI Detailed,101,May 2026 Consolidated Accounts.xlsx
2026-05,2026-05-31,C&P,SCI,Motor Vehicle Expenses,MV - Fuel Costs (non personnel),detail,motor_vehicle_expenses,0.0,0.0,SCI Detailed,101,May 2026 Consolidated Accounts.xlsx
2026-05,2026-05-31,ZAAC,SCI,Motor Vehicle Expenses,MV-Leasing Costs,detail,motor_vehicle_expenses,5871651.35,5871651.35,SCI Detailed,102,May 2026 Consolidated Accounts.xlsx
2026-05,2026-05-31,ZAMRE,SCI,Motor Vehicle Expenses,MV-Leasing Costs,detail,motor_vehicle_expenses,108853.54,108853.54,SCI Detailed,102,May 2026 Consolidated Accounts.xlsx
2026-05,2026-05-31,MALAWI,SCI,Motor Vehicle Expenses,MV-Leasing Costs,detail,motor_vehicle_expenses,0.0,0.0,SCI Detailed,102,May 2026 Consolidated Accounts.xlsx
2026-05,2026-05-31,MENA,SCI,Motor Vehicle Expenses,MV-Leasing Costs,detail,motor_vehicle_expenses,0.0,0.0,SCI Detailed,102,May 2026 Consolidated Accounts.xlsx
2026-05,2026-05-31,NIGERIA,SCI,Motor Vehicle Expenses,MV-Leasing Costs,detail,motor_vehicle_expenses,0.0,0.0,SCI Detailed,102,May 2026 Consolidated Accounts.xlsx
2026-05,2026-05-31,RWANDA,SCI,Motor Vehicle Expenses,MV-Leasing Costs,detail,motor_vehicle_expenses,0.0,0.0,SCI Detailed,102,May 2026 Consolidated Accounts.xlsx
2026-05,2026-05-31,ZHL,SCI,Motor Vehicle Expenses,MV-Leasing Costs,detail,motor_vehicle_expenses,0.0,0.0,SCI Detailed,102,May 2026 Consolidated Accounts.xlsx
2026-05,2026-05-31,ZATL,SCI,Motor Vehicle Expenses,MV-Leasing Costs,detail,motor_vehicle_expenses,0.0,0.0,SCI Detailed,102,May 2026 Consolidated Accounts.xlsx
2026-05,2026-05-31,DRC,SCI,Motor Vehicle Expenses,MV-Leasing Costs,detail,motor_vehicle_expenses,434423.31,434423.31,SCI Detailed,102,May 2026 Consolidated Accounts.xlsx
2026-05,2026-05-31,C&P,SCI,Motor Vehicle Expenses,MV-Leasing Costs,detail,motor_vehicle_expenses,0.0,0.0,SCI Detailed,102,May 2026 Consolidated Accounts.xlsx
2026-05,2026-05-31,ZAAC,SCI,Motor Vehicle Expenses,MV - Leasing Costs (non personnel),detail,motor_vehicle_expenses,0.0,0.0,SCI Detailed,103,May 2026 Consolidated Accounts.xlsx
2026-05,2026-05-31,ZAMRE,SCI,Motor Vehicle Expenses,MV - Leasing Costs (non personnel),detail,motor_vehicle_expenses,0.0,0.0,SCI Detailed,103,May 2026 Consolidated Accounts.xlsx
2026-05,2026-05-31,ZARIB,SCI,Motor Vehicle Expenses,MV - Leasing Costs (non personnel),detail,motor_vehicle_expenses,4033813.7,4033813.7,SCI Detailed,103,May 2026 Consolidated Accounts.xlsx
2026-05,2026-05-31,MALAWI,SCI,Motor Vehicle Expenses,MV - Leasing Costs (non personnel),detail,motor_vehicle_expenses,382765.14,382765.14,SCI Detailed,103,May 2026 Consolidated Accounts.xlsx
2026-05,2026-05-31,MENA,SCI,Motor Vehicle Expenses,MV - Leasing Costs (non personnel),detail,motor_vehicle_expenses,0.0,0.0,SCI Detailed,103,May 2026 Consolidated Accounts.xlsx
2026-05,2026-05-31,NIGERIA,SCI,Motor Vehicle Expenses,MV - Leasing Costs (non personnel),detail,motor_vehicle_expenses,0.0,0.0,SCI Detailed,103,May 2026 Consolidated Accounts.xlsx
2026-05,2026-05-31,RWANDA,SCI,Motor Vehicle Expenses,MV - Leasing Costs (non personnel),detail,motor_vehicle_expenses,9418.31,9418.31,SCI Detailed,103,May 2026 Consolidated Accounts.xlsx
2026-05,2026-05-31,ZHL,SCI,Motor Vehicle Expenses,MV - Leasing Costs (non personnel),detail,motor_vehicle_expenses,0.0,0.0,SCI Detailed,103,May 2026 Consolidated Accounts.xlsx
2026-05,2026-05-31,ZATL,SCI,Motor Vehicle Expenses,MV - Leasing Costs (non personnel),detail,motor_vehicle_expenses,56987.12,56987.12,SCI Detailed,103,May 2026 Consolidated Accounts.xlsx
2026-05,2026-05-31,DRC,SCI,Motor Vehicle Expenses,MV - Leasing Costs (non personnel),detail,motor_vehicle_expenses,152616.03,152616.03,SCI Detailed,103,May 2026 Consolidated Accounts.xlsx
2026-05,2026-05-31,C&P,SCI,Motor Vehicle Expenses,MV - Leasing Costs (non personnel),detail,motor_vehicle_expenses,0.0,0.0,SCI Detailed,103,May 2026 Consolidated Accounts.xlsx
2026-05,2026-05-31,ZAAC,SCI,Motor Vehicle Expenses,(group_subtotal),group_subtotal,,5871651.35,5871651.35,SCI Detailed,105,May 2026 Consolidated Accounts.xlsx
2026-05,2026-05-31,ZAMRE,SCI,Motor Vehicle Expenses,(group_subtotal),group_subtotal,,108853.54,108853.54,SCI Detailed,105,May 2026 Consolidated Accounts.xlsx
2026-05,2026-05-31,ZARIB,SCI,Motor Vehicle Expenses,(group_subtotal),group_subtotal,,4464613.7,4464613.7,SCI Detailed,105,May 2026 Consolidated Accounts.xlsx
2026-05,2026-05-31,MALAWI,SCI,Motor Vehicle Expenses,(group_subtotal),group_subtotal,,382765.14,382765.14,SCI Detailed,105,May 2026 Consolidated Accounts.xlsx
2026-05,2026-05-31,MENA,SCI,Motor Vehicle Expenses,(group_subtotal),group_subtotal,,0.0,0.0,SCI Detailed,105,May 2026 Consolidated Accounts.xlsx
2026-05,2026-05-31,NIGERIA,SCI,Motor Vehicle Expenses,(group_subtotal),group_subtotal,,437888.3,437888.3,SCI Detailed,105,May 2026 Consolidated Accounts.xlsx
2026-05,2026-05-31,RWANDA,SCI,Motor Vehicle Expenses,(group_subtotal),group_subtotal,,293920.69,293920.69,SCI Detailed,105,May 2026 Consolidated Accounts.xlsx
2026-05,2026-05-31,ZHL,SCI,Motor Vehicle Expenses,(group_subtotal),group_subtotal,,0.0,0.0,SCI Detailed,105,May 2026 Consolidated Accounts.xlsx
2026-05,2026-05-31,ZATL,SCI,Motor Vehicle Expenses,(group_subtotal),group_subtotal,,56987.12,56987.12,SCI Detailed,105,May 2026 Consolidated Accounts.xlsx
2026-05,2026-05-31,DRC,SCI,Motor Vehicle Expenses,(group_subtotal),group_subtotal,,1133376.67,1133376.67,SCI Detailed,105,May 2026 Consolidated Accounts.xlsx
2026-05,2026-05-31,C&P,SCI,Motor Vehicle Expenses,(group_subtotal),group_subtotal,,0.0,0.0,SCI Detailed,105,May 2026 Consolidated Accounts.xlsx
2026-05,2026-05-31,ZAAC,SCI,General Expenses,VALUE ADDS,detail,general_expenses,0.0,0.0,SCI Detailed,107,May 2026 Consolidated Accounts.xlsx
2026-05,2026-05-31,ZAMRE,SCI,General Expenses,VALUE ADDS,detail,general_expenses,0.0,0.0,SCI Detailed,107,May 2026 Consolidated Accounts.xlsx
2026-05,2026-05-31,ZARIB,SCI,General Expenses,VALUE ADDS,detail,general_expenses,2345681.65,2345681.65,SCI Detailed,107,May 2026 Consolidated Accounts.xlsx
2026-05,2026-05-31,MALAWI,SCI,General Expenses,VALUE ADDS,detail,general_expenses,0.0,0.0,SCI Detailed,107,May 2026 Consolidated Accounts.xlsx
2026-05,2026-05-31,MENA,SCI,General Expenses,VALUE ADDS,detail,general_expenses,0.0,0.0,SCI Detailed,107,May 2026 Consolidated Accounts.xlsx
2026-05,2026-05-31,NIGERIA,SCI,General Expenses,VALUE ADDS,detail,general_expenses,0.0,0.0,SCI Detailed,107,May 2026 Consolidated Accounts.xlsx
2026-05,2026-05-31,RWANDA,SCI,General Expenses,VALUE ADDS,detail,general_expenses,0.0,0.0,SCI Detailed,107,May 2026 Consolidated Accounts.xlsx
2026-05,2026-05-31,ZHL,SCI,General Expenses,VALUE ADDS,detail,general_expenses,0.0,0.0,SCI Detailed,107,May 2026 Consolidated Accounts.xlsx
2026-05,2026-05-31,ZATL,SCI,General Expenses,VALUE ADDS,detail,general_expenses,0.0,0.0,SCI Detailed,107,May 2026 Consolidated Accounts.xlsx
2026-05,2026-05-31,DRC,SCI,General Expenses,VALUE ADDS,detail,general_expenses,0.0,0.0,SCI Detailed,107,May 2026 Consolidated Accounts.xlsx
2026-05,2026-05-31,C&P,SCI,General Expenses,VALUE ADDS,detail,general_expenses,0.0,0.0,SCI Detailed,107,May 2026 Consolidated Accounts.xlsx
2026-05,2026-05-31,ZAAC,SCI,General Expenses,Equip-Maintenance,detail,general_expenses,60325.0,60325.0,SCI Detailed,108,May 2026 Consolidated Accounts.xlsx
2026-05,2026-05-31,ZAMRE,SCI,General Expenses,Equip-Maintenance,detail,general_expenses,0.0,0.0,SCI Detailed,108,May 2026 Consolidated Accounts.xlsx
2026-05,2026-05-31,ZARIB,SCI,General Expenses,Equip-Maintenance,detail,general_expenses,67731.32,67731.32,SCI Detailed,108,May 2026 Consolidated Accounts.xlsx
2026-05,2026-05-31,MALAWI,SCI,General Expenses,Equip-Maintenance,detail,general_expenses,21127.33,21127.33,SCI Detailed,108,May 2026 Consolidated Accounts.xlsx
2026-05,2026-05-31,MENA,SCI,General Expenses,Equip-Maintenance,detail,general_expenses,0.0,0.0,SCI Detailed,108,May 2026 Consolidated Accounts.xlsx
2026-05,2026-05-31,NIGERIA,SCI,General Expenses,Equip-Maintenance,detail,general_expenses,170683.56,170683.56,SCI Detailed,108,May 2026 Consolidated Accounts.xlsx
2026-05,2026-05-31,RWANDA,SCI,General Expenses,Equip-Maintenance,detail,general_expenses,306870.69,306870.69,SCI Detailed,108,May 2026 Consolidated Accounts.xlsx
2026-05,2026-05-31,ZHL,SCI,General Expenses,Equip-Maintenance,detail,general_expenses,0.0,0.0,SCI Detailed,108,May 2026 Consolidated Accounts.xlsx
2026-05,2026-05-31,ZATL,SCI,General Expenses,Equip-Maintenance,detail,general_expenses,0.0,0.0,SCI Detailed,108,May 2026 Consolidated Accounts.xlsx
2026-05,2026-05-31,DRC,SCI,General Expenses,Equip-Maintenance,detail,general_expenses,0.0,0.0,SCI Detailed,108,May 2026 Consolidated Accounts.xlsx
2026-05,2026-05-31,C&P,SCI,General Expenses,Equip-Maintenance,detail,general_expenses,51000.0,51000.0,SCI Detailed,108,May 2026 Consolidated Accounts.xlsx
2026-05,2026-05-31,ZAAC,SCI,General Expenses,Summary:Gen Exp Other,detail,general_expenses,2620579.48,2620579.48,SCI Detailed,109,May 2026 Consolidated Accounts.xlsx
2026-05,2026-05-31,ZAMRE,SCI,General Expenses,Summary:Gen Exp Other,detail,general_expenses,74623.41,74623.41,SCI Detailed,109,May 2026 Consolidated Accounts.xlsx
2026-05,2026-05-31,ZARIB,SCI,General Expenses,Summary:Gen Exp Other,detail,general_expenses,2368656.35,2368656.35,SCI Detailed,109,May 2026 Consolidated Accounts.xlsx
2026-05,2026-05-31,MALAWI,SCI,General Expenses,Summary:Gen Exp Other,detail,general_expenses,0.0,0.0,SCI Detailed,109,May 2026 Consolidated Accounts.xlsx
2026-05,2026-05-31,MENA,SCI,General Expenses,Summary:Gen Exp Other,detail,general_expenses,0.0,0.0,SCI Detailed,109,May 2026 Consolidated Accounts.xlsx
2026-05,2026-05-31,NIGERIA,SCI,General Expenses,Summary:Gen Exp Other,detail,general_expenses,371500.58,371500.58,SCI Detailed,109,May 2026 Consolidated Accounts.xlsx
2026-05,2026-05-31,RWANDA,SCI,General Expenses,Summary:Gen Exp Other,detail,general_expenses,689808.41,689808.41,SCI Detailed,109,May 2026 Consolidated Accounts.xlsx
2026-05,2026-05-31,ZHL,SCI,General Expenses,Summary:Gen Exp Other,detail,general_expenses,0.0,0.0,SCI Detailed,109,May 2026 Consolidated Accounts.xlsx
2026-05,2026-05-31,ZATL,SCI,General Expenses,Summary:Gen Exp Other,detail,general_expenses,780806.89,780806.89,SCI Detailed,109,May 2026 Consolidated Accounts.xlsx
2026-05,2026-05-31,DRC,SCI,General Expenses,Summary:Gen Exp Other,detail,general_expenses,1924649.04,1924649.04,SCI Detailed,109,May 2026 Consolidated Accounts.xlsx
2026-05,2026-05-31,C&P,SCI,General Expenses,Summary:Gen Exp Other,detail,general_expenses,2820768.35,2820768.35,SCI Detailed,109,May 2026 Consolidated Accounts.xlsx
2026-05,2026-05-31,ZAAC,SCI,General Expenses,Books & Periodicals,detail,general_expenses,373271.21,373271.21,SCI Detailed,111,May 2026 Consolidated Accounts.xlsx
2026-05,2026-05-31,ZAMRE,SCI,General Expenses,Books & Periodicals,detail,general_expenses,0.0,0.0,SCI Detailed,111,May 2026 Consolidated Accounts.xlsx
2026-05,2026-05-31,ZARIB,SCI,General Expenses,Books & Periodicals,detail,general_expenses,386812.0,386812.0,SCI Detailed,111,May 2026 Consolidated Accounts.xlsx
2026-05,2026-05-31,MALAWI,SCI,General Expenses,Books & Periodicals,detail,general_expenses,0.0,0.0,SCI Detailed,111,May 2026 Consolidated Accounts.xlsx
2026-05,2026-05-31,MENA,SCI,General Expenses,Books & Periodicals,detail,general_expenses,0.0,0.0,SCI Detailed,111,May 2026 Consolidated Accounts.xlsx
2026-05,2026-05-31,NIGERIA,SCI,General Expenses,Books & Periodicals,detail,general_expenses,0.0,0.0,SCI Detailed,111,May 2026 Consolidated Accounts.xlsx
2026-05,2026-05-31,RWANDA,SCI,General Expenses,Books & Periodicals,detail,general_expenses,0.0,0.0,SCI Detailed,111,May 2026 Consolidated Accounts.xlsx
2026-05,2026-05-31,ZHL,SCI,General Expenses,Books & Periodicals,detail,general_expenses,0.0,0.0,SCI Detailed,111,May 2026 Consolidated Accounts.xlsx
2026-05,2026-05-31,ZATL,SCI,General Expenses,Books & Periodicals,detail,general_expenses,0.0,0.0,SCI Detailed,111,May 2026 Consolidated Accounts.xlsx
2026-05,2026-05-31,DRC,SCI,General Expenses,Books & Periodicals,detail,general_expenses,0.0,0.0,SCI Detailed,111,May 2026 Consolidated Accounts.xlsx
2026-05,2026-05-31,C&P,SCI,General Expenses,Books & Periodicals,detail,general_expenses,0.0,0.0,SCI Detailed,111,May 2026 Consolidated Accounts.xlsx
2026-05,2026-05-31,ZAAC,SCI,General Expenses,Subscriptions General,detail,general_expenses,4987212.45,4987212.45,SCI Detailed,112,May 2026 Consolidated Accounts.xlsx
2026-05,2026-05-31,ZAMRE,SCI,General Expenses,Subscriptions General,detail,general_expenses,61346.5,61346.5,SCI Detailed,112,May 2026 Consolidated Accounts.xlsx
2026-05,2026-05-31,ZARIB,SCI,General Expenses,Subscriptions General,detail,general_expenses,3023938.42,3023938.42,SCI Detailed,112,May 2026 Consolidated Accounts.xlsx
2026-05,2026-05-31,MALAWI,SCI,General Expenses,Subscriptions General,detail,general_expenses,284800.62,284800.62,SCI Detailed,112,May 2026 Consolidated Accounts.xlsx
2026-05,2026-05-31,MENA,SCI,General Expenses,Subscriptions General,detail,general_expenses,491853.49,491853.49,SCI Detailed,112,May 2026 Consolidated Accounts.xlsx
2026-05,2026-05-31,NIGERIA,SCI,General Expenses,Subscriptions General,detail,general_expenses,0.0,0.0,SCI Detailed,112,May 2026 Consolidated Accounts.xlsx
2026-05,2026-05-31,RWANDA,SCI,General Expenses,Subscriptions General,detail,general_expenses,0.0,0.0,SCI Detailed,112,May 2026 Consolidated Accounts.xlsx
2026-05,2026-05-31,ZHL,SCI,General Expenses,Subscriptions General,detail,general_expenses,0.0,0.0,SCI Detailed,112,May 2026 Consolidated Accounts.xlsx
2026-05,2026-05-31,ZATL,SCI,General Expenses,Subscriptions General,detail,general_expenses,71440.37,71440.37,SCI Detailed,112,May 2026 Consolidated Accounts.xlsx
2026-05,2026-05-31,DRC,SCI,General Expenses,Subscriptions General,detail,general_expenses,785093.8,785093.8,SCI Detailed,112,May 2026 Consolidated Accounts.xlsx
2026-05,2026-05-31,C&P,SCI,General Expenses,Subscriptions General,detail,general_expenses,0.0,0.0,SCI Detailed,112,May 2026 Consolidated Accounts.xlsx
2026-05,2026-05-31,ZAAC,SCI,General Expenses,Donations-Charitable,detail,general_expenses,2345000.0,2345000.0,SCI Detailed,114,May 2026 Consolidated Accounts.xlsx
2026-05,2026-05-31,ZAMRE,SCI,General Expenses,Donations-Charitable,detail,general_expenses,0.0,0.0,SCI Detailed,114,May 2026 Consolidated Accounts.xlsx
2026-05,2026-05-31,ZARIB,SCI,General Expenses,Donations-Charitable,detail,general_expenses,500000.0,500000.0,SCI Detailed,114,May 2026 Consolidated Accounts.xlsx
2026-05,2026-05-31,MALAWI,SCI,General Expenses,Donations-Charitable,detail,general_expenses,0.0,0.0,SCI Detailed,114,May 2026 Consolidated Accounts.xlsx
2026-05,2026-05-31,MENA,SCI,General Expenses,Donations-Charitable,detail,general_expenses,0.0,0.0,SCI Detailed,114,May 2026 Consolidated Accounts.xlsx
2026-05,2026-05-31,NIGERIA,SCI,General Expenses,Donations-Charitable,detail,general_expenses,0.0,0.0,SCI Detailed,114,May 2026 Consolidated Accounts.xlsx
2026-05,2026-05-31,RWANDA,SCI,General Expenses,Donations-Charitable,detail,general_expenses,0.0,0.0,SCI Detailed,114,May 2026 Consolidated Accounts.xlsx
2026-05,2026-05-31,ZHL,SCI,General Expenses,Donations-Charitable,detail,general_expenses,0.0,0.0,SCI Detailed,114,May 2026 Consolidated Accounts.xlsx
2026-05,2026-05-31,ZATL,SCI,General Expenses,Donations-Charitable,detail,general_expenses,0.0,0.0,SCI Detailed,114,May 2026 Consolidated Accounts.xlsx
2026-05,2026-05-31,DRC,SCI,General Expenses,Donations-Charitable,detail,general_expenses,0.0,0.0,SCI Detailed,114,May 2026 Consolidated Accounts.xlsx
2026-05,2026-05-31,C&P,SCI,General Expenses,Donations-Charitable,detail,general_expenses,0.0,0.0,SCI Detailed,114,May 2026 Consolidated Accounts.xlsx
2026-05,2026-05-31,ZAAC,SCI,General Expenses,STAFF WELFARE,detail,general_expenses,264000.0,264000.0,SCI Detailed,115,May 2026 Consolidated Accounts.xlsx
2026-05,2026-05-31,ZAAC,SCI,General Expenses,Bank Charges,detail,general_expenses,39519.74,39519.74,SCI Detailed,116,May 2026 Consolidated Accounts.xlsx
2026-05,2026-05-31,ZAMRE,SCI,General Expenses,Bank Charges,detail,general_expenses,0.0,0.0,SCI Detailed,116,May 2026 Consolidated Accounts.xlsx
2026-05,2026-05-31,ZARIB,SCI,General Expenses,Bank Charges,detail,general_expenses,1220183.02,1220183.02,SCI Detailed,116,May 2026 Consolidated Accounts.xlsx
2026-05,2026-05-31,MALAWI,SCI,General Expenses,Bank Charges,detail,general_expenses,164653.67,164653.67,SCI Detailed,116,May 2026 Consolidated Accounts.xlsx
2026-05,2026-05-31,MENA,SCI,General Expenses,Bank Charges,detail,general_expenses,1121389.04,1121389.04,SCI Detailed,116,May 2026 Consolidated Accounts.xlsx
2026-05,2026-05-31,NIGERIA,SCI,General Expenses,Bank Charges,detail,general_expenses,48725.52,48725.52,SCI Detailed,116,May 2026 Consolidated Accounts.xlsx
2026-05,2026-05-31,RWANDA,SCI,General Expenses,Bank Charges,detail,general_expenses,44153.42,44153.42,SCI Detailed,116,May 2026 Consolidated Accounts.xlsx
2026-05,2026-05-31,ZHL,SCI,General Expenses,Bank Charges,detail,general_expenses,188635.1,188635.1,SCI Detailed,116,May 2026 Consolidated Accounts.xlsx
2026-05,2026-05-31,ZATL,SCI,General Expenses,Bank Charges,detail,general_expenses,62328.29,62328.29,SCI Detailed,116,May 2026 Consolidated Accounts.xlsx
2026-05,2026-05-31,DRC,SCI,General Expenses,Bank Charges,detail,general_expenses,906264.69,906264.69,SCI Detailed,116,May 2026 Consolidated Accounts.xlsx
2026-05,2026-05-31,C&P,SCI,General Expenses,Bank Charges,detail,general_expenses,13887.5,13887.5,SCI Detailed,116,May 2026 Consolidated Accounts.xlsx
2026-05,2026-05-31,ZAAC,SCI,General Expenses,(group_subtotal),group_subtotal,,10689907.88,10689907.88,SCI Detailed,117,May 2026 Consolidated Accounts.xlsx
2026-05,2026-05-31,ZAMRE,SCI,General Expenses,(group_subtotal),group_subtotal,,135969.91,135969.91,SCI Detailed,117,May 2026 Consolidated Accounts.xlsx
2026-05,2026-05-31,ZARIB,SCI,General Expenses,(group_subtotal),group_subtotal,,9913002.76,9913002.76,SCI Detailed,117,May 2026 Consolidated Accounts.xlsx
2026-05,2026-05-31,MALAWI,SCI,General Expenses,(group_subtotal),group_subtotal,,470581.61,470581.61,SCI Detailed,117,May 2026 Consolidated Accounts.xlsx
2026-05,2026-05-31,MENA,SCI,General Expenses,(group_subtotal),group_subtotal,,1613242.53,1613242.53,SCI Detailed,117,May 2026 Consolidated Accounts.xlsx
2026-05,2026-05-31,NIGERIA,SCI,General Expenses,(group_subtotal),group_subtotal,,590909.66,590909.66,SCI Detailed,117,May 2026 Consolidated Accounts.xlsx
2026-05,2026-05-31,RWANDA,SCI,General Expenses,(group_subtotal),group_subtotal,,1040832.53,1040832.53,SCI Detailed,117,May 2026 Consolidated Accounts.xlsx
2026-05,2026-05-31,ZHL,SCI,General Expenses,(group_subtotal),group_subtotal,,188635.1,188635.1,SCI Detailed,117,May 2026 Consolidated Accounts.xlsx
2026-05,2026-05-31,ZATL,SCI,General Expenses,(group_subtotal),group_subtotal,,914575.55,914575.55,SCI Detailed,117,May 2026 Consolidated Accounts.xlsx
2026-05,2026-05-31,DRC,SCI,General Expenses,(group_subtotal),group_subtotal,,3616007.53,3616007.53,SCI Detailed,117,May 2026 Consolidated Accounts.xlsx
2026-05,2026-05-31,C&P,SCI,General Expenses,(group_subtotal),group_subtotal,,2885655.85,2885655.85,SCI Detailed,117,May 2026 Consolidated Accounts.xlsx
2026-05,2026-05-31,ZAAC,SCI,Finance cost,Int paid others,detail,finance_costs,552049.65,552049.65,SCI Detailed,119,May 2026 Consolidated Accounts.xlsx
2026-05,2026-05-31,ZAMRE,SCI,Finance cost,Int paid others,detail,finance_costs,0.0,0.0,SCI Detailed,119,May 2026 Consolidated Accounts.xlsx
2026-05,2026-05-31,ZARIB,SCI,Finance cost,Int paid others,detail,finance_costs,0.0,0.0,SCI Detailed,119,May 2026 Consolidated Accounts.xlsx
2026-05,2026-05-31,MALAWI,SCI,Finance cost,Int paid others,detail,finance_costs,0.0,0.0,SCI Detailed,119,May 2026 Consolidated Accounts.xlsx
2026-05,2026-05-31,MENA,SCI,Finance cost,Int paid others,detail,finance_costs,0.0,0.0,SCI Detailed,119,May 2026 Consolidated Accounts.xlsx
2026-05,2026-05-31,NIGERIA,SCI,Finance cost,Int paid others,detail,finance_costs,0.0,0.0,SCI Detailed,119,May 2026 Consolidated Accounts.xlsx
2026-05,2026-05-31,RWANDA,SCI,Finance cost,Int paid others,detail,finance_costs,0.0,0.0,SCI Detailed,119,May 2026 Consolidated Accounts.xlsx
2026-05,2026-05-31,ZHL,SCI,Finance cost,Int paid others,detail,finance_costs,0.0,0.0,SCI Detailed,119,May 2026 Consolidated Accounts.xlsx
2026-05,2026-05-31,ZATL,SCI,Finance cost,Int paid others,detail,finance_costs,0.0,0.0,SCI Detailed,119,May 2026 Consolidated Accounts.xlsx
2026-05,2026-05-31,DRC,SCI,Finance cost,Int paid others,detail,finance_costs,0.0,0.0,SCI Detailed,119,May 2026 Consolidated Accounts.xlsx
2026-05,2026-05-31,C&P,SCI,Finance cost,Int paid others,detail,finance_costs,0.0,0.0,SCI Detailed,119,May 2026 Consolidated Accounts.xlsx
2026-05,2026-05-31,ZAAC,SCI,Finance cost,Fin Charges Paid,detail,finance_costs,230327.66,230327.66,SCI Detailed,120,May 2026 Consolidated Accounts.xlsx
2026-05,2026-05-31,ZAMRE,SCI,Finance cost,Fin Charges Paid,detail,finance_costs,6384.48,6384.48,SCI Detailed,120,May 2026 Consolidated Accounts.xlsx
2026-05,2026-05-31,ZARIB,SCI,Finance cost,Fin Charges Paid,detail,finance_costs,1906002.96,1906002.96,SCI Detailed,120,May 2026 Consolidated Accounts.xlsx
2026-05,2026-05-31,MALAWI,SCI,Finance cost,Fin Charges Paid,detail,finance_costs,0.0,0.0,SCI Detailed,120,May 2026 Consolidated Accounts.xlsx
2026-05,2026-05-31,MENA,SCI,Finance cost,Fin Charges Paid,detail,finance_costs,0.0,0.0,SCI Detailed,120,May 2026 Consolidated Accounts.xlsx
2026-05,2026-05-31,NIGERIA,SCI,Finance cost,Fin Charges Paid,detail,finance_costs,0.0,0.0,SCI Detailed,120,May 2026 Consolidated Accounts.xlsx
2026-05,2026-05-31,RWANDA,SCI,Finance cost,Fin Charges Paid,detail,finance_costs,0.0,0.0,SCI Detailed,120,May 2026 Consolidated Accounts.xlsx
2026-05,2026-05-31,ZHL,SCI,Finance cost,Fin Charges Paid,detail,finance_costs,0.0,0.0,SCI Detailed,120,May 2026 Consolidated Accounts.xlsx
2026-05,2026-05-31,ZATL,SCI,Finance cost,Fin Charges Paid,detail,finance_costs,0.0,0.0,SCI Detailed,120,May 2026 Consolidated Accounts.xlsx
2026-05,2026-05-31,DRC,SCI,Finance cost,Fin Charges Paid,detail,finance_costs,0.0,0.0,SCI Detailed,120,May 2026 Consolidated Accounts.xlsx
2026-05,2026-05-31,C&P,SCI,Finance cost,Fin Charges Paid,detail,finance_costs,0.0,0.0,SCI Detailed,120,May 2026 Consolidated Accounts.xlsx
2026-05,2026-05-31,ZAAC,SCI,Finance cost,(group_subtotal),group_subtotal,,782377.31,782377.31,SCI Detailed,121,May 2026 Consolidated Accounts.xlsx
2026-05,2026-05-31,ZAMRE,SCI,Finance cost,(group_subtotal),group_subtotal,,6384.48,6384.48,SCI Detailed,121,May 2026 Consolidated Accounts.xlsx
2026-05,2026-05-31,ZARIB,SCI,Finance cost,(group_subtotal),group_subtotal,,1906002.96,1906002.96,SCI Detailed,121,May 2026 Consolidated Accounts.xlsx
2026-05,2026-05-31,MALAWI,SCI,Finance cost,(group_subtotal),group_subtotal,,0.0,0.0,SCI Detailed,121,May 2026 Consolidated Accounts.xlsx
2026-05,2026-05-31,MENA,SCI,Finance cost,(group_subtotal),group_subtotal,,0.0,0.0,SCI Detailed,121,May 2026 Consolidated Accounts.xlsx
2026-05,2026-05-31,NIGERIA,SCI,Finance cost,(group_subtotal),group_subtotal,,0.0,0.0,SCI Detailed,121,May 2026 Consolidated Accounts.xlsx
2026-05,2026-05-31,RWANDA,SCI,Finance cost,(group_subtotal),group_subtotal,,0.0,0.0,SCI Detailed,121,May 2026 Consolidated Accounts.xlsx
2026-05,2026-05-31,ZHL,SCI,Finance cost,(group_subtotal),group_subtotal,,0.0,0.0,SCI Detailed,121,May 2026 Consolidated Accounts.xlsx
2026-05,2026-05-31,ZATL,SCI,Finance cost,(group_subtotal),group_subtotal,,0.0,0.0,SCI Detailed,121,May 2026 Consolidated Accounts.xlsx
2026-05,2026-05-31,DRC,SCI,Finance cost,(group_subtotal),group_subtotal,,0.0,0.0,SCI Detailed,121,May 2026 Consolidated Accounts.xlsx
2026-05,2026-05-31,C&P,SCI,Finance cost,(group_subtotal),group_subtotal,,0.0,0.0,SCI Detailed,121,May 2026 Consolidated Accounts.xlsx
2026-05,2026-05-31,ZAAC,SCI,Taxation,Taxation expense,detail,taxation,43537933.96,43537933.96,SCI Detailed,123,May 2026 Consolidated Accounts.xlsx
2026-05,2026-05-31,ZAMRE,SCI,Taxation,Taxation expense,detail,taxation,6238384.42,6238384.42,SCI Detailed,123,May 2026 Consolidated Accounts.xlsx
2026-05,2026-05-31,ZARIB,SCI,Taxation,Taxation expense,detail,taxation,173605857.83,173605857.83,SCI Detailed,123,May 2026 Consolidated Accounts.xlsx
2026-05,2026-05-31,MALAWI,SCI,Taxation,Taxation expense,detail,taxation,16453747.77,16453747.77,SCI Detailed,123,May 2026 Consolidated Accounts.xlsx
2026-05,2026-05-31,MENA,SCI,Taxation,Taxation expense,detail,taxation,0.0,0.0,SCI Detailed,123,May 2026 Consolidated Accounts.xlsx
2026-05,2026-05-31,NIGERIA,SCI,Taxation,Taxation expense,detail,taxation,1961617.69,1961617.69,SCI Detailed,123,May 2026 Consolidated Accounts.xlsx
2026-05,2026-05-31,RWANDA,SCI,Taxation,Taxation expense,detail,taxation,808674.57,808674.57,SCI Detailed,123,May 2026 Consolidated Accounts.xlsx
2026-05,2026-05-31,ZHL,SCI,Taxation,Taxation expense,detail,taxation,0.0,0.0,SCI Detailed,123,May 2026 Consolidated Accounts.xlsx
2026-05,2026-05-31,ZATL,SCI,Taxation,Taxation expense,detail,taxation,603807.49,603807.49,SCI Detailed,123,May 2026 Consolidated Accounts.xlsx
2026-05,2026-05-31,DRC,SCI,Taxation,Taxation expense,detail,taxation,0.0,0.0,SCI Detailed,123,May 2026 Consolidated Accounts.xlsx
2026-05,2026-05-31,C&P,SCI,Taxation,Taxation expense,detail,taxation,4780412.59,4780412.59,SCI Detailed,123,May 2026 Consolidated Accounts.xlsx
2026-05,2026-05-31,ZAAC,SCI,Taxation,(group_subtotal),group_subtotal,,43537933.96,43537933.96,SCI Detailed,124,May 2026 Consolidated Accounts.xlsx
2026-05,2026-05-31,ZAMRE,SCI,Taxation,(group_subtotal),group_subtotal,,6238384.42,6238384.42,SCI Detailed,124,May 2026 Consolidated Accounts.xlsx
2026-05,2026-05-31,ZARIB,SCI,Taxation,(group_subtotal),group_subtotal,,173605857.83,173605857.83,SCI Detailed,124,May 2026 Consolidated Accounts.xlsx
2026-05,2026-05-31,MALAWI,SCI,Taxation,(group_subtotal),group_subtotal,,16453747.77,16453747.77,SCI Detailed,124,May 2026 Consolidated Accounts.xlsx
2026-05,2026-05-31,MENA,SCI,Taxation,(group_subtotal),group_subtotal,,0.0,0.0,SCI Detailed,124,May 2026 Consolidated Accounts.xlsx
2026-05,2026-05-31,NIGERIA,SCI,Taxation,(group_subtotal),group_subtotal,,1961617.69,1961617.69,SCI Detailed,124,May 2026 Consolidated Accounts.xlsx
2026-05,2026-05-31,RWANDA,SCI,Taxation,(group_subtotal),group_subtotal,,808674.57,808674.57,SCI Detailed,124,May 2026 Consolidated Accounts.xlsx
2026-05,2026-05-31,ZHL,SCI,Taxation,(group_subtotal),group_subtotal,,0.0,0.0,SCI Detailed,124,May 2026 Consolidated Accounts.xlsx
2026-05,2026-05-31,ZATL,SCI,Taxation,(group_subtotal),group_subtotal,,603807.49,603807.49,SCI Detailed,124,May 2026 Consolidated Accounts.xlsx
2026-05,2026-05-31,DRC,SCI,Taxation,(group_subtotal),group_subtotal,,0.0,0.0,SCI Detailed,124,May 2026 Consolidated Accounts.xlsx
2026-05,2026-05-31,C&P,SCI,Taxation,(group_subtotal),group_subtotal,,4780412.59,4780412.59,SCI Detailed,124,May 2026 Consolidated Accounts.xlsx
2026-05,2026-05-31,ZAAC,SCI,Taxation,Management Expense,detail,management_expense,0.0,0.0,SCI Detailed,126,May 2026 Consolidated Accounts.xlsx
2026-05,2026-05-31,ZAMRE,SCI,Taxation,Management Expense,detail,management_expense,0.0,0.0,SCI Detailed,126,May 2026 Consolidated Accounts.xlsx
2026-05,2026-05-31,ZARIB,SCI,Taxation,Management Expense,detail,management_expense,0.0,0.0,SCI Detailed,126,May 2026 Consolidated Accounts.xlsx
2026-05,2026-05-31,MALAWI,SCI,Taxation,Management Expense,detail,management_expense,7095347.68,7095347.68,SCI Detailed,126,May 2026 Consolidated Accounts.xlsx
2026-05,2026-05-31,MENA,SCI,Taxation,Management Expense,detail,management_expense,0.0,0.0,SCI Detailed,126,May 2026 Consolidated Accounts.xlsx
2026-05,2026-05-31,NIGERIA,SCI,Taxation,Management Expense,detail,management_expense,2136494.14,2136494.14,SCI Detailed,126,May 2026 Consolidated Accounts.xlsx
2026-05,2026-05-31,RWANDA,SCI,Taxation,Management Expense,detail,management_expense,0.0,0.0,SCI Detailed,126,May 2026 Consolidated Accounts.xlsx
2026-05,2026-05-31,ZHL,SCI,Taxation,Management Expense,detail,management_expense,0.0,0.0,SCI Detailed,126,May 2026 Consolidated Accounts.xlsx
2026-05,2026-05-31,ZATL,SCI,Taxation,Management Expense,detail,management_expense,553730.49,553730.49,SCI Detailed,126,May 2026 Consolidated Accounts.xlsx
2026-05,2026-05-31,DRC,SCI,Taxation,Management Expense,detail,management_expense,792317.44,792317.44,SCI Detailed,126,May 2026 Consolidated Accounts.xlsx
2026-05,2026-05-31,C&P,SCI,Taxation,Management Expense,detail,management_expense,0.0,0.0,SCI Detailed,126,May 2026 Consolidated Accounts.xlsx
2026-05,2026-05-31,ZAAC,SCI,Taxation,(group_subtotal),group_subtotal,,0.0,0.0,SCI Detailed,127,May 2026 Consolidated Accounts.xlsx
2026-05,2026-05-31,ZAMRE,SCI,Taxation,(group_subtotal),group_subtotal,,0.0,0.0,SCI Detailed,127,May 2026 Consolidated Accounts.xlsx
2026-05,2026-05-31,ZARIB,SCI,Taxation,(group_subtotal),group_subtotal,,0.0,0.0,SCI Detailed,127,May 2026 Consolidated Accounts.xlsx
2026-05,2026-05-31,MALAWI,SCI,Taxation,(group_subtotal),group_subtotal,,7095347.68,7095347.68,SCI Detailed,127,May 2026 Consolidated Accounts.xlsx
2026-05,2026-05-31,MENA,SCI,Taxation,(group_subtotal),group_subtotal,,0.0,0.0,SCI Detailed,127,May 2026 Consolidated Accounts.xlsx
2026-05,2026-05-31,NIGERIA,SCI,Taxation,(group_subtotal),group_subtotal,,2136494.14,2136494.14,SCI Detailed,127,May 2026 Consolidated Accounts.xlsx
2026-05,2026-05-31,RWANDA,SCI,Taxation,(group_subtotal),group_subtotal,,0.0,0.0,SCI Detailed,127,May 2026 Consolidated Accounts.xlsx
2026-05,2026-05-31,ZHL,SCI,Taxation,(group_subtotal),group_subtotal,,0.0,0.0,SCI Detailed,127,May 2026 Consolidated Accounts.xlsx
2026-05,2026-05-31,ZATL,SCI,Taxation,(group_subtotal),group_subtotal,,553730.49,553730.49,SCI Detailed,127,May 2026 Consolidated Accounts.xlsx
2026-05,2026-05-31,DRC,SCI,Taxation,(group_subtotal),group_subtotal,,792317.44,792317.44,SCI Detailed,127,May 2026 Consolidated Accounts.xlsx
2026-05,2026-05-31,C&P,SCI,Taxation,(group_subtotal),group_subtotal,,0.0,0.0,SCI Detailed,127,May 2026 Consolidated Accounts.xlsx
2026-05,2026-05-31,ZAAC,SCI,Taxation,Total Expenses,total,,454199922.1,454199922.1,SCI Detailed,130,May 2026 Consolidated Accounts.xlsx
2026-05,2026-05-31,ZAMRE,SCI,Taxation,Total Expenses,total,,15869170.1,15869170.1,SCI Detailed,130,May 2026 Consolidated Accounts.xlsx
2026-05,2026-05-31,ZARIB,SCI,Taxation,Total Expenses,total,,328903496.62,328903496.62,SCI Detailed,130,May 2026 Consolidated Accounts.xlsx
2026-05,2026-05-31,MALAWI,SCI,Taxation,Total Expenses,total,,45157175.4,45157175.4,SCI Detailed,130,May 2026 Consolidated Accounts.xlsx
2026-05,2026-05-31,MENA,SCI,Taxation,Total Expenses,total,,50833089.92,50833089.92,SCI Detailed,130,May 2026 Consolidated Accounts.xlsx
2026-05,2026-05-31,NIGERIA,SCI,Taxation,Total Expenses,total,,19125117.54,19125117.54,SCI Detailed,130,May 2026 Consolidated Accounts.xlsx
2026-05,2026-05-31,RWANDA,SCI,Taxation,Total Expenses,total,,23326050.87,23326050.87,SCI Detailed,130,May 2026 Consolidated Accounts.xlsx
2026-05,2026-05-31,ZHL,SCI,Taxation,Total Expenses,total,,20750747.19,20750747.19,SCI Detailed,130,May 2026 Consolidated Accounts.xlsx
2026-05,2026-05-31,ZATL,SCI,Taxation,Total Expenses,total,,5385364.69,5385364.69,SCI Detailed,130,May 2026 Consolidated Accounts.xlsx
2026-05,2026-05-31,DRC,SCI,Taxation,Total Expenses,total,,35479913.74,35479913.74,SCI Detailed,130,May 2026 Consolidated Accounts.xlsx
2026-05,2026-05-31,C&P,SCI,Taxation,Total Expenses,total,,5377947.9,5377947.9,SCI Detailed,130,May 2026 Consolidated Accounts.xlsx
2026-05,2026-05-31,ZAAC,SCI,Taxation,Profit Before Tax,total,,-145126446.54,-145126446.54,SCI Detailed,132,May 2026 Consolidated Accounts.xlsx
2026-05,2026-05-31,ZAMRE,SCI,Taxation,Profit Before Tax,total,,-20794614.72,-20794614.72,SCI Detailed,132,May 2026 Consolidated Accounts.xlsx
2026-05,2026-05-31,ZARIB,SCI,Taxation,Profit Before Tax,total,,-578686193.13,-578686193.13,SCI Detailed,132,May 2026 Consolidated Accounts.xlsx
2026-05,2026-05-31,MALAWI,SCI,Taxation,Profit Before Tax,total,,-51564527.94,-51564527.94,SCI Detailed,132,May 2026 Consolidated Accounts.xlsx
2026-05,2026-05-31,MENA,SCI,Taxation,Profit Before Tax,total,,18137033.24,18137033.24,SCI Detailed,132,May 2026 Consolidated Accounts.xlsx
2026-05,2026-05-31,NIGERIA,SCI,Taxation,Profit Before Tax,total,,-17352538.76,-17352538.76,SCI Detailed,132,May 2026 Consolidated Accounts.xlsx
2026-05,2026-05-31,RWANDA,SCI,Taxation,Profit Before Tax,total,,-2695581.88,-2695581.88,SCI Detailed,132,May 2026 Consolidated Accounts.xlsx
2026-05,2026-05-31,ZHL,SCI,Taxation,Profit Before Tax,total,,20613916.46,20613916.46,SCI Detailed,132,May 2026 Consolidated Accounts.xlsx
2026-05,2026-05-31,ZATL,SCI,Taxation,Profit Before Tax,total,,-2012691.63,-2012691.63,SCI Detailed,132,May 2026 Consolidated Accounts.xlsx
2026-05,2026-05-31,DRC,SCI,Taxation,Profit Before Tax,total,,10422324.55,10422324.55,SCI Detailed,132,May 2026 Consolidated Accounts.xlsx
2026-05,2026-05-31,C&P,SCI,Taxation,Profit Before Tax,total,,-15934708.62,-15934708.62,SCI Detailed,132,May 2026 Consolidated Accounts.xlsx
2026-05,2026-05-31,ZAAC,SCI,Taxation,Profit After Tax,total,,-101588512.58,-101588512.58,SCI Detailed,134,May 2026 Consolidated Accounts.xlsx
2026-05,2026-05-31,ZAMRE,SCI,Taxation,Profit After Tax,total,,-14556230.3,-14556230.3,SCI Detailed,134,May 2026 Consolidated Accounts.xlsx
2026-05,2026-05-31,ZARIB,SCI,Taxation,Profit After Tax,total,,-405080335.31,-405080335.31,SCI Detailed,134,May 2026 Consolidated Accounts.xlsx
2026-05,2026-05-31,MALAWI,SCI,Taxation,Profit After Tax,total,,-35110780.17,-35110780.17,SCI Detailed,134,May 2026 Consolidated Accounts.xlsx
2026-05,2026-05-31,MENA,SCI,Taxation,Profit After Tax,total,,18137033.24,18137033.24,SCI Detailed,134,May 2026 Consolidated Accounts.xlsx
2026-05,2026-05-31,NIGERIA,SCI,Taxation,Profit After Tax,total,,-15390921.07,-15390921.07,SCI Detailed,134,May 2026 Consolidated Accounts.xlsx
2026-05,2026-05-31,RWANDA,SCI,Taxation,Profit After Tax,total,,-1886907.32,-1886907.32,SCI Detailed,134,May 2026 Consolidated Accounts.xlsx
2026-05,2026-05-31,ZHL,SCI,Taxation,Profit After Tax,total,,20613916.46,20613916.46,SCI Detailed,134,May 2026 Consolidated Accounts.xlsx
2026-05,2026-05-31,ZATL,SCI,Taxation,Profit After Tax,total,,-1408884.14,-1408884.14,SCI Detailed,134,May 2026 Consolidated Accounts.xlsx
2026-05,2026-05-31,DRC,SCI,Taxation,Profit After Tax,total,,10422324.55,10422324.55,SCI Detailed,134,May 2026 Consolidated Accounts.xlsx
2026-05,2026-05-31,C&P,SCI,Taxation,Profit After Tax,total,,-11154296.03,-11154296.03,SCI Detailed,134,May 2026 Consolidated Accounts.xlsx
2026-05,2026-05-31,ZAAC,SFP,Non-Current Assets,"Property, Plant and Equipment",detail,ppe,94235544.84,94235544.84,SFP Detailed,8,May 2026 Consolidated Accounts.xlsx
2026-05,2026-05-31,ZAMRE,SFP,Non-Current Assets,"Property, Plant and Equipment",detail,ppe,0.0,0.0,SFP Detailed,8,May 2026 Consolidated Accounts.xlsx
2026-05,2026-05-31,ZARIB,SFP,Non-Current Assets,"Property, Plant and Equipment",detail,ppe,63697181.4,63697181.4,SFP Detailed,8,May 2026 Consolidated Accounts.xlsx
2026-05,2026-05-31,MALAWI,SFP,Non-Current Assets,"Property, Plant and Equipment",detail,ppe,11871203.33,11871203.33,SFP Detailed,8,May 2026 Consolidated Accounts.xlsx
2026-05,2026-05-31,MENA,SFP,Non-Current Assets,"Property, Plant and Equipment",detail,ppe,10248743.96,10248743.96,SFP Detailed,8,May 2026 Consolidated Accounts.xlsx
2026-05,2026-05-31,NIGERIA,SFP,Non-Current Assets,"Property, Plant and Equipment",detail,ppe,3610037.41,3610037.41,SFP Detailed,8,May 2026 Consolidated Accounts.xlsx
2026-05,2026-05-31,RWANDA,SFP,Non-Current Assets,"Property, Plant and Equipment",detail,ppe,8492012.89,8492012.89,SFP Detailed,8,May 2026 Consolidated Accounts.xlsx
2026-05,2026-05-31,ZHL,SFP,Non-Current Assets,"Property, Plant and Equipment",detail,ppe,0.0,0.0,SFP Detailed,8,May 2026 Consolidated Accounts.xlsx
2026-05,2026-05-31,ZATL,SFP,Non-Current Assets,"Property, Plant and Equipment",detail,ppe,368887.18,368887.18,SFP Detailed,8,May 2026 Consolidated Accounts.xlsx
2026-05,2026-05-31,DRC,SFP,Non-Current Assets,"Property, Plant and Equipment",detail,ppe,11889696.1,11889696.1,SFP Detailed,8,May 2026 Consolidated Accounts.xlsx
2026-05,2026-05-31,C&P,SFP,Non-Current Assets,"Property, Plant and Equipment",detail,ppe,0.0,0.0,SFP Detailed,8,May 2026 Consolidated Accounts.xlsx
2026-05,2026-05-31,ZAAC,SFP,Non-Current Assets,Intangible assets - computer software,detail,computer_software,20175454.98,20175454.98,SFP Detailed,9,May 2026 Consolidated Accounts.xlsx
2026-05,2026-05-31,ZAMRE,SFP,Non-Current Assets,Intangible assets - computer software,detail,computer_software,4674000.0,4674000.0,SFP Detailed,9,May 2026 Consolidated Accounts.xlsx
2026-05,2026-05-31,ZARIB,SFP,Non-Current Assets,Intangible assets - computer software,detail,computer_software,22142604.9,22142604.9,SFP Detailed,9,May 2026 Consolidated Accounts.xlsx
2026-05,2026-05-31,MALAWI,SFP,Non-Current Assets,Intangible assets - computer software,detail,computer_software,10180633.72,10180633.72,SFP Detailed,9,May 2026 Consolidated Accounts.xlsx
2026-05,2026-05-31,MENA,SFP,Non-Current Assets,Intangible assets - computer software,detail,computer_software,0.0,0.0,SFP Detailed,9,May 2026 Consolidated Accounts.xlsx
2026-05,2026-05-31,NIGERIA,SFP,Non-Current Assets,Intangible assets - computer software,detail,computer_software,0.0,0.0,SFP Detailed,9,May 2026 Consolidated Accounts.xlsx
2026-05,2026-05-31,RWANDA,SFP,Non-Current Assets,Intangible assets - computer software,detail,computer_software,3445664.73,3445664.73,SFP Detailed,9,May 2026 Consolidated Accounts.xlsx
2026-05,2026-05-31,ZHL,SFP,Non-Current Assets,Intangible assets - computer software,detail,computer_software,0.0,0.0,SFP Detailed,9,May 2026 Consolidated Accounts.xlsx
2026-05,2026-05-31,ZATL,SFP,Non-Current Assets,Intangible assets - computer software,detail,computer_software,0.0,0.0,SFP Detailed,9,May 2026 Consolidated Accounts.xlsx
2026-05,2026-05-31,DRC,SFP,Non-Current Assets,Intangible assets - computer software,detail,computer_software,0.0,0.0,SFP Detailed,9,May 2026 Consolidated Accounts.xlsx
2026-05,2026-05-31,C&P,SFP,Non-Current Assets,Intangible assets - computer software,detail,computer_software,0.0,0.0,SFP Detailed,9,May 2026 Consolidated Accounts.xlsx
2026-05,2026-05-31,ZAAC,SFP,Non-Current Assets,Intangible assets - goodwill,detail,goodwill,3576498.09,3576498.09,SFP Detailed,10,May 2026 Consolidated Accounts.xlsx
2026-05,2026-05-31,ZAMRE,SFP,Non-Current Assets,Intangible assets - goodwill,detail,goodwill,0.0,0.0,SFP Detailed,10,May 2026 Consolidated Accounts.xlsx
2026-05,2026-05-31,ZARIB,SFP,Non-Current Assets,Intangible assets - goodwill,detail,goodwill,0.0,0.0,SFP Detailed,10,May 2026 Consolidated Accounts.xlsx
2026-05,2026-05-31,MALAWI,SFP,Non-Current Assets,Intangible assets - goodwill,detail,goodwill,0.0,0.0,SFP Detailed,10,May 2026 Consolidated Accounts.xlsx
2026-05,2026-05-31,MENA,SFP,Non-Current Assets,Intangible assets - goodwill,detail,goodwill,0.0,0.0,SFP Detailed,10,May 2026 Consolidated Accounts.xlsx
2026-05,2026-05-31,NIGERIA,SFP,Non-Current Assets,Intangible assets - goodwill,detail,goodwill,0.0,0.0,SFP Detailed,10,May 2026 Consolidated Accounts.xlsx
2026-05,2026-05-31,RWANDA,SFP,Non-Current Assets,Intangible assets - goodwill,detail,goodwill,0.0,0.0,SFP Detailed,10,May 2026 Consolidated Accounts.xlsx
2026-05,2026-05-31,ZHL,SFP,Non-Current Assets,Intangible assets - goodwill,detail,goodwill,0.0,0.0,SFP Detailed,10,May 2026 Consolidated Accounts.xlsx
2026-05,2026-05-31,ZATL,SFP,Non-Current Assets,Intangible assets - goodwill,detail,goodwill,0.0,0.0,SFP Detailed,10,May 2026 Consolidated Accounts.xlsx
2026-05,2026-05-31,DRC,SFP,Non-Current Assets,Intangible assets - goodwill,detail,goodwill,0.0,0.0,SFP Detailed,10,May 2026 Consolidated Accounts.xlsx
2026-05,2026-05-31,C&P,SFP,Non-Current Assets,Intangible assets - goodwill,detail,goodwill,0.0,0.0,SFP Detailed,10,May 2026 Consolidated Accounts.xlsx
2026-05,2026-05-31,ZAAC,SFP,Non-Current Assets,Investment in associate,detail,investment_in_associate,0.0,0.0,SFP Detailed,11,May 2026 Consolidated Accounts.xlsx
2026-05,2026-05-31,ZAMRE,SFP,Non-Current Assets,Investment in associate,detail,investment_in_associate,0.0,0.0,SFP Detailed,11,May 2026 Consolidated Accounts.xlsx
2026-05,2026-05-31,ZARIB,SFP,Non-Current Assets,Investment in associate,detail,investment_in_associate,0.0,0.0,SFP Detailed,11,May 2026 Consolidated Accounts.xlsx
2026-05,2026-05-31,MALAWI,SFP,Non-Current Assets,Investment in associate,detail,investment_in_associate,0.0,0.0,SFP Detailed,11,May 2026 Consolidated Accounts.xlsx
2026-05,2026-05-31,MENA,SFP,Non-Current Assets,Investment in associate,detail,investment_in_associate,0.0,0.0,SFP Detailed,11,May 2026 Consolidated Accounts.xlsx
2026-05,2026-05-31,NIGERIA,SFP,Non-Current Assets,Investment in associate,detail,investment_in_associate,0.0,0.0,SFP Detailed,11,May 2026 Consolidated Accounts.xlsx
2026-05,2026-05-31,RWANDA,SFP,Non-Current Assets,Investment in associate,detail,investment_in_associate,0.0,0.0,SFP Detailed,11,May 2026 Consolidated Accounts.xlsx
2026-05,2026-05-31,ZHL,SFP,Non-Current Assets,Investment in associate,detail,investment_in_associate,15969831.66,15969831.66,SFP Detailed,11,May 2026 Consolidated Accounts.xlsx
2026-05,2026-05-31,ZATL,SFP,Non-Current Assets,Investment in associate,detail,investment_in_associate,0.0,0.0,SFP Detailed,11,May 2026 Consolidated Accounts.xlsx
2026-05,2026-05-31,DRC,SFP,Non-Current Assets,Investment in associate,detail,investment_in_associate,0.0,0.0,SFP Detailed,11,May 2026 Consolidated Accounts.xlsx
2026-05,2026-05-31,C&P,SFP,Non-Current Assets,Investment in associate,detail,investment_in_associate,0.0,0.0,SFP Detailed,11,May 2026 Consolidated Accounts.xlsx
2026-05,2026-05-31,ZAAC,SFP,Non-Current Assets,Investment in unquoted equity securities,detail,investment_unquoted_equity,0.0,0.0,SFP Detailed,12,May 2026 Consolidated Accounts.xlsx
2026-05,2026-05-31,ZAMRE,SFP,Non-Current Assets,Investment in unquoted equity securities,detail,investment_unquoted_equity,0.0,0.0,SFP Detailed,12,May 2026 Consolidated Accounts.xlsx
2026-05,2026-05-31,ZARIB,SFP,Non-Current Assets,Investment in unquoted equity securities,detail,investment_unquoted_equity,0.0,0.0,SFP Detailed,12,May 2026 Consolidated Accounts.xlsx
2026-05,2026-05-31,MALAWI,SFP,Non-Current Assets,Investment in unquoted equity securities,detail,investment_unquoted_equity,0.0,0.0,SFP Detailed,12,May 2026 Consolidated Accounts.xlsx
2026-05,2026-05-31,MENA,SFP,Non-Current Assets,Investment in unquoted equity securities,detail,investment_unquoted_equity,0.0,0.0,SFP Detailed,12,May 2026 Consolidated Accounts.xlsx
2026-05,2026-05-31,NIGERIA,SFP,Non-Current Assets,Investment in unquoted equity securities,detail,investment_unquoted_equity,943698.92,943698.92,SFP Detailed,12,May 2026 Consolidated Accounts.xlsx
2026-05,2026-05-31,RWANDA,SFP,Non-Current Assets,Investment in unquoted equity securities,detail,investment_unquoted_equity,0.0,0.0,SFP Detailed,12,May 2026 Consolidated Accounts.xlsx
2026-05,2026-05-31,ZHL,SFP,Non-Current Assets,Investment in unquoted equity securities,detail,investment_unquoted_equity,0.0,0.0,SFP Detailed,12,May 2026 Consolidated Accounts.xlsx
2026-05,2026-05-31,ZATL,SFP,Non-Current Assets,Investment in unquoted equity securities,detail,investment_unquoted_equity,0.0,0.0,SFP Detailed,12,May 2026 Consolidated Accounts.xlsx
2026-05,2026-05-31,DRC,SFP,Non-Current Assets,Investment in unquoted equity securities,detail,investment_unquoted_equity,0.0,0.0,SFP Detailed,12,May 2026 Consolidated Accounts.xlsx
2026-05,2026-05-31,C&P,SFP,Non-Current Assets,Investment in unquoted equity securities,detail,investment_unquoted_equity,0.0,0.0,SFP Detailed,12,May 2026 Consolidated Accounts.xlsx
2026-05,2026-05-31,ZAAC,SFP,Non-Current Assets,Deposit for investment in subsidiary,detail,deposit_for_investment_in_subsidiary,36808446.31,36808446.31,SFP Detailed,13,May 2026 Consolidated Accounts.xlsx
2026-05,2026-05-31,ZAMRE,SFP,Non-Current Assets,Deposit for investment in subsidiary,detail,deposit_for_investment_in_subsidiary,0.0,0.0,SFP Detailed,13,May 2026 Consolidated Accounts.xlsx
2026-05,2026-05-31,ZARIB,SFP,Non-Current Assets,Deposit for investment in subsidiary,detail,deposit_for_investment_in_subsidiary,1060688.0,1060688.0,SFP Detailed,13,May 2026 Consolidated Accounts.xlsx
2026-05,2026-05-31,MALAWI,SFP,Non-Current Assets,Deposit for investment in subsidiary,detail,deposit_for_investment_in_subsidiary,0.0,0.0,SFP Detailed,13,May 2026 Consolidated Accounts.xlsx
2026-05,2026-05-31,MENA,SFP,Non-Current Assets,Deposit for investment in subsidiary,detail,deposit_for_investment_in_subsidiary,0.0,0.0,SFP Detailed,13,May 2026 Consolidated Accounts.xlsx
2026-05,2026-05-31,NIGERIA,SFP,Non-Current Assets,Deposit for investment in subsidiary,detail,deposit_for_investment_in_subsidiary,0.0,0.0,SFP Detailed,13,May 2026 Consolidated Accounts.xlsx
2026-05,2026-05-31,RWANDA,SFP,Non-Current Assets,Deposit for investment in subsidiary,detail,deposit_for_investment_in_subsidiary,0.0,0.0,SFP Detailed,13,May 2026 Consolidated Accounts.xlsx
2026-05,2026-05-31,ZHL,SFP,Non-Current Assets,Deposit for investment in subsidiary,detail,deposit_for_investment_in_subsidiary,1278387321.58,1278387321.58,SFP Detailed,13,May 2026 Consolidated Accounts.xlsx
2026-05,2026-05-31,ZATL,SFP,Non-Current Assets,Deposit for investment in subsidiary,detail,deposit_for_investment_in_subsidiary,0.0,0.0,SFP Detailed,13,May 2026 Consolidated Accounts.xlsx
2026-05,2026-05-31,DRC,SFP,Non-Current Assets,Deposit for investment in subsidiary,detail,deposit_for_investment_in_subsidiary,0.0,0.0,SFP Detailed,13,May 2026 Consolidated Accounts.xlsx
2026-05,2026-05-31,C&P,SFP,Non-Current Assets,Deposit for investment in subsidiary,detail,deposit_for_investment_in_subsidiary,0.0,0.0,SFP Detailed,13,May 2026 Consolidated Accounts.xlsx
2026-05,2026-05-31,ZAAC,SFP,Non-Current Assets,Deferred tax,detail,deferred_tax,13683636.24,13683636.24,SFP Detailed,14,May 2026 Consolidated Accounts.xlsx
2026-05,2026-05-31,ZAMRE,SFP,Non-Current Assets,Deferred tax,detail,deferred_tax,0.0,0.0,SFP Detailed,14,May 2026 Consolidated Accounts.xlsx
2026-05,2026-05-31,ZARIB,SFP,Non-Current Assets,Deferred tax,detail,deferred_tax,33970530.5,33970530.5,SFP Detailed,14,May 2026 Consolidated Accounts.xlsx
2026-05,2026-05-31,MALAWI,SFP,Non-Current Assets,Deferred tax,detail,deferred_tax,10851171.17,10851171.17,SFP Detailed,14,May 2026 Consolidated Accounts.xlsx
2026-05,2026-05-31,MENA,SFP,Non-Current Assets,Deferred tax,detail,deferred_tax,0.0,0.0,SFP Detailed,14,May 2026 Consolidated Accounts.xlsx
2026-05,2026-05-31,NIGERIA,SFP,Non-Current Assets,Deferred tax,detail,deferred_tax,59255.7,59255.7,SFP Detailed,14,May 2026 Consolidated Accounts.xlsx
2026-05,2026-05-31,RWANDA,SFP,Non-Current Assets,Deferred tax,detail,deferred_tax,-666293.0,-666293.0,SFP Detailed,14,May 2026 Consolidated Accounts.xlsx
2026-05,2026-05-31,ZHL,SFP,Non-Current Assets,Deferred tax,detail,deferred_tax,0.0,0.0,SFP Detailed,14,May 2026 Consolidated Accounts.xlsx
2026-05,2026-05-31,ZATL,SFP,Non-Current Assets,Deferred tax,detail,deferred_tax,1392303.19,1392303.19,SFP Detailed,14,May 2026 Consolidated Accounts.xlsx
2026-05,2026-05-31,DRC,SFP,Non-Current Assets,Deferred tax,detail,deferred_tax,0.0,0.0,SFP Detailed,14,May 2026 Consolidated Accounts.xlsx
2026-05,2026-05-31,C&P,SFP,Non-Current Assets,Deferred tax,detail,deferred_tax,4287361.0,4287361.0,SFP Detailed,14,May 2026 Consolidated Accounts.xlsx
2026-05,2026-05-31,ZAAC,SFP,Current Assets,Trade Receivables (Debtors),detail,trade_receivables,511412323.24,511412323.24,SFP Detailed,17,May 2026 Consolidated Accounts.xlsx
2026-05,2026-05-31,ZAMRE,SFP,Current Assets,Trade Receivables (Debtors),detail,trade_receivables,30567955.0,30567955.0,SFP Detailed,17,May 2026 Consolidated Accounts.xlsx
2026-05,2026-05-31,ZARIB,SFP,Current Assets,Trade Receivables (Debtors),detail,trade_receivables,380436693.21,380436693.21,SFP Detailed,17,May 2026 Consolidated Accounts.xlsx
2026-05,2026-05-31,MALAWI,SFP,Current Assets,Trade Receivables (Debtors),detail,trade_receivables,99339636.49,99339636.49,SFP Detailed,17,May 2026 Consolidated Accounts.xlsx
2026-05,2026-05-31,MENA,SFP,Current Assets,Trade Receivables (Debtors),detail,trade_receivables,87073350.76,87073350.76,SFP Detailed,17,May 2026 Consolidated Accounts.xlsx
2026-05,2026-05-31,NIGERIA,SFP,Current Assets,Trade Receivables (Debtors),detail,trade_receivables,30340870.5,30340870.5,SFP Detailed,17,May 2026 Consolidated Accounts.xlsx
2026-05,2026-05-31,RWANDA,SFP,Current Assets,Trade Receivables (Debtors),detail,trade_receivables,6991030.57,6991030.57,SFP Detailed,17,May 2026 Consolidated Accounts.xlsx
2026-05,2026-05-31,ZHL,SFP,Current Assets,Trade Receivables (Debtors),detail,trade_receivables,1.0,1.0,SFP Detailed,17,May 2026 Consolidated Accounts.xlsx
2026-05,2026-05-31,ZATL,SFP,Current Assets,Trade Receivables (Debtors),detail,trade_receivables,1328803.42,1328803.42,SFP Detailed,17,May 2026 Consolidated Accounts.xlsx
2026-05,2026-05-31,DRC,SFP,Current Assets,Trade Receivables (Debtors),detail,trade_receivables,38904940.27,38904940.27,SFP Detailed,17,May 2026 Consolidated Accounts.xlsx
2026-05,2026-05-31,C&P,SFP,Current Assets,Trade Receivables (Debtors),detail,trade_receivables,51949586.47,51949586.47,SFP Detailed,17,May 2026 Consolidated Accounts.xlsx
2026-05,2026-05-31,ZAAC,SFP,Current Assets,Premium Receivables,detail,premium_receivables,0.0,0.0,SFP Detailed,18,May 2026 Consolidated Accounts.xlsx
2026-05,2026-05-31,ZAMRE,SFP,Current Assets,Premium Receivables,detail,premium_receivables,163705271.9,163705271.9,SFP Detailed,18,May 2026 Consolidated Accounts.xlsx
2026-05,2026-05-31,ZARIB,SFP,Current Assets,Premium Receivables,detail,premium_receivables,1358845229.31,1358845229.31,SFP Detailed,18,May 2026 Consolidated Accounts.xlsx
2026-05,2026-05-31,MALAWI,SFP,Current Assets,Premium Receivables,detail,premium_receivables,0.0,0.0,SFP Detailed,18,May 2026 Consolidated Accounts.xlsx
2026-05,2026-05-31,MENA,SFP,Current Assets,Premium Receivables,detail,premium_receivables,0.0,0.0,SFP Detailed,18,May 2026 Consolidated Accounts.xlsx
2026-05,2026-05-31,NIGERIA,SFP,Current Assets,Premium Receivables,detail,premium_receivables,0.0,0.0,SFP Detailed,18,May 2026 Consolidated Accounts.xlsx
2026-05,2026-05-31,RWANDA,SFP,Current Assets,Premium Receivables,detail,premium_receivables,0.0,0.0,SFP Detailed,18,May 2026 Consolidated Accounts.xlsx
2026-05,2026-05-31,ZHL,SFP,Current Assets,Premium Receivables,detail,premium_receivables,0.0,0.0,SFP Detailed,18,May 2026 Consolidated Accounts.xlsx
2026-05,2026-05-31,ZATL,SFP,Current Assets,Premium Receivables,detail,premium_receivables,0.0,0.0,SFP Detailed,18,May 2026 Consolidated Accounts.xlsx
2026-05,2026-05-31,DRC,SFP,Current Assets,Premium Receivables,detail,premium_receivables,0.0,0.0,SFP Detailed,18,May 2026 Consolidated Accounts.xlsx
2026-05,2026-05-31,C&P,SFP,Current Assets,Premium Receivables,detail,premium_receivables,0.0,0.0,SFP Detailed,18,May 2026 Consolidated Accounts.xlsx
2026-05,2026-05-31,ZAAC,SFP,Current Assets,Other Receivables,detail,other_receivables,22931040.03,22931040.03,SFP Detailed,19,May 2026 Consolidated Accounts.xlsx
2026-05,2026-05-31,ZAMRE,SFP,Current Assets,Other Receivables,detail,other_receivables,505533.74,505533.74,SFP Detailed,19,May 2026 Consolidated Accounts.xlsx
2026-05,2026-05-31,ZARIB,SFP,Current Assets,Other Receivables,detail,other_receivables,-42181347.46,-42181347.46,SFP Detailed,19,May 2026 Consolidated Accounts.xlsx
2026-05,2026-05-31,MALAWI,SFP,Current Assets,Other Receivables,detail,other_receivables,6551360.6,6551360.6,SFP Detailed,19,May 2026 Consolidated Accounts.xlsx
2026-05,2026-05-31,MENA,SFP,Current Assets,Other Receivables,detail,other_receivables,9281539.86,9281539.86,SFP Detailed,19,May 2026 Consolidated Accounts.xlsx
2026-05,2026-05-31,NIGERIA,SFP,Current Assets,Other Receivables,detail,other_receivables,7931829.24,7931829.24,SFP Detailed,19,May 2026 Consolidated Accounts.xlsx
2026-05,2026-05-31,RWANDA,SFP,Current Assets,Other Receivables,detail,other_receivables,764708.59,764708.59,SFP Detailed,19,May 2026 Consolidated Accounts.xlsx
2026-05,2026-05-31,ZHL,SFP,Current Assets,Other Receivables,detail,other_receivables,434052.65,434052.65,SFP Detailed,19,May 2026 Consolidated Accounts.xlsx
2026-05,2026-05-31,ZATL,SFP,Current Assets,Other Receivables,detail,other_receivables,-1400042.71,-1400042.71,SFP Detailed,19,May 2026 Consolidated Accounts.xlsx
2026-05,2026-05-31,DRC,SFP,Current Assets,Other Receivables,detail,other_receivables,11589120.67,11589120.67,SFP Detailed,19,May 2026 Consolidated Accounts.xlsx
2026-05,2026-05-31,C&P,SFP,Current Assets,Other Receivables,detail,other_receivables,-8300765.58,-8300765.58,SFP Detailed,19,May 2026 Consolidated Accounts.xlsx
2026-05,2026-05-31,ZAAC,SFP,Current Assets,Due from/to related parties,detail,due_from_to_related_parties,213285301.56,213285301.56,SFP Detailed,20,May 2026 Consolidated Accounts.xlsx
2026-05,2026-05-31,ZAMRE,SFP,Current Assets,Due from/to related parties,detail,due_from_to_related_parties,-71577078.6,-71577078.6,SFP Detailed,20,May 2026 Consolidated Accounts.xlsx
2026-05,2026-05-31,ZARIB,SFP,Current Assets,Due from/to related parties,detail,due_from_to_related_parties,359224522.25,359224522.25,SFP Detailed,20,May 2026 Consolidated Accounts.xlsx
2026-05,2026-05-31,MALAWI,SFP,Current Assets,Due from/to related parties,detail,due_from_to_related_parties,-50349424.81,-50349424.81,SFP Detailed,20,May 2026 Consolidated Accounts.xlsx
2026-05,2026-05-31,MENA,SFP,Current Assets,Due from/to related parties,detail,due_from_to_related_parties,0.0,0.0,SFP Detailed,20,May 2026 Consolidated Accounts.xlsx
2026-05,2026-05-31,NIGERIA,SFP,Current Assets,Due from/to related parties,detail,due_from_to_related_parties,330914.5,330914.5,SFP Detailed,20,May 2026 Consolidated Accounts.xlsx
2026-05,2026-05-31,RWANDA,SFP,Current Assets,Due from/to related parties,detail,due_from_to_related_parties,-1363435.87,-1363435.87,SFP Detailed,20,May 2026 Consolidated Accounts.xlsx
2026-05,2026-05-31,ZHL,SFP,Current Assets,Due from/to related parties,detail,due_from_to_related_parties,-272422022.6,-272422022.6,SFP Detailed,20,May 2026 Consolidated Accounts.xlsx
2026-05,2026-05-31,ZATL,SFP,Current Assets,Due from/to related parties,detail,due_from_to_related_parties,2433416.09,2433416.09,SFP Detailed,20,May 2026 Consolidated Accounts.xlsx
2026-05,2026-05-31,DRC,SFP,Current Assets,Due from/to related parties,detail,due_from_to_related_parties,-10100080.74,-10100080.74,SFP Detailed,20,May 2026 Consolidated Accounts.xlsx
2026-05,2026-05-31,C&P,SFP,Current Assets,Due from/to related parties,detail,due_from_to_related_parties,91376423.23,91376423.23,SFP Detailed,20,May 2026 Consolidated Accounts.xlsx
2026-05,2026-05-31,ZAAC,SFP,Current Assets,Office Cash,detail,office_cash,58490540.96,58490540.96,SFP Detailed,22,May 2026 Consolidated Accounts.xlsx
2026-05,2026-05-31,ZAMRE,SFP,Current Assets,Office Cash,detail,office_cash,53832266.95,53832266.95,SFP Detailed,22,May 2026 Consolidated Accounts.xlsx
2026-05,2026-05-31,ZARIB,SFP,Current Assets,Office Cash,detail,office_cash,110643981.5,110643981.5,SFP Detailed,22,May 2026 Consolidated Accounts.xlsx
2026-05,2026-05-31,MALAWI,SFP,Current Assets,Office Cash,detail,office_cash,5027953.61,5027953.61,SFP Detailed,22,May 2026 Consolidated Accounts.xlsx
2026-05,2026-05-31,MENA,SFP,Current Assets,Office Cash,detail,office_cash,13004484.84,13004484.84,SFP Detailed,22,May 2026 Consolidated Accounts.xlsx
2026-05,2026-05-31,NIGERIA,SFP,Current Assets,Office Cash,detail,office_cash,287148.42,287148.42,SFP Detailed,22,May 2026 Consolidated Accounts.xlsx
2026-05,2026-05-31,RWANDA,SFP,Current Assets,Office Cash,detail,office_cash,18082370.55,18082370.55,SFP Detailed,22,May 2026 Consolidated Accounts.xlsx
2026-05,2026-05-31,ZHL,SFP,Current Assets,Office Cash,detail,office_cash,1756257.42,1756257.42,SFP Detailed,22,May 2026 Consolidated Accounts.xlsx
2026-05,2026-05-31,ZATL,SFP,Current Assets,Office Cash,detail,office_cash,3287131.93,3287131.93,SFP Detailed,22,May 2026 Consolidated Accounts.xlsx
2026-05,2026-05-31,DRC,SFP,Current Assets,Office Cash,detail,office_cash,10082525.42,10082525.42,SFP Detailed,22,May 2026 Consolidated Accounts.xlsx
2026-05,2026-05-31,C&P,SFP,Current Assets,Office Cash,detail,office_cash,6994261.83,6994261.83,SFP Detailed,22,May 2026 Consolidated Accounts.xlsx
2026-05,2026-05-31,ZAMRE,SFP,Current Assets,Client Cash,detail,client_cash,33699586.43,33699586.43,SFP Detailed,23,May 2026 Consolidated Accounts.xlsx
2026-05,2026-05-31,ZARIB,SFP,Current Assets,Client Cash,detail,client_cash,403087836.44,403087836.44,SFP Detailed,23,May 2026 Consolidated Accounts.xlsx
2026-05,2026-05-31,ZAAC,SFP,Current Assets,Deposits,detail,deposits,63000000.0,63000000.0,SFP Detailed,24,May 2026 Consolidated Accounts.xlsx
2026-05,2026-05-31,ZAMRE,SFP,Current Assets,Deposits,detail,deposits,43160000.0,43160000.0,SFP Detailed,24,May 2026 Consolidated Accounts.xlsx
2026-05,2026-05-31,ZARIB,SFP,Current Assets,Deposits,detail,deposits,484415098.32,484415098.32,SFP Detailed,24,May 2026 Consolidated Accounts.xlsx
2026-05,2026-05-31,MALAWI,SFP,Current Assets,Deposits,detail,deposits,106132109.06,106132109.06,SFP Detailed,24,May 2026 Consolidated Accounts.xlsx
2026-05,2026-05-31,MENA,SFP,Current Assets,Deposits,detail,deposits,0.0,0.0,SFP Detailed,24,May 2026 Consolidated Accounts.xlsx
2026-05,2026-05-31,NIGERIA,SFP,Current Assets,Deposits,detail,deposits,0.0,0.0,SFP Detailed,24,May 2026 Consolidated Accounts.xlsx
2026-05,2026-05-31,RWANDA,SFP,Current Assets,Deposits,detail,deposits,22143489.81,22143489.81,SFP Detailed,24,May 2026 Consolidated Accounts.xlsx
2026-05,2026-05-31,ZHL,SFP,Current Assets,Deposits,detail,deposits,4500000.0,4500000.0,SFP Detailed,24,May 2026 Consolidated Accounts.xlsx
2026-05,2026-05-31,ZATL,SFP,Current Assets,Deposits,detail,deposits,495540.14,495540.14,SFP Detailed,24,May 2026 Consolidated Accounts.xlsx
2026-05,2026-05-31,DRC,SFP,Current Assets,Deposits,detail,deposits,0.0,0.0,SFP Detailed,24,May 2026 Consolidated Accounts.xlsx
2026-05,2026-05-31,C&P,SFP,Current Assets,Deposits,detail,deposits,22284303.0,22284303.0,SFP Detailed,24,May 2026 Consolidated Accounts.xlsx
2026-05,2026-05-31,ZAAC,SFP,Current Assets,Placements,detail,placements,20849321.49,20849321.49,SFP Detailed,25,May 2026 Consolidated Accounts.xlsx
2026-05,2026-05-31,ZARIB,SFP,Current Assets,Placements,detail,placements,222446879.6,222446879.6,SFP Detailed,25,May 2026 Consolidated Accounts.xlsx
2026-05,2026-05-31,MALAWI,SFP,Current Assets,Placements,detail,placements,0.0,0.0,SFP Detailed,25,May 2026 Consolidated Accounts.xlsx
2026-05,2026-05-31,MENA,SFP,Current Assets,Placements,detail,placements,0.0,0.0,SFP Detailed,25,May 2026 Consolidated Accounts.xlsx
2026-05,2026-05-31,NIGERIA,SFP,Current Assets,Placements,detail,placements,0.0,0.0,SFP Detailed,25,May 2026 Consolidated Accounts.xlsx
2026-05,2026-05-31,RWANDA,SFP,Current Assets,Placements,detail,placements,0.0,0.0,SFP Detailed,25,May 2026 Consolidated Accounts.xlsx
2026-05,2026-05-31,ZHL,SFP,Current Assets,Placements,detail,placements,0.0,0.0,SFP Detailed,25,May 2026 Consolidated Accounts.xlsx
2026-05,2026-05-31,ZATL,SFP,Current Assets,Placements,detail,placements,0.0,0.0,SFP Detailed,25,May 2026 Consolidated Accounts.xlsx
2026-05,2026-05-31,DRC,SFP,Current Assets,Placements,detail,placements,646788.74,646788.74,SFP Detailed,25,May 2026 Consolidated Accounts.xlsx
2026-05,2026-05-31,C&P,SFP,Current Assets,Placements,detail,placements,0.44,0.44,SFP Detailed,25,May 2026 Consolidated Accounts.xlsx
2026-05,2026-05-31,ZAAC,SFP,Current Assets,Tax recoverable,detail,tax_recoverable,8468751.35,8468751.35,SFP Detailed,26,May 2026 Consolidated Accounts.xlsx
2026-05,2026-05-31,ZAMRE,SFP,Current Assets,Tax recoverable,detail,tax_recoverable,-5627619.42,-5627619.42,SFP Detailed,26,May 2026 Consolidated Accounts.xlsx
2026-05,2026-05-31,ZARIB,SFP,Current Assets,Tax recoverable,detail,tax_recoverable,-86104107.05,-86104107.05,SFP Detailed,26,May 2026 Consolidated Accounts.xlsx
2026-05,2026-05-31,MALAWI,SFP,Current Assets,Tax recoverable,detail,tax_recoverable,810571.7,810571.7,SFP Detailed,26,May 2026 Consolidated Accounts.xlsx
2026-05,2026-05-31,MENA,SFP,Current Assets,Tax recoverable,detail,tax_recoverable,0.0,0.0,SFP Detailed,26,May 2026 Consolidated Accounts.xlsx
2026-05,2026-05-31,NIGERIA,SFP,Current Assets,Tax recoverable,detail,tax_recoverable,-6758396.03,-6758396.03,SFP Detailed,26,May 2026 Consolidated Accounts.xlsx
2026-05,2026-05-31,RWANDA,SFP,Current Assets,Tax recoverable,detail,tax_recoverable,-807665.27,-807665.27,SFP Detailed,26,May 2026 Consolidated Accounts.xlsx
2026-05,2026-05-31,ZHL,SFP,Current Assets,Tax recoverable,detail,tax_recoverable,252358.94,252358.94,SFP Detailed,26,May 2026 Consolidated Accounts.xlsx
2026-05,2026-05-31,ZATL,SFP,Current Assets,Tax recoverable,detail,tax_recoverable,1736428.24,1736428.24,SFP Detailed,26,May 2026 Consolidated Accounts.xlsx
2026-05,2026-05-31,DRC,SFP,Current Assets,Tax recoverable,detail,tax_recoverable,12064.99,12064.99,SFP Detailed,26,May 2026 Consolidated Accounts.xlsx
2026-05,2026-05-31,C&P,SFP,Current Assets,Tax recoverable,detail,tax_recoverable,-2172246.59,-2172246.59,SFP Detailed,26,May 2026 Consolidated Accounts.xlsx
2026-05,2026-05-31,ZAAC,SFP,Current Assets,Accrued Income,detail,accrued_income,168779107.81,168779107.81,SFP Detailed,27,May 2026 Consolidated Accounts.xlsx
2026-05,2026-05-31,C&P,SFP,Current Assets,Accrued Income,detail,accrued_income,11077486.33,11077486.33,SFP Detailed,27,May 2026 Consolidated Accounts.xlsx
2026-05,2026-05-31,ZAAC,SFP,Current Assets,Total Assets,total,,1235695966.9,1235695966.9,SFP Detailed,28,May 2026 Consolidated Accounts.xlsx
2026-05,2026-05-31,ZAMRE,SFP,Current Assets,Total Assets,total,,252939916.01,252939916.01,SFP Detailed,28,May 2026 Consolidated Accounts.xlsx
2026-05,2026-05-31,ZARIB,SFP,Current Assets,Total Assets,total,,3311685790.93,3311685790.93,SFP Detailed,28,May 2026 Consolidated Accounts.xlsx
2026-05,2026-05-31,MALAWI,SFP,Current Assets,Total Assets,total,,200415214.86,200415214.86,SFP Detailed,28,May 2026 Consolidated Accounts.xlsx
2026-05,2026-05-31,MENA,SFP,Current Assets,Total Assets,total,,119608119.43,119608119.43,SFP Detailed,28,May 2026 Consolidated Accounts.xlsx
2026-05,2026-05-31,NIGERIA,SFP,Current Assets,Total Assets,total,,36745358.66,36745358.66,SFP Detailed,28,May 2026 Consolidated Accounts.xlsx
2026-05,2026-05-31,RWANDA,SFP,Current Assets,Total Assets,total,,57081883.0,57081883.0,SFP Detailed,28,May 2026 Consolidated Accounts.xlsx
2026-05,2026-05-31,ZHL,SFP,Current Assets,Total Assets,total,,1028877800.65,1028877800.65,SFP Detailed,28,May 2026 Consolidated Accounts.xlsx
2026-05,2026-05-31,ZATL,SFP,Current Assets,Total Assets,total,,9642467.48,9642467.48,SFP Detailed,28,May 2026 Consolidated Accounts.xlsx
2026-05,2026-05-31,DRC,SFP,Current Assets,Total Assets,total,,63025055.44,63025055.44,SFP Detailed,28,May 2026 Consolidated Accounts.xlsx
2026-05,2026-05-31,C&P,SFP,Current Assets,Total Assets,total,,177496410.13,177496410.13,SFP Detailed,28,May 2026 Consolidated Accounts.xlsx
2026-05,2026-05-31,ZAAC,SFP,Equity,Share capital,detail,share_capital,-25000000.0,25000000.0,SFP Detailed,32,May 2026 Consolidated Accounts.xlsx
2026-05,2026-05-31,ZAMRE,SFP,Equity,Share capital,detail,share_capital,-5000000.0,5000000.0,SFP Detailed,32,May 2026 Consolidated Accounts.xlsx
2026-05,2026-05-31,ZARIB,SFP,Equity,Share capital,detail,share_capital,-33360000.0,33360000.0,SFP Detailed,32,May 2026 Consolidated Accounts.xlsx
2026-05,2026-05-31,MALAWI,SFP,Equity,Share capital,detail,share_capital,-827525.86,827525.86,SFP Detailed,32,May 2026 Consolidated Accounts.xlsx
2026-05,2026-05-31,MENA,SFP,Equity,Share capital,detail,share_capital,-32906953.27,32906953.27,SFP Detailed,32,May 2026 Consolidated Accounts.xlsx
2026-05,2026-05-31,NIGERIA,SFP,Equity,Share capital,detail,share_capital,-6605892.46,6605892.46,SFP Detailed,32,May 2026 Consolidated Accounts.xlsx
2026-05,2026-05-31,RWANDA,SFP,Equity,Share capital,detail,share_capital,-51307445.62,51307445.62,SFP Detailed,32,May 2026 Consolidated Accounts.xlsx
2026-05,2026-05-31,ZHL,SFP,Equity,Share capital,detail,share_capital,-10000000.0,10000000.0,SFP Detailed,32,May 2026 Consolidated Accounts.xlsx
2026-05,2026-05-31,ZATL,SFP,Equity,Share capital,detail,share_capital,-4974940.54,4974940.54,SFP Detailed,32,May 2026 Consolidated Accounts.xlsx
2026-05,2026-05-31,DRC,SFP,Equity,Share capital,detail,share_capital,-74512049.25,74512049.25,SFP Detailed,32,May 2026 Consolidated Accounts.xlsx
2026-05,2026-05-31,C&P,SFP,Equity,Share capital,detail,share_capital,-25000000.0,25000000.0,SFP Detailed,32,May 2026 Consolidated Accounts.xlsx
2026-05,2026-05-31,ZAAC,SFP,Equity,Transalation reserve,detail,translation_reserve,0.0,-0.0,SFP Detailed,33,May 2026 Consolidated Accounts.xlsx
2026-05,2026-05-31,ZAMRE,SFP,Equity,Transalation reserve,detail,translation_reserve,0.0,-0.0,SFP Detailed,33,May 2026 Consolidated Accounts.xlsx
2026-05,2026-05-31,ZARIB,SFP,Equity,Transalation reserve,detail,translation_reserve,-758850.95,758850.95,SFP Detailed,33,May 2026 Consolidated Accounts.xlsx
2026-05,2026-05-31,MALAWI,SFP,Equity,Transalation reserve,detail,translation_reserve,-29535637.36,29535637.36,SFP Detailed,33,May 2026 Consolidated Accounts.xlsx
2026-05,2026-05-31,MENA,SFP,Equity,Transalation reserve,detail,translation_reserve,-75695.84,75695.84,SFP Detailed,33,May 2026 Consolidated Accounts.xlsx
2026-05,2026-05-31,NIGERIA,SFP,Equity,Transalation reserve,detail,translation_reserve,-11365.21,11365.21,SFP Detailed,33,May 2026 Consolidated Accounts.xlsx
2026-05,2026-05-31,RWANDA,SFP,Equity,Transalation reserve,detail,translation_reserve,2354.95,-2354.95,SFP Detailed,33,May 2026 Consolidated Accounts.xlsx
2026-05,2026-05-31,ZHL,SFP,Equity,Transalation reserve,detail,translation_reserve,0.0,-0.0,SFP Detailed,33,May 2026 Consolidated Accounts.xlsx
2026-05,2026-05-31,ZATL,SFP,Equity,Transalation reserve,detail,translation_reserve,-9891263.63,9891263.63,SFP Detailed,33,May 2026 Consolidated Accounts.xlsx
2026-05,2026-05-31,DRC,SFP,Equity,Transalation reserve,detail,translation_reserve,16921.97,-16921.97,SFP Detailed,33,May 2026 Consolidated Accounts.xlsx
2026-05,2026-05-31,C&P,SFP,Equity,Transalation reserve,detail,translation_reserve,0.0,-0.0,SFP Detailed,33,May 2026 Consolidated Accounts.xlsx
2026-05,2026-05-31,ZAAC,SFP,Equity,proposed dividend,detail,proposed_dividend,0.0,-0.0,SFP Detailed,34,May 2026 Consolidated Accounts.xlsx
2026-05,2026-05-31,ZAMRE,SFP,Equity,proposed dividend,detail,proposed_dividend,0.0,-0.0,SFP Detailed,34,May 2026 Consolidated Accounts.xlsx
2026-05,2026-05-31,ZARIB,SFP,Equity,proposed dividend,detail,proposed_dividend,0.0,-0.0,SFP Detailed,34,May 2026 Consolidated Accounts.xlsx
2026-05,2026-05-31,MALAWI,SFP,Equity,proposed dividend,detail,proposed_dividend,0.0,-0.0,SFP Detailed,34,May 2026 Consolidated Accounts.xlsx
2026-05,2026-05-31,MENA,SFP,Equity,proposed dividend,detail,proposed_dividend,0.0,-0.0,SFP Detailed,34,May 2026 Consolidated Accounts.xlsx
2026-05,2026-05-31,NIGERIA,SFP,Equity,proposed dividend,detail,proposed_dividend,0.0,-0.0,SFP Detailed,34,May 2026 Consolidated Accounts.xlsx
2026-05,2026-05-31,RWANDA,SFP,Equity,proposed dividend,detail,proposed_dividend,0.0,-0.0,SFP Detailed,34,May 2026 Consolidated Accounts.xlsx
2026-05,2026-05-31,ZHL,SFP,Equity,proposed dividend,detail,proposed_dividend,0.0,-0.0,SFP Detailed,34,May 2026 Consolidated Accounts.xlsx
2026-05,2026-05-31,ZATL,SFP,Equity,proposed dividend,detail,proposed_dividend,0.0,-0.0,SFP Detailed,34,May 2026 Consolidated Accounts.xlsx
2026-05,2026-05-31,DRC,SFP,Equity,proposed dividend,detail,proposed_dividend,0.0,-0.0,SFP Detailed,34,May 2026 Consolidated Accounts.xlsx
2026-05,2026-05-31,C&P,SFP,Equity,proposed dividend,detail,proposed_dividend,0.0,-0.0,SFP Detailed,34,May 2026 Consolidated Accounts.xlsx
2026-05,2026-05-31,ZAAC,SFP,Equity,Retained earnings,detail,retained_earnings,-1019809655.75,1019809655.75,SFP Detailed,35,May 2026 Consolidated Accounts.xlsx
2026-05,2026-05-31,ZAMRE,SFP,Equity,Retained earnings,detail,retained_earnings,-4833892.0,4833892.0,SFP Detailed,35,May 2026 Consolidated Accounts.xlsx
2026-05,2026-05-31,ZARIB,SFP,Equity,Retained earnings,detail,retained_earnings,-1189689872.0,1189689872.0,SFP Detailed,35,May 2026 Consolidated Accounts.xlsx
2026-05,2026-05-31,MALAWI,SFP,Equity,Retained earnings,detail,retained_earnings,-112067687.32,112067687.32,SFP Detailed,35,May 2026 Consolidated Accounts.xlsx
2026-05,2026-05-31,MENA,SFP,Equity,Retained earnings,detail,retained_earnings,-7252190.26,7252190.26,SFP Detailed,35,May 2026 Consolidated Accounts.xlsx
2026-05,2026-05-31,NIGERIA,SFP,Equity,Retained earnings,detail,retained_earnings,-8070553.99,8070553.99,SFP Detailed,35,May 2026 Consolidated Accounts.xlsx
2026-05,2026-05-31,RWANDA,SFP,Equity,Retained earnings,detail,retained_earnings,501178.2,-501178.2,SFP Detailed,35,May 2026 Consolidated Accounts.xlsx
2026-05,2026-05-31,ZHL,SFP,Equity,Retained earnings,detail,retained_earnings,-30127713.66,30127713.66,SFP Detailed,35,May 2026 Consolidated Accounts.xlsx
2026-05,2026-05-31,ZATL,SFP,Equity,Retained earnings,detail,retained_earnings,7551183.0,-7551183.0,SFP Detailed,35,May 2026 Consolidated Accounts.xlsx
2026-05,2026-05-31,DRC,SFP,Equity,Retained earnings,detail,retained_earnings,51317216.45,-51317216.45,SFP Detailed,35,May 2026 Consolidated Accounts.xlsx
2026-05,2026-05-31,C&P,SFP,Equity,Retained earnings,detail,retained_earnings,-133494469.71,133494469.71,SFP Detailed,35,May 2026 Consolidated Accounts.xlsx
2026-05,2026-05-31,ZAAC,SFP,Equity,Net Profit,derived,net_profit,-101588512.58,101588512.58,SFP Detailed,36,May 2026 Consolidated Accounts.xlsx
2026-05,2026-05-31,ZAMRE,SFP,Equity,Net Profit,derived,net_profit,-14556230.3,14556230.3,SFP Detailed,36,May 2026 Consolidated Accounts.xlsx
2026-05,2026-05-31,ZARIB,SFP,Equity,Net Profit,derived,net_profit,-405080335.31,405080335.31,SFP Detailed,36,May 2026 Consolidated Accounts.xlsx
2026-05,2026-05-31,MALAWI,SFP,Equity,Net Profit,derived,net_profit,-35110780.17,35110780.17,SFP Detailed,36,May 2026 Consolidated Accounts.xlsx
2026-05,2026-05-31,MENA,SFP,Equity,Net Profit,derived,net_profit,18137033.24,-18137033.24,SFP Detailed,36,May 2026 Consolidated Accounts.xlsx
2026-05,2026-05-31,NIGERIA,SFP,Equity,Net Profit,derived,net_profit,-15390921.07,15390921.07,SFP Detailed,36,May 2026 Consolidated Accounts.xlsx
2026-05,2026-05-31,RWANDA,SFP,Equity,Net Profit,derived,net_profit,-1886907.32,1886907.32,SFP Detailed,36,May 2026 Consolidated Accounts.xlsx
2026-05,2026-05-31,ZHL,SFP,Equity,Net Profit,derived,net_profit,20613916.46,-20613916.46,SFP Detailed,36,May 2026 Consolidated Accounts.xlsx
2026-05,2026-05-31,ZATL,SFP,Equity,Net Profit,derived,net_profit,-1408884.14,1408884.14,SFP Detailed,36,May 2026 Consolidated Accounts.xlsx
2026-05,2026-05-31,DRC,SFP,Equity,Net Profit,derived,net_profit,10422324.55,-10422324.55,SFP Detailed,36,May 2026 Consolidated Accounts.xlsx
2026-05,2026-05-31,C&P,SFP,Equity,Net Profit,derived,net_profit,-11154296.03,11154296.03,SFP Detailed,36,May 2026 Consolidated Accounts.xlsx
2026-05,2026-05-31,ZAAC,SFP,Equity attributable to equity holders of the parent company,Equity attributable to equity holders of the parent company,group_header,,-1146398168.33,-1146398168.33,SFP Detailed,37,May 2026 Consolidated Accounts.xlsx
2026-05,2026-05-31,ZAMRE,SFP,Equity attributable to equity holders of the parent company,Equity attributable to equity holders of the parent company,group_header,,-24390122.3,-24390122.3,SFP Detailed,37,May 2026 Consolidated Accounts.xlsx
2026-05,2026-05-31,ZARIB,SFP,Equity attributable to equity holders of the parent company,Equity attributable to equity holders of the parent company,group_header,,-1628889058.26,-1628889058.26,SFP Detailed,37,May 2026 Consolidated Accounts.xlsx
2026-05,2026-05-31,MALAWI,SFP,Equity attributable to equity holders of the parent company,Equity attributable to equity holders of the parent company,group_header,,-177541630.72,-177541630.72,SFP Detailed,37,May 2026 Consolidated Accounts.xlsx
2026-05,2026-05-31,MENA,SFP,Equity attributable to equity holders of the parent company,Equity attributable to equity holders of the parent company,group_header,,-22097806.13,-22097806.13,SFP Detailed,37,May 2026 Consolidated Accounts.xlsx
2026-05,2026-05-31,NIGERIA,SFP,Equity attributable to equity holders of the parent company,Equity attributable to equity holders of the parent company,group_header,,-30078732.73,-30078732.73,SFP Detailed,37,May 2026 Consolidated Accounts.xlsx
2026-05,2026-05-31,RWANDA,SFP,Equity attributable to equity holders of the parent company,Equity attributable to equity holders of the parent company,group_header,,-52690819.78,-52690819.78,SFP Detailed,37,May 2026 Consolidated Accounts.xlsx
2026-05,2026-05-31,ZHL,SFP,Equity attributable to equity holders of the parent company,Equity attributable to equity holders of the parent company,group_header,,-19513797.2,-19513797.2,SFP Detailed,37,May 2026 Consolidated Accounts.xlsx
2026-05,2026-05-31,ZATL,SFP,Equity attributable to equity holders of the parent company,Equity attributable to equity holders of the parent company,group_header,,-8723905.3,-8723905.3,SFP Detailed,37,May 2026 Consolidated Accounts.xlsx
2026-05,2026-05-31,DRC,SFP,Equity attributable to equity holders of the parent company,Equity attributable to equity holders of the parent company,group_header,,-12755586.28,-12755586.28,SFP Detailed,37,May 2026 Consolidated Accounts.xlsx
2026-05,2026-05-31,C&P,SFP,Equity attributable to equity holders of the parent company,Equity attributable to equity holders of the parent company,group_header,,-169648765.74,-169648765.74,SFP Detailed,37,May 2026 Consolidated Accounts.xlsx
2026-05,2026-05-31,ZAAC,SFP,Equity attributable to equity holders of the parent company,Non-controlling interests,detail,non_controlling_interests,0.0,-0.0,SFP Detailed,39,May 2026 Consolidated Accounts.xlsx
2026-05,2026-05-31,ZAMRE,SFP,Equity attributable to equity holders of the parent company,Non-controlling interests,detail,non_controlling_interests,0.0,-0.0,SFP Detailed,39,May 2026 Consolidated Accounts.xlsx
2026-05,2026-05-31,ZARIB,SFP,Equity attributable to equity holders of the parent company,Non-controlling interests,detail,non_controlling_interests,0.0,-0.0,SFP Detailed,39,May 2026 Consolidated Accounts.xlsx
2026-05,2026-05-31,MALAWI,SFP,Equity attributable to equity holders of the parent company,Non-controlling interests,detail,non_controlling_interests,0.0,-0.0,SFP Detailed,39,May 2026 Consolidated Accounts.xlsx
2026-05,2026-05-31,MENA,SFP,Equity attributable to equity holders of the parent company,Non-controlling interests,detail,non_controlling_interests,-41464061.61,41464061.61,SFP Detailed,39,May 2026 Consolidated Accounts.xlsx
2026-05,2026-05-31,NIGERIA,SFP,Equity attributable to equity holders of the parent company,Non-controlling interests,detail,non_controlling_interests,0.0,-0.0,SFP Detailed,39,May 2026 Consolidated Accounts.xlsx
2026-05,2026-05-31,RWANDA,SFP,Equity attributable to equity holders of the parent company,Non-controlling interests,detail,non_controlling_interests,0.0,-0.0,SFP Detailed,39,May 2026 Consolidated Accounts.xlsx
2026-05,2026-05-31,ZHL,SFP,Equity attributable to equity holders of the parent company,Non-controlling interests,detail,non_controlling_interests,0.0,-0.0,SFP Detailed,39,May 2026 Consolidated Accounts.xlsx
2026-05,2026-05-31,ZATL,SFP,Equity attributable to equity holders of the parent company,Non-controlling interests,detail,non_controlling_interests,0.0,-0.0,SFP Detailed,39,May 2026 Consolidated Accounts.xlsx
2026-05,2026-05-31,DRC,SFP,Equity attributable to equity holders of the parent company,Non-controlling interests,detail,non_controlling_interests,0.0,-0.0,SFP Detailed,39,May 2026 Consolidated Accounts.xlsx
2026-05,2026-05-31,C&P,SFP,Equity attributable to equity holders of the parent company,Non-controlling interests,detail,non_controlling_interests,0.0,-0.0,SFP Detailed,39,May 2026 Consolidated Accounts.xlsx
2026-05,2026-05-31,ZAAC,SFP,Equity attributable to equity holders of the parent company,Total equity,total,,-1146398168.33,-1146398168.33,SFP Detailed,41,May 2026 Consolidated Accounts.xlsx
2026-05,2026-05-31,ZAMRE,SFP,Equity attributable to equity holders of the parent company,Total equity,total,,-24390122.3,-24390122.3,SFP Detailed,41,May 2026 Consolidated Accounts.xlsx
2026-05,2026-05-31,ZARIB,SFP,Equity attributable to equity holders of the parent company,Total equity,total,,-1628889058.26,-1628889058.26,SFP Detailed,41,May 2026 Consolidated Accounts.xlsx
2026-05,2026-05-31,MALAWI,SFP,Equity attributable to equity holders of the parent company,Total equity,total,,-177541630.72,-177541630.72,SFP Detailed,41,May 2026 Consolidated Accounts.xlsx
2026-05,2026-05-31,MENA,SFP,Equity attributable to equity holders of the parent company,Total equity,total,,-63561867.74,-63561867.74,SFP Detailed,41,May 2026 Consolidated Accounts.xlsx
2026-05,2026-05-31,NIGERIA,SFP,Equity attributable to equity holders of the parent company,Total equity,total,,-30078732.73,-30078732.73,SFP Detailed,41,May 2026 Consolidated Accounts.xlsx
2026-05,2026-05-31,RWANDA,SFP,Equity attributable to equity holders of the parent company,Total equity,total,,-52690819.78,-52690819.78,SFP Detailed,41,May 2026 Consolidated Accounts.xlsx
2026-05,2026-05-31,ZHL,SFP,Equity attributable to equity holders of the parent company,Total equity,total,,-19513797.2,-19513797.2,SFP Detailed,41,May 2026 Consolidated Accounts.xlsx
2026-05,2026-05-31,ZATL,SFP,Equity attributable to equity holders of the parent company,Total equity,total,,-8723905.3,-8723905.3,SFP Detailed,41,May 2026 Consolidated Accounts.xlsx
2026-05,2026-05-31,DRC,SFP,Equity attributable to equity holders of the parent company,Total equity,total,,-12755586.28,-12755586.28,SFP Detailed,41,May 2026 Consolidated Accounts.xlsx
2026-05,2026-05-31,C&P,SFP,Equity attributable to equity holders of the parent company,Total equity,total,,-169648765.74,-169648765.74,SFP Detailed,41,May 2026 Consolidated Accounts.xlsx
2026-05,2026-05-31,ZAAC,SFP,Current liabilities,Trade and other payables,detail,trade_and_other_payables,-89297798.99,89297798.99,SFP Detailed,44,May 2026 Consolidated Accounts.xlsx
2026-05,2026-05-31,ZAMRE,SFP,Current liabilities,Trade and other payables,detail,trade_and_other_payables,0.0,-0.0,SFP Detailed,44,May 2026 Consolidated Accounts.xlsx
2026-05,2026-05-31,ZARIB,SFP,Current liabilities,Trade and other payables,detail,trade_and_other_payables,-43830280.98,43830280.98,SFP Detailed,44,May 2026 Consolidated Accounts.xlsx
2026-05,2026-05-31,MALAWI,SFP,Current liabilities,Trade and other payables,detail,trade_and_other_payables,-22873584.14,22873584.14,SFP Detailed,44,May 2026 Consolidated Accounts.xlsx
2026-05,2026-05-31,MENA,SFP,Current liabilities,Trade and other payables,detail,trade_and_other_payables,-43788975.21,43788975.21,SFP Detailed,44,May 2026 Consolidated Accounts.xlsx
2026-05,2026-05-31,NIGERIA,SFP,Current liabilities,Trade and other payables,detail,trade_and_other_payables,-6666625.93,6666625.93,SFP Detailed,44,May 2026 Consolidated Accounts.xlsx
2026-05,2026-05-31,RWANDA,SFP,Current liabilities,Trade and other payables,detail,trade_and_other_payables,-4391063.21,4391063.21,SFP Detailed,44,May 2026 Consolidated Accounts.xlsx
2026-05,2026-05-31,ZHL,SFP,Current liabilities,Trade and other payables,detail,trade_and_other_payables,-1009364003.45,1009364003.45,SFP Detailed,44,May 2026 Consolidated Accounts.xlsx
2026-05,2026-05-31,ZATL,SFP,Current liabilities,Trade and other payables,detail,trade_and_other_payables,-918562.18,918562.18,SFP Detailed,44,May 2026 Consolidated Accounts.xlsx
2026-05,2026-05-31,DRC,SFP,Current liabilities,Trade and other payables,detail,trade_and_other_payables,1371782.93,-1371782.93,SFP Detailed,44,May 2026 Consolidated Accounts.xlsx
2026-05,2026-05-31,C&P,SFP,Current liabilities,Trade and other payables,detail,trade_and_other_payables,-7847644.39,7847644.39,SFP Detailed,44,May 2026 Consolidated Accounts.xlsx
2026-05,2026-05-31,ZARIB,SFP,Current liabilities,Deferred Revenue,detail,deferred_revenue,0.0,-0.0,SFP Detailed,45,May 2026 Consolidated Accounts.xlsx
2026-05,2026-05-31,MENA,SFP,Current liabilities,Deferred Revenue,detail,deferred_revenue,-12257280.0,12257280.0,SFP Detailed,45,May 2026 Consolidated Accounts.xlsx
2026-05,2026-05-31,ZAAC,SFP,Current liabilities,Premium payable,detail,premium_payable,0.0,-0.0,SFP Detailed,46,May 2026 Consolidated Accounts.xlsx
2026-05,2026-05-31,ZAMRE,SFP,Current liabilities,Premium payable,detail,premium_payable,-228549793.71,228549793.71,SFP Detailed,46,May 2026 Consolidated Accounts.xlsx
2026-05,2026-05-31,ZARIB,SFP,Current liabilities,Premium payable,detail,premium_payable,-1638966451.51,1638966451.51,SFP Detailed,46,May 2026 Consolidated Accounts.xlsx
2026-05,2026-05-31,MALAWI,SFP,Current liabilities,Premium payable,detail,premium_payable,0.0,-0.0,SFP Detailed,46,May 2026 Consolidated Accounts.xlsx
2026-05,2026-05-31,MENA,SFP,Current liabilities,Premium payable,detail,premium_payable,0.0,-0.0,SFP Detailed,46,May 2026 Consolidated Accounts.xlsx
2026-05,2026-05-31,NIGERIA,SFP,Current liabilities,Premium payable,detail,premium_payable,0.0,-0.0,SFP Detailed,46,May 2026 Consolidated Accounts.xlsx
2026-05,2026-05-31,RWANDA,SFP,Current liabilities,Premium payable,detail,premium_payable,0.0,-0.0,SFP Detailed,46,May 2026 Consolidated Accounts.xlsx
2026-05,2026-05-31,ZHL,SFP,Current liabilities,Premium payable,detail,premium_payable,0.0,-0.0,SFP Detailed,46,May 2026 Consolidated Accounts.xlsx
2026-05,2026-05-31,ZATL,SFP,Current liabilities,Premium payable,detail,premium_payable,0.0,-0.0,SFP Detailed,46,May 2026 Consolidated Accounts.xlsx
2026-05,2026-05-31,DRC,SFP,Current liabilities,Premium payable,detail,premium_payable,-51641252.09,51641252.09,SFP Detailed,46,May 2026 Consolidated Accounts.xlsx
2026-05,2026-05-31,C&P,SFP,Current liabilities,Premium payable,detail,premium_payable,0.0,-0.0,SFP Detailed,46,May 2026 Consolidated Accounts.xlsx
2026-05,2026-05-31,ZAAC,SFP,Current liabilities,Borrowings,detail,borrowings,0.43,-0.43,SFP Detailed,47,May 2026 Consolidated Accounts.xlsx
2026-05,2026-05-31,ZAMRE,SFP,Current liabilities,Borrowings,detail,borrowings,0.0,-0.0,SFP Detailed,47,May 2026 Consolidated Accounts.xlsx
2026-05,2026-05-31,ZARIB,SFP,Current liabilities,Borrowings,detail,borrowings,0.0,-0.0,SFP Detailed,47,May 2026 Consolidated Accounts.xlsx
2026-05,2026-05-31,MALAWI,SFP,Current liabilities,Borrowings,detail,borrowings,0.0,-0.0,SFP Detailed,47,May 2026 Consolidated Accounts.xlsx
2026-05,2026-05-31,MENA,SFP,Current liabilities,Borrowings,detail,borrowings,0.0,-0.0,SFP Detailed,47,May 2026 Consolidated Accounts.xlsx
2026-05,2026-05-31,NIGERIA,SFP,Current liabilities,Borrowings,detail,borrowings,0.0,-0.0,SFP Detailed,47,May 2026 Consolidated Accounts.xlsx
2026-05,2026-05-31,RWANDA,SFP,Current liabilities,Borrowings,detail,borrowings,0.0,-0.0,SFP Detailed,47,May 2026 Consolidated Accounts.xlsx
2026-05,2026-05-31,ZHL,SFP,Current liabilities,Borrowings,detail,borrowings,0.0,-0.0,SFP Detailed,47,May 2026 Consolidated Accounts.xlsx
2026-05,2026-05-31,ZATL,SFP,Current liabilities,Borrowings,detail,borrowings,0.0,-0.0,SFP Detailed,47,May 2026 Consolidated Accounts.xlsx
2026-05,2026-05-31,DRC,SFP,Current liabilities,Borrowings,detail,borrowings,0.0,-0.0,SFP Detailed,47,May 2026 Consolidated Accounts.xlsx
2026-05,2026-05-31,C&P,SFP,Current liabilities,Borrowings,detail,borrowings,0.0,-0.0,SFP Detailed,47,May 2026 Consolidated Accounts.xlsx
2026-05,2026-05-31,ZAAC,SFP,Current liabilities,(group_subtotal),group_subtotal,,-89297798.56,-89297798.56,SFP Detailed,48,May 2026 Consolidated Accounts.xlsx
2026-05,2026-05-31,ZAMRE,SFP,Current liabilities,(group_subtotal),group_subtotal,,-228549793.71,-228549793.71,SFP Detailed,48,May 2026 Consolidated Accounts.xlsx
2026-05,2026-05-31,ZARIB,SFP,Current liabilities,(group_subtotal),group_subtotal,,-1682796732.49,-1682796732.49,SFP Detailed,48,May 2026 Consolidated Accounts.xlsx
2026-05,2026-05-31,MALAWI,SFP,Current liabilities,(group_subtotal),group_subtotal,,-22873584.14,-22873584.14,SFP Detailed,48,May 2026 Consolidated Accounts.xlsx
2026-05,2026-05-31,MENA,SFP,Current liabilities,(group_subtotal),group_subtotal,,-56046255.21,-56046255.21,SFP Detailed,48,May 2026 Consolidated Accounts.xlsx
2026-05,2026-05-31,NIGERIA,SFP,Current liabilities,(group_subtotal),group_subtotal,,-6666625.93,-6666625.93,SFP Detailed,48,May 2026 Consolidated Accounts.xlsx
2026-05,2026-05-31,RWANDA,SFP,Current liabilities,(group_subtotal),group_subtotal,,-4391063.21,-4391063.21,SFP Detailed,48,May 2026 Consolidated Accounts.xlsx
2026-05,2026-05-31,ZHL,SFP,Current liabilities,(group_subtotal),group_subtotal,,-1009364003.45,-1009364003.45,SFP Detailed,48,May 2026 Consolidated Accounts.xlsx
2026-05,2026-05-31,ZATL,SFP,Current liabilities,(group_subtotal),group_subtotal,,-918562.18,-918562.18,SFP Detailed,48,May 2026 Consolidated Accounts.xlsx
2026-05,2026-05-31,DRC,SFP,Current liabilities,(group_subtotal),group_subtotal,,-50269469.17,-50269469.17,SFP Detailed,48,May 2026 Consolidated Accounts.xlsx
2026-05,2026-05-31,C&P,SFP,Current liabilities,(group_subtotal),group_subtotal,,-7847644.39,-7847644.39,SFP Detailed,48,May 2026 Consolidated Accounts.xlsx
2026-05,2026-05-31,ZAAC,SFP,Current liabilities,Total Equity and Liabilities,total,,-1235695966.89,-1235695966.89,SFP Detailed,50,May 2026 Consolidated Accounts.xlsx
2026-05,2026-05-31,ZAMRE,SFP,Current liabilities,Total Equity and Liabilities,total,,-252939916.01,-252939916.01,SFP Detailed,50,May 2026 Consolidated Accounts.xlsx
2026-05,2026-05-31,ZARIB,SFP,Current liabilities,Total Equity and Liabilities,total,,-3311685790.75,-3311685790.75,SFP Detailed,50,May 2026 Consolidated Accounts.xlsx
2026-05,2026-05-31,MALAWI,SFP,Current liabilities,Total Equity and Liabilities,total,,-200415214.86,-200415214.86,SFP Detailed,50,May 2026 Consolidated Accounts.xlsx
2026-05,2026-05-31,MENA,SFP,Current liabilities,Total Equity and Liabilities,total,,-119608122.95,-119608122.95,SFP Detailed,50,May 2026 Consolidated Accounts.xlsx
2026-05,2026-05-31,NIGERIA,SFP,Current liabilities,Total Equity and Liabilities,total,,-36745358.66,-36745358.66,SFP Detailed,50,May 2026 Consolidated Accounts.xlsx
2026-05,2026-05-31,RWANDA,SFP,Current liabilities,Total Equity and Liabilities,total,,-57081882.99,-57081882.99,SFP Detailed,50,May 2026 Consolidated Accounts.xlsx
2026-05,2026-05-31,ZHL,SFP,Current liabilities,Total Equity and Liabilities,total,,-1028877800.65,-1028877800.65,SFP Detailed,50,May 2026 Consolidated Accounts.xlsx
2026-05,2026-05-31,ZATL,SFP,Current liabilities,Total Equity and Liabilities,total,,-9642467.48,-9642467.48,SFP Detailed,50,May 2026 Consolidated Accounts.xlsx
2026-05,2026-05-31,DRC,SFP,Current liabilities,Total Equity and Liabilities,total,,-63025055.44,-63025055.44,SFP Detailed,50,May 2026 Consolidated Accounts.xlsx
2026-05,2026-05-31,C&P,SFP,Current liabilities,Total Equity and Liabilities,total,,-177496410.13,-177496410.13,SFP Detailed,50,May 2026 Consolidated Accounts.xlsx
2026-05,2026-05-31,ZAAC,SFP,Current liabilities,(group_subtotal),group_subtotal,,0.01,0.01,SFP Detailed,52,May 2026 Consolidated Accounts.xlsx
2026-05,2026-05-31,ZAMRE,SFP,Current liabilities,(group_subtotal),group_subtotal,,0.0,0.0,SFP Detailed,52,May 2026 Consolidated Accounts.xlsx
2026-05,2026-05-31,ZARIB,SFP,Current liabilities,(group_subtotal),group_subtotal,,0.18,0.18,SFP Detailed,52,May 2026 Consolidated Accounts.xlsx
2026-05,2026-05-31,MALAWI,SFP,Current liabilities,(group_subtotal),group_subtotal,,0.0,0.0,SFP Detailed,52,May 2026 Consolidated Accounts.xlsx
2026-05,2026-05-31,MENA,SFP,Current liabilities,(group_subtotal),group_subtotal,,-3.52,-3.52,SFP Detailed,52,May 2026 Consolidated Accounts.xlsx
2026-05,2026-05-31,NIGERIA,SFP,Current liabilities,(group_subtotal),group_subtotal,,0.0,0.0,SFP Detailed,52,May 2026 Consolidated Accounts.xlsx
2026-05,2026-05-31,RWANDA,SFP,Current liabilities,(group_subtotal),group_subtotal,,0.0,0.0,SFP Detailed,52,May 2026 Consolidated Accounts.xlsx
2026-05,2026-05-31,ZHL,SFP,Current liabilities,(group_subtotal),group_subtotal,,0.0,0.0,SFP Detailed,52,May 2026 Consolidated Accounts.xlsx
2026-05,2026-05-31,ZATL,SFP,Current liabilities,(group_subtotal),group_subtotal,,0.0,0.0,SFP Detailed,52,May 2026 Consolidated Accounts.xlsx
2026-05,2026-05-31,DRC,SFP,Current liabilities,(group_subtotal),group_subtotal,,0.0,0.0,SFP Detailed,52,May 2026 Consolidated Accounts.xlsx
2026-05,2026-05-31,C&P,SFP,Current liabilities,(group_subtotal),group_subtotal,,0.0,0.0,SFP Detailed,52,May 2026 Consolidated Accounts.xlsx
2026-06,2026-06-30,ZAAC,SCI,INCOME,Actuarial Fees,detail,actuarial_fees,-194839442.0,194839442.0,SCI Detailed,8,June 2026 Consolidated Accounts.xlsx
2026-06,2026-06-30,ZAMRE,SCI,INCOME,Actuarial Fees,detail,actuarial_fees,0.0,-0.0,SCI Detailed,8,June 2026 Consolidated Accounts.xlsx
2026-06,2026-06-30,ZARIB,SCI,INCOME,Actuarial Fees,detail,actuarial_fees,0.0,-0.0,SCI Detailed,8,June 2026 Consolidated Accounts.xlsx
2026-06,2026-06-30,MALAWI,SCI,INCOME,Actuarial Fees,detail,actuarial_fees,0.0,-0.0,SCI Detailed,8,June 2026 Consolidated Accounts.xlsx
2026-06,2026-06-30,MENA,SCI,INCOME,Actuarial Fees,detail,actuarial_fees,-49755666.68,49755666.68,SCI Detailed,8,June 2026 Consolidated Accounts.xlsx
2026-06,2026-06-30,NIGERIA,SCI,INCOME,Actuarial Fees,detail,actuarial_fees,-42861883.05,42861883.05,SCI Detailed,8,June 2026 Consolidated Accounts.xlsx
2026-06,2026-06-30,RWANDA,SCI,INCOME,Actuarial Fees,detail,actuarial_fees,-7211729.47,7211729.47,SCI Detailed,8,June 2026 Consolidated Accounts.xlsx
2026-06,2026-06-30,ZHL,SCI,INCOME,Actuarial Fees,detail,actuarial_fees,0.0,-0.0,SCI Detailed,8,June 2026 Consolidated Accounts.xlsx
2026-06,2026-06-30,ZATL,SCI,INCOME,Actuarial Fees,detail,actuarial_fees,-7789986.21,7789986.21,SCI Detailed,8,June 2026 Consolidated Accounts.xlsx
2026-06,2026-06-30,DRC,SCI,INCOME,Actuarial Fees,detail,actuarial_fees,0.0,-0.0,SCI Detailed,8,June 2026 Consolidated Accounts.xlsx
2026-06,2026-06-30,C&P,SCI,INCOME,Actuarial Fees,detail,actuarial_fees,0.0,-0.0,SCI Detailed,8,June 2026 Consolidated Accounts.xlsx
2026-06,2026-06-30,ZAAC,SCI,INCOME,Pension Admin Fee,detail,pension_admin_fee,-254926353.36,254926353.36,SCI Detailed,9,June 2026 Consolidated Accounts.xlsx
2026-06,2026-06-30,MALAWI,SCI,INCOME,Pension Admin Fee,detail,pension_admin_fee,-114072021.13,114072021.13,SCI Detailed,9,June 2026 Consolidated Accounts.xlsx
2026-06,2026-06-30,MENA,SCI,INCOME,Pension Admin Fee,detail,pension_admin_fee,0.0,-0.0,SCI Detailed,9,June 2026 Consolidated Accounts.xlsx
2026-06,2026-06-30,NIGERIA,SCI,INCOME,Pension Admin Fee,detail,pension_admin_fee,0.0,-0.0,SCI Detailed,9,June 2026 Consolidated Accounts.xlsx
2026-06,2026-06-30,RWANDA,SCI,INCOME,Pension Admin Fee,detail,pension_admin_fee,-412650.12,412650.12,SCI Detailed,9,June 2026 Consolidated Accounts.xlsx
2026-06,2026-06-30,C&P,SCI,INCOME,Pension Admin Fee,detail,pension_admin_fee,-25197334.54,25197334.54,SCI Detailed,9,June 2026 Consolidated Accounts.xlsx
2026-06,2026-06-30,ZAAC,SCI,INCOME,Umbrella Fund,detail,umbrella_fund,-156675502.41,156675502.41,SCI Detailed,10,June 2026 Consolidated Accounts.xlsx
2026-06,2026-06-30,ZAAC,SCI,INCOME,Insurance Commissions,detail,insurance_commissions,0.0,-0.0,SCI Detailed,11,June 2026 Consolidated Accounts.xlsx
2026-06,2026-06-30,ZAMRE,SCI,INCOME,Insurance Commissions,detail,insurance_commissions,-47590934.0,47590934.0,SCI Detailed,11,June 2026 Consolidated Accounts.xlsx
2026-06,2026-06-30,ZARIB,SCI,INCOME,Insurance Commissions,detail,insurance_commissions,-952898664.32,952898664.32,SCI Detailed,11,June 2026 Consolidated Accounts.xlsx
2026-06,2026-06-30,MALAWI,SCI,INCOME,Insurance Commissions,detail,insurance_commissions,0.0,-0.0,SCI Detailed,11,June 2026 Consolidated Accounts.xlsx
2026-06,2026-06-30,MENA,SCI,INCOME,Insurance Commissions,detail,insurance_commissions,0.0,-0.0,SCI Detailed,11,June 2026 Consolidated Accounts.xlsx
2026-06,2026-06-30,NIGERIA,SCI,INCOME,Insurance Commissions,detail,insurance_commissions,0.0,-0.0,SCI Detailed,11,June 2026 Consolidated Accounts.xlsx
2026-06,2026-06-30,RWANDA,SCI,INCOME,Insurance Commissions,detail,insurance_commissions,-27911554.55,27911554.55,SCI Detailed,11,June 2026 Consolidated Accounts.xlsx
2026-06,2026-06-30,ZHL,SCI,INCOME,Insurance Commissions,detail,insurance_commissions,0.0,-0.0,SCI Detailed,11,June 2026 Consolidated Accounts.xlsx
2026-06,2026-06-30,ZATL,SCI,INCOME,Insurance Commissions,detail,insurance_commissions,0.0,-0.0,SCI Detailed,11,June 2026 Consolidated Accounts.xlsx
2026-06,2026-06-30,DRC,SCI,INCOME,Insurance Commissions,detail,insurance_commissions,-41801336.38,41801336.38,SCI Detailed,11,June 2026 Consolidated Accounts.xlsx
2026-06,2026-06-30,C&P,SCI,INCOME,Insurance Commissions,detail,insurance_commissions,0.0,-0.0,SCI Detailed,11,June 2026 Consolidated Accounts.xlsx
2026-06,2026-06-30,ZAAC,SCI,INCOME,SAAS (Software as a Service),detail,saas_income,-15228347.0,15228347.0,SCI Detailed,12,June 2026 Consolidated Accounts.xlsx
2026-06,2026-06-30,ZAMRE,SCI,INCOME,SAAS (Software as a Service),detail,saas_income,0.0,-0.0,SCI Detailed,12,June 2026 Consolidated Accounts.xlsx
2026-06,2026-06-30,ZARIB,SCI,INCOME,SAAS (Software as a Service),detail,saas_income,0.0,-0.0,SCI Detailed,12,June 2026 Consolidated Accounts.xlsx
2026-06,2026-06-30,MALAWI,SCI,INCOME,SAAS (Software as a Service),detail,saas_income,0.0,-0.0,SCI Detailed,12,June 2026 Consolidated Accounts.xlsx
2026-06,2026-06-30,MENA,SCI,INCOME,SAAS (Software as a Service),detail,saas_income,0.0,-0.0,SCI Detailed,12,June 2026 Consolidated Accounts.xlsx
2026-06,2026-06-30,NIGERIA,SCI,INCOME,SAAS (Software as a Service),detail,saas_income,0.0,-0.0,SCI Detailed,12,June 2026 Consolidated Accounts.xlsx
2026-06,2026-06-30,RWANDA,SCI,INCOME,SAAS (Software as a Service),detail,saas_income,0.0,-0.0,SCI Detailed,12,June 2026 Consolidated Accounts.xlsx
2026-06,2026-06-30,ZHL,SCI,INCOME,SAAS (Software as a Service),detail,saas_income,0.0,-0.0,SCI Detailed,12,June 2026 Consolidated Accounts.xlsx
2026-06,2026-06-30,ZATL,SCI,INCOME,SAAS (Software as a Service),detail,saas_income,0.0,-0.0,SCI Detailed,12,June 2026 Consolidated Accounts.xlsx
2026-06,2026-06-30,DRC,SCI,INCOME,SAAS (Software as a Service),detail,saas_income,0.0,-0.0,SCI Detailed,12,June 2026 Consolidated Accounts.xlsx
2026-06,2026-06-30,C&P,SCI,INCOME,SAAS (Software as a Service),detail,saas_income,0.0,-0.0,SCI Detailed,12,June 2026 Consolidated Accounts.xlsx
2026-06,2026-06-30,ZAAC,SCI,INCOME,Retail,detail,retail_income,-60712365.6,60712365.6,SCI Detailed,13,June 2026 Consolidated Accounts.xlsx
2026-06,2026-06-30,ZAAC,SCI,INCOME,Other Income,detail,other_income,-50639624.35,50639624.35,SCI Detailed,14,June 2026 Consolidated Accounts.xlsx
2026-06,2026-06-30,ZAMRE,SCI,INCOME,Other Income,detail,other_income,-956969.32,956969.32,SCI Detailed,14,June 2026 Consolidated Accounts.xlsx
2026-06,2026-06-30,ZARIB,SCI,INCOME,Other Income,detail,other_income,-25919547.54,25919547.54,SCI Detailed,14,June 2026 Consolidated Accounts.xlsx
2026-06,2026-06-30,MALAWI,SCI,INCOME,Other Income,detail,other_income,-6894834.78,6894834.78,SCI Detailed,14,June 2026 Consolidated Accounts.xlsx
2026-06,2026-06-30,MENA,SCI,INCOME,Other Income,detail,other_income,0.0,-0.0,SCI Detailed,14,June 2026 Consolidated Accounts.xlsx
2026-06,2026-06-30,NIGERIA,SCI,INCOME,Other Income,detail,other_income,0.0,-0.0,SCI Detailed,14,June 2026 Consolidated Accounts.xlsx
2026-06,2026-06-30,RWANDA,SCI,INCOME,Other Income,detail,other_income,-811214.71,811214.71,SCI Detailed,14,June 2026 Consolidated Accounts.xlsx
2026-06,2026-06-30,ZHL,SCI,INCOME,Other Income,detail,other_income,-164015.66,164015.66,SCI Detailed,14,June 2026 Consolidated Accounts.xlsx
2026-06,2026-06-30,ZATL,SCI,INCOME,Other Income,detail,other_income,-14578.99,14578.99,SCI Detailed,14,June 2026 Consolidated Accounts.xlsx
2026-06,2026-06-30,DRC,SCI,INCOME,Other Income,detail,other_income,0.0,-0.0,SCI Detailed,14,June 2026 Consolidated Accounts.xlsx
2026-06,2026-06-30,C&P,SCI,INCOME,Other Income,detail,other_income,-239128.1,239128.1,SCI Detailed,14,June 2026 Consolidated Accounts.xlsx
2026-06,2026-06-30,ZAAC,SCI,INCOME,Total Income,total,,-733021634.72,-733021634.72,SCI Detailed,15,June 2026 Consolidated Accounts.xlsx
2026-06,2026-06-30,ZAMRE,SCI,INCOME,Total Income,total,,-48547903.32,-48547903.32,SCI Detailed,15,June 2026 Consolidated Accounts.xlsx
2026-06,2026-06-30,ZARIB,SCI,INCOME,Total Income,total,,-978818211.86,-978818211.86,SCI Detailed,15,June 2026 Consolidated Accounts.xlsx
2026-06,2026-06-30,MALAWI,SCI,INCOME,Total Income,total,,-120966855.92,-120966855.92,SCI Detailed,15,June 2026 Consolidated Accounts.xlsx
2026-06,2026-06-30,MENA,SCI,INCOME,Total Income,total,,-49755666.68,-49755666.68,SCI Detailed,15,June 2026 Consolidated Accounts.xlsx
2026-06,2026-06-30,NIGERIA,SCI,INCOME,Total Income,total,,-42861883.05,-42861883.05,SCI Detailed,15,June 2026 Consolidated Accounts.xlsx
2026-06,2026-06-30,RWANDA,SCI,INCOME,Total Income,total,,-36347148.85,-36347148.85,SCI Detailed,15,June 2026 Consolidated Accounts.xlsx
2026-06,2026-06-30,ZHL,SCI,INCOME,Total Income,total,,-164015.66,-164015.66,SCI Detailed,15,June 2026 Consolidated Accounts.xlsx
2026-06,2026-06-30,ZATL,SCI,INCOME,Total Income,total,,-7804565.2,-7804565.2,SCI Detailed,15,June 2026 Consolidated Accounts.xlsx
2026-06,2026-06-30,DRC,SCI,INCOME,Total Income,total,,-41801336.38,-41801336.38,SCI Detailed,15,June 2026 Consolidated Accounts.xlsx
2026-06,2026-06-30,C&P,SCI,INCOME,Total Income,total,,-25436462.64,-25436462.64,SCI Detailed,15,June 2026 Consolidated Accounts.xlsx
2026-06,2026-06-30,ZAAC,SCI,Personnel Costs,Emol.Pack-Salaries,detail,personnel_costs,378864500.91,378864500.91,SCI Detailed,19,June 2026 Consolidated Accounts.xlsx
2026-06,2026-06-30,ZAMRE,SCI,Personnel Costs,Emol.Pack-Salaries,detail,personnel_costs,0.0,0.0,SCI Detailed,19,June 2026 Consolidated Accounts.xlsx
2026-06,2026-06-30,ZARIB,SCI,Personnel Costs,Emol.Pack-Salaries,detail,personnel_costs,186960093.26,186960093.26,SCI Detailed,19,June 2026 Consolidated Accounts.xlsx
2026-06,2026-06-30,MALAWI,SCI,Personnel Costs,Emol.Pack-Salaries,detail,personnel_costs,18075781.93,18075781.93,SCI Detailed,19,June 2026 Consolidated Accounts.xlsx
2026-06,2026-06-30,MENA,SCI,Personnel Costs,Emol.Pack-Salaries,detail,personnel_costs,28346609.33,28346609.33,SCI Detailed,19,June 2026 Consolidated Accounts.xlsx
2026-06,2026-06-30,NIGERIA,SCI,Personnel Costs,Emol.Pack-Salaries,detail,personnel_costs,5879753.51,5879753.51,SCI Detailed,19,June 2026 Consolidated Accounts.xlsx
2026-06,2026-06-30,RWANDA,SCI,Personnel Costs,Emol.Pack-Salaries,detail,personnel_costs,15979427.79,15979427.79,SCI Detailed,19,June 2026 Consolidated Accounts.xlsx
2026-06,2026-06-30,ZHL,SCI,Personnel Costs,Emol.Pack-Salaries,detail,personnel_costs,0.0,0.0,SCI Detailed,19,June 2026 Consolidated Accounts.xlsx
2026-06,2026-06-30,ZATL,SCI,Personnel Costs,Emol.Pack-Salaries,detail,personnel_costs,2288481.09,2288481.09,SCI Detailed,19,June 2026 Consolidated Accounts.xlsx
2026-06,2026-06-30,DRC,SCI,Personnel Costs,Emol.Pack-Salaries,detail,personnel_costs,6221517.26,6221517.26,SCI Detailed,19,June 2026 Consolidated Accounts.xlsx
2026-06,2026-06-30,ZAAC,SCI,Personnel Costs,Emol.Pack-Housing Subsid,detail,personnel_costs,5475903.01,5475903.01,SCI Detailed,20,June 2026 Consolidated Accounts.xlsx
2026-06,2026-06-30,ZAMRE,SCI,Personnel Costs,Emol.Pack-Housing Subsid,detail,personnel_costs,0.0,0.0,SCI Detailed,20,June 2026 Consolidated Accounts.xlsx
2026-06,2026-06-30,ZARIB,SCI,Personnel Costs,Emol.Pack-Housing Subsid,detail,personnel_costs,0.0,0.0,SCI Detailed,20,June 2026 Consolidated Accounts.xlsx
2026-06,2026-06-30,MALAWI,SCI,Personnel Costs,Emol.Pack-Housing Subsid,detail,personnel_costs,0.0,0.0,SCI Detailed,20,June 2026 Consolidated Accounts.xlsx
2026-06,2026-06-30,MENA,SCI,Personnel Costs,Emol.Pack-Housing Subsid,detail,personnel_costs,0.0,0.0,SCI Detailed,20,June 2026 Consolidated Accounts.xlsx
2026-06,2026-06-30,NIGERIA,SCI,Personnel Costs,Emol.Pack-Housing Subsid,detail,personnel_costs,0.0,0.0,SCI Detailed,20,June 2026 Consolidated Accounts.xlsx
2026-06,2026-06-30,RWANDA,SCI,Personnel Costs,Emol.Pack-Housing Subsid,detail,personnel_costs,0.0,0.0,SCI Detailed,20,June 2026 Consolidated Accounts.xlsx
2026-06,2026-06-30,ZHL,SCI,Personnel Costs,Emol.Pack-Housing Subsid,detail,personnel_costs,0.0,0.0,SCI Detailed,20,June 2026 Consolidated Accounts.xlsx
2026-06,2026-06-30,ZATL,SCI,Personnel Costs,Emol.Pack-Housing Subsid,detail,personnel_costs,0.0,0.0,SCI Detailed,20,June 2026 Consolidated Accounts.xlsx
2026-06,2026-06-30,DRC,SCI,Personnel Costs,Emol.Pack-Housing Subsid,detail,personnel_costs,0.0,0.0,SCI Detailed,20,June 2026 Consolidated Accounts.xlsx
2026-06,2026-06-30,ZAAC,SCI,Personnel Costs,Emol.Pack-Other,detail,personnel_costs,965350.0,965350.0,SCI Detailed,21,June 2026 Consolidated Accounts.xlsx
2026-06,2026-06-30,ZAMRE,SCI,Personnel Costs,Emol.Pack-Other,detail,personnel_costs,0.0,0.0,SCI Detailed,21,June 2026 Consolidated Accounts.xlsx
2026-06,2026-06-30,ZARIB,SCI,Personnel Costs,Emol.Pack-Other,detail,personnel_costs,3528869.0,3528869.0,SCI Detailed,21,June 2026 Consolidated Accounts.xlsx
2026-06,2026-06-30,MALAWI,SCI,Personnel Costs,Emol.Pack-Other,detail,personnel_costs,674003.03,674003.03,SCI Detailed,21,June 2026 Consolidated Accounts.xlsx
2026-06,2026-06-30,MENA,SCI,Personnel Costs,Emol.Pack-Other,detail,personnel_costs,0.0,0.0,SCI Detailed,21,June 2026 Consolidated Accounts.xlsx
2026-06,2026-06-30,NIGERIA,SCI,Personnel Costs,Emol.Pack-Other,detail,personnel_costs,0.0,0.0,SCI Detailed,21,June 2026 Consolidated Accounts.xlsx
2026-06,2026-06-30,RWANDA,SCI,Personnel Costs,Emol.Pack-Other,detail,personnel_costs,0.0,0.0,SCI Detailed,21,June 2026 Consolidated Accounts.xlsx
2026-06,2026-06-30,ZHL,SCI,Personnel Costs,Emol.Pack-Other,detail,personnel_costs,0.0,0.0,SCI Detailed,21,June 2026 Consolidated Accounts.xlsx
2026-06,2026-06-30,ZATL,SCI,Personnel Costs,Emol.Pack-Other,detail,personnel_costs,16496.9,16496.9,SCI Detailed,21,June 2026 Consolidated Accounts.xlsx
2026-06,2026-06-30,DRC,SCI,Personnel Costs,Emol.Pack-Other,detail,personnel_costs,0.0,0.0,SCI Detailed,21,June 2026 Consolidated Accounts.xlsx
2026-06,2026-06-30,ZAAC,SCI,Personnel Costs,Emol.Pack-Med.Contribut.,detail,personnel_costs,18852527.05,18852527.05,SCI Detailed,22,June 2026 Consolidated Accounts.xlsx
2026-06,2026-06-30,ZAMRE,SCI,Personnel Costs,Emol.Pack-Med.Contribut.,detail,personnel_costs,0.0,0.0,SCI Detailed,22,June 2026 Consolidated Accounts.xlsx
2026-06,2026-06-30,ZARIB,SCI,Personnel Costs,Emol.Pack-Med.Contribut.,detail,personnel_costs,13361540.13,13361540.13,SCI Detailed,22,June 2026 Consolidated Accounts.xlsx
2026-06,2026-06-30,MALAWI,SCI,Personnel Costs,Emol.Pack-Med.Contribut.,detail,personnel_costs,758090.54,758090.54,SCI Detailed,22,June 2026 Consolidated Accounts.xlsx
2026-06,2026-06-30,MENA,SCI,Personnel Costs,Emol.Pack-Med.Contribut.,detail,personnel_costs,0.0,0.0,SCI Detailed,22,June 2026 Consolidated Accounts.xlsx
2026-06,2026-06-30,NIGERIA,SCI,Personnel Costs,Emol.Pack-Med.Contribut.,detail,personnel_costs,391899.71,391899.71,SCI Detailed,22,June 2026 Consolidated Accounts.xlsx
2026-06,2026-06-30,RWANDA,SCI,Personnel Costs,Emol.Pack-Med.Contribut.,detail,personnel_costs,1201764.47,1201764.47,SCI Detailed,22,June 2026 Consolidated Accounts.xlsx
2026-06,2026-06-30,ZHL,SCI,Personnel Costs,Emol.Pack-Med.Contribut.,detail,personnel_costs,0.0,0.0,SCI Detailed,22,June 2026 Consolidated Accounts.xlsx
2026-06,2026-06-30,ZATL,SCI,Personnel Costs,Emol.Pack-Med.Contribut.,detail,personnel_costs,0.0,0.0,SCI Detailed,22,June 2026 Consolidated Accounts.xlsx
2026-06,2026-06-30,DRC,SCI,Personnel Costs,Emol.Pack-Med.Contribut.,detail,personnel_costs,0.0,0.0,SCI Detailed,22,June 2026 Consolidated Accounts.xlsx
2026-06,2026-06-30,ZAAC,SCI,Personnel Costs,Emol.Pack-Pens.Contribut.,detail,personnel_costs,29115700.28,29115700.28,SCI Detailed,23,June 2026 Consolidated Accounts.xlsx
2026-06,2026-06-30,ZAMRE,SCI,Personnel Costs,Emol.Pack-Pens.Contribut.,detail,personnel_costs,0.0,0.0,SCI Detailed,23,June 2026 Consolidated Accounts.xlsx
2026-06,2026-06-30,ZARIB,SCI,Personnel Costs,Emol.Pack-Pens.Contribut.,detail,personnel_costs,12708629.02,12708629.02,SCI Detailed,23,June 2026 Consolidated Accounts.xlsx
2026-06,2026-06-30,MALAWI,SCI,Personnel Costs,Emol.Pack-Pens.Contribut.,detail,personnel_costs,1761722.87,1761722.87,SCI Detailed,23,June 2026 Consolidated Accounts.xlsx
2026-06,2026-06-30,MENA,SCI,Personnel Costs,Emol.Pack-Pens.Contribut.,detail,personnel_costs,0.0,0.0,SCI Detailed,23,June 2026 Consolidated Accounts.xlsx
2026-06,2026-06-30,NIGERIA,SCI,Personnel Costs,Emol.Pack-Pens.Contribut.,detail,personnel_costs,534591.96,534591.96,SCI Detailed,23,June 2026 Consolidated Accounts.xlsx
2026-06,2026-06-30,RWANDA,SCI,Personnel Costs,Emol.Pack-Pens.Contribut.,detail,personnel_costs,139192.33,139192.33,SCI Detailed,23,June 2026 Consolidated Accounts.xlsx
2026-06,2026-06-30,ZHL,SCI,Personnel Costs,Emol.Pack-Pens.Contribut.,detail,personnel_costs,0.0,0.0,SCI Detailed,23,June 2026 Consolidated Accounts.xlsx
2026-06,2026-06-30,ZATL,SCI,Personnel Costs,Emol.Pack-Pens.Contribut.,detail,personnel_costs,190455.33,190455.33,SCI Detailed,23,June 2026 Consolidated Accounts.xlsx
2026-06,2026-06-30,DRC,SCI,Personnel Costs,Emol.Pack-Pens.Contribut.,detail,personnel_costs,0.0,0.0,SCI Detailed,23,June 2026 Consolidated Accounts.xlsx
2026-06,2026-06-30,ZAAC,SCI,Personnel Costs,Co.Contrib-Life Assurance,detail,personnel_costs,5581713.48,5581713.48,SCI Detailed,24,June 2026 Consolidated Accounts.xlsx
2026-06,2026-06-30,ZAMRE,SCI,Personnel Costs,Co.Contrib-Life Assurance,detail,personnel_costs,0.0,0.0,SCI Detailed,24,June 2026 Consolidated Accounts.xlsx
2026-06,2026-06-30,ZARIB,SCI,Personnel Costs,Co.Contrib-Life Assurance,detail,personnel_costs,2264274.46,2264274.46,SCI Detailed,24,June 2026 Consolidated Accounts.xlsx
2026-06,2026-06-30,MALAWI,SCI,Personnel Costs,Co.Contrib-Life Assurance,detail,personnel_costs,352344.57,352344.57,SCI Detailed,24,June 2026 Consolidated Accounts.xlsx
2026-06,2026-06-30,MENA,SCI,Personnel Costs,Co.Contrib-Life Assurance,detail,personnel_costs,0.0,0.0,SCI Detailed,24,June 2026 Consolidated Accounts.xlsx
2026-06,2026-06-30,NIGERIA,SCI,Personnel Costs,Co.Contrib-Life Assurance,detail,personnel_costs,251802.04,251802.04,SCI Detailed,24,June 2026 Consolidated Accounts.xlsx
2026-06,2026-06-30,RWANDA,SCI,Personnel Costs,Co.Contrib-Life Assurance,detail,personnel_costs,240769.09,240769.09,SCI Detailed,24,June 2026 Consolidated Accounts.xlsx
2026-06,2026-06-30,ZHL,SCI,Personnel Costs,Co.Contrib-Life Assurance,detail,personnel_costs,0.0,0.0,SCI Detailed,24,June 2026 Consolidated Accounts.xlsx
2026-06,2026-06-30,ZATL,SCI,Personnel Costs,Co.Contrib-Life Assurance,detail,personnel_costs,0.0,0.0,SCI Detailed,24,June 2026 Consolidated Accounts.xlsx
2026-06,2026-06-30,DRC,SCI,Personnel Costs,Co.Contrib-Life Assurance,detail,personnel_costs,0.0,0.0,SCI Detailed,24,June 2026 Consolidated Accounts.xlsx
2026-06,2026-06-30,ZAAC,SCI,Personnel Costs,Temporary Staff-General,detail,personnel_costs,564003.41,564003.41,SCI Detailed,25,June 2026 Consolidated Accounts.xlsx
2026-06,2026-06-30,ZAMRE,SCI,Personnel Costs,Temporary Staff-General,detail,personnel_costs,0.0,0.0,SCI Detailed,25,June 2026 Consolidated Accounts.xlsx
2026-06,2026-06-30,ZARIB,SCI,Personnel Costs,Temporary Staff-General,detail,personnel_costs,71850.0,71850.0,SCI Detailed,25,June 2026 Consolidated Accounts.xlsx
2026-06,2026-06-30,MALAWI,SCI,Personnel Costs,Temporary Staff-General,detail,personnel_costs,0.0,0.0,SCI Detailed,25,June 2026 Consolidated Accounts.xlsx
2026-06,2026-06-30,MENA,SCI,Personnel Costs,Temporary Staff-General,detail,personnel_costs,0.0,0.0,SCI Detailed,25,June 2026 Consolidated Accounts.xlsx
2026-06,2026-06-30,NIGERIA,SCI,Personnel Costs,Temporary Staff-General,detail,personnel_costs,4981539.74,4981539.74,SCI Detailed,25,June 2026 Consolidated Accounts.xlsx
2026-06,2026-06-30,RWANDA,SCI,Personnel Costs,Temporary Staff-General,detail,personnel_costs,0.0,0.0,SCI Detailed,25,June 2026 Consolidated Accounts.xlsx
2026-06,2026-06-30,ZHL,SCI,Personnel Costs,Temporary Staff-General,detail,personnel_costs,0.0,0.0,SCI Detailed,25,June 2026 Consolidated Accounts.xlsx
2026-06,2026-06-30,ZATL,SCI,Personnel Costs,Temporary Staff-General,detail,personnel_costs,0.0,0.0,SCI Detailed,25,June 2026 Consolidated Accounts.xlsx
2026-06,2026-06-30,DRC,SCI,Personnel Costs,Temporary Staff-General,detail,personnel_costs,836825.1,836825.1,SCI Detailed,25,June 2026 Consolidated Accounts.xlsx
2026-06,2026-06-30,ZAAC,SCI,Personnel Costs,Welfare-General,detail,personnel_costs,366993.93,366993.93,SCI Detailed,26,June 2026 Consolidated Accounts.xlsx
2026-06,2026-06-30,ZAMRE,SCI,Personnel Costs,Welfare-General,detail,personnel_costs,0.0,0.0,SCI Detailed,26,June 2026 Consolidated Accounts.xlsx
2026-06,2026-06-30,ZARIB,SCI,Personnel Costs,Welfare-General,detail,personnel_costs,308589.12,308589.12,SCI Detailed,26,June 2026 Consolidated Accounts.xlsx
2026-06,2026-06-30,MALAWI,SCI,Personnel Costs,Welfare-General,detail,personnel_costs,519768.87,519768.87,SCI Detailed,26,June 2026 Consolidated Accounts.xlsx
2026-06,2026-06-30,MENA,SCI,Personnel Costs,Welfare-General,detail,personnel_costs,0.0,0.0,SCI Detailed,26,June 2026 Consolidated Accounts.xlsx
2026-06,2026-06-30,NIGERIA,SCI,Personnel Costs,Welfare-General,detail,personnel_costs,0.0,0.0,SCI Detailed,26,June 2026 Consolidated Accounts.xlsx
2026-06,2026-06-30,RWANDA,SCI,Personnel Costs,Welfare-General,detail,personnel_costs,0.0,0.0,SCI Detailed,26,June 2026 Consolidated Accounts.xlsx
2026-06,2026-06-30,ZHL,SCI,Personnel Costs,Welfare-General,detail,personnel_costs,0.0,0.0,SCI Detailed,26,June 2026 Consolidated Accounts.xlsx
2026-06,2026-06-30,ZATL,SCI,Personnel Costs,Welfare-General,detail,personnel_costs,49990.6,49990.6,SCI Detailed,26,June 2026 Consolidated Accounts.xlsx
2026-06,2026-06-30,DRC,SCI,Personnel Costs,Welfare-General,detail,personnel_costs,0.0,0.0,SCI Detailed,26,June 2026 Consolidated Accounts.xlsx
2026-06,2026-06-30,ZAAC,SCI,Personnel Costs,Other Staff Costs,detail,personnel_costs,-57207377.52,-57207377.52,SCI Detailed,27,June 2026 Consolidated Accounts.xlsx
2026-06,2026-06-30,ZAMRE,SCI,Personnel Costs,Other Staff Costs,detail,personnel_costs,15689226.0,15689226.0,SCI Detailed,27,June 2026 Consolidated Accounts.xlsx
2026-06,2026-06-30,ZARIB,SCI,Personnel Costs,Other Staff Costs,detail,personnel_costs,60321914.24,60321914.24,SCI Detailed,27,June 2026 Consolidated Accounts.xlsx
2026-06,2026-06-30,MALAWI,SCI,Personnel Costs,Other Staff Costs,detail,personnel_costs,579701.53,579701.53,SCI Detailed,27,June 2026 Consolidated Accounts.xlsx
2026-06,2026-06-30,MENA,SCI,Personnel Costs,Other Staff Costs,detail,personnel_costs,0.0,0.0,SCI Detailed,27,June 2026 Consolidated Accounts.xlsx
2026-06,2026-06-30,NIGERIA,SCI,Personnel Costs,Other Staff Costs,detail,personnel_costs,729008.34,729008.34,SCI Detailed,27,June 2026 Consolidated Accounts.xlsx
2026-06,2026-06-30,RWANDA,SCI,Personnel Costs,Other Staff Costs,detail,personnel_costs,1326292.5,1326292.5,SCI Detailed,27,June 2026 Consolidated Accounts.xlsx
2026-06,2026-06-30,ZHL,SCI,Personnel Costs,Other Staff Costs,detail,personnel_costs,0.0,0.0,SCI Detailed,27,June 2026 Consolidated Accounts.xlsx
2026-06,2026-06-30,ZATL,SCI,Personnel Costs,Other Staff Costs,detail,personnel_costs,9714.55,9714.55,SCI Detailed,27,June 2026 Consolidated Accounts.xlsx
2026-06,2026-06-30,DRC,SCI,Personnel Costs,Other Staff Costs,detail,personnel_costs,3711082.06,3711082.06,SCI Detailed,27,June 2026 Consolidated Accounts.xlsx
2026-06,2026-06-30,ZAAC,SCI,Personnel Costs,Other Staff Benefits,detail,personnel_costs,0.0,0.0,SCI Detailed,28,June 2026 Consolidated Accounts.xlsx
2026-06,2026-06-30,ZAMRE,SCI,Personnel Costs,Other Staff Benefits,detail,personnel_costs,0.0,0.0,SCI Detailed,28,June 2026 Consolidated Accounts.xlsx
2026-06,2026-06-30,ZARIB,SCI,Personnel Costs,Other Staff Benefits,detail,personnel_costs,0.0,0.0,SCI Detailed,28,June 2026 Consolidated Accounts.xlsx
2026-06,2026-06-30,MALAWI,SCI,Personnel Costs,Other Staff Benefits,detail,personnel_costs,0.0,0.0,SCI Detailed,28,June 2026 Consolidated Accounts.xlsx
2026-06,2026-06-30,MENA,SCI,Personnel Costs,Other Staff Benefits,detail,personnel_costs,0.0,0.0,SCI Detailed,28,June 2026 Consolidated Accounts.xlsx
2026-06,2026-06-30,NIGERIA,SCI,Personnel Costs,Other Staff Benefits,detail,personnel_costs,0.0,0.0,SCI Detailed,28,June 2026 Consolidated Accounts.xlsx
2026-06,2026-06-30,RWANDA,SCI,Personnel Costs,Other Staff Benefits,detail,personnel_costs,67809.67,67809.67,SCI Detailed,28,June 2026 Consolidated Accounts.xlsx
2026-06,2026-06-30,ZHL,SCI,Personnel Costs,Other Staff Benefits,detail,personnel_costs,0.0,0.0,SCI Detailed,28,June 2026 Consolidated Accounts.xlsx
2026-06,2026-06-30,ZATL,SCI,Personnel Costs,Other Staff Benefits,detail,personnel_costs,0.0,0.0,SCI Detailed,28,June 2026 Consolidated Accounts.xlsx
2026-06,2026-06-30,DRC,SCI,Personnel Costs,Other Staff Benefits,detail,personnel_costs,0.0,0.0,SCI Detailed,28,June 2026 Consolidated Accounts.xlsx
2026-06,2026-06-30,C&P,SCI,Personnel Costs,Other Staff Benefits,detail,personnel_costs,0.0,0.0,SCI Detailed,28,June 2026 Consolidated Accounts.xlsx
2026-06,2026-06-30,ZAAC,SCI,Personnel Costs,Training EXTERNAL,detail,personnel_costs,6028118.35,6028118.35,SCI Detailed,29,June 2026 Consolidated Accounts.xlsx
2026-06,2026-06-30,ZAMRE,SCI,Personnel Costs,Training EXTERNAL,detail,personnel_costs,133017.47,133017.47,SCI Detailed,29,June 2026 Consolidated Accounts.xlsx
2026-06,2026-06-30,ZARIB,SCI,Personnel Costs,Training EXTERNAL,detail,personnel_costs,1654979.07,1654979.07,SCI Detailed,29,June 2026 Consolidated Accounts.xlsx
2026-06,2026-06-30,MALAWI,SCI,Personnel Costs,Training EXTERNAL,detail,personnel_costs,0.0,0.0,SCI Detailed,29,June 2026 Consolidated Accounts.xlsx
2026-06,2026-06-30,MENA,SCI,Personnel Costs,Training EXTERNAL,detail,personnel_costs,0.0,0.0,SCI Detailed,29,June 2026 Consolidated Accounts.xlsx
2026-06,2026-06-30,NIGERIA,SCI,Personnel Costs,Training EXTERNAL,detail,personnel_costs,396487.93,396487.93,SCI Detailed,29,June 2026 Consolidated Accounts.xlsx
2026-06,2026-06-30,RWANDA,SCI,Personnel Costs,Training EXTERNAL,detail,personnel_costs,131348.4,131348.4,SCI Detailed,29,June 2026 Consolidated Accounts.xlsx
2026-06,2026-06-30,ZHL,SCI,Personnel Costs,Training EXTERNAL,detail,personnel_costs,0.0,0.0,SCI Detailed,29,June 2026 Consolidated Accounts.xlsx
2026-06,2026-06-30,ZATL,SCI,Personnel Costs,Training EXTERNAL,detail,personnel_costs,0.0,0.0,SCI Detailed,29,June 2026 Consolidated Accounts.xlsx
2026-06,2026-06-30,DRC,SCI,Personnel Costs,Training EXTERNAL,detail,personnel_costs,343680.66,343680.66,SCI Detailed,29,June 2026 Consolidated Accounts.xlsx
2026-06,2026-06-30,ZAAC,SCI,Personnel Costs,Commission Leads,detail,personnel_costs,306919.38,306919.38,SCI Detailed,30,June 2026 Consolidated Accounts.xlsx
2026-06,2026-06-30,ZAMRE,SCI,Personnel Costs,Commission Leads,detail,personnel_costs,0.0,0.0,SCI Detailed,30,June 2026 Consolidated Accounts.xlsx
2026-06,2026-06-30,ZARIB,SCI,Personnel Costs,Commission Leads,detail,personnel_costs,4347765.65,4347765.65,SCI Detailed,30,June 2026 Consolidated Accounts.xlsx
2026-06,2026-06-30,MALAWI,SCI,Personnel Costs,Commission Leads,detail,personnel_costs,0.0,0.0,SCI Detailed,30,June 2026 Consolidated Accounts.xlsx
2026-06,2026-06-30,MENA,SCI,Personnel Costs,Commission Leads,detail,personnel_costs,0.0,0.0,SCI Detailed,30,June 2026 Consolidated Accounts.xlsx
2026-06,2026-06-30,NIGERIA,SCI,Personnel Costs,Commission Leads,detail,personnel_costs,0.0,0.0,SCI Detailed,30,June 2026 Consolidated Accounts.xlsx
2026-06,2026-06-30,RWANDA,SCI,Personnel Costs,Commission Leads,detail,personnel_costs,0.0,0.0,SCI Detailed,30,June 2026 Consolidated Accounts.xlsx
2026-06,2026-06-30,ZHL,SCI,Personnel Costs,Commission Leads,detail,personnel_costs,0.0,0.0,SCI Detailed,30,June 2026 Consolidated Accounts.xlsx
2026-06,2026-06-30,ZATL,SCI,Personnel Costs,Commission Leads,detail,personnel_costs,0.0,0.0,SCI Detailed,30,June 2026 Consolidated Accounts.xlsx
2026-06,2026-06-30,DRC,SCI,Personnel Costs,Commission Leads,detail,personnel_costs,0.0,0.0,SCI Detailed,30,June 2026 Consolidated Accounts.xlsx
2026-06,2026-06-30,ZAAC,SCI,Personnel Costs,Training Internal,detail,personnel_costs,357820.0,357820.0,SCI Detailed,32,June 2026 Consolidated Accounts.xlsx
2026-06,2026-06-30,ZAMRE,SCI,Personnel Costs,Training Internal,detail,personnel_costs,2227.2,2227.2,SCI Detailed,32,June 2026 Consolidated Accounts.xlsx
2026-06,2026-06-30,ZARIB,SCI,Personnel Costs,Training Internal,detail,personnel_costs,384116.8,384116.8,SCI Detailed,32,June 2026 Consolidated Accounts.xlsx
2026-06,2026-06-30,MALAWI,SCI,Personnel Costs,Training Internal,detail,personnel_costs,0.0,0.0,SCI Detailed,32,June 2026 Consolidated Accounts.xlsx
2026-06,2026-06-30,MENA,SCI,Personnel Costs,Training Internal,detail,personnel_costs,0.0,0.0,SCI Detailed,32,June 2026 Consolidated Accounts.xlsx
2026-06,2026-06-30,NIGERIA,SCI,Personnel Costs,Training Internal,detail,personnel_costs,0.0,0.0,SCI Detailed,32,June 2026 Consolidated Accounts.xlsx
2026-06,2026-06-30,RWANDA,SCI,Personnel Costs,Training Internal,detail,personnel_costs,0.0,0.0,SCI Detailed,32,June 2026 Consolidated Accounts.xlsx
2026-06,2026-06-30,ZHL,SCI,Personnel Costs,Training Internal,detail,personnel_costs,0.0,0.0,SCI Detailed,32,June 2026 Consolidated Accounts.xlsx
2026-06,2026-06-30,ZATL,SCI,Personnel Costs,Training Internal,detail,personnel_costs,0.0,0.0,SCI Detailed,32,June 2026 Consolidated Accounts.xlsx
2026-06,2026-06-30,DRC,SCI,Personnel Costs,Training Internal,detail,personnel_costs,0.0,0.0,SCI Detailed,32,June 2026 Consolidated Accounts.xlsx
2026-06,2026-06-30,ZAAC,SCI,Personnel Costs,(group_subtotal),group_subtotal,,389272172.28,389272172.28,SCI Detailed,33,June 2026 Consolidated Accounts.xlsx
2026-06,2026-06-30,ZAMRE,SCI,Personnel Costs,(group_subtotal),group_subtotal,,15824470.67,15824470.67,SCI Detailed,33,June 2026 Consolidated Accounts.xlsx
2026-06,2026-06-30,ZARIB,SCI,Personnel Costs,(group_subtotal),group_subtotal,,285912620.75,285912620.75,SCI Detailed,33,June 2026 Consolidated Accounts.xlsx
2026-06,2026-06-30,MALAWI,SCI,Personnel Costs,(group_subtotal),group_subtotal,,22721413.35,22721413.35,SCI Detailed,33,June 2026 Consolidated Accounts.xlsx
2026-06,2026-06-30,MENA,SCI,Personnel Costs,(group_subtotal),group_subtotal,,28346609.33,28346609.33,SCI Detailed,33,June 2026 Consolidated Accounts.xlsx
2026-06,2026-06-30,NIGERIA,SCI,Personnel Costs,(group_subtotal),group_subtotal,,13165083.23,13165083.23,SCI Detailed,33,June 2026 Consolidated Accounts.xlsx
2026-06,2026-06-30,RWANDA,SCI,Personnel Costs,(group_subtotal),group_subtotal,,19086604.25,19086604.25,SCI Detailed,33,June 2026 Consolidated Accounts.xlsx
2026-06,2026-06-30,ZHL,SCI,Personnel Costs,(group_subtotal),group_subtotal,,0.0,0.0,SCI Detailed,33,June 2026 Consolidated Accounts.xlsx
2026-06,2026-06-30,ZATL,SCI,Personnel Costs,(group_subtotal),group_subtotal,,2555138.47,2555138.47,SCI Detailed,33,June 2026 Consolidated Accounts.xlsx
2026-06,2026-06-30,DRC,SCI,Personnel Costs,(group_subtotal),group_subtotal,,11113105.08,11113105.08,SCI Detailed,33,June 2026 Consolidated Accounts.xlsx
2026-06,2026-06-30,ZAAC,SCI,Travelling,Trav. Air Fares,detail,travelling,6840587.1,6840587.1,SCI Detailed,35,June 2026 Consolidated Accounts.xlsx
2026-06,2026-06-30,ZAMRE,SCI,Travelling,Trav. Air Fares,detail,travelling,1555748.0,1555748.0,SCI Detailed,35,June 2026 Consolidated Accounts.xlsx
2026-06,2026-06-30,ZARIB,SCI,Travelling,Trav. Air Fares,detail,travelling,1670763.0,1670763.0,SCI Detailed,35,June 2026 Consolidated Accounts.xlsx
2026-06,2026-06-30,MALAWI,SCI,Travelling,Trav. Air Fares,detail,travelling,715096.03,715096.03,SCI Detailed,35,June 2026 Consolidated Accounts.xlsx
2026-06,2026-06-30,MENA,SCI,Travelling,Trav. Air Fares,detail,travelling,59729.56,59729.56,SCI Detailed,35,June 2026 Consolidated Accounts.xlsx
2026-06,2026-06-30,NIGERIA,SCI,Travelling,Trav. Air Fares,detail,travelling,1204646.74,1204646.74,SCI Detailed,35,June 2026 Consolidated Accounts.xlsx
2026-06,2026-06-30,RWANDA,SCI,Travelling,Trav. Air Fares,detail,travelling,1861791.89,1861791.89,SCI Detailed,35,June 2026 Consolidated Accounts.xlsx
2026-06,2026-06-30,ZHL,SCI,Travelling,Trav. Air Fares,detail,travelling,0.0,0.0,SCI Detailed,35,June 2026 Consolidated Accounts.xlsx
2026-06,2026-06-30,ZATL,SCI,Travelling,Trav. Air Fares,detail,travelling,156220.63,156220.63,SCI Detailed,35,June 2026 Consolidated Accounts.xlsx
2026-06,2026-06-30,DRC,SCI,Travelling,Trav. Air Fares,detail,travelling,943083.0,943083.0,SCI Detailed,35,June 2026 Consolidated Accounts.xlsx
2026-06,2026-06-30,C&P,SCI,Travelling,Trav. Air Fares,detail,travelling,0.0,0.0,SCI Detailed,35,June 2026 Consolidated Accounts.xlsx
2026-06,2026-06-30,ZAAC,SCI,Travelling,Trav. Accom.,detail,travelling,10397925.23,10397925.23,SCI Detailed,36,June 2026 Consolidated Accounts.xlsx
2026-06,2026-06-30,ZAMRE,SCI,Travelling,Trav. Accom.,detail,travelling,1002054.5,1002054.5,SCI Detailed,36,June 2026 Consolidated Accounts.xlsx
2026-06,2026-06-30,ZARIB,SCI,Travelling,Trav. Accom.,detail,travelling,5483751.23,5483751.23,SCI Detailed,36,June 2026 Consolidated Accounts.xlsx
2026-06,2026-06-30,MALAWI,SCI,Travelling,Trav. Accom.,detail,travelling,750542.09,750542.09,SCI Detailed,36,June 2026 Consolidated Accounts.xlsx
2026-06,2026-06-30,MENA,SCI,Travelling,Trav. Accom.,detail,travelling,0.0,0.0,SCI Detailed,36,June 2026 Consolidated Accounts.xlsx
2026-06,2026-06-30,NIGERIA,SCI,Travelling,Trav. Accom.,detail,travelling,0.0,0.0,SCI Detailed,36,June 2026 Consolidated Accounts.xlsx
2026-06,2026-06-30,RWANDA,SCI,Travelling,Trav. Accom.,detail,travelling,0.0,0.0,SCI Detailed,36,June 2026 Consolidated Accounts.xlsx
2026-06,2026-06-30,ZHL,SCI,Travelling,Trav. Accom.,detail,travelling,0.0,0.0,SCI Detailed,36,June 2026 Consolidated Accounts.xlsx
2026-06,2026-06-30,ZATL,SCI,Travelling,Trav. Accom.,detail,travelling,771748.3,771748.3,SCI Detailed,36,June 2026 Consolidated Accounts.xlsx
2026-06,2026-06-30,DRC,SCI,Travelling,Trav. Accom.,detail,travelling,2306866.4,2306866.4,SCI Detailed,36,June 2026 Consolidated Accounts.xlsx
2026-06,2026-06-30,C&P,SCI,Travelling,Trav. Accom.,detail,travelling,0.0,0.0,SCI Detailed,36,June 2026 Consolidated Accounts.xlsx
2026-06,2026-06-30,ZAAC,SCI,Travelling,Trav. Sundry exp.,detail,travelling,0.0,0.0,SCI Detailed,37,June 2026 Consolidated Accounts.xlsx
2026-06,2026-06-30,ZAMRE,SCI,Travelling,Trav. Sundry exp.,detail,travelling,0.0,0.0,SCI Detailed,37,June 2026 Consolidated Accounts.xlsx
2026-06,2026-06-30,ZARIB,SCI,Travelling,Trav. Sundry exp.,detail,travelling,0.0,0.0,SCI Detailed,37,June 2026 Consolidated Accounts.xlsx
2026-06,2026-06-30,MALAWI,SCI,Travelling,Trav. Sundry exp.,detail,travelling,1054713.83,1054713.83,SCI Detailed,37,June 2026 Consolidated Accounts.xlsx
2026-06,2026-06-30,MENA,SCI,Travelling,Trav. Sundry exp.,detail,travelling,1732340.99,1732340.99,SCI Detailed,37,June 2026 Consolidated Accounts.xlsx
2026-06,2026-06-30,NIGERIA,SCI,Travelling,Trav. Sundry exp.,detail,travelling,1258281.91,1258281.91,SCI Detailed,37,June 2026 Consolidated Accounts.xlsx
2026-06,2026-06-30,RWANDA,SCI,Travelling,Trav. Sundry exp.,detail,travelling,0.0,0.0,SCI Detailed,37,June 2026 Consolidated Accounts.xlsx
2026-06,2026-06-30,ZHL,SCI,Travelling,Trav. Sundry exp.,detail,travelling,0.0,0.0,SCI Detailed,37,June 2026 Consolidated Accounts.xlsx
2026-06,2026-06-30,ZATL,SCI,Travelling,Trav. Sundry exp.,detail,travelling,0.0,0.0,SCI Detailed,37,June 2026 Consolidated Accounts.xlsx
2026-06,2026-06-30,DRC,SCI,Travelling,Trav. Sundry exp.,detail,travelling,0.0,0.0,SCI Detailed,37,June 2026 Consolidated Accounts.xlsx
2026-06,2026-06-30,C&P,SCI,Travelling,Trav. Sundry exp.,detail,travelling,0.0,0.0,SCI Detailed,37,June 2026 Consolidated Accounts.xlsx
2026-06,2026-06-30,ZAAC,SCI,Travelling,(group_subtotal),group_subtotal,,17238512.33,17238512.33,SCI Detailed,39,June 2026 Consolidated Accounts.xlsx
2026-06,2026-06-30,ZAMRE,SCI,Travelling,(group_subtotal),group_subtotal,,2557802.5,2557802.5,SCI Detailed,39,June 2026 Consolidated Accounts.xlsx
2026-06,2026-06-30,ZARIB,SCI,Travelling,(group_subtotal),group_subtotal,,7154514.23,7154514.23,SCI Detailed,39,June 2026 Consolidated Accounts.xlsx
2026-06,2026-06-30,MALAWI,SCI,Travelling,(group_subtotal),group_subtotal,,2520351.95,2520351.95,SCI Detailed,39,June 2026 Consolidated Accounts.xlsx
2026-06,2026-06-30,MENA,SCI,Travelling,(group_subtotal),group_subtotal,,1792070.55,1792070.55,SCI Detailed,39,June 2026 Consolidated Accounts.xlsx
2026-06,2026-06-30,NIGERIA,SCI,Travelling,(group_subtotal),group_subtotal,,2462928.65,2462928.65,SCI Detailed,39,June 2026 Consolidated Accounts.xlsx
2026-06,2026-06-30,RWANDA,SCI,Travelling,(group_subtotal),group_subtotal,,1861791.89,1861791.89,SCI Detailed,39,June 2026 Consolidated Accounts.xlsx
2026-06,2026-06-30,ZHL,SCI,Travelling,(group_subtotal),group_subtotal,,0.0,0.0,SCI Detailed,39,June 2026 Consolidated Accounts.xlsx
2026-06,2026-06-30,ZATL,SCI,Travelling,(group_subtotal),group_subtotal,,927968.93,927968.93,SCI Detailed,39,June 2026 Consolidated Accounts.xlsx
2026-06,2026-06-30,DRC,SCI,Travelling,(group_subtotal),group_subtotal,,3249949.4,3249949.4,SCI Detailed,39,June 2026 Consolidated Accounts.xlsx
2026-06,2026-06-30,ZAAC,SCI,Entertainment,Entertainment-(IN TOWN),detail,entertainment,7958787.74,7958787.74,SCI Detailed,41,June 2026 Consolidated Accounts.xlsx
2026-06,2026-06-30,ZAMRE,SCI,Entertainment,Entertainment-(IN TOWN),detail,entertainment,678817.0,678817.0,SCI Detailed,41,June 2026 Consolidated Accounts.xlsx
2026-06,2026-06-30,ZARIB,SCI,Entertainment,Entertainment-(IN TOWN),detail,entertainment,6214651.48,6214651.48,SCI Detailed,41,June 2026 Consolidated Accounts.xlsx
2026-06,2026-06-30,MALAWI,SCI,Entertainment,Entertainment-(IN TOWN),detail,entertainment,0.0,0.0,SCI Detailed,41,June 2026 Consolidated Accounts.xlsx
2026-06,2026-06-30,MENA,SCI,Entertainment,Entertainment-(IN TOWN),detail,entertainment,0.0,0.0,SCI Detailed,41,June 2026 Consolidated Accounts.xlsx
2026-06,2026-06-30,NIGERIA,SCI,Entertainment,Entertainment-(IN TOWN),detail,entertainment,0.0,0.0,SCI Detailed,41,June 2026 Consolidated Accounts.xlsx
2026-06,2026-06-30,RWANDA,SCI,Entertainment,Entertainment-(IN TOWN),detail,entertainment,290528.36,290528.36,SCI Detailed,41,June 2026 Consolidated Accounts.xlsx
2026-06,2026-06-30,ZHL,SCI,Entertainment,Entertainment-(IN TOWN),detail,entertainment,11699.99,11699.99,SCI Detailed,41,June 2026 Consolidated Accounts.xlsx
2026-06,2026-06-30,ZATL,SCI,Entertainment,Entertainment-(IN TOWN),detail,entertainment,70836.68,70836.68,SCI Detailed,41,June 2026 Consolidated Accounts.xlsx
2026-06,2026-06-30,DRC,SCI,Entertainment,Entertainment-(IN TOWN),detail,entertainment,307830.57,307830.57,SCI Detailed,41,June 2026 Consolidated Accounts.xlsx
2026-06,2026-06-30,C&P,SCI,Entertainment,Entertainment-(IN TOWN),detail,entertainment,0.0,0.0,SCI Detailed,41,June 2026 Consolidated Accounts.xlsx
2026-06,2026-06-30,ZAAC,SCI,Entertainment,Entertainment-(OUT OF TOWN),detail,entertainment,30000.0,30000.0,SCI Detailed,42,June 2026 Consolidated Accounts.xlsx
2026-06,2026-06-30,ZAMRE,SCI,Entertainment,Entertainment-(OUT OF TOWN),detail,entertainment,71336.8,71336.8,SCI Detailed,42,June 2026 Consolidated Accounts.xlsx
2026-06,2026-06-30,ZARIB,SCI,Entertainment,Entertainment-(OUT OF TOWN),detail,entertainment,619060.0,619060.0,SCI Detailed,42,June 2026 Consolidated Accounts.xlsx
2026-06,2026-06-30,MALAWI,SCI,Entertainment,Entertainment-(OUT OF TOWN),detail,entertainment,0.0,0.0,SCI Detailed,42,June 2026 Consolidated Accounts.xlsx
2026-06,2026-06-30,MENA,SCI,Entertainment,Entertainment-(OUT OF TOWN),detail,entertainment,0.0,0.0,SCI Detailed,42,June 2026 Consolidated Accounts.xlsx
2026-06,2026-06-30,NIGERIA,SCI,Entertainment,Entertainment-(OUT OF TOWN),detail,entertainment,0.0,0.0,SCI Detailed,42,June 2026 Consolidated Accounts.xlsx
2026-06,2026-06-30,RWANDA,SCI,Entertainment,Entertainment-(OUT OF TOWN),detail,entertainment,0.0,0.0,SCI Detailed,42,June 2026 Consolidated Accounts.xlsx
2026-06,2026-06-30,ZHL,SCI,Entertainment,Entertainment-(OUT OF TOWN),detail,entertainment,0.0,0.0,SCI Detailed,42,June 2026 Consolidated Accounts.xlsx
2026-06,2026-06-30,ZATL,SCI,Entertainment,Entertainment-(OUT OF TOWN),detail,entertainment,0.0,0.0,SCI Detailed,42,June 2026 Consolidated Accounts.xlsx
2026-06,2026-06-30,DRC,SCI,Entertainment,Entertainment-(OUT OF TOWN),detail,entertainment,0.0,0.0,SCI Detailed,42,June 2026 Consolidated Accounts.xlsx
2026-06,2026-06-30,C&P,SCI,Entertainment,Entertainment-(OUT OF TOWN),detail,entertainment,0.0,0.0,SCI Detailed,42,June 2026 Consolidated Accounts.xlsx
2026-06,2026-06-30,ZAAC,SCI,Entertainment,CLIENT GIFTS AND REWARDS,detail,entertainment,70000.0,70000.0,SCI Detailed,43,June 2026 Consolidated Accounts.xlsx
2026-06,2026-06-30,ZAMRE,SCI,Entertainment,CLIENT GIFTS AND REWARDS,detail,entertainment,0.0,0.0,SCI Detailed,43,June 2026 Consolidated Accounts.xlsx
2026-06,2026-06-30,ZARIB,SCI,Entertainment,CLIENT GIFTS AND REWARDS,detail,entertainment,2613948.91,2613948.91,SCI Detailed,43,June 2026 Consolidated Accounts.xlsx
2026-06,2026-06-30,MALAWI,SCI,Entertainment,CLIENT GIFTS AND REWARDS,detail,entertainment,0.0,0.0,SCI Detailed,43,June 2026 Consolidated Accounts.xlsx
2026-06,2026-06-30,MENA,SCI,Entertainment,CLIENT GIFTS AND REWARDS,detail,entertainment,0.0,0.0,SCI Detailed,43,June 2026 Consolidated Accounts.xlsx
2026-06,2026-06-30,NIGERIA,SCI,Entertainment,CLIENT GIFTS AND REWARDS,detail,entertainment,0.0,0.0,SCI Detailed,43,June 2026 Consolidated Accounts.xlsx
2026-06,2026-06-30,RWANDA,SCI,Entertainment,CLIENT GIFTS AND REWARDS,detail,entertainment,0.0,0.0,SCI Detailed,43,June 2026 Consolidated Accounts.xlsx
2026-06,2026-06-30,ZHL,SCI,Entertainment,CLIENT GIFTS AND REWARDS,detail,entertainment,0.0,0.0,SCI Detailed,43,June 2026 Consolidated Accounts.xlsx
2026-06,2026-06-30,ZATL,SCI,Entertainment,CLIENT GIFTS AND REWARDS,detail,entertainment,0.0,0.0,SCI Detailed,43,June 2026 Consolidated Accounts.xlsx
2026-06,2026-06-30,DRC,SCI,Entertainment,CLIENT GIFTS AND REWARDS,detail,entertainment,0.0,0.0,SCI Detailed,43,June 2026 Consolidated Accounts.xlsx
2026-06,2026-06-30,C&P,SCI,Entertainment,CLIENT GIFTS AND REWARDS,detail,entertainment,0.0,0.0,SCI Detailed,43,June 2026 Consolidated Accounts.xlsx
2026-06,2026-06-30,ZAAC,SCI,Entertainment,Christmas Party,detail,entertainment,14000.0,14000.0,SCI Detailed,46,June 2026 Consolidated Accounts.xlsx
2026-06,2026-06-30,ZAMRE,SCI,Entertainment,Christmas Party,detail,entertainment,0.0,0.0,SCI Detailed,46,June 2026 Consolidated Accounts.xlsx
2026-06,2026-06-30,ZARIB,SCI,Entertainment,Christmas Party,detail,entertainment,0.0,0.0,SCI Detailed,46,June 2026 Consolidated Accounts.xlsx
2026-06,2026-06-30,MALAWI,SCI,Entertainment,Christmas Party,detail,entertainment,0.0,0.0,SCI Detailed,46,June 2026 Consolidated Accounts.xlsx
2026-06,2026-06-30,MENA,SCI,Entertainment,Christmas Party,detail,entertainment,0.0,0.0,SCI Detailed,46,June 2026 Consolidated Accounts.xlsx
2026-06,2026-06-30,NIGERIA,SCI,Entertainment,Christmas Party,detail,entertainment,62492.08,62492.08,SCI Detailed,46,June 2026 Consolidated Accounts.xlsx
2026-06,2026-06-30,RWANDA,SCI,Entertainment,Christmas Party,detail,entertainment,0.0,0.0,SCI Detailed,46,June 2026 Consolidated Accounts.xlsx
2026-06,2026-06-30,ZHL,SCI,Entertainment,Christmas Party,detail,entertainment,0.0,0.0,SCI Detailed,46,June 2026 Consolidated Accounts.xlsx
2026-06,2026-06-30,ZATL,SCI,Entertainment,Christmas Party,detail,entertainment,0.0,0.0,SCI Detailed,46,June 2026 Consolidated Accounts.xlsx
2026-06,2026-06-30,DRC,SCI,Entertainment,Christmas Party,detail,entertainment,0.0,0.0,SCI Detailed,46,June 2026 Consolidated Accounts.xlsx
2026-06,2026-06-30,C&P,SCI,Entertainment,Christmas Party,detail,entertainment,0.0,0.0,SCI Detailed,46,June 2026 Consolidated Accounts.xlsx
2026-06,2026-06-30,ZAAC,SCI,Entertainment,Conference Attended by us,detail,entertainment,1722147.04,1722147.04,SCI Detailed,47,June 2026 Consolidated Accounts.xlsx
2026-06,2026-06-30,ZAMRE,SCI,Entertainment,Conference Attended by us,detail,entertainment,206258.0,206258.0,SCI Detailed,47,June 2026 Consolidated Accounts.xlsx
2026-06,2026-06-30,ZARIB,SCI,Entertainment,Conference Attended by us,detail,entertainment,472009.0,472009.0,SCI Detailed,47,June 2026 Consolidated Accounts.xlsx
2026-06,2026-06-30,MALAWI,SCI,Entertainment,Conference Attended by us,detail,entertainment,1041145.81,1041145.81,SCI Detailed,47,June 2026 Consolidated Accounts.xlsx
2026-06,2026-06-30,MENA,SCI,Entertainment,Conference Attended by us,detail,entertainment,0.0,0.0,SCI Detailed,47,June 2026 Consolidated Accounts.xlsx
2026-06,2026-06-30,NIGERIA,SCI,Entertainment,Conference Attended by us,detail,entertainment,90860.57,90860.57,SCI Detailed,47,June 2026 Consolidated Accounts.xlsx
2026-06,2026-06-30,RWANDA,SCI,Entertainment,Conference Attended by us,detail,entertainment,0.0,0.0,SCI Detailed,47,June 2026 Consolidated Accounts.xlsx
2026-06,2026-06-30,ZHL,SCI,Entertainment,Conference Attended by us,detail,entertainment,0.0,0.0,SCI Detailed,47,June 2026 Consolidated Accounts.xlsx
2026-06,2026-06-30,ZATL,SCI,Entertainment,Conference Attended by us,detail,entertainment,24995.3,24995.3,SCI Detailed,47,June 2026 Consolidated Accounts.xlsx
2026-06,2026-06-30,DRC,SCI,Entertainment,Conference Attended by us,detail,entertainment,38810.0,38810.0,SCI Detailed,47,June 2026 Consolidated Accounts.xlsx
2026-06,2026-06-30,C&P,SCI,Entertainment,Conference Attended by us,detail,entertainment,0.0,0.0,SCI Detailed,47,June 2026 Consolidated Accounts.xlsx
2026-06,2026-06-30,ZAAC,SCI,Entertainment,Conference Given By Us,detail,entertainment,22074541.24,22074541.24,SCI Detailed,48,June 2026 Consolidated Accounts.xlsx
2026-06,2026-06-30,ZAAC,SCI,Entertainment,(group_subtotal),group_subtotal,,31869476.02,31869476.02,SCI Detailed,49,June 2026 Consolidated Accounts.xlsx
2026-06,2026-06-30,ZAMRE,SCI,Entertainment,(group_subtotal),group_subtotal,,956411.8,956411.8,SCI Detailed,49,June 2026 Consolidated Accounts.xlsx
2026-06,2026-06-30,ZARIB,SCI,Entertainment,(group_subtotal),group_subtotal,,9919669.39,9919669.39,SCI Detailed,49,June 2026 Consolidated Accounts.xlsx
2026-06,2026-06-30,MALAWI,SCI,Entertainment,(group_subtotal),group_subtotal,,1041145.81,1041145.81,SCI Detailed,49,June 2026 Consolidated Accounts.xlsx
2026-06,2026-06-30,MENA,SCI,Entertainment,(group_subtotal),group_subtotal,,0.0,0.0,SCI Detailed,49,June 2026 Consolidated Accounts.xlsx
2026-06,2026-06-30,NIGERIA,SCI,Entertainment,(group_subtotal),group_subtotal,,153352.65,153352.65,SCI Detailed,49,June 2026 Consolidated Accounts.xlsx
2026-06,2026-06-30,RWANDA,SCI,Entertainment,(group_subtotal),group_subtotal,,290528.36,290528.36,SCI Detailed,49,June 2026 Consolidated Accounts.xlsx
2026-06,2026-06-30,ZHL,SCI,Entertainment,(group_subtotal),group_subtotal,,11699.99,11699.99,SCI Detailed,49,June 2026 Consolidated Accounts.xlsx
2026-06,2026-06-30,ZATL,SCI,Entertainment,(group_subtotal),group_subtotal,,95831.98,95831.98,SCI Detailed,49,June 2026 Consolidated Accounts.xlsx
2026-06,2026-06-30,DRC,SCI,Entertainment,(group_subtotal),group_subtotal,,346640.57,346640.57,SCI Detailed,49,June 2026 Consolidated Accounts.xlsx
2026-06,2026-06-30,C&P,SCI,Entertainment,(group_subtotal),group_subtotal,,0.0,0.0,SCI Detailed,49,June 2026 Consolidated Accounts.xlsx
2026-06,2026-06-30,ZAAC,SCI,IT Costs,Software Maintenance,detail,it_costs,3717108.54,3717108.54,SCI Detailed,51,June 2026 Consolidated Accounts.xlsx
2026-06,2026-06-30,ZAMRE,SCI,IT Costs,Software Maintenance,detail,it_costs,0.0,0.0,SCI Detailed,51,June 2026 Consolidated Accounts.xlsx
2026-06,2026-06-30,MALAWI,SCI,IT Costs,Software Maintenance,detail,it_costs,0.0,0.0,SCI Detailed,51,June 2026 Consolidated Accounts.xlsx
2026-06,2026-06-30,MENA,SCI,IT Costs,Software Maintenance,detail,it_costs,1230076.94,1230076.94,SCI Detailed,51,June 2026 Consolidated Accounts.xlsx
2026-06,2026-06-30,NIGERIA,SCI,IT Costs,Software Maintenance,detail,it_costs,0.0,0.0,SCI Detailed,51,June 2026 Consolidated Accounts.xlsx
2026-06,2026-06-30,RWANDA,SCI,IT Costs,Software Maintenance,detail,it_costs,0.0,0.0,SCI Detailed,51,June 2026 Consolidated Accounts.xlsx
2026-06,2026-06-30,ZHL,SCI,IT Costs,Software Maintenance,detail,it_costs,0.0,0.0,SCI Detailed,51,June 2026 Consolidated Accounts.xlsx
2026-06,2026-06-30,ZATL,SCI,IT Costs,Software Maintenance,detail,it_costs,4109.23,4109.23,SCI Detailed,51,June 2026 Consolidated Accounts.xlsx
2026-06,2026-06-30,DRC,SCI,IT Costs,Software Maintenance,detail,it_costs,0.0,0.0,SCI Detailed,51,June 2026 Consolidated Accounts.xlsx
2026-06,2026-06-30,C&P,SCI,IT Costs,Software Maintenance,detail,it_costs,0.0,0.0,SCI Detailed,51,June 2026 Consolidated Accounts.xlsx
2026-06,2026-06-30,ZAAC,SCI,IT Costs,Software Licence Fees,detail,it_costs,21477270.05,21477270.05,SCI Detailed,52,June 2026 Consolidated Accounts.xlsx
2026-06,2026-06-30,ZAMRE,SCI,IT Costs,Software Licence Fees,detail,it_costs,592462.86,592462.86,SCI Detailed,52,June 2026 Consolidated Accounts.xlsx
2026-06,2026-06-30,ZARIB,SCI,IT Costs,Software Licence Fees,detail,it_costs,20081159.0,20081159.0,SCI Detailed,52,June 2026 Consolidated Accounts.xlsx
2026-06,2026-06-30,MALAWI,SCI,IT Costs,Software Licence Fees,detail,it_costs,0.0,0.0,SCI Detailed,52,June 2026 Consolidated Accounts.xlsx
2026-06,2026-06-30,MENA,SCI,IT Costs,Software Licence Fees,detail,it_costs,0.0,0.0,SCI Detailed,52,June 2026 Consolidated Accounts.xlsx
2026-06,2026-06-30,NIGERIA,SCI,IT Costs,Software Licence Fees,detail,it_costs,0.0,0.0,SCI Detailed,52,June 2026 Consolidated Accounts.xlsx
2026-06,2026-06-30,RWANDA,SCI,IT Costs,Software Licence Fees,detail,it_costs,141824.15,141824.15,SCI Detailed,52,June 2026 Consolidated Accounts.xlsx
2026-06,2026-06-30,ZHL,SCI,IT Costs,Software Licence Fees,detail,it_costs,0.0,0.0,SCI Detailed,52,June 2026 Consolidated Accounts.xlsx
2026-06,2026-06-30,ZATL,SCI,IT Costs,Software Licence Fees,detail,it_costs,0.0,0.0,SCI Detailed,52,June 2026 Consolidated Accounts.xlsx
2026-06,2026-06-30,DRC,SCI,IT Costs,Software Licence Fees,detail,it_costs,166566.05,166566.05,SCI Detailed,52,June 2026 Consolidated Accounts.xlsx
2026-06,2026-06-30,C&P,SCI,IT Costs,Software Licence Fees,detail,it_costs,0.0,0.0,SCI Detailed,52,June 2026 Consolidated Accounts.xlsx
2026-06,2026-06-30,ZAAC,SCI,IT Costs,Software Implemantation,detail,it_costs,2347510.28,2347510.28,SCI Detailed,53,June 2026 Consolidated Accounts.xlsx
2026-06,2026-06-30,ZAMRE,SCI,IT Costs,Software Implemantation,detail,it_costs,0.0,0.0,SCI Detailed,53,June 2026 Consolidated Accounts.xlsx
2026-06,2026-06-30,ZARIB,SCI,IT Costs,Software Implemantation,detail,it_costs,2723111.92,2723111.92,SCI Detailed,53,June 2026 Consolidated Accounts.xlsx
2026-06,2026-06-30,MALAWI,SCI,IT Costs,Software Implemantation,detail,it_costs,0.0,0.0,SCI Detailed,53,June 2026 Consolidated Accounts.xlsx
2026-06,2026-06-30,MENA,SCI,IT Costs,Software Implemantation,detail,it_costs,0.0,0.0,SCI Detailed,53,June 2026 Consolidated Accounts.xlsx
2026-06,2026-06-30,NIGERIA,SCI,IT Costs,Software Implemantation,detail,it_costs,0.0,0.0,SCI Detailed,53,June 2026 Consolidated Accounts.xlsx
2026-06,2026-06-30,RWANDA,SCI,IT Costs,Software Implemantation,detail,it_costs,0.0,0.0,SCI Detailed,53,June 2026 Consolidated Accounts.xlsx
2026-06,2026-06-30,ZHL,SCI,IT Costs,Software Implemantation,detail,it_costs,0.0,0.0,SCI Detailed,53,June 2026 Consolidated Accounts.xlsx
2026-06,2026-06-30,ZATL,SCI,IT Costs,Software Implemantation,detail,it_costs,0.0,0.0,SCI Detailed,53,June 2026 Consolidated Accounts.xlsx
2026-06,2026-06-30,DRC,SCI,IT Costs,Software Implemantation,detail,it_costs,0.0,0.0,SCI Detailed,53,June 2026 Consolidated Accounts.xlsx
2026-06,2026-06-30,C&P,SCI,IT Costs,Software Implemantation,detail,it_costs,0.0,0.0,SCI Detailed,53,June 2026 Consolidated Accounts.xlsx
2026-06,2026-06-30,ZAAC,SCI,IT Costs,PC Supplies,detail,it_costs,289190.01,289190.01,SCI Detailed,54,June 2026 Consolidated Accounts.xlsx
2026-06,2026-06-30,ZAMRE,SCI,IT Costs,PC Supplies,detail,it_costs,0.0,0.0,SCI Detailed,54,June 2026 Consolidated Accounts.xlsx
2026-06,2026-06-30,ZARIB,SCI,IT Costs,PC Supplies,detail,it_costs,433734.0,433734.0,SCI Detailed,54,June 2026 Consolidated Accounts.xlsx
2026-06,2026-06-30,MALAWI,SCI,IT Costs,PC Supplies,detail,it_costs,0.0,0.0,SCI Detailed,54,June 2026 Consolidated Accounts.xlsx
2026-06,2026-06-30,MENA,SCI,IT Costs,PC Supplies,detail,it_costs,0.0,0.0,SCI Detailed,54,June 2026 Consolidated Accounts.xlsx
2026-06,2026-06-30,NIGERIA,SCI,IT Costs,PC Supplies,detail,it_costs,0.0,0.0,SCI Detailed,54,June 2026 Consolidated Accounts.xlsx
2026-06,2026-06-30,RWANDA,SCI,IT Costs,PC Supplies,detail,it_costs,0.0,0.0,SCI Detailed,54,June 2026 Consolidated Accounts.xlsx
2026-06,2026-06-30,ZHL,SCI,IT Costs,PC Supplies,detail,it_costs,0.0,0.0,SCI Detailed,54,June 2026 Consolidated Accounts.xlsx
2026-06,2026-06-30,ZATL,SCI,IT Costs,PC Supplies,detail,it_costs,0.0,0.0,SCI Detailed,54,June 2026 Consolidated Accounts.xlsx
2026-06,2026-06-30,DRC,SCI,IT Costs,PC Supplies,detail,it_costs,129366.67,129366.67,SCI Detailed,54,June 2026 Consolidated Accounts.xlsx
2026-06,2026-06-30,C&P,SCI,IT Costs,PC Supplies,detail,it_costs,0.0,0.0,SCI Detailed,54,June 2026 Consolidated Accounts.xlsx
2026-06,2026-06-30,ZAAC,SCI,IT Costs,Toner,detail,it_costs,0.0,0.0,SCI Detailed,56,June 2026 Consolidated Accounts.xlsx
2026-06,2026-06-30,ZAMRE,SCI,IT Costs,Toner,detail,it_costs,0.0,0.0,SCI Detailed,56,June 2026 Consolidated Accounts.xlsx
2026-06,2026-06-30,ZARIB,SCI,IT Costs,Toner,detail,it_costs,214890.0,214890.0,SCI Detailed,56,June 2026 Consolidated Accounts.xlsx
2026-06,2026-06-30,MALAWI,SCI,IT Costs,Toner,detail,it_costs,0.0,0.0,SCI Detailed,56,June 2026 Consolidated Accounts.xlsx
2026-06,2026-06-30,MENA,SCI,IT Costs,Toner,detail,it_costs,0.0,0.0,SCI Detailed,56,June 2026 Consolidated Accounts.xlsx
2026-06,2026-06-30,NIGERIA,SCI,IT Costs,Toner,detail,it_costs,79919.46,79919.46,SCI Detailed,56,June 2026 Consolidated Accounts.xlsx
2026-06,2026-06-30,RWANDA,SCI,IT Costs,Toner,detail,it_costs,0.0,0.0,SCI Detailed,56,June 2026 Consolidated Accounts.xlsx
2026-06,2026-06-30,ZHL,SCI,IT Costs,Toner,detail,it_costs,0.0,0.0,SCI Detailed,56,June 2026 Consolidated Accounts.xlsx
2026-06,2026-06-30,ZATL,SCI,IT Costs,Toner,detail,it_costs,0.0,0.0,SCI Detailed,56,June 2026 Consolidated Accounts.xlsx
2026-06,2026-06-30,DRC,SCI,IT Costs,Toner,detail,it_costs,89263.0,89263.0,SCI Detailed,56,June 2026 Consolidated Accounts.xlsx
2026-06,2026-06-30,C&P,SCI,IT Costs,Toner,detail,it_costs,0.0,0.0,SCI Detailed,56,June 2026 Consolidated Accounts.xlsx
2026-06,2026-06-30,ZAAC,SCI,IT Costs,(group_subtotal),group_subtotal,,27831078.88,27831078.88,SCI Detailed,57,June 2026 Consolidated Accounts.xlsx
2026-06,2026-06-30,ZAMRE,SCI,IT Costs,(group_subtotal),group_subtotal,,592462.86,592462.86,SCI Detailed,57,June 2026 Consolidated Accounts.xlsx
2026-06,2026-06-30,ZARIB,SCI,IT Costs,(group_subtotal),group_subtotal,,23452894.92,23452894.92,SCI Detailed,57,June 2026 Consolidated Accounts.xlsx
2026-06,2026-06-30,MALAWI,SCI,IT Costs,(group_subtotal),group_subtotal,,0.0,0.0,SCI Detailed,57,June 2026 Consolidated Accounts.xlsx
2026-06,2026-06-30,MENA,SCI,IT Costs,(group_subtotal),group_subtotal,,1230076.94,1230076.94,SCI Detailed,57,June 2026 Consolidated Accounts.xlsx
2026-06,2026-06-30,NIGERIA,SCI,IT Costs,(group_subtotal),group_subtotal,,79919.46,79919.46,SCI Detailed,57,June 2026 Consolidated Accounts.xlsx
2026-06,2026-06-30,RWANDA,SCI,IT Costs,(group_subtotal),group_subtotal,,141824.15,141824.15,SCI Detailed,57,June 2026 Consolidated Accounts.xlsx
2026-06,2026-06-30,ZHL,SCI,IT Costs,(group_subtotal),group_subtotal,,0.0,0.0,SCI Detailed,57,June 2026 Consolidated Accounts.xlsx
2026-06,2026-06-30,ZATL,SCI,IT Costs,(group_subtotal),group_subtotal,,4109.23,4109.23,SCI Detailed,57,June 2026 Consolidated Accounts.xlsx
2026-06,2026-06-30,DRC,SCI,IT Costs,(group_subtotal),group_subtotal,,385195.72,385195.72,SCI Detailed,57,June 2026 Consolidated Accounts.xlsx
2026-06,2026-06-30,C&P,SCI,IT Costs,(group_subtotal),group_subtotal,,0.0,0.0,SCI Detailed,57,June 2026 Consolidated Accounts.xlsx
2026-06,2026-06-30,ZAAC,SCI,Communications,Telephone-Variable,detail,communications,2370739.73,2370739.73,SCI Detailed,59,June 2026 Consolidated Accounts.xlsx
2026-06,2026-06-30,ZAMRE,SCI,Communications,Telephone-Variable,detail,communications,37690.18,37690.18,SCI Detailed,59,June 2026 Consolidated Accounts.xlsx
2026-06,2026-06-30,ZARIB,SCI,Communications,Telephone-Variable,detail,communications,2501052.3,2501052.3,SCI Detailed,59,June 2026 Consolidated Accounts.xlsx
2026-06,2026-06-30,MALAWI,SCI,Communications,Telephone-Variable,detail,communications,462237.59,462237.59,SCI Detailed,59,June 2026 Consolidated Accounts.xlsx
2026-06,2026-06-30,MENA,SCI,Communications,Telephone-Variable,detail,communications,0.0,0.0,SCI Detailed,59,June 2026 Consolidated Accounts.xlsx
2026-06,2026-06-30,NIGERIA,SCI,Communications,Telephone-Variable,detail,communications,326504.27,326504.27,SCI Detailed,59,June 2026 Consolidated Accounts.xlsx
2026-06,2026-06-30,RWANDA,SCI,Communications,Telephone-Variable,detail,communications,603493.66,603493.66,SCI Detailed,59,June 2026 Consolidated Accounts.xlsx
2026-06,2026-06-30,ZHL,SCI,Communications,Telephone-Variable,detail,communications,0.0,0.0,SCI Detailed,59,June 2026 Consolidated Accounts.xlsx
2026-06,2026-06-30,ZATL,SCI,Communications,Telephone-Variable,detail,communications,120727.3,120727.3,SCI Detailed,59,June 2026 Consolidated Accounts.xlsx
2026-06,2026-06-30,DRC,SCI,Communications,Telephone-Variable,detail,communications,965075.33,965075.33,SCI Detailed,59,June 2026 Consolidated Accounts.xlsx
2026-06,2026-06-30,C&P,SCI,Communications,Telephone-Variable,detail,communications,0.0,0.0,SCI Detailed,59,June 2026 Consolidated Accounts.xlsx
2026-06,2026-06-30,ZAAC,SCI,Communications,Courier Services Cost,detail,communications,257941.98,257941.98,SCI Detailed,60,June 2026 Consolidated Accounts.xlsx
2026-06,2026-06-30,ZAMRE,SCI,Communications,Courier Services Cost,detail,communications,2647.24,2647.24,SCI Detailed,60,June 2026 Consolidated Accounts.xlsx
2026-06,2026-06-30,ZARIB,SCI,Communications,Courier Services Cost,detail,communications,222372.55,222372.55,SCI Detailed,60,June 2026 Consolidated Accounts.xlsx
2026-06,2026-06-30,MALAWI,SCI,Communications,Courier Services Cost,detail,communications,0.0,0.0,SCI Detailed,60,June 2026 Consolidated Accounts.xlsx
2026-06,2026-06-30,MENA,SCI,Communications,Courier Services Cost,detail,communications,0.0,0.0,SCI Detailed,60,June 2026 Consolidated Accounts.xlsx
2026-06,2026-06-30,NIGERIA,SCI,Communications,Courier Services Cost,detail,communications,26570.72,26570.72,SCI Detailed,60,June 2026 Consolidated Accounts.xlsx
2026-06,2026-06-30,RWANDA,SCI,Communications,Courier Services Cost,detail,communications,354.56,354.56,SCI Detailed,60,June 2026 Consolidated Accounts.xlsx
2026-06,2026-06-30,ZHL,SCI,Communications,Courier Services Cost,detail,communications,0.0,0.0,SCI Detailed,60,June 2026 Consolidated Accounts.xlsx
2026-06,2026-06-30,ZATL,SCI,Communications,Courier Services Cost,detail,communications,0.0,0.0,SCI Detailed,60,June 2026 Consolidated Accounts.xlsx
2026-06,2026-06-30,DRC,SCI,Communications,Courier Services Cost,detail,communications,0.0,0.0,SCI Detailed,60,June 2026 Consolidated Accounts.xlsx
2026-06,2026-06-30,C&P,SCI,Communications,Courier Services Cost,detail,communications,0.0,0.0,SCI Detailed,60,June 2026 Consolidated Accounts.xlsx
2026-06,2026-06-30,ZAAC,SCI,Communications,(group_subtotal),group_subtotal,,2628681.71,2628681.71,SCI Detailed,63,June 2026 Consolidated Accounts.xlsx
2026-06,2026-06-30,ZAMRE,SCI,Communications,(group_subtotal),group_subtotal,,40337.42,40337.42,SCI Detailed,63,June 2026 Consolidated Accounts.xlsx
2026-06,2026-06-30,ZARIB,SCI,Communications,(group_subtotal),group_subtotal,,2723424.85,2723424.85,SCI Detailed,63,June 2026 Consolidated Accounts.xlsx
2026-06,2026-06-30,MALAWI,SCI,Communications,(group_subtotal),group_subtotal,,462237.59,462237.59,SCI Detailed,63,June 2026 Consolidated Accounts.xlsx
2026-06,2026-06-30,MENA,SCI,Communications,(group_subtotal),group_subtotal,,0.0,0.0,SCI Detailed,63,June 2026 Consolidated Accounts.xlsx
2026-06,2026-06-30,NIGERIA,SCI,Communications,(group_subtotal),group_subtotal,,353074.99,353074.99,SCI Detailed,63,June 2026 Consolidated Accounts.xlsx
2026-06,2026-06-30,RWANDA,SCI,Communications,(group_subtotal),group_subtotal,,603848.22,603848.22,SCI Detailed,63,June 2026 Consolidated Accounts.xlsx
2026-06,2026-06-30,ZHL,SCI,Communications,(group_subtotal),group_subtotal,,0.0,0.0,SCI Detailed,63,June 2026 Consolidated Accounts.xlsx
2026-06,2026-06-30,ZATL,SCI,Communications,(group_subtotal),group_subtotal,,120727.3,120727.3,SCI Detailed,63,June 2026 Consolidated Accounts.xlsx
2026-06,2026-06-30,DRC,SCI,Communications,(group_subtotal),group_subtotal,,965075.33,965075.33,SCI Detailed,63,June 2026 Consolidated Accounts.xlsx
2026-06,2026-06-30,C&P,SCI,Communications,(group_subtotal),group_subtotal,,0.0,0.0,SCI Detailed,63,June 2026 Consolidated Accounts.xlsx
2026-06,2026-06-30,ZAAC,SCI,Printing & Stationery,Printing-General,detail,printing_stationery,1287092.0,1287092.0,SCI Detailed,65,June 2026 Consolidated Accounts.xlsx
2026-06,2026-06-30,ZAMRE,SCI,Printing & Stationery,Printing-General,detail,printing_stationery,41133.97,41133.97,SCI Detailed,65,June 2026 Consolidated Accounts.xlsx
2026-06,2026-06-30,ZARIB,SCI,Printing & Stationery,Printing-General,detail,printing_stationery,1273140.98,1273140.98,SCI Detailed,65,June 2026 Consolidated Accounts.xlsx
2026-06,2026-06-30,MALAWI,SCI,Printing & Stationery,Printing-General,detail,printing_stationery,1109446.95,1109446.95,SCI Detailed,65,June 2026 Consolidated Accounts.xlsx
2026-06,2026-06-30,MENA,SCI,Printing & Stationery,Printing-General,detail,printing_stationery,0.0,0.0,SCI Detailed,65,June 2026 Consolidated Accounts.xlsx
2026-06,2026-06-30,NIGERIA,SCI,Printing & Stationery,Printing-General,detail,printing_stationery,83834.4,83834.4,SCI Detailed,65,June 2026 Consolidated Accounts.xlsx
2026-06,2026-06-30,RWANDA,SCI,Printing & Stationery,Printing-General,detail,printing_stationery,163375.75,163375.75,SCI Detailed,65,June 2026 Consolidated Accounts.xlsx
2026-06,2026-06-30,ZHL,SCI,Printing & Stationery,Printing-General,detail,printing_stationery,0.0,0.0,SCI Detailed,65,June 2026 Consolidated Accounts.xlsx
2026-06,2026-06-30,ZATL,SCI,Printing & Stationery,Printing-General,detail,printing_stationery,0.0,0.0,SCI Detailed,65,June 2026 Consolidated Accounts.xlsx
2026-06,2026-06-30,DRC,SCI,Printing & Stationery,Printing-General,detail,printing_stationery,333341.68,333341.68,SCI Detailed,65,June 2026 Consolidated Accounts.xlsx
2026-06,2026-06-30,C&P,SCI,Printing & Stationery,Printing-General,detail,printing_stationery,0.0,0.0,SCI Detailed,65,June 2026 Consolidated Accounts.xlsx
2026-06,2026-06-30,ZAAC,SCI,Printing & Stationery,Stationery-General,detail,printing_stationery,775898.2,775898.2,SCI Detailed,66,June 2026 Consolidated Accounts.xlsx
2026-06,2026-06-30,ZAMRE,SCI,Printing & Stationery,Stationery-General,detail,printing_stationery,2241.31,2241.31,SCI Detailed,66,June 2026 Consolidated Accounts.xlsx
2026-06,2026-06-30,ZARIB,SCI,Printing & Stationery,Stationery-General,detail,printing_stationery,362685.18,362685.18,SCI Detailed,66,June 2026 Consolidated Accounts.xlsx
2026-06,2026-06-30,MALAWI,SCI,Printing & Stationery,Stationery-General,detail,printing_stationery,0.0,0.0,SCI Detailed,66,June 2026 Consolidated Accounts.xlsx
2026-06,2026-06-30,MENA,SCI,Printing & Stationery,Stationery-General,detail,printing_stationery,0.0,0.0,SCI Detailed,66,June 2026 Consolidated Accounts.xlsx
2026-06,2026-06-30,NIGERIA,SCI,Printing & Stationery,Stationery-General,detail,printing_stationery,0.0,0.0,SCI Detailed,66,June 2026 Consolidated Accounts.xlsx
2026-06,2026-06-30,RWANDA,SCI,Printing & Stationery,Stationery-General,detail,printing_stationery,0.0,0.0,SCI Detailed,66,June 2026 Consolidated Accounts.xlsx
2026-06,2026-06-30,ZHL,SCI,Printing & Stationery,Stationery-General,detail,printing_stationery,0.0,0.0,SCI Detailed,66,June 2026 Consolidated Accounts.xlsx
2026-06,2026-06-30,ZATL,SCI,Printing & Stationery,Stationery-General,detail,printing_stationery,222158.23,222158.23,SCI Detailed,66,June 2026 Consolidated Accounts.xlsx
2026-06,2026-06-30,DRC,SCI,Printing & Stationery,Stationery-General,detail,printing_stationery,90949.94,90949.94,SCI Detailed,66,June 2026 Consolidated Accounts.xlsx
2026-06,2026-06-30,C&P,SCI,Printing & Stationery,Stationery-General,detail,printing_stationery,0.0,0.0,SCI Detailed,66,June 2026 Consolidated Accounts.xlsx
2026-06,2026-06-30,ZAAC,SCI,Printing & Stationery,(group_subtotal),group_subtotal,,2062990.2,2062990.2,SCI Detailed,68,June 2026 Consolidated Accounts.xlsx
2026-06,2026-06-30,ZAMRE,SCI,Printing & Stationery,(group_subtotal),group_subtotal,,43375.28,43375.28,SCI Detailed,68,June 2026 Consolidated Accounts.xlsx
2026-06,2026-06-30,ZARIB,SCI,Printing & Stationery,(group_subtotal),group_subtotal,,1635826.16,1635826.16,SCI Detailed,68,June 2026 Consolidated Accounts.xlsx
2026-06,2026-06-30,MALAWI,SCI,Printing & Stationery,(group_subtotal),group_subtotal,,1109446.95,1109446.95,SCI Detailed,68,June 2026 Consolidated Accounts.xlsx
2026-06,2026-06-30,MENA,SCI,Printing & Stationery,(group_subtotal),group_subtotal,,0.0,0.0,SCI Detailed,68,June 2026 Consolidated Accounts.xlsx
2026-06,2026-06-30,NIGERIA,SCI,Printing & Stationery,(group_subtotal),group_subtotal,,83834.4,83834.4,SCI Detailed,68,June 2026 Consolidated Accounts.xlsx
2026-06,2026-06-30,RWANDA,SCI,Printing & Stationery,(group_subtotal),group_subtotal,,163375.75,163375.75,SCI Detailed,68,June 2026 Consolidated Accounts.xlsx
2026-06,2026-06-30,ZHL,SCI,Printing & Stationery,(group_subtotal),group_subtotal,,0.0,0.0,SCI Detailed,68,June 2026 Consolidated Accounts.xlsx
2026-06,2026-06-30,ZATL,SCI,Printing & Stationery,(group_subtotal),group_subtotal,,222158.23,222158.23,SCI Detailed,68,June 2026 Consolidated Accounts.xlsx
2026-06,2026-06-30,DRC,SCI,Printing & Stationery,(group_subtotal),group_subtotal,,424291.62,424291.62,SCI Detailed,68,June 2026 Consolidated Accounts.xlsx
2026-06,2026-06-30,C&P,SCI,Printing & Stationery,(group_subtotal),group_subtotal,,0.0,0.0,SCI Detailed,68,June 2026 Consolidated Accounts.xlsx
2026-06,2026-06-30,ZAAC,SCI,Premises,Prem-Cleaning,detail,premises,1485000.0,1485000.0,SCI Detailed,70,June 2026 Consolidated Accounts.xlsx
2026-06,2026-06-30,ZAMRE,SCI,Premises,Prem-Cleaning,detail,premises,47520.0,47520.0,SCI Detailed,70,June 2026 Consolidated Accounts.xlsx
2026-06,2026-06-30,ZARIB,SCI,Premises,Prem-Cleaning,detail,premises,1483180.0,1483180.0,SCI Detailed,70,June 2026 Consolidated Accounts.xlsx
2026-06,2026-06-30,MALAWI,SCI,Premises,Prem-Cleaning,detail,premises,358299.98,358299.98,SCI Detailed,70,June 2026 Consolidated Accounts.xlsx
2026-06,2026-06-30,MENA,SCI,Premises,Prem-Cleaning,detail,premises,0.0,0.0,SCI Detailed,70,June 2026 Consolidated Accounts.xlsx
2026-06,2026-06-30,NIGERIA,SCI,Premises,Prem-Cleaning,detail,premises,0.0,0.0,SCI Detailed,70,June 2026 Consolidated Accounts.xlsx
2026-06,2026-06-30,RWANDA,SCI,Premises,Prem-Cleaning,detail,premises,119456.8,119456.8,SCI Detailed,70,June 2026 Consolidated Accounts.xlsx
2026-06,2026-06-30,ZHL,SCI,Premises,Prem-Cleaning,detail,premises,0.0,0.0,SCI Detailed,70,June 2026 Consolidated Accounts.xlsx
2026-06,2026-06-30,ZATL,SCI,Premises,Prem-Cleaning,detail,premises,44991.54,44991.54,SCI Detailed,70,June 2026 Consolidated Accounts.xlsx
2026-06,2026-06-30,DRC,SCI,Premises,Prem-Cleaning,detail,premises,0.0,0.0,SCI Detailed,70,June 2026 Consolidated Accounts.xlsx
2026-06,2026-06-30,C&P,SCI,Premises,Prem-Cleaning,detail,premises,0.0,0.0,SCI Detailed,70,June 2026 Consolidated Accounts.xlsx
2026-06,2026-06-30,ZAAC,SCI,Premises,Prem-Electricity,detail,premises,615194.71,615194.71,SCI Detailed,71,June 2026 Consolidated Accounts.xlsx
2026-06,2026-06-30,ZAMRE,SCI,Premises,Prem-Electricity,detail,premises,42868.92,42868.92,SCI Detailed,71,June 2026 Consolidated Accounts.xlsx
2026-06,2026-06-30,ZARIB,SCI,Premises,Prem-Electricity,detail,premises,1951727.4,1951727.4,SCI Detailed,71,June 2026 Consolidated Accounts.xlsx
2026-06,2026-06-30,MALAWI,SCI,Premises,Prem-Electricity,detail,premises,148560.39,148560.39,SCI Detailed,71,June 2026 Consolidated Accounts.xlsx
2026-06,2026-06-30,MENA,SCI,Premises,Prem-Electricity,detail,premises,0.0,0.0,SCI Detailed,71,June 2026 Consolidated Accounts.xlsx
2026-06,2026-06-30,NIGERIA,SCI,Premises,Prem-Electricity,detail,premises,242965.59,242965.59,SCI Detailed,71,June 2026 Consolidated Accounts.xlsx
2026-06,2026-06-30,RWANDA,SCI,Premises,Prem-Electricity,detail,premises,0.0,0.0,SCI Detailed,71,June 2026 Consolidated Accounts.xlsx
2026-06,2026-06-30,ZHL,SCI,Premises,Prem-Electricity,detail,premises,0.0,0.0,SCI Detailed,71,June 2026 Consolidated Accounts.xlsx
2026-06,2026-06-30,ZATL,SCI,Premises,Prem-Electricity,detail,premises,52640.1,52640.1,SCI Detailed,71,June 2026 Consolidated Accounts.xlsx
2026-06,2026-06-30,DRC,SCI,Premises,Prem-Electricity,detail,premises,215960.83,215960.83,SCI Detailed,71,June 2026 Consolidated Accounts.xlsx
2026-06,2026-06-30,C&P,SCI,Premises,Prem-Electricity,detail,premises,0.0,0.0,SCI Detailed,71,June 2026 Consolidated Accounts.xlsx
2026-06,2026-06-30,ZAAC,SCI,Premises,Prem-Security,detail,premises,417275.06,417275.06,SCI Detailed,72,June 2026 Consolidated Accounts.xlsx
2026-06,2026-06-30,ZAMRE,SCI,Premises,Prem-Security,detail,premises,12085.25,12085.25,SCI Detailed,72,June 2026 Consolidated Accounts.xlsx
2026-06,2026-06-30,ZARIB,SCI,Premises,Prem-Security,detail,premises,444630.03,444630.03,SCI Detailed,72,June 2026 Consolidated Accounts.xlsx
2026-06,2026-06-30,MALAWI,SCI,Premises,Prem-Security,detail,premises,0.0,0.0,SCI Detailed,72,June 2026 Consolidated Accounts.xlsx
2026-06,2026-06-30,MENA,SCI,Premises,Prem-Security,detail,premises,0.0,0.0,SCI Detailed,72,June 2026 Consolidated Accounts.xlsx
2026-06,2026-06-30,NIGERIA,SCI,Premises,Prem-Security,detail,premises,0.0,0.0,SCI Detailed,72,June 2026 Consolidated Accounts.xlsx
2026-06,2026-06-30,RWANDA,SCI,Premises,Prem-Security,detail,premises,0.0,0.0,SCI Detailed,72,June 2026 Consolidated Accounts.xlsx
2026-06,2026-06-30,ZHL,SCI,Premises,Prem-Security,detail,premises,0.0,0.0,SCI Detailed,72,June 2026 Consolidated Accounts.xlsx
2026-06,2026-06-30,ZATL,SCI,Premises,Prem-Security,detail,premises,0.0,0.0,SCI Detailed,72,June 2026 Consolidated Accounts.xlsx
2026-06,2026-06-30,DRC,SCI,Premises,Prem-Security,detail,premises,0.0,0.0,SCI Detailed,72,June 2026 Consolidated Accounts.xlsx
2026-06,2026-06-30,C&P,SCI,Premises,Prem-Security,detail,premises,0.0,0.0,SCI Detailed,72,June 2026 Consolidated Accounts.xlsx
2026-06,2026-06-30,ZAAC,SCI,Premises,Prem-Rates,detail,premises,2715589.77,2715589.77,SCI Detailed,73,June 2026 Consolidated Accounts.xlsx
2026-06,2026-06-30,ZAMRE,SCI,Premises,Prem-Rates,detail,premises,0.0,0.0,SCI Detailed,73,June 2026 Consolidated Accounts.xlsx
2026-06,2026-06-30,ZARIB,SCI,Premises,Prem-Rates,detail,premises,2109726.75,2109726.75,SCI Detailed,73,June 2026 Consolidated Accounts.xlsx
2026-06,2026-06-30,MALAWI,SCI,Premises,Prem-Rates,detail,premises,0.0,0.0,SCI Detailed,73,June 2026 Consolidated Accounts.xlsx
2026-06,2026-06-30,MENA,SCI,Premises,Prem-Rates,detail,premises,0.0,0.0,SCI Detailed,73,June 2026 Consolidated Accounts.xlsx
2026-06,2026-06-30,NIGERIA,SCI,Premises,Prem-Rates,detail,premises,0.0,0.0,SCI Detailed,73,June 2026 Consolidated Accounts.xlsx
2026-06,2026-06-30,RWANDA,SCI,Premises,Prem-Rates,detail,premises,0.0,0.0,SCI Detailed,73,June 2026 Consolidated Accounts.xlsx
2026-06,2026-06-30,ZHL,SCI,Premises,Prem-Rates,detail,premises,0.0,0.0,SCI Detailed,73,June 2026 Consolidated Accounts.xlsx
2026-06,2026-06-30,ZATL,SCI,Premises,Prem-Rates,detail,premises,88183.42,88183.42,SCI Detailed,73,June 2026 Consolidated Accounts.xlsx
2026-06,2026-06-30,DRC,SCI,Premises,Prem-Rates,detail,premises,0.0,0.0,SCI Detailed,73,June 2026 Consolidated Accounts.xlsx
2026-06,2026-06-30,C&P,SCI,Premises,Prem-Rates,detail,premises,0.0,0.0,SCI Detailed,73,June 2026 Consolidated Accounts.xlsx
2026-06,2026-06-30,ZAAC,SCI,Premises,Prem-Rental(EXTERNAL),detail,premises,12711516.36,12711516.36,SCI Detailed,74,June 2026 Consolidated Accounts.xlsx
2026-06,2026-06-30,ZAMRE,SCI,Premises,Prem-Rental(EXTERNAL),detail,premises,0.0,0.0,SCI Detailed,74,June 2026 Consolidated Accounts.xlsx
2026-06,2026-06-30,ZARIB,SCI,Premises,Prem-Rental(EXTERNAL),detail,premises,12441786.21,12441786.21,SCI Detailed,74,June 2026 Consolidated Accounts.xlsx
2026-06,2026-06-30,MALAWI,SCI,Premises,Prem-Rental(EXTERNAL),detail,premises,1795634.2,1795634.2,SCI Detailed,74,June 2026 Consolidated Accounts.xlsx
2026-06,2026-06-30,MENA,SCI,Premises,Prem-Rental(EXTERNAL),detail,premises,3633428.1,3633428.1,SCI Detailed,74,June 2026 Consolidated Accounts.xlsx
2026-06,2026-06-30,NIGERIA,SCI,Premises,Prem-Rental(EXTERNAL),detail,premises,1156423.07,1156423.07,SCI Detailed,74,June 2026 Consolidated Accounts.xlsx
2026-06,2026-06-30,RWANDA,SCI,Premises,Prem-Rental(EXTERNAL),detail,premises,1303474.72,1303474.72,SCI Detailed,74,June 2026 Consolidated Accounts.xlsx
2026-06,2026-06-30,ZHL,SCI,Premises,Prem-Rental(EXTERNAL),detail,premises,0.0,0.0,SCI Detailed,74,June 2026 Consolidated Accounts.xlsx
2026-06,2026-06-30,ZATL,SCI,Premises,Prem-Rental(EXTERNAL),detail,premises,352733.68,352733.68,SCI Detailed,74,June 2026 Consolidated Accounts.xlsx
2026-06,2026-06-30,DRC,SCI,Premises,Prem-Rental(EXTERNAL),detail,premises,6041199.53,6041199.53,SCI Detailed,74,June 2026 Consolidated Accounts.xlsx
2026-06,2026-06-30,C&P,SCI,Premises,Prem-Rental(EXTERNAL),detail,premises,0.0,0.0,SCI Detailed,74,June 2026 Consolidated Accounts.xlsx
2026-06,2026-06-30,ZAAC,SCI,Premises,Prem-Parking(EXTERNAL),detail,premises,2077080.0,2077080.0,SCI Detailed,75,June 2026 Consolidated Accounts.xlsx
2026-06,2026-06-30,ZAMRE,SCI,Premises,Prem-Parking(EXTERNAL),detail,premises,0.0,0.0,SCI Detailed,75,June 2026 Consolidated Accounts.xlsx
2026-06,2026-06-30,ZARIB,SCI,Premises,Prem-Parking(EXTERNAL),detail,premises,1949290.14,1949290.14,SCI Detailed,75,June 2026 Consolidated Accounts.xlsx
2026-06,2026-06-30,MALAWI,SCI,Premises,Prem-Parking(EXTERNAL),detail,premises,149902.8,149902.8,SCI Detailed,75,June 2026 Consolidated Accounts.xlsx
2026-06,2026-06-30,MENA,SCI,Premises,Prem-Parking(EXTERNAL),detail,premises,0.0,0.0,SCI Detailed,75,June 2026 Consolidated Accounts.xlsx
2026-06,2026-06-30,NIGERIA,SCI,Premises,Prem-Parking(EXTERNAL),detail,premises,0.0,0.0,SCI Detailed,75,June 2026 Consolidated Accounts.xlsx
2026-06,2026-06-30,RWANDA,SCI,Premises,Prem-Parking(EXTERNAL),detail,premises,36057.19,36057.19,SCI Detailed,75,June 2026 Consolidated Accounts.xlsx
2026-06,2026-06-30,ZHL,SCI,Premises,Prem-Parking(EXTERNAL),detail,premises,0.0,0.0,SCI Detailed,75,June 2026 Consolidated Accounts.xlsx
2026-06,2026-06-30,ZATL,SCI,Premises,Prem-Parking(EXTERNAL),detail,premises,29994.36,29994.36,SCI Detailed,75,June 2026 Consolidated Accounts.xlsx
2026-06,2026-06-30,DRC,SCI,Premises,Prem-Parking(EXTERNAL),detail,premises,0.0,0.0,SCI Detailed,75,June 2026 Consolidated Accounts.xlsx
2026-06,2026-06-30,C&P,SCI,Premises,Prem-Parking(EXTERNAL),detail,premises,0.0,0.0,SCI Detailed,75,June 2026 Consolidated Accounts.xlsx
2026-06,2026-06-30,ZAAC,SCI,Premises,(group_subtotal),group_subtotal,,20021655.9,20021655.9,SCI Detailed,77,June 2026 Consolidated Accounts.xlsx
2026-06,2026-06-30,ZAMRE,SCI,Premises,(group_subtotal),group_subtotal,,102474.17,102474.17,SCI Detailed,77,June 2026 Consolidated Accounts.xlsx
2026-06,2026-06-30,ZARIB,SCI,Premises,(group_subtotal),group_subtotal,,20380340.53,20380340.53,SCI Detailed,77,June 2026 Consolidated Accounts.xlsx
2026-06,2026-06-30,MALAWI,SCI,Premises,(group_subtotal),group_subtotal,,2452397.37,2452397.37,SCI Detailed,77,June 2026 Consolidated Accounts.xlsx
2026-06,2026-06-30,MENA,SCI,Premises,(group_subtotal),group_subtotal,,3633428.1,3633428.1,SCI Detailed,77,June 2026 Consolidated Accounts.xlsx
2026-06,2026-06-30,NIGERIA,SCI,Premises,(group_subtotal),group_subtotal,,1399388.66,1399388.66,SCI Detailed,77,June 2026 Consolidated Accounts.xlsx
2026-06,2026-06-30,RWANDA,SCI,Premises,(group_subtotal),group_subtotal,,1458988.71,1458988.71,SCI Detailed,77,June 2026 Consolidated Accounts.xlsx
2026-06,2026-06-30,ZHL,SCI,Premises,(group_subtotal),group_subtotal,,0.0,0.0,SCI Detailed,77,June 2026 Consolidated Accounts.xlsx
2026-06,2026-06-30,ZATL,SCI,Premises,(group_subtotal),group_subtotal,,568543.1,568543.1,SCI Detailed,77,June 2026 Consolidated Accounts.xlsx
2026-06,2026-06-30,DRC,SCI,Premises,(group_subtotal),group_subtotal,,6257160.36,6257160.36,SCI Detailed,77,June 2026 Consolidated Accounts.xlsx
2026-06,2026-06-30,C&P,SCI,Premises,(group_subtotal),group_subtotal,,0.0,0.0,SCI Detailed,77,June 2026 Consolidated Accounts.xlsx
2026-06,2026-06-30,ZAAC,SCI,Advertising & PR,Bus.Advert-General,detail,advertising_pr,11832233.05,11832233.05,SCI Detailed,79,June 2026 Consolidated Accounts.xlsx
2026-06,2026-06-30,ZAMRE,SCI,Advertising & PR,Bus.Advert-General,detail,advertising_pr,339972.79,339972.79,SCI Detailed,79,June 2026 Consolidated Accounts.xlsx
2026-06,2026-06-30,ZARIB,SCI,Advertising & PR,Bus.Advert-General,detail,advertising_pr,2600818.28,2600818.28,SCI Detailed,79,June 2026 Consolidated Accounts.xlsx
2026-06,2026-06-30,MALAWI,SCI,Advertising & PR,Bus.Advert-General,detail,advertising_pr,1757691.56,1757691.56,SCI Detailed,79,June 2026 Consolidated Accounts.xlsx
2026-06,2026-06-30,MENA,SCI,Advertising & PR,Bus.Advert-General,detail,advertising_pr,1673867.05,1673867.05,SCI Detailed,79,June 2026 Consolidated Accounts.xlsx
2026-06,2026-06-30,NIGERIA,SCI,Advertising & PR,Bus.Advert-General,detail,advertising_pr,753779.42,753779.42,SCI Detailed,79,June 2026 Consolidated Accounts.xlsx
2026-06,2026-06-30,RWANDA,SCI,Advertising & PR,Bus.Advert-General,detail,advertising_pr,110727.16,110727.16,SCI Detailed,79,June 2026 Consolidated Accounts.xlsx
2026-06,2026-06-30,ZHL,SCI,Advertising & PR,Bus.Advert-General,detail,advertising_pr,0.0,0.0,SCI Detailed,79,June 2026 Consolidated Accounts.xlsx
2026-06,2026-06-30,ZATL,SCI,Advertising & PR,Bus.Advert-General,detail,advertising_pr,9998.12,9998.12,SCI Detailed,79,June 2026 Consolidated Accounts.xlsx
2026-06,2026-06-30,DRC,SCI,Advertising & PR,Bus.Advert-General,detail,advertising_pr,2565858.47,2565858.47,SCI Detailed,79,June 2026 Consolidated Accounts.xlsx
2026-06,2026-06-30,C&P,SCI,Advertising & PR,Bus.Advert-General,detail,advertising_pr,0.0,0.0,SCI Detailed,79,June 2026 Consolidated Accounts.xlsx
2026-06,2026-06-30,ZAAC,SCI,Advertising & PR,Sponsorships-General,detail,advertising_pr,623250.0,623250.0,SCI Detailed,80,June 2026 Consolidated Accounts.xlsx
2026-06,2026-06-30,ZAMRE,SCI,Advertising & PR,Sponsorships-General,detail,advertising_pr,6856.0,6856.0,SCI Detailed,80,June 2026 Consolidated Accounts.xlsx
2026-06,2026-06-30,ZARIB,SCI,Advertising & PR,Sponsorships-General,detail,advertising_pr,771822.0,771822.0,SCI Detailed,80,June 2026 Consolidated Accounts.xlsx
2026-06,2026-06-30,MALAWI,SCI,Advertising & PR,Sponsorships-General,detail,advertising_pr,0.0,0.0,SCI Detailed,80,June 2026 Consolidated Accounts.xlsx
2026-06,2026-06-30,MENA,SCI,Advertising & PR,Sponsorships-General,detail,advertising_pr,0.0,0.0,SCI Detailed,80,June 2026 Consolidated Accounts.xlsx
2026-06,2026-06-30,NIGERIA,SCI,Advertising & PR,Sponsorships-General,detail,advertising_pr,0.0,0.0,SCI Detailed,80,June 2026 Consolidated Accounts.xlsx
2026-06,2026-06-30,RWANDA,SCI,Advertising & PR,Sponsorships-General,detail,advertising_pr,0.0,0.0,SCI Detailed,80,June 2026 Consolidated Accounts.xlsx
2026-06,2026-06-30,ZHL,SCI,Advertising & PR,Sponsorships-General,detail,advertising_pr,0.0,0.0,SCI Detailed,80,June 2026 Consolidated Accounts.xlsx
2026-06,2026-06-30,ZATL,SCI,Advertising & PR,Sponsorships-General,detail,advertising_pr,0.0,0.0,SCI Detailed,80,June 2026 Consolidated Accounts.xlsx
2026-06,2026-06-30,DRC,SCI,Advertising & PR,Sponsorships-General,detail,advertising_pr,32341.67,32341.67,SCI Detailed,80,June 2026 Consolidated Accounts.xlsx
2026-06,2026-06-30,C&P,SCI,Advertising & PR,Sponsorships-General,detail,advertising_pr,0.0,0.0,SCI Detailed,80,June 2026 Consolidated Accounts.xlsx
2026-06,2026-06-30,ZAAC,SCI,Advertising & PR,(group_subtotal),group_subtotal,,12455483.05,12455483.05,SCI Detailed,81,June 2026 Consolidated Accounts.xlsx
2026-06,2026-06-30,ZAMRE,SCI,Advertising & PR,(group_subtotal),group_subtotal,,346828.79,346828.79,SCI Detailed,81,June 2026 Consolidated Accounts.xlsx
2026-06,2026-06-30,ZARIB,SCI,Advertising & PR,(group_subtotal),group_subtotal,,3372640.28,3372640.28,SCI Detailed,81,June 2026 Consolidated Accounts.xlsx
2026-06,2026-06-30,MALAWI,SCI,Advertising & PR,(group_subtotal),group_subtotal,,1757691.56,1757691.56,SCI Detailed,81,June 2026 Consolidated Accounts.xlsx
2026-06,2026-06-30,MENA,SCI,Advertising & PR,(group_subtotal),group_subtotal,,1673867.05,1673867.05,SCI Detailed,81,June 2026 Consolidated Accounts.xlsx
2026-06,2026-06-30,NIGERIA,SCI,Advertising & PR,(group_subtotal),group_subtotal,,753779.42,753779.42,SCI Detailed,81,June 2026 Consolidated Accounts.xlsx
2026-06,2026-06-30,RWANDA,SCI,Advertising & PR,(group_subtotal),group_subtotal,,110727.16,110727.16,SCI Detailed,81,June 2026 Consolidated Accounts.xlsx
2026-06,2026-06-30,ZHL,SCI,Advertising & PR,(group_subtotal),group_subtotal,,0.0,0.0,SCI Detailed,81,June 2026 Consolidated Accounts.xlsx
2026-06,2026-06-30,ZATL,SCI,Advertising & PR,(group_subtotal),group_subtotal,,9998.12,9998.12,SCI Detailed,81,June 2026 Consolidated Accounts.xlsx
2026-06,2026-06-30,DRC,SCI,Advertising & PR,(group_subtotal),group_subtotal,,2598200.13,2598200.13,SCI Detailed,81,June 2026 Consolidated Accounts.xlsx
2026-06,2026-06-30,C&P,SCI,Advertising & PR,(group_subtotal),group_subtotal,,0.0,0.0,SCI Detailed,81,June 2026 Consolidated Accounts.xlsx
2026-06,2026-06-30,ZAAC,SCI,Insurance,Insurance-P.I.,detail,insurance,7898479.5,7898479.5,SCI Detailed,83,June 2026 Consolidated Accounts.xlsx
2026-06,2026-06-30,ZAMRE,SCI,Insurance,Insurance-P.I.,detail,insurance,0.0,0.0,SCI Detailed,83,June 2026 Consolidated Accounts.xlsx
2026-06,2026-06-30,ZARIB,SCI,Insurance,Insurance-P.I.,detail,insurance,9322117.06,9322117.06,SCI Detailed,83,June 2026 Consolidated Accounts.xlsx
2026-06,2026-06-30,MALAWI,SCI,Insurance,Insurance-P.I.,detail,insurance,0.0,0.0,SCI Detailed,83,June 2026 Consolidated Accounts.xlsx
2026-06,2026-06-30,MENA,SCI,Insurance,Insurance-P.I.,detail,insurance,0.0,0.0,SCI Detailed,83,June 2026 Consolidated Accounts.xlsx
2026-06,2026-06-30,NIGERIA,SCI,Insurance,Insurance-P.I.,detail,insurance,51328.99,51328.99,SCI Detailed,83,June 2026 Consolidated Accounts.xlsx
2026-06,2026-06-30,RWANDA,SCI,Insurance,Insurance-P.I.,detail,insurance,229861.93,229861.93,SCI Detailed,83,June 2026 Consolidated Accounts.xlsx
2026-06,2026-06-30,ZHL,SCI,Insurance,Insurance-P.I.,detail,insurance,0.0,0.0,SCI Detailed,83,June 2026 Consolidated Accounts.xlsx
2026-06,2026-06-30,ZATL,SCI,Insurance,Insurance-P.I.,detail,insurance,208469.04,208469.04,SCI Detailed,83,June 2026 Consolidated Accounts.xlsx
2026-06,2026-06-30,DRC,SCI,Insurance,Insurance-P.I.,detail,insurance,0.0,0.0,SCI Detailed,83,June 2026 Consolidated Accounts.xlsx
2026-06,2026-06-30,C&P,SCI,Insurance,Insurance-P.I.,detail,insurance,2086770.48,2086770.48,SCI Detailed,83,June 2026 Consolidated Accounts.xlsx
2026-06,2026-06-30,ZAAC,SCI,Insurance,Insurance-Other,detail,insurance,0.0,0.0,SCI Detailed,84,June 2026 Consolidated Accounts.xlsx
2026-06,2026-06-30,ZAMRE,SCI,Insurance,Insurance-Other,detail,insurance,86192.55,86192.55,SCI Detailed,84,June 2026 Consolidated Accounts.xlsx
2026-06,2026-06-30,ZARIB,SCI,Insurance,Insurance-Other,detail,insurance,0.0,0.0,SCI Detailed,84,June 2026 Consolidated Accounts.xlsx
2026-06,2026-06-30,MALAWI,SCI,Insurance,Insurance-Other,detail,insurance,1674205.76,1674205.76,SCI Detailed,84,June 2026 Consolidated Accounts.xlsx
2026-06,2026-06-30,MENA,SCI,Insurance,Insurance-Other,detail,insurance,0.0,0.0,SCI Detailed,84,June 2026 Consolidated Accounts.xlsx
2026-06,2026-06-30,NIGERIA,SCI,Insurance,Insurance-Other,detail,insurance,190830.88,190830.88,SCI Detailed,84,June 2026 Consolidated Accounts.xlsx
2026-06,2026-06-30,RWANDA,SCI,Insurance,Insurance-Other,detail,insurance,0.0,0.0,SCI Detailed,84,June 2026 Consolidated Accounts.xlsx
2026-06,2026-06-30,ZHL,SCI,Insurance,Insurance-Other,detail,insurance,0.0,0.0,SCI Detailed,84,June 2026 Consolidated Accounts.xlsx
2026-06,2026-06-30,ZATL,SCI,Insurance,Insurance-Other,detail,insurance,0.0,0.0,SCI Detailed,84,June 2026 Consolidated Accounts.xlsx
2026-06,2026-06-30,DRC,SCI,Insurance,Insurance-Other,detail,insurance,0.0,0.0,SCI Detailed,84,June 2026 Consolidated Accounts.xlsx
2026-06,2026-06-30,C&P,SCI,Insurance,Insurance-Other,detail,insurance,0.0,0.0,SCI Detailed,84,June 2026 Consolidated Accounts.xlsx
2026-06,2026-06-30,ZAAC,SCI,Insurance,(group_subtotal),group_subtotal,,7898479.5,7898479.5,SCI Detailed,85,June 2026 Consolidated Accounts.xlsx
2026-06,2026-06-30,ZAMRE,SCI,Insurance,(group_subtotal),group_subtotal,,86192.55,86192.55,SCI Detailed,85,June 2026 Consolidated Accounts.xlsx
2026-06,2026-06-30,ZARIB,SCI,Insurance,(group_subtotal),group_subtotal,,9322117.06,9322117.06,SCI Detailed,85,June 2026 Consolidated Accounts.xlsx
2026-06,2026-06-30,MALAWI,SCI,Insurance,(group_subtotal),group_subtotal,,1674205.76,1674205.76,SCI Detailed,85,June 2026 Consolidated Accounts.xlsx
2026-06,2026-06-30,MENA,SCI,Insurance,(group_subtotal),group_subtotal,,0.0,0.0,SCI Detailed,85,June 2026 Consolidated Accounts.xlsx
2026-06,2026-06-30,NIGERIA,SCI,Insurance,(group_subtotal),group_subtotal,,242159.87,242159.87,SCI Detailed,85,June 2026 Consolidated Accounts.xlsx
2026-06,2026-06-30,RWANDA,SCI,Insurance,(group_subtotal),group_subtotal,,229861.93,229861.93,SCI Detailed,85,June 2026 Consolidated Accounts.xlsx
2026-06,2026-06-30,ZHL,SCI,Insurance,(group_subtotal),group_subtotal,,0.0,0.0,SCI Detailed,85,June 2026 Consolidated Accounts.xlsx
2026-06,2026-06-30,ZATL,SCI,Insurance,(group_subtotal),group_subtotal,,208469.04,208469.04,SCI Detailed,85,June 2026 Consolidated Accounts.xlsx
2026-06,2026-06-30,DRC,SCI,Insurance,(group_subtotal),group_subtotal,,0.0,0.0,SCI Detailed,85,June 2026 Consolidated Accounts.xlsx
2026-06,2026-06-30,C&P,SCI,Insurance,(group_subtotal),group_subtotal,,2086770.48,2086770.48,SCI Detailed,85,June 2026 Consolidated Accounts.xlsx
2026-06,2026-06-30,ZAAC,SCI,Professional Fees,Prof.Fees-Audit Fees,detail,professional_fees,1719391.0,1719391.0,SCI Detailed,87,June 2026 Consolidated Accounts.xlsx
2026-06,2026-06-30,ZAMRE,SCI,Professional Fees,Prof.Fees-Audit Fees,detail,professional_fees,394190.0,394190.0,SCI Detailed,87,June 2026 Consolidated Accounts.xlsx
2026-06,2026-06-30,ZARIB,SCI,Professional Fees,Prof.Fees-Audit Fees,detail,professional_fees,1326779.32,1326779.32,SCI Detailed,87,June 2026 Consolidated Accounts.xlsx
2026-06,2026-06-30,MALAWI,SCI,Professional Fees,Prof.Fees-Audit Fees,detail,professional_fees,489421.46,489421.46,SCI Detailed,87,June 2026 Consolidated Accounts.xlsx
2026-06,2026-06-30,MENA,SCI,Professional Fees,Prof.Fees-Audit Fees,detail,professional_fees,0.0,0.0,SCI Detailed,87,June 2026 Consolidated Accounts.xlsx
2026-06,2026-06-30,NIGERIA,SCI,Professional Fees,Prof.Fees-Audit Fees,detail,professional_fees,141333.64,141333.64,SCI Detailed,87,June 2026 Consolidated Accounts.xlsx
2026-06,2026-06-30,RWANDA,SCI,Professional Fees,Prof.Fees-Audit Fees,detail,professional_fees,0.0,0.0,SCI Detailed,87,June 2026 Consolidated Accounts.xlsx
2026-06,2026-06-30,ZHL,SCI,Professional Fees,Prof.Fees-Audit Fees,detail,professional_fees,0.0,0.0,SCI Detailed,87,June 2026 Consolidated Accounts.xlsx
2026-06,2026-06-30,ZATL,SCI,Professional Fees,Prof.Fees-Audit Fees,detail,professional_fees,187464.75,187464.75,SCI Detailed,87,June 2026 Consolidated Accounts.xlsx
2026-06,2026-06-30,DRC,SCI,Professional Fees,Prof.Fees-Audit Fees,detail,professional_fees,582152.59,582152.59,SCI Detailed,87,June 2026 Consolidated Accounts.xlsx
2026-06,2026-06-30,C&P,SCI,Professional Fees,Prof.Fees-Audit Fees,detail,professional_fees,162499.98,162499.98,SCI Detailed,87,June 2026 Consolidated Accounts.xlsx
2026-06,2026-06-30,ZAAC,SCI,Professional Fees,Prof.Fees-Other,detail,professional_fees,20087299.28,20087299.28,SCI Detailed,89,June 2026 Consolidated Accounts.xlsx
2026-06,2026-06-30,ZAMRE,SCI,Professional Fees,Prof.Fees-Other,detail,professional_fees,107392.8,107392.8,SCI Detailed,89,June 2026 Consolidated Accounts.xlsx
2026-06,2026-06-30,ZARIB,SCI,Professional Fees,Prof.Fees-Other,detail,professional_fees,7338361.4,7338361.4,SCI Detailed,89,June 2026 Consolidated Accounts.xlsx
2026-06,2026-06-30,MALAWI,SCI,Professional Fees,Prof.Fees-Other,detail,professional_fees,1711958.11,1711958.11,SCI Detailed,89,June 2026 Consolidated Accounts.xlsx
2026-06,2026-06-30,MENA,SCI,Professional Fees,Prof.Fees-Other,detail,professional_fees,1353921.02,1353921.02,SCI Detailed,89,June 2026 Consolidated Accounts.xlsx
2026-06,2026-06-30,NIGERIA,SCI,Professional Fees,Prof.Fees-Other,detail,professional_fees,1185048.92,1185048.92,SCI Detailed,89,June 2026 Consolidated Accounts.xlsx
2026-06,2026-06-30,RWANDA,SCI,Professional Fees,Prof.Fees-Other,detail,professional_fees,833492.54,833492.54,SCI Detailed,89,June 2026 Consolidated Accounts.xlsx
2026-06,2026-06-30,ZHL,SCI,Professional Fees,Prof.Fees-Other,detail,professional_fees,21059142.32,21059142.32,SCI Detailed,89,June 2026 Consolidated Accounts.xlsx
2026-06,2026-06-30,ZATL,SCI,Professional Fees,Prof.Fees-Other,detail,professional_fees,119652.5,119652.5,SCI Detailed,89,June 2026 Consolidated Accounts.xlsx
2026-06,2026-06-30,DRC,SCI,Professional Fees,Prof.Fees-Other,detail,professional_fees,6934299.13,6934299.13,SCI Detailed,89,June 2026 Consolidated Accounts.xlsx
2026-06,2026-06-30,C&P,SCI,Professional Fees,Prof.Fees-Other,detail,professional_fees,694700.0,694700.0,SCI Detailed,89,June 2026 Consolidated Accounts.xlsx
2026-06,2026-06-30,ZAAC,SCI,Professional Fees,(group_subtotal),group_subtotal,,21806690.28,21806690.28,SCI Detailed,90,June 2026 Consolidated Accounts.xlsx
2026-06,2026-06-30,ZAMRE,SCI,Professional Fees,(group_subtotal),group_subtotal,,501582.8,501582.8,SCI Detailed,90,June 2026 Consolidated Accounts.xlsx
2026-06,2026-06-30,ZARIB,SCI,Professional Fees,(group_subtotal),group_subtotal,,8665140.72,8665140.72,SCI Detailed,90,June 2026 Consolidated Accounts.xlsx
2026-06,2026-06-30,MALAWI,SCI,Professional Fees,(group_subtotal),group_subtotal,,2201379.57,2201379.57,SCI Detailed,90,June 2026 Consolidated Accounts.xlsx
2026-06,2026-06-30,MENA,SCI,Professional Fees,(group_subtotal),group_subtotal,,1353921.02,1353921.02,SCI Detailed,90,June 2026 Consolidated Accounts.xlsx
2026-06,2026-06-30,NIGERIA,SCI,Professional Fees,(group_subtotal),group_subtotal,,1326382.56,1326382.56,SCI Detailed,90,June 2026 Consolidated Accounts.xlsx
2026-06,2026-06-30,RWANDA,SCI,Professional Fees,(group_subtotal),group_subtotal,,833492.54,833492.54,SCI Detailed,90,June 2026 Consolidated Accounts.xlsx
2026-06,2026-06-30,ZHL,SCI,Professional Fees,(group_subtotal),group_subtotal,,21059142.32,21059142.32,SCI Detailed,90,June 2026 Consolidated Accounts.xlsx
2026-06,2026-06-30,ZATL,SCI,Professional Fees,(group_subtotal),group_subtotal,,307117.26,307117.26,SCI Detailed,90,June 2026 Consolidated Accounts.xlsx
2026-06,2026-06-30,DRC,SCI,Professional Fees,(group_subtotal),group_subtotal,,7516451.72,7516451.72,SCI Detailed,90,June 2026 Consolidated Accounts.xlsx
2026-06,2026-06-30,C&P,SCI,Professional Fees,(group_subtotal),group_subtotal,,857199.98,857199.98,SCI Detailed,90,June 2026 Consolidated Accounts.xlsx
2026-06,2026-06-30,ZAAC,SCI,Depreciation,Comp-Depreciation,detail,depreciation,4032596.95,4032596.95,SCI Detailed,92,June 2026 Consolidated Accounts.xlsx
2026-06,2026-06-30,ZAMRE,SCI,Depreciation,Comp-Depreciation,detail,depreciation,0.0,0.0,SCI Detailed,92,June 2026 Consolidated Accounts.xlsx
2026-06,2026-06-30,ZARIB,SCI,Depreciation,Comp-Depreciation,detail,depreciation,2385462.82,2385462.82,SCI Detailed,92,June 2026 Consolidated Accounts.xlsx
2026-06,2026-06-30,MALAWI,SCI,Depreciation,Comp-Depreciation,detail,depreciation,3301757.46,3301757.46,SCI Detailed,92,June 2026 Consolidated Accounts.xlsx
2026-06,2026-06-30,MENA,SCI,Depreciation,Comp-Depreciation,detail,depreciation,0.0,0.0,SCI Detailed,92,June 2026 Consolidated Accounts.xlsx
2026-06,2026-06-30,NIGERIA,SCI,Depreciation,Comp-Depreciation,detail,depreciation,0.0,0.0,SCI Detailed,92,June 2026 Consolidated Accounts.xlsx
2026-06,2026-06-30,RWANDA,SCI,Depreciation,Comp-Depreciation,detail,depreciation,537230.76,537230.76,SCI Detailed,92,June 2026 Consolidated Accounts.xlsx
2026-06,2026-06-30,ZHL,SCI,Depreciation,Comp-Depreciation,detail,depreciation,0.0,0.0,SCI Detailed,92,June 2026 Consolidated Accounts.xlsx
2026-06,2026-06-30,ZATL,SCI,Depreciation,Comp-Depreciation,detail,depreciation,0.0,0.0,SCI Detailed,92,June 2026 Consolidated Accounts.xlsx
2026-06,2026-06-30,DRC,SCI,Depreciation,Comp-Depreciation,detail,depreciation,117555.49,117555.49,SCI Detailed,92,June 2026 Consolidated Accounts.xlsx
2026-06,2026-06-30,C&P,SCI,Depreciation,Comp-Depreciation,detail,depreciation,0.0,0.0,SCI Detailed,92,June 2026 Consolidated Accounts.xlsx
2026-06,2026-06-30,ZAAC,SCI,Depreciation,S/ware Depreciation,detail,depreciation,4699804.5,4699804.5,SCI Detailed,93,June 2026 Consolidated Accounts.xlsx
2026-06,2026-06-30,ZAMRE,SCI,Depreciation,S/ware Depreciation,detail,depreciation,0.0,0.0,SCI Detailed,93,June 2026 Consolidated Accounts.xlsx
2026-06,2026-06-30,ZARIB,SCI,Depreciation,S/ware Depreciation,detail,depreciation,2539181.59,2539181.59,SCI Detailed,93,June 2026 Consolidated Accounts.xlsx
2026-06,2026-06-30,MALAWI,SCI,Depreciation,S/ware Depreciation,detail,depreciation,1069582.92,1069582.92,SCI Detailed,93,June 2026 Consolidated Accounts.xlsx
2026-06,2026-06-30,MENA,SCI,Depreciation,S/ware Depreciation,detail,depreciation,0.0,0.0,SCI Detailed,93,June 2026 Consolidated Accounts.xlsx
2026-06,2026-06-30,NIGERIA,SCI,Depreciation,S/ware Depreciation,detail,depreciation,0.0,0.0,SCI Detailed,93,June 2026 Consolidated Accounts.xlsx
2026-06,2026-06-30,RWANDA,SCI,Depreciation,S/ware Depreciation,detail,depreciation,200868.2,200868.2,SCI Detailed,93,June 2026 Consolidated Accounts.xlsx
2026-06,2026-06-30,ZHL,SCI,Depreciation,S/ware Depreciation,detail,depreciation,0.0,0.0,SCI Detailed,93,June 2026 Consolidated Accounts.xlsx
2026-06,2026-06-30,ZATL,SCI,Depreciation,S/ware Depreciation,detail,depreciation,0.0,0.0,SCI Detailed,93,June 2026 Consolidated Accounts.xlsx
2026-06,2026-06-30,DRC,SCI,Depreciation,S/ware Depreciation,detail,depreciation,0.0,0.0,SCI Detailed,93,June 2026 Consolidated Accounts.xlsx
2026-06,2026-06-30,C&P,SCI,Depreciation,S/ware Depreciation,detail,depreciation,0.0,0.0,SCI Detailed,93,June 2026 Consolidated Accounts.xlsx
2026-06,2026-06-30,ZAAC,SCI,Depreciation,Furn-Depreciation,detail,depreciation,1629262.21,1629262.21,SCI Detailed,94,June 2026 Consolidated Accounts.xlsx
2026-06,2026-06-30,ZAMRE,SCI,Depreciation,Furn-Depreciation,detail,depreciation,0.0,0.0,SCI Detailed,94,June 2026 Consolidated Accounts.xlsx
2026-06,2026-06-30,ZARIB,SCI,Depreciation,Furn-Depreciation,detail,depreciation,770375.37,770375.37,SCI Detailed,94,June 2026 Consolidated Accounts.xlsx
2026-06,2026-06-30,MALAWI,SCI,Depreciation,Furn-Depreciation,detail,depreciation,208562.81,208562.81,SCI Detailed,94,June 2026 Consolidated Accounts.xlsx
2026-06,2026-06-30,MENA,SCI,Depreciation,Furn-Depreciation,detail,depreciation,0.0,0.0,SCI Detailed,94,June 2026 Consolidated Accounts.xlsx
2026-06,2026-06-30,NIGERIA,SCI,Depreciation,Furn-Depreciation,detail,depreciation,30734.98,30734.98,SCI Detailed,94,June 2026 Consolidated Accounts.xlsx
2026-06,2026-06-30,RWANDA,SCI,Depreciation,Furn-Depreciation,detail,depreciation,215044.76,215044.76,SCI Detailed,94,June 2026 Consolidated Accounts.xlsx
2026-06,2026-06-30,ZHL,SCI,Depreciation,Furn-Depreciation,detail,depreciation,0.0,0.0,SCI Detailed,94,June 2026 Consolidated Accounts.xlsx
2026-06,2026-06-30,ZATL,SCI,Depreciation,Furn-Depreciation,detail,depreciation,3742.11,3742.11,SCI Detailed,94,June 2026 Consolidated Accounts.xlsx
2026-06,2026-06-30,DRC,SCI,Depreciation,Furn-Depreciation,detail,depreciation,144675.92,144675.92,SCI Detailed,94,June 2026 Consolidated Accounts.xlsx
2026-06,2026-06-30,C&P,SCI,Depreciation,Furn-Depreciation,detail,depreciation,0.0,0.0,SCI Detailed,94,June 2026 Consolidated Accounts.xlsx
2026-06,2026-06-30,ZAAC,SCI,Depreciation,Equip-Depreciation,detail,depreciation,5089167.0,5089167.0,SCI Detailed,95,June 2026 Consolidated Accounts.xlsx
2026-06,2026-06-30,ZAMRE,SCI,Depreciation,Equip-Depreciation,detail,depreciation,0.0,0.0,SCI Detailed,95,June 2026 Consolidated Accounts.xlsx
2026-06,2026-06-30,ZARIB,SCI,Depreciation,Equip-Depreciation,detail,depreciation,3105843.98,3105843.98,SCI Detailed,95,June 2026 Consolidated Accounts.xlsx
2026-06,2026-06-30,MALAWI,SCI,Depreciation,Equip-Depreciation,detail,depreciation,618005.95,618005.95,SCI Detailed,95,June 2026 Consolidated Accounts.xlsx
2026-06,2026-06-30,MENA,SCI,Depreciation,Equip-Depreciation,detail,depreciation,0.0,0.0,SCI Detailed,95,June 2026 Consolidated Accounts.xlsx
2026-06,2026-06-30,NIGERIA,SCI,Depreciation,Equip-Depreciation,detail,depreciation,155712.36,155712.36,SCI Detailed,95,June 2026 Consolidated Accounts.xlsx
2026-06,2026-06-30,RWANDA,SCI,Depreciation,Equip-Depreciation,detail,depreciation,0.0,0.0,SCI Detailed,95,June 2026 Consolidated Accounts.xlsx
2026-06,2026-06-30,ZHL,SCI,Depreciation,Equip-Depreciation,detail,depreciation,0.0,0.0,SCI Detailed,95,June 2026 Consolidated Accounts.xlsx
2026-06,2026-06-30,ZATL,SCI,Depreciation,Equip-Depreciation,detail,depreciation,62971.21,62971.21,SCI Detailed,95,June 2026 Consolidated Accounts.xlsx
2026-06,2026-06-30,DRC,SCI,Depreciation,Equip-Depreciation,detail,depreciation,435525.82,435525.82,SCI Detailed,95,June 2026 Consolidated Accounts.xlsx
2026-06,2026-06-30,C&P,SCI,Depreciation,Equip-Depreciation,detail,depreciation,0.0,0.0,SCI Detailed,95,June 2026 Consolidated Accounts.xlsx
2026-06,2026-06-30,ZAAC,SCI,Depreciation,Leasehold Improv - Ammortization,detail,depreciation,4653095.85,4653095.85,SCI Detailed,96,June 2026 Consolidated Accounts.xlsx
2026-06,2026-06-30,ZAMRE,SCI,Depreciation,Leasehold Improv - Ammortization,detail,depreciation,0.0,0.0,SCI Detailed,96,June 2026 Consolidated Accounts.xlsx
2026-06,2026-06-30,ZARIB,SCI,Depreciation,Leasehold Improv - Ammortization,detail,depreciation,3764180.67,3764180.67,SCI Detailed,96,June 2026 Consolidated Accounts.xlsx
2026-06,2026-06-30,MALAWI,SCI,Depreciation,Leasehold Improv - Ammortization,detail,depreciation,0.0,0.0,SCI Detailed,96,June 2026 Consolidated Accounts.xlsx
2026-06,2026-06-30,MENA,SCI,Depreciation,Leasehold Improv - Ammortization,detail,depreciation,0.0,0.0,SCI Detailed,96,June 2026 Consolidated Accounts.xlsx
2026-06,2026-06-30,NIGERIA,SCI,Depreciation,Leasehold Improv - Ammortization,detail,depreciation,0.0,0.0,SCI Detailed,96,June 2026 Consolidated Accounts.xlsx
2026-06,2026-06-30,RWANDA,SCI,Depreciation,Leasehold Improv - Ammortization,detail,depreciation,0.0,0.0,SCI Detailed,96,June 2026 Consolidated Accounts.xlsx
2026-06,2026-06-30,ZHL,SCI,Depreciation,Leasehold Improv - Ammortization,detail,depreciation,0.0,0.0,SCI Detailed,96,June 2026 Consolidated Accounts.xlsx
2026-06,2026-06-30,ZATL,SCI,Depreciation,Leasehold Improv - Ammortization,detail,depreciation,0.0,0.0,SCI Detailed,96,June 2026 Consolidated Accounts.xlsx
2026-06,2026-06-30,DRC,SCI,Depreciation,Leasehold Improv - Ammortization,detail,depreciation,31537.01,31537.01,SCI Detailed,96,June 2026 Consolidated Accounts.xlsx
2026-06,2026-06-30,C&P,SCI,Depreciation,Leasehold Improv - Ammortization,detail,depreciation,0.0,0.0,SCI Detailed,96,June 2026 Consolidated Accounts.xlsx
2026-06,2026-06-30,ZAAC,SCI,Depreciation,MV-Depreciation,detail,depreciation,0.0,0.0,SCI Detailed,97,June 2026 Consolidated Accounts.xlsx
2026-06,2026-06-30,ZAMRE,SCI,Depreciation,MV-Depreciation,detail,depreciation,0.0,0.0,SCI Detailed,97,June 2026 Consolidated Accounts.xlsx
2026-06,2026-06-30,ZARIB,SCI,Depreciation,MV-Depreciation,detail,depreciation,33727.36,33727.36,SCI Detailed,97,June 2026 Consolidated Accounts.xlsx
2026-06,2026-06-30,MALAWI,SCI,Depreciation,MV-Depreciation,detail,depreciation,1812842.24,1812842.24,SCI Detailed,97,June 2026 Consolidated Accounts.xlsx
2026-06,2026-06-30,MENA,SCI,Depreciation,MV-Depreciation,detail,depreciation,0.0,0.0,SCI Detailed,97,June 2026 Consolidated Accounts.xlsx
2026-06,2026-06-30,NIGERIA,SCI,Depreciation,MV-Depreciation,detail,depreciation,349800.76,349800.76,SCI Detailed,97,June 2026 Consolidated Accounts.xlsx
2026-06,2026-06-30,RWANDA,SCI,Depreciation,MV-Depreciation,detail,depreciation,832108.69,832108.69,SCI Detailed,97,June 2026 Consolidated Accounts.xlsx
2026-06,2026-06-30,ZHL,SCI,Depreciation,MV-Depreciation,detail,depreciation,0.0,0.0,SCI Detailed,97,June 2026 Consolidated Accounts.xlsx
2026-06,2026-06-30,ZATL,SCI,Depreciation,MV-Depreciation,detail,depreciation,0.0,0.0,SCI Detailed,97,June 2026 Consolidated Accounts.xlsx
2026-06,2026-06-30,DRC,SCI,Depreciation,MV-Depreciation,detail,depreciation,1385027.99,1385027.99,SCI Detailed,97,June 2026 Consolidated Accounts.xlsx
2026-06,2026-06-30,C&P,SCI,Depreciation,MV-Depreciation,detail,depreciation,0.0,0.0,SCI Detailed,97,June 2026 Consolidated Accounts.xlsx
2026-06,2026-06-30,ZAAC,SCI,Depreciation,Goodwill amortisation,detail,depreciation,390163.02,390163.02,SCI Detailed,98,June 2026 Consolidated Accounts.xlsx
2026-06,2026-06-30,ZAMRE,SCI,Depreciation,Goodwill amortisation,detail,depreciation,0.0,0.0,SCI Detailed,98,June 2026 Consolidated Accounts.xlsx
2026-06,2026-06-30,ZARIB,SCI,Depreciation,Goodwill amortisation,detail,depreciation,0.0,0.0,SCI Detailed,98,June 2026 Consolidated Accounts.xlsx
2026-06,2026-06-30,MALAWI,SCI,Depreciation,Goodwill amortisation,detail,depreciation,0.0,0.0,SCI Detailed,98,June 2026 Consolidated Accounts.xlsx
2026-06,2026-06-30,MENA,SCI,Depreciation,Goodwill amortisation,detail,depreciation,0.0,0.0,SCI Detailed,98,June 2026 Consolidated Accounts.xlsx
2026-06,2026-06-30,NIGERIA,SCI,Depreciation,Goodwill amortisation,detail,depreciation,0.0,0.0,SCI Detailed,98,June 2026 Consolidated Accounts.xlsx
2026-06,2026-06-30,RWANDA,SCI,Depreciation,Goodwill amortisation,detail,depreciation,0.0,0.0,SCI Detailed,98,June 2026 Consolidated Accounts.xlsx
2026-06,2026-06-30,ZHL,SCI,Depreciation,Goodwill amortisation,detail,depreciation,0.0,0.0,SCI Detailed,98,June 2026 Consolidated Accounts.xlsx
2026-06,2026-06-30,ZATL,SCI,Depreciation,Goodwill amortisation,detail,depreciation,0.0,0.0,SCI Detailed,98,June 2026 Consolidated Accounts.xlsx
2026-06,2026-06-30,DRC,SCI,Depreciation,Goodwill amortisation,detail,depreciation,0.0,0.0,SCI Detailed,98,June 2026 Consolidated Accounts.xlsx
2026-06,2026-06-30,C&P,SCI,Depreciation,Goodwill amortisation,detail,depreciation,0.0,0.0,SCI Detailed,98,June 2026 Consolidated Accounts.xlsx
2026-06,2026-06-30,ZAAC,SCI,Depreciation,(group_subtotal),group_subtotal,,20494089.53,20494089.53,SCI Detailed,99,June 2026 Consolidated Accounts.xlsx
2026-06,2026-06-30,ZAMRE,SCI,Depreciation,(group_subtotal),group_subtotal,,0.0,0.0,SCI Detailed,99,June 2026 Consolidated Accounts.xlsx
2026-06,2026-06-30,ZARIB,SCI,Depreciation,(group_subtotal),group_subtotal,,12598771.79,12598771.79,SCI Detailed,99,June 2026 Consolidated Accounts.xlsx
2026-06,2026-06-30,MALAWI,SCI,Depreciation,(group_subtotal),group_subtotal,,7010751.38,7010751.38,SCI Detailed,99,June 2026 Consolidated Accounts.xlsx
2026-06,2026-06-30,MENA,SCI,Depreciation,(group_subtotal),group_subtotal,,0.0,0.0,SCI Detailed,99,June 2026 Consolidated Accounts.xlsx
2026-06,2026-06-30,NIGERIA,SCI,Depreciation,(group_subtotal),group_subtotal,,536248.1,536248.1,SCI Detailed,99,June 2026 Consolidated Accounts.xlsx
2026-06,2026-06-30,RWANDA,SCI,Depreciation,(group_subtotal),group_subtotal,,1785252.41,1785252.41,SCI Detailed,99,June 2026 Consolidated Accounts.xlsx
2026-06,2026-06-30,ZHL,SCI,Depreciation,(group_subtotal),group_subtotal,,0.0,0.0,SCI Detailed,99,June 2026 Consolidated Accounts.xlsx
2026-06,2026-06-30,ZATL,SCI,Depreciation,(group_subtotal),group_subtotal,,66713.32,66713.32,SCI Detailed,99,June 2026 Consolidated Accounts.xlsx
2026-06,2026-06-30,DRC,SCI,Depreciation,(group_subtotal),group_subtotal,,2114322.23,2114322.23,SCI Detailed,99,June 2026 Consolidated Accounts.xlsx
2026-06,2026-06-30,C&P,SCI,Depreciation,(group_subtotal),group_subtotal,,0.0,0.0,SCI Detailed,99,June 2026 Consolidated Accounts.xlsx
2026-06,2026-06-30,ZAAC,SCI,Motor Vehicle Expenses,MV - Fuel Costs (non personnel),detail,motor_vehicle_expenses,0.0,0.0,SCI Detailed,101,June 2026 Consolidated Accounts.xlsx
2026-06,2026-06-30,ZAMRE,SCI,Motor Vehicle Expenses,MV - Fuel Costs (non personnel),detail,motor_vehicle_expenses,0.0,0.0,SCI Detailed,101,June 2026 Consolidated Accounts.xlsx
2026-06,2026-06-30,ZARIB,SCI,Motor Vehicle Expenses,MV - Fuel Costs (non personnel),detail,motor_vehicle_expenses,480800.0,480800.0,SCI Detailed,101,June 2026 Consolidated Accounts.xlsx
2026-06,2026-06-30,MALAWI,SCI,Motor Vehicle Expenses,MV - Fuel Costs (non personnel),detail,motor_vehicle_expenses,1106400.73,1106400.73,SCI Detailed,101,June 2026 Consolidated Accounts.xlsx
2026-06,2026-06-30,MENA,SCI,Motor Vehicle Expenses,MV - Fuel Costs (non personnel),detail,motor_vehicle_expenses,0.0,0.0,SCI Detailed,101,June 2026 Consolidated Accounts.xlsx
2026-06,2026-06-30,NIGERIA,SCI,Motor Vehicle Expenses,MV - Fuel Costs (non personnel),detail,motor_vehicle_expenses,454788.44,454788.44,SCI Detailed,101,June 2026 Consolidated Accounts.xlsx
2026-06,2026-06-30,RWANDA,SCI,Motor Vehicle Expenses,MV - Fuel Costs (non personnel),detail,motor_vehicle_expenses,354640.59,354640.59,SCI Detailed,101,June 2026 Consolidated Accounts.xlsx
2026-06,2026-06-30,ZHL,SCI,Motor Vehicle Expenses,MV - Fuel Costs (non personnel),detail,motor_vehicle_expenses,0.0,0.0,SCI Detailed,101,June 2026 Consolidated Accounts.xlsx
2026-06,2026-06-30,ZATL,SCI,Motor Vehicle Expenses,MV - Fuel Costs (non personnel),detail,motor_vehicle_expenses,0.0,0.0,SCI Detailed,101,June 2026 Consolidated Accounts.xlsx
2026-06,2026-06-30,DRC,SCI,Motor Vehicle Expenses,MV - Fuel Costs (non personnel),detail,motor_vehicle_expenses,907500.7,907500.7,SCI Detailed,101,June 2026 Consolidated Accounts.xlsx
2026-06,2026-06-30,C&P,SCI,Motor Vehicle Expenses,MV - Fuel Costs (non personnel),detail,motor_vehicle_expenses,0.0,0.0,SCI Detailed,101,June 2026 Consolidated Accounts.xlsx
2026-06,2026-06-30,ZAAC,SCI,Motor Vehicle Expenses,MV-Leasing Costs,detail,motor_vehicle_expenses,8306556.2,8306556.2,SCI Detailed,102,June 2026 Consolidated Accounts.xlsx
2026-06,2026-06-30,ZAMRE,SCI,Motor Vehicle Expenses,MV-Leasing Costs,detail,motor_vehicle_expenses,128743.82,128743.82,SCI Detailed,102,June 2026 Consolidated Accounts.xlsx
2026-06,2026-06-30,MALAWI,SCI,Motor Vehicle Expenses,MV-Leasing Costs,detail,motor_vehicle_expenses,0.0,0.0,SCI Detailed,102,June 2026 Consolidated Accounts.xlsx
2026-06,2026-06-30,MENA,SCI,Motor Vehicle Expenses,MV-Leasing Costs,detail,motor_vehicle_expenses,0.0,0.0,SCI Detailed,102,June 2026 Consolidated Accounts.xlsx
2026-06,2026-06-30,NIGERIA,SCI,Motor Vehicle Expenses,MV-Leasing Costs,detail,motor_vehicle_expenses,0.0,0.0,SCI Detailed,102,June 2026 Consolidated Accounts.xlsx
2026-06,2026-06-30,RWANDA,SCI,Motor Vehicle Expenses,MV-Leasing Costs,detail,motor_vehicle_expenses,0.0,0.0,SCI Detailed,102,June 2026 Consolidated Accounts.xlsx
2026-06,2026-06-30,ZHL,SCI,Motor Vehicle Expenses,MV-Leasing Costs,detail,motor_vehicle_expenses,0.0,0.0,SCI Detailed,102,June 2026 Consolidated Accounts.xlsx
2026-06,2026-06-30,ZATL,SCI,Motor Vehicle Expenses,MV-Leasing Costs,detail,motor_vehicle_expenses,0.0,0.0,SCI Detailed,102,June 2026 Consolidated Accounts.xlsx
2026-06,2026-06-30,DRC,SCI,Motor Vehicle Expenses,MV-Leasing Costs,detail,motor_vehicle_expenses,434512.88,434512.88,SCI Detailed,102,June 2026 Consolidated Accounts.xlsx
2026-06,2026-06-30,C&P,SCI,Motor Vehicle Expenses,MV-Leasing Costs,detail,motor_vehicle_expenses,0.0,0.0,SCI Detailed,102,June 2026 Consolidated Accounts.xlsx
2026-06,2026-06-30,ZAAC,SCI,Motor Vehicle Expenses,MV - Leasing Costs (non personnel),detail,motor_vehicle_expenses,0.0,0.0,SCI Detailed,103,June 2026 Consolidated Accounts.xlsx
2026-06,2026-06-30,ZAMRE,SCI,Motor Vehicle Expenses,MV - Leasing Costs (non personnel),detail,motor_vehicle_expenses,0.0,0.0,SCI Detailed,103,June 2026 Consolidated Accounts.xlsx
2026-06,2026-06-30,ZARIB,SCI,Motor Vehicle Expenses,MV - Leasing Costs (non personnel),detail,motor_vehicle_expenses,4942044.94,4942044.94,SCI Detailed,103,June 2026 Consolidated Accounts.xlsx
2026-06,2026-06-30,MALAWI,SCI,Motor Vehicle Expenses,MV - Leasing Costs (non personnel),detail,motor_vehicle_expenses,623227.55,623227.55,SCI Detailed,103,June 2026 Consolidated Accounts.xlsx
2026-06,2026-06-30,MENA,SCI,Motor Vehicle Expenses,MV - Leasing Costs (non personnel),detail,motor_vehicle_expenses,0.0,0.0,SCI Detailed,103,June 2026 Consolidated Accounts.xlsx
2026-06,2026-06-30,NIGERIA,SCI,Motor Vehicle Expenses,MV - Leasing Costs (non personnel),detail,motor_vehicle_expenses,0.0,0.0,SCI Detailed,103,June 2026 Consolidated Accounts.xlsx
2026-06,2026-06-30,RWANDA,SCI,Motor Vehicle Expenses,MV - Leasing Costs (non personnel),detail,motor_vehicle_expenses,14731.98,14731.98,SCI Detailed,103,June 2026 Consolidated Accounts.xlsx
2026-06,2026-06-30,ZHL,SCI,Motor Vehicle Expenses,MV - Leasing Costs (non personnel),detail,motor_vehicle_expenses,0.0,0.0,SCI Detailed,103,June 2026 Consolidated Accounts.xlsx
2026-06,2026-06-30,ZATL,SCI,Motor Vehicle Expenses,MV - Leasing Costs (non personnel),detail,motor_vehicle_expenses,176226.87,176226.87,SCI Detailed,103,June 2026 Consolidated Accounts.xlsx
2026-06,2026-06-30,DRC,SCI,Motor Vehicle Expenses,MV - Leasing Costs (non personnel),detail,motor_vehicle_expenses,172977.46,172977.46,SCI Detailed,103,June 2026 Consolidated Accounts.xlsx
2026-06,2026-06-30,C&P,SCI,Motor Vehicle Expenses,MV - Leasing Costs (non personnel),detail,motor_vehicle_expenses,0.0,0.0,SCI Detailed,103,June 2026 Consolidated Accounts.xlsx
2026-06,2026-06-30,ZAAC,SCI,Motor Vehicle Expenses,(group_subtotal),group_subtotal,,8306556.2,8306556.2,SCI Detailed,105,June 2026 Consolidated Accounts.xlsx
2026-06,2026-06-30,ZAMRE,SCI,Motor Vehicle Expenses,(group_subtotal),group_subtotal,,128743.82,128743.82,SCI Detailed,105,June 2026 Consolidated Accounts.xlsx
2026-06,2026-06-30,ZARIB,SCI,Motor Vehicle Expenses,(group_subtotal),group_subtotal,,5422844.94,5422844.94,SCI Detailed,105,June 2026 Consolidated Accounts.xlsx
2026-06,2026-06-30,MALAWI,SCI,Motor Vehicle Expenses,(group_subtotal),group_subtotal,,1729628.28,1729628.28,SCI Detailed,105,June 2026 Consolidated Accounts.xlsx
2026-06,2026-06-30,MENA,SCI,Motor Vehicle Expenses,(group_subtotal),group_subtotal,,0.0,0.0,SCI Detailed,105,June 2026 Consolidated Accounts.xlsx
2026-06,2026-06-30,NIGERIA,SCI,Motor Vehicle Expenses,(group_subtotal),group_subtotal,,454788.44,454788.44,SCI Detailed,105,June 2026 Consolidated Accounts.xlsx
2026-06,2026-06-30,RWANDA,SCI,Motor Vehicle Expenses,(group_subtotal),group_subtotal,,369372.57,369372.57,SCI Detailed,105,June 2026 Consolidated Accounts.xlsx
2026-06,2026-06-30,ZHL,SCI,Motor Vehicle Expenses,(group_subtotal),group_subtotal,,0.0,0.0,SCI Detailed,105,June 2026 Consolidated Accounts.xlsx
2026-06,2026-06-30,ZATL,SCI,Motor Vehicle Expenses,(group_subtotal),group_subtotal,,176226.87,176226.87,SCI Detailed,105,June 2026 Consolidated Accounts.xlsx
2026-06,2026-06-30,DRC,SCI,Motor Vehicle Expenses,(group_subtotal),group_subtotal,,1514991.04,1514991.04,SCI Detailed,105,June 2026 Consolidated Accounts.xlsx
2026-06,2026-06-30,C&P,SCI,Motor Vehicle Expenses,(group_subtotal),group_subtotal,,0.0,0.0,SCI Detailed,105,June 2026 Consolidated Accounts.xlsx
2026-06,2026-06-30,ZAAC,SCI,General Expenses,VALUE ADDS,detail,general_expenses,0.0,0.0,SCI Detailed,107,June 2026 Consolidated Accounts.xlsx
2026-06,2026-06-30,ZAMRE,SCI,General Expenses,VALUE ADDS,detail,general_expenses,0.0,0.0,SCI Detailed,107,June 2026 Consolidated Accounts.xlsx
2026-06,2026-06-30,ZARIB,SCI,General Expenses,VALUE ADDS,detail,general_expenses,3106341.65,3106341.65,SCI Detailed,107,June 2026 Consolidated Accounts.xlsx
2026-06,2026-06-30,MALAWI,SCI,General Expenses,VALUE ADDS,detail,general_expenses,0.0,0.0,SCI Detailed,107,June 2026 Consolidated Accounts.xlsx
2026-06,2026-06-30,MENA,SCI,General Expenses,VALUE ADDS,detail,general_expenses,0.0,0.0,SCI Detailed,107,June 2026 Consolidated Accounts.xlsx
2026-06,2026-06-30,NIGERIA,SCI,General Expenses,VALUE ADDS,detail,general_expenses,0.0,0.0,SCI Detailed,107,June 2026 Consolidated Accounts.xlsx
2026-06,2026-06-30,RWANDA,SCI,General Expenses,VALUE ADDS,detail,general_expenses,0.0,0.0,SCI Detailed,107,June 2026 Consolidated Accounts.xlsx
2026-06,2026-06-30,ZHL,SCI,General Expenses,VALUE ADDS,detail,general_expenses,0.0,0.0,SCI Detailed,107,June 2026 Consolidated Accounts.xlsx
2026-06,2026-06-30,ZATL,SCI,General Expenses,VALUE ADDS,detail,general_expenses,0.0,0.0,SCI Detailed,107,June 2026 Consolidated Accounts.xlsx
2026-06,2026-06-30,DRC,SCI,General Expenses,VALUE ADDS,detail,general_expenses,0.0,0.0,SCI Detailed,107,June 2026 Consolidated Accounts.xlsx
2026-06,2026-06-30,C&P,SCI,General Expenses,VALUE ADDS,detail,general_expenses,0.0,0.0,SCI Detailed,107,June 2026 Consolidated Accounts.xlsx
2026-06,2026-06-30,ZAAC,SCI,General Expenses,Equip-Maintenance,detail,general_expenses,185625.0,185625.0,SCI Detailed,108,June 2026 Consolidated Accounts.xlsx
2026-06,2026-06-30,ZAMRE,SCI,General Expenses,Equip-Maintenance,detail,general_expenses,0.0,0.0,SCI Detailed,108,June 2026 Consolidated Accounts.xlsx
2026-06,2026-06-30,ZARIB,SCI,General Expenses,Equip-Maintenance,detail,general_expenses,79337.74,79337.74,SCI Detailed,108,June 2026 Consolidated Accounts.xlsx
2026-06,2026-06-30,MALAWI,SCI,General Expenses,Equip-Maintenance,detail,general_expenses,51231.71,51231.71,SCI Detailed,108,June 2026 Consolidated Accounts.xlsx
2026-06,2026-06-30,MENA,SCI,General Expenses,Equip-Maintenance,detail,general_expenses,0.0,0.0,SCI Detailed,108,June 2026 Consolidated Accounts.xlsx
2026-06,2026-06-30,NIGERIA,SCI,General Expenses,Equip-Maintenance,detail,general_expenses,209802.06,209802.06,SCI Detailed,108,June 2026 Consolidated Accounts.xlsx
2026-06,2026-06-30,RWANDA,SCI,General Expenses,Equip-Maintenance,detail,general_expenses,325409.13,325409.13,SCI Detailed,108,June 2026 Consolidated Accounts.xlsx
2026-06,2026-06-30,ZHL,SCI,General Expenses,Equip-Maintenance,detail,general_expenses,0.0,0.0,SCI Detailed,108,June 2026 Consolidated Accounts.xlsx
2026-06,2026-06-30,ZATL,SCI,General Expenses,Equip-Maintenance,detail,general_expenses,0.0,0.0,SCI Detailed,108,June 2026 Consolidated Accounts.xlsx
2026-06,2026-06-30,DRC,SCI,General Expenses,Equip-Maintenance,detail,general_expenses,0.0,0.0,SCI Detailed,108,June 2026 Consolidated Accounts.xlsx
2026-06,2026-06-30,C&P,SCI,General Expenses,Equip-Maintenance,detail,general_expenses,51000.0,51000.0,SCI Detailed,108,June 2026 Consolidated Accounts.xlsx
2026-06,2026-06-30,ZAAC,SCI,General Expenses,Summary:Gen Exp Other,detail,general_expenses,3389257.46,3389257.46,SCI Detailed,109,June 2026 Consolidated Accounts.xlsx
2026-06,2026-06-30,ZAMRE,SCI,General Expenses,Summary:Gen Exp Other,detail,general_expenses,86041.2,86041.2,SCI Detailed,109,June 2026 Consolidated Accounts.xlsx
2026-06,2026-06-30,ZARIB,SCI,General Expenses,Summary:Gen Exp Other,detail,general_expenses,3077854.87,3077854.87,SCI Detailed,109,June 2026 Consolidated Accounts.xlsx
2026-06,2026-06-30,MALAWI,SCI,General Expenses,Summary:Gen Exp Other,detail,general_expenses,0.0,0.0,SCI Detailed,109,June 2026 Consolidated Accounts.xlsx
2026-06,2026-06-30,MENA,SCI,General Expenses,Summary:Gen Exp Other,detail,general_expenses,16997218.55,16997218.55,SCI Detailed,109,June 2026 Consolidated Accounts.xlsx
2026-06,2026-06-30,NIGERIA,SCI,General Expenses,Summary:Gen Exp Other,detail,general_expenses,330141.25,330141.25,SCI Detailed,109,June 2026 Consolidated Accounts.xlsx
2026-06,2026-06-30,RWANDA,SCI,General Expenses,Summary:Gen Exp Other,detail,general_expenses,721231.46,721231.46,SCI Detailed,109,June 2026 Consolidated Accounts.xlsx
2026-06,2026-06-30,ZHL,SCI,General Expenses,Summary:Gen Exp Other,detail,general_expenses,0.0,0.0,SCI Detailed,109,June 2026 Consolidated Accounts.xlsx
2026-06,2026-06-30,ZATL,SCI,General Expenses,Summary:Gen Exp Other,detail,general_expenses,821429.71,821429.71,SCI Detailed,109,June 2026 Consolidated Accounts.xlsx
2026-06,2026-06-30,DRC,SCI,General Expenses,Summary:Gen Exp Other,detail,general_expenses,2463795.93,2463795.93,SCI Detailed,109,June 2026 Consolidated Accounts.xlsx
2026-06,2026-06-30,C&P,SCI,General Expenses,Summary:Gen Exp Other,detail,general_expenses,10000.0,10000.0,SCI Detailed,109,June 2026 Consolidated Accounts.xlsx
2026-06,2026-06-30,ZAAC,SCI,General Expenses,Books & Periodicals,detail,general_expenses,422271.21,422271.21,SCI Detailed,111,June 2026 Consolidated Accounts.xlsx
2026-06,2026-06-30,ZAMRE,SCI,General Expenses,Books & Periodicals,detail,general_expenses,0.0,0.0,SCI Detailed,111,June 2026 Consolidated Accounts.xlsx
2026-06,2026-06-30,ZARIB,SCI,General Expenses,Books & Periodicals,detail,general_expenses,386812.0,386812.0,SCI Detailed,111,June 2026 Consolidated Accounts.xlsx
2026-06,2026-06-30,MALAWI,SCI,General Expenses,Books & Periodicals,detail,general_expenses,0.0,0.0,SCI Detailed,111,June 2026 Consolidated Accounts.xlsx
2026-06,2026-06-30,MENA,SCI,General Expenses,Books & Periodicals,detail,general_expenses,0.0,0.0,SCI Detailed,111,June 2026 Consolidated Accounts.xlsx
2026-06,2026-06-30,NIGERIA,SCI,General Expenses,Books & Periodicals,detail,general_expenses,0.0,0.0,SCI Detailed,111,June 2026 Consolidated Accounts.xlsx
2026-06,2026-06-30,RWANDA,SCI,General Expenses,Books & Periodicals,detail,general_expenses,0.0,0.0,SCI Detailed,111,June 2026 Consolidated Accounts.xlsx
2026-06,2026-06-30,ZHL,SCI,General Expenses,Books & Periodicals,detail,general_expenses,0.0,0.0,SCI Detailed,111,June 2026 Consolidated Accounts.xlsx
2026-06,2026-06-30,ZATL,SCI,General Expenses,Books & Periodicals,detail,general_expenses,0.0,0.0,SCI Detailed,111,June 2026 Consolidated Accounts.xlsx
2026-06,2026-06-30,DRC,SCI,General Expenses,Books & Periodicals,detail,general_expenses,0.0,0.0,SCI Detailed,111,June 2026 Consolidated Accounts.xlsx
2026-06,2026-06-30,C&P,SCI,General Expenses,Books & Periodicals,detail,general_expenses,0.0,0.0,SCI Detailed,111,June 2026 Consolidated Accounts.xlsx
2026-06,2026-06-30,ZAAC,SCI,General Expenses,Subscriptions General,detail,general_expenses,5500082.45,5500082.45,SCI Detailed,112,June 2026 Consolidated Accounts.xlsx
2026-06,2026-06-30,ZAMRE,SCI,General Expenses,Subscriptions General,detail,general_expenses,61346.5,61346.5,SCI Detailed,112,June 2026 Consolidated Accounts.xlsx
2026-06,2026-06-30,ZARIB,SCI,General Expenses,Subscriptions General,detail,general_expenses,3243218.42,3243218.42,SCI Detailed,112,June 2026 Consolidated Accounts.xlsx
2026-06,2026-06-30,MALAWI,SCI,General Expenses,Subscriptions General,detail,general_expenses,490938.67,490938.67,SCI Detailed,112,June 2026 Consolidated Accounts.xlsx
2026-06,2026-06-30,MENA,SCI,General Expenses,Subscriptions General,detail,general_expenses,491765.94,491765.94,SCI Detailed,112,June 2026 Consolidated Accounts.xlsx
2026-06,2026-06-30,NIGERIA,SCI,General Expenses,Subscriptions General,detail,general_expenses,0.0,0.0,SCI Detailed,112,June 2026 Consolidated Accounts.xlsx
2026-06,2026-06-30,RWANDA,SCI,General Expenses,Subscriptions General,detail,general_expenses,0.0,0.0,SCI Detailed,112,June 2026 Consolidated Accounts.xlsx
2026-06,2026-06-30,ZHL,SCI,General Expenses,Subscriptions General,detail,general_expenses,0.0,0.0,SCI Detailed,112,June 2026 Consolidated Accounts.xlsx
2026-06,2026-06-30,ZATL,SCI,General Expenses,Subscriptions General,detail,general_expenses,72069.78,72069.78,SCI Detailed,112,June 2026 Consolidated Accounts.xlsx
2026-06,2026-06-30,DRC,SCI,General Expenses,Subscriptions General,detail,general_expenses,785255.67,785255.67,SCI Detailed,112,June 2026 Consolidated Accounts.xlsx
2026-06,2026-06-30,C&P,SCI,General Expenses,Subscriptions General,detail,general_expenses,0.0,0.0,SCI Detailed,112,June 2026 Consolidated Accounts.xlsx
2026-06,2026-06-30,ZAAC,SCI,General Expenses,Donations-Charitable,detail,general_expenses,2720000.0,2720000.0,SCI Detailed,114,June 2026 Consolidated Accounts.xlsx
2026-06,2026-06-30,ZAMRE,SCI,General Expenses,Donations-Charitable,detail,general_expenses,0.0,0.0,SCI Detailed,114,June 2026 Consolidated Accounts.xlsx
2026-06,2026-06-30,ZARIB,SCI,General Expenses,Donations-Charitable,detail,general_expenses,500000.0,500000.0,SCI Detailed,114,June 2026 Consolidated Accounts.xlsx
2026-06,2026-06-30,MALAWI,SCI,General Expenses,Donations-Charitable,detail,general_expenses,0.0,0.0,SCI Detailed,114,June 2026 Consolidated Accounts.xlsx
2026-06,2026-06-30,MENA,SCI,General Expenses,Donations-Charitable,detail,general_expenses,0.0,0.0,SCI Detailed,114,June 2026 Consolidated Accounts.xlsx
2026-06,2026-06-30,NIGERIA,SCI,General Expenses,Donations-Charitable,detail,general_expenses,0.0,0.0,SCI Detailed,114,June 2026 Consolidated Accounts.xlsx
2026-06,2026-06-30,RWANDA,SCI,General Expenses,Donations-Charitable,detail,general_expenses,0.0,0.0,SCI Detailed,114,June 2026 Consolidated Accounts.xlsx
2026-06,2026-06-30,ZHL,SCI,General Expenses,Donations-Charitable,detail,general_expenses,0.0,0.0,SCI Detailed,114,June 2026 Consolidated Accounts.xlsx
2026-06,2026-06-30,ZATL,SCI,General Expenses,Donations-Charitable,detail,general_expenses,0.0,0.0,SCI Detailed,114,June 2026 Consolidated Accounts.xlsx
2026-06,2026-06-30,DRC,SCI,General Expenses,Donations-Charitable,detail,general_expenses,38810.0,38810.0,SCI Detailed,114,June 2026 Consolidated Accounts.xlsx
2026-06,2026-06-30,C&P,SCI,General Expenses,Donations-Charitable,detail,general_expenses,0.0,0.0,SCI Detailed,114,June 2026 Consolidated Accounts.xlsx
2026-06,2026-06-30,ZAAC,SCI,General Expenses,STAFF WELFARE,detail,general_expenses,291000.0,291000.0,SCI Detailed,115,June 2026 Consolidated Accounts.xlsx
2026-06,2026-06-30,ZAAC,SCI,General Expenses,Bank Charges,detail,general_expenses,41029.74,41029.74,SCI Detailed,116,June 2026 Consolidated Accounts.xlsx
2026-06,2026-06-30,ZAMRE,SCI,General Expenses,Bank Charges,detail,general_expenses,0.0,0.0,SCI Detailed,116,June 2026 Consolidated Accounts.xlsx
2026-06,2026-06-30,ZARIB,SCI,General Expenses,Bank Charges,detail,general_expenses,1259210.92,1259210.92,SCI Detailed,116,June 2026 Consolidated Accounts.xlsx
2026-06,2026-06-30,MALAWI,SCI,General Expenses,Bank Charges,detail,general_expenses,197083.85,197083.85,SCI Detailed,116,June 2026 Consolidated Accounts.xlsx
2026-06,2026-06-30,MENA,SCI,General Expenses,Bank Charges,detail,general_expenses,1127652.78,1127652.78,SCI Detailed,116,June 2026 Consolidated Accounts.xlsx
2026-06,2026-06-30,NIGERIA,SCI,General Expenses,Bank Charges,detail,general_expenses,78387.36,78387.36,SCI Detailed,116,June 2026 Consolidated Accounts.xlsx
2026-06,2026-06-30,RWANDA,SCI,General Expenses,Bank Charges,detail,general_expenses,52757.7,52757.7,SCI Detailed,116,June 2026 Consolidated Accounts.xlsx
2026-06,2026-06-30,ZHL,SCI,General Expenses,Bank Charges,detail,general_expenses,189355.1,189355.1,SCI Detailed,116,June 2026 Consolidated Accounts.xlsx
2026-06,2026-06-30,ZATL,SCI,General Expenses,Bank Charges,detail,general_expenses,74039.57,74039.57,SCI Detailed,116,June 2026 Consolidated Accounts.xlsx
2026-06,2026-06-30,DRC,SCI,General Expenses,Bank Charges,detail,general_expenses,1058009.76,1058009.76,SCI Detailed,116,June 2026 Consolidated Accounts.xlsx
2026-06,2026-06-30,C&P,SCI,General Expenses,Bank Charges,detail,general_expenses,14247.5,14247.5,SCI Detailed,116,June 2026 Consolidated Accounts.xlsx
2026-06,2026-06-30,ZAAC,SCI,General Expenses,(group_subtotal),group_subtotal,,12549265.86,12549265.86,SCI Detailed,117,June 2026 Consolidated Accounts.xlsx
2026-06,2026-06-30,ZAMRE,SCI,General Expenses,(group_subtotal),group_subtotal,,147387.7,147387.7,SCI Detailed,117,June 2026 Consolidated Accounts.xlsx
2026-06,2026-06-30,ZARIB,SCI,General Expenses,(group_subtotal),group_subtotal,,11652775.6,11652775.6,SCI Detailed,117,June 2026 Consolidated Accounts.xlsx
2026-06,2026-06-30,MALAWI,SCI,General Expenses,(group_subtotal),group_subtotal,,739254.22,739254.22,SCI Detailed,117,June 2026 Consolidated Accounts.xlsx
2026-06,2026-06-30,MENA,SCI,General Expenses,(group_subtotal),group_subtotal,,18616637.27,18616637.27,SCI Detailed,117,June 2026 Consolidated Accounts.xlsx
2026-06,2026-06-30,NIGERIA,SCI,General Expenses,(group_subtotal),group_subtotal,,618330.67,618330.67,SCI Detailed,117,June 2026 Consolidated Accounts.xlsx
2026-06,2026-06-30,RWANDA,SCI,General Expenses,(group_subtotal),group_subtotal,,1099398.28,1099398.28,SCI Detailed,117,June 2026 Consolidated Accounts.xlsx
2026-06,2026-06-30,ZHL,SCI,General Expenses,(group_subtotal),group_subtotal,,189355.1,189355.1,SCI Detailed,117,June 2026 Consolidated Accounts.xlsx
2026-06,2026-06-30,ZATL,SCI,General Expenses,(group_subtotal),group_subtotal,,967539.06,967539.06,SCI Detailed,117,June 2026 Consolidated Accounts.xlsx
2026-06,2026-06-30,DRC,SCI,General Expenses,(group_subtotal),group_subtotal,,4345871.35,4345871.35,SCI Detailed,117,June 2026 Consolidated Accounts.xlsx
2026-06,2026-06-30,C&P,SCI,General Expenses,(group_subtotal),group_subtotal,,75247.5,75247.5,SCI Detailed,117,June 2026 Consolidated Accounts.xlsx
2026-06,2026-06-30,ZAAC,SCI,Finance cost,Int paid others,detail,finance_costs,662459.58,662459.58,SCI Detailed,119,June 2026 Consolidated Accounts.xlsx
2026-06,2026-06-30,ZAMRE,SCI,Finance cost,Int paid others,detail,finance_costs,0.0,0.0,SCI Detailed,119,June 2026 Consolidated Accounts.xlsx
2026-06,2026-06-30,ZARIB,SCI,Finance cost,Int paid others,detail,finance_costs,0.0,0.0,SCI Detailed,119,June 2026 Consolidated Accounts.xlsx
2026-06,2026-06-30,MALAWI,SCI,Finance cost,Int paid others,detail,finance_costs,0.0,0.0,SCI Detailed,119,June 2026 Consolidated Accounts.xlsx
2026-06,2026-06-30,MENA,SCI,Finance cost,Int paid others,detail,finance_costs,0.0,0.0,SCI Detailed,119,June 2026 Consolidated Accounts.xlsx
2026-06,2026-06-30,NIGERIA,SCI,Finance cost,Int paid others,detail,finance_costs,0.0,0.0,SCI Detailed,119,June 2026 Consolidated Accounts.xlsx
2026-06,2026-06-30,RWANDA,SCI,Finance cost,Int paid others,detail,finance_costs,0.0,0.0,SCI Detailed,119,June 2026 Consolidated Accounts.xlsx
2026-06,2026-06-30,ZHL,SCI,Finance cost,Int paid others,detail,finance_costs,0.0,0.0,SCI Detailed,119,June 2026 Consolidated Accounts.xlsx
2026-06,2026-06-30,ZATL,SCI,Finance cost,Int paid others,detail,finance_costs,0.0,0.0,SCI Detailed,119,June 2026 Consolidated Accounts.xlsx
2026-06,2026-06-30,DRC,SCI,Finance cost,Int paid others,detail,finance_costs,0.0,0.0,SCI Detailed,119,June 2026 Consolidated Accounts.xlsx
2026-06,2026-06-30,C&P,SCI,Finance cost,Int paid others,detail,finance_costs,0.0,0.0,SCI Detailed,119,June 2026 Consolidated Accounts.xlsx
2026-06,2026-06-30,ZAAC,SCI,Finance cost,Fin Charges Paid,detail,finance_costs,287057.42,287057.42,SCI Detailed,120,June 2026 Consolidated Accounts.xlsx
2026-06,2026-06-30,ZAMRE,SCI,Finance cost,Fin Charges Paid,detail,finance_costs,7980.6,7980.6,SCI Detailed,120,June 2026 Consolidated Accounts.xlsx
2026-06,2026-06-30,ZARIB,SCI,Finance cost,Fin Charges Paid,detail,finance_costs,1982510.64,1982510.64,SCI Detailed,120,June 2026 Consolidated Accounts.xlsx
2026-06,2026-06-30,MALAWI,SCI,Finance cost,Fin Charges Paid,detail,finance_costs,0.0,0.0,SCI Detailed,120,June 2026 Consolidated Accounts.xlsx
2026-06,2026-06-30,MENA,SCI,Finance cost,Fin Charges Paid,detail,finance_costs,0.0,0.0,SCI Detailed,120,June 2026 Consolidated Accounts.xlsx
2026-06,2026-06-30,NIGERIA,SCI,Finance cost,Fin Charges Paid,detail,finance_costs,0.0,0.0,SCI Detailed,120,June 2026 Consolidated Accounts.xlsx
2026-06,2026-06-30,RWANDA,SCI,Finance cost,Fin Charges Paid,detail,finance_costs,0.0,0.0,SCI Detailed,120,June 2026 Consolidated Accounts.xlsx
2026-06,2026-06-30,ZHL,SCI,Finance cost,Fin Charges Paid,detail,finance_costs,0.0,0.0,SCI Detailed,120,June 2026 Consolidated Accounts.xlsx
2026-06,2026-06-30,ZATL,SCI,Finance cost,Fin Charges Paid,detail,finance_costs,0.0,0.0,SCI Detailed,120,June 2026 Consolidated Accounts.xlsx
2026-06,2026-06-30,DRC,SCI,Finance cost,Fin Charges Paid,detail,finance_costs,0.0,0.0,SCI Detailed,120,June 2026 Consolidated Accounts.xlsx
2026-06,2026-06-30,C&P,SCI,Finance cost,Fin Charges Paid,detail,finance_costs,0.0,0.0,SCI Detailed,120,June 2026 Consolidated Accounts.xlsx
2026-06,2026-06-30,ZAAC,SCI,Finance cost,(group_subtotal),group_subtotal,,949517.0,949517.0,SCI Detailed,121,June 2026 Consolidated Accounts.xlsx
2026-06,2026-06-30,ZAMRE,SCI,Finance cost,(group_subtotal),group_subtotal,,7980.6,7980.6,SCI Detailed,121,June 2026 Consolidated Accounts.xlsx
2026-06,2026-06-30,ZARIB,SCI,Finance cost,(group_subtotal),group_subtotal,,1982510.64,1982510.64,SCI Detailed,121,June 2026 Consolidated Accounts.xlsx
2026-06,2026-06-30,MALAWI,SCI,Finance cost,(group_subtotal),group_subtotal,,0.0,0.0,SCI Detailed,121,June 2026 Consolidated Accounts.xlsx
2026-06,2026-06-30,MENA,SCI,Finance cost,(group_subtotal),group_subtotal,,0.0,0.0,SCI Detailed,121,June 2026 Consolidated Accounts.xlsx
2026-06,2026-06-30,NIGERIA,SCI,Finance cost,(group_subtotal),group_subtotal,,0.0,0.0,SCI Detailed,121,June 2026 Consolidated Accounts.xlsx
2026-06,2026-06-30,RWANDA,SCI,Finance cost,(group_subtotal),group_subtotal,,0.0,0.0,SCI Detailed,121,June 2026 Consolidated Accounts.xlsx
2026-06,2026-06-30,ZHL,SCI,Finance cost,(group_subtotal),group_subtotal,,0.0,0.0,SCI Detailed,121,June 2026 Consolidated Accounts.xlsx
2026-06,2026-06-30,ZATL,SCI,Finance cost,(group_subtotal),group_subtotal,,0.0,0.0,SCI Detailed,121,June 2026 Consolidated Accounts.xlsx
2026-06,2026-06-30,DRC,SCI,Finance cost,(group_subtotal),group_subtotal,,0.0,0.0,SCI Detailed,121,June 2026 Consolidated Accounts.xlsx
2026-06,2026-06-30,C&P,SCI,Finance cost,(group_subtotal),group_subtotal,,0.0,0.0,SCI Detailed,121,June 2026 Consolidated Accounts.xlsx
2026-06,2026-06-30,ZAAC,SCI,Taxation,Taxation expense,detail,taxation,56119232.7,56119232.7,SCI Detailed,123,June 2026 Consolidated Accounts.xlsx
2026-06,2026-06-30,ZAMRE,SCI,Taxation,Taxation expense,detail,taxation,8163555.71,8163555.71,SCI Detailed,123,June 2026 Consolidated Accounts.xlsx
2026-06,2026-06-30,ZARIB,SCI,Taxation,Taxation expense,detail,taxation,177398957.89,177398957.89,SCI Detailed,123,June 2026 Consolidated Accounts.xlsx
2026-06,2026-06-30,MALAWI,SCI,Taxation,Taxation expense,detail,taxation,21270805.09,21270805.09,SCI Detailed,123,June 2026 Consolidated Accounts.xlsx
2026-06,2026-06-30,MENA,SCI,Taxation,Taxation expense,detail,taxation,0.0,0.0,SCI Detailed,123,June 2026 Consolidated Accounts.xlsx
2026-06,2026-06-30,NIGERIA,SCI,Taxation,Taxation expense,detail,taxation,1959998.68,1959998.68,SCI Detailed,123,June 2026 Consolidated Accounts.xlsx
2026-06,2026-06-30,RWANDA,SCI,Taxation,Taxation expense,detail,taxation,2487358.02,2487358.02,SCI Detailed,123,June 2026 Consolidated Accounts.xlsx
2026-06,2026-06-30,ZHL,SCI,Taxation,Taxation expense,detail,taxation,0.0,0.0,SCI Detailed,123,June 2026 Consolidated Accounts.xlsx
2026-06,2026-06-30,ZATL,SCI,Taxation,Taxation expense,detail,taxation,270341.64,270341.64,SCI Detailed,123,June 2026 Consolidated Accounts.xlsx
2026-06,2026-06-30,DRC,SCI,Taxation,Taxation expense,detail,taxation,0.0,0.0,SCI Detailed,123,June 2026 Consolidated Accounts.xlsx
2026-06,2026-06-30,C&P,SCI,Taxation,Taxation expense,detail,taxation,4921724.88,4921724.88,SCI Detailed,123,June 2026 Consolidated Accounts.xlsx
2026-06,2026-06-30,ZAAC,SCI,Taxation,(group_subtotal),group_subtotal,,56119232.7,56119232.7,SCI Detailed,124,June 2026 Consolidated Accounts.xlsx
2026-06,2026-06-30,ZAMRE,SCI,Taxation,(group_subtotal),group_subtotal,,8163555.71,8163555.71,SCI Detailed,124,June 2026 Consolidated Accounts.xlsx
2026-06,2026-06-30,ZARIB,SCI,Taxation,(group_subtotal),group_subtotal,,177398957.89,177398957.89,SCI Detailed,124,June 2026 Consolidated Accounts.xlsx
2026-06,2026-06-30,MALAWI,SCI,Taxation,(group_subtotal),group_subtotal,,21270805.09,21270805.09,SCI Detailed,124,June 2026 Consolidated Accounts.xlsx
2026-06,2026-06-30,MENA,SCI,Taxation,(group_subtotal),group_subtotal,,0.0,0.0,SCI Detailed,124,June 2026 Consolidated Accounts.xlsx
2026-06,2026-06-30,NIGERIA,SCI,Taxation,(group_subtotal),group_subtotal,,1959998.68,1959998.68,SCI Detailed,124,June 2026 Consolidated Accounts.xlsx
2026-06,2026-06-30,RWANDA,SCI,Taxation,(group_subtotal),group_subtotal,,2487358.02,2487358.02,SCI Detailed,124,June 2026 Consolidated Accounts.xlsx
2026-06,2026-06-30,ZHL,SCI,Taxation,(group_subtotal),group_subtotal,,0.0,0.0,SCI Detailed,124,June 2026 Consolidated Accounts.xlsx
2026-06,2026-06-30,ZATL,SCI,Taxation,(group_subtotal),group_subtotal,,270341.64,270341.64,SCI Detailed,124,June 2026 Consolidated Accounts.xlsx
2026-06,2026-06-30,DRC,SCI,Taxation,(group_subtotal),group_subtotal,,0.0,0.0,SCI Detailed,124,June 2026 Consolidated Accounts.xlsx
2026-06,2026-06-30,C&P,SCI,Taxation,(group_subtotal),group_subtotal,,4921724.88,4921724.88,SCI Detailed,124,June 2026 Consolidated Accounts.xlsx
2026-06,2026-06-30,ZAAC,SCI,Taxation,Management Expense,detail,management_expense,0.0,0.0,SCI Detailed,126,June 2026 Consolidated Accounts.xlsx
2026-06,2026-06-30,ZAMRE,SCI,Taxation,Management Expense,detail,management_expense,0.0,0.0,SCI Detailed,126,June 2026 Consolidated Accounts.xlsx
2026-06,2026-06-30,ZARIB,SCI,Taxation,Management Expense,detail,management_expense,0.0,0.0,SCI Detailed,126,June 2026 Consolidated Accounts.xlsx
2026-06,2026-06-30,MALAWI,SCI,Taxation,Management Expense,detail,management_expense,8519232.61,8519232.61,SCI Detailed,126,June 2026 Consolidated Accounts.xlsx
2026-06,2026-06-30,MENA,SCI,Taxation,Management Expense,detail,management_expense,0.0,0.0,SCI Detailed,126,June 2026 Consolidated Accounts.xlsx
2026-06,2026-06-30,NIGERIA,SCI,Taxation,Management Expense,detail,management_expense,2526998.39,2526998.39,SCI Detailed,126,June 2026 Consolidated Accounts.xlsx
2026-06,2026-06-30,RWANDA,SCI,Taxation,Management Expense,detail,management_expense,0.0,0.0,SCI Detailed,126,June 2026 Consolidated Accounts.xlsx
2026-06,2026-06-30,ZHL,SCI,Taxation,Management Expense,detail,management_expense,0.0,0.0,SCI Detailed,126,June 2026 Consolidated Accounts.xlsx
2026-06,2026-06-30,ZATL,SCI,Taxation,Management Expense,detail,management_expense,672885.48,672885.48,SCI Detailed,126,June 2026 Consolidated Accounts.xlsx
2026-06,2026-06-30,DRC,SCI,Taxation,Management Expense,detail,management_expense,950976.95,950976.95,SCI Detailed,126,June 2026 Consolidated Accounts.xlsx
2026-06,2026-06-30,C&P,SCI,Taxation,Management Expense,detail,management_expense,3384922.02,3384922.02,SCI Detailed,126,June 2026 Consolidated Accounts.xlsx
2026-06,2026-06-30,ZAAC,SCI,Taxation,(group_subtotal),group_subtotal,,0.0,0.0,SCI Detailed,127,June 2026 Consolidated Accounts.xlsx
2026-06,2026-06-30,ZAMRE,SCI,Taxation,(group_subtotal),group_subtotal,,0.0,0.0,SCI Detailed,127,June 2026 Consolidated Accounts.xlsx
2026-06,2026-06-30,ZARIB,SCI,Taxation,(group_subtotal),group_subtotal,,0.0,0.0,SCI Detailed,127,June 2026 Consolidated Accounts.xlsx
2026-06,2026-06-30,MALAWI,SCI,Taxation,(group_subtotal),group_subtotal,,8519232.61,8519232.61,SCI Detailed,127,June 2026 Consolidated Accounts.xlsx
2026-06,2026-06-30,MENA,SCI,Taxation,(group_subtotal),group_subtotal,,0.0,0.0,SCI Detailed,127,June 2026 Consolidated Accounts.xlsx
2026-06,2026-06-30,NIGERIA,SCI,Taxation,(group_subtotal),group_subtotal,,2526998.39,2526998.39,SCI Detailed,127,June 2026 Consolidated Accounts.xlsx
2026-06,2026-06-30,RWANDA,SCI,Taxation,(group_subtotal),group_subtotal,,0.0,0.0,SCI Detailed,127,June 2026 Consolidated Accounts.xlsx
2026-06,2026-06-30,ZHL,SCI,Taxation,(group_subtotal),group_subtotal,,0.0,0.0,SCI Detailed,127,June 2026 Consolidated Accounts.xlsx
2026-06,2026-06-30,ZATL,SCI,Taxation,(group_subtotal),group_subtotal,,672885.48,672885.48,SCI Detailed,127,June 2026 Consolidated Accounts.xlsx
2026-06,2026-06-30,DRC,SCI,Taxation,(group_subtotal),group_subtotal,,950976.95,950976.95,SCI Detailed,127,June 2026 Consolidated Accounts.xlsx
2026-06,2026-06-30,C&P,SCI,Taxation,(group_subtotal),group_subtotal,,3384922.02,3384922.02,SCI Detailed,127,June 2026 Consolidated Accounts.xlsx
2026-06,2026-06-30,ZAAC,SCI,Taxation,Total Expenses,total,,575384648.74,575384648.74,SCI Detailed,130,June 2026 Consolidated Accounts.xlsx
2026-06,2026-06-30,ZAMRE,SCI,Taxation,Total Expenses,total,,21336050.96,21336050.96,SCI Detailed,130,June 2026 Consolidated Accounts.xlsx
2026-06,2026-06-30,ZARIB,SCI,Taxation,Total Expenses,total,,404196091.86,404196091.86,SCI Detailed,130,June 2026 Consolidated Accounts.xlsx
2026-06,2026-06-30,MALAWI,SCI,Taxation,Total Expenses,total,,53939136.4,53939136.4,SCI Detailed,130,June 2026 Consolidated Accounts.xlsx
2026-06,2026-06-30,MENA,SCI,Taxation,Total Expenses,total,,56646610.26,56646610.26,SCI Detailed,130,June 2026 Consolidated Accounts.xlsx
2026-06,2026-06-30,NIGERIA,SCI,Taxation,Total Expenses,total,,24156269.51,24156269.51,SCI Detailed,130,June 2026 Consolidated Accounts.xlsx
2026-06,2026-06-30,RWANDA,SCI,Taxation,Total Expenses,total,,28035066.23,28035066.23,SCI Detailed,130,June 2026 Consolidated Accounts.xlsx
2026-06,2026-06-30,ZHL,SCI,Taxation,Total Expenses,total,,21260197.41,21260197.41,SCI Detailed,130,June 2026 Consolidated Accounts.xlsx
2026-06,2026-06-30,ZATL,SCI,Taxation,Total Expenses,total,,6903426.39,6903426.39,SCI Detailed,130,June 2026 Consolidated Accounts.xlsx
2026-06,2026-06-30,DRC,SCI,Taxation,Total Expenses,total,,41782231.51,41782231.51,SCI Detailed,130,June 2026 Consolidated Accounts.xlsx
2026-06,2026-06-30,C&P,SCI,Taxation,Total Expenses,total,,6404139.98,6404139.98,SCI Detailed,130,June 2026 Consolidated Accounts.xlsx
2026-06,2026-06-30,ZAAC,SCI,Taxation,Profit Before Tax,total,,-157636985.98,-157636985.98,SCI Detailed,132,June 2026 Consolidated Accounts.xlsx
2026-06,2026-06-30,ZAMRE,SCI,Taxation,Profit Before Tax,total,,-27211852.36,-27211852.36,SCI Detailed,132,June 2026 Consolidated Accounts.xlsx
2026-06,2026-06-30,ZARIB,SCI,Taxation,Profit Before Tax,total,,-574622120.0,-574622120.0,SCI Detailed,132,June 2026 Consolidated Accounts.xlsx
2026-06,2026-06-30,MALAWI,SCI,Taxation,Profit Before Tax,total,,-67027719.51,-67027719.51,SCI Detailed,132,June 2026 Consolidated Accounts.xlsx
2026-06,2026-06-30,MENA,SCI,Taxation,Profit Before Tax,total,,6890943.57,6890943.57,SCI Detailed,132,June 2026 Consolidated Accounts.xlsx
2026-06,2026-06-30,NIGERIA,SCI,Taxation,Profit Before Tax,total,,-18705613.55,-18705613.55,SCI Detailed,132,June 2026 Consolidated Accounts.xlsx
2026-06,2026-06-30,RWANDA,SCI,Taxation,Profit Before Tax,total,,-8312082.62,-8312082.62,SCI Detailed,132,June 2026 Consolidated Accounts.xlsx
2026-06,2026-06-30,ZHL,SCI,Taxation,Profit Before Tax,total,,21096181.75,21096181.75,SCI Detailed,132,June 2026 Consolidated Accounts.xlsx
2026-06,2026-06-30,ZATL,SCI,Taxation,Profit Before Tax,total,,-901138.82,-901138.82,SCI Detailed,132,June 2026 Consolidated Accounts.xlsx
2026-06,2026-06-30,DRC,SCI,Taxation,Profit Before Tax,total,,-19104.87,-19104.87,SCI Detailed,132,June 2026 Consolidated Accounts.xlsx
2026-06,2026-06-30,C&P,SCI,Taxation,Profit Before Tax,total,,-19032322.66,-19032322.66,SCI Detailed,132,June 2026 Consolidated Accounts.xlsx
2026-06,2026-06-30,ZAAC,SCI,Taxation,Profit After Tax,total,,-101517753.28,-101517753.28,SCI Detailed,134,June 2026 Consolidated Accounts.xlsx
2026-06,2026-06-30,ZAMRE,SCI,Taxation,Profit After Tax,total,,-19048296.65,-19048296.65,SCI Detailed,134,June 2026 Consolidated Accounts.xlsx
2026-06,2026-06-30,ZARIB,SCI,Taxation,Profit After Tax,total,,-397223162.11,-397223162.11,SCI Detailed,134,June 2026 Consolidated Accounts.xlsx
2026-06,2026-06-30,MALAWI,SCI,Taxation,Profit After Tax,total,,-45756914.42,-45756914.42,SCI Detailed,134,June 2026 Consolidated Accounts.xlsx
2026-06,2026-06-30,MENA,SCI,Taxation,Profit After Tax,total,,6890943.57,6890943.57,SCI Detailed,134,June 2026 Consolidated Accounts.xlsx
2026-06,2026-06-30,NIGERIA,SCI,Taxation,Profit After Tax,total,,-16745614.87,-16745614.87,SCI Detailed,134,June 2026 Consolidated Accounts.xlsx
2026-06,2026-06-30,RWANDA,SCI,Taxation,Profit After Tax,total,,-5824724.6,-5824724.6,SCI Detailed,134,June 2026 Consolidated Accounts.xlsx
2026-06,2026-06-30,ZHL,SCI,Taxation,Profit After Tax,total,,21096181.75,21096181.75,SCI Detailed,134,June 2026 Consolidated Accounts.xlsx
2026-06,2026-06-30,ZATL,SCI,Taxation,Profit After Tax,total,,-630797.17,-630797.17,SCI Detailed,134,June 2026 Consolidated Accounts.xlsx
2026-06,2026-06-30,DRC,SCI,Taxation,Profit After Tax,total,,-19104.87,-19104.87,SCI Detailed,134,June 2026 Consolidated Accounts.xlsx
2026-06,2026-06-30,C&P,SCI,Taxation,Profit After Tax,total,,-14110597.78,-14110597.78,SCI Detailed,134,June 2026 Consolidated Accounts.xlsx
2026-06,2026-06-30,ZAAC,SFP,Non-Current Assets,"Property, Plant and Equipment",detail,ppe,92300692.1,92300692.1,SFP Detailed,8,June 2026 Consolidated Accounts.xlsx
2026-06,2026-06-30,ZAMRE,SFP,Non-Current Assets,"Property, Plant and Equipment",detail,ppe,0.0,0.0,SFP Detailed,8,June 2026 Consolidated Accounts.xlsx
2026-06,2026-06-30,ZARIB,SFP,Non-Current Assets,"Property, Plant and Equipment",detail,ppe,63000806.82,63000806.82,SFP Detailed,8,June 2026 Consolidated Accounts.xlsx
2026-06,2026-06-30,MALAWI,SFP,Non-Current Assets,"Property, Plant and Equipment",detail,ppe,11295376.49,11295376.49,SFP Detailed,8,June 2026 Consolidated Accounts.xlsx
2026-06,2026-06-30,MENA,SFP,Non-Current Assets,"Property, Plant and Equipment",detail,ppe,10280701.05,10280701.05,SFP Detailed,8,June 2026 Consolidated Accounts.xlsx
2026-06,2026-06-30,NIGERIA,SFP,Non-Current Assets,"Property, Plant and Equipment",detail,ppe,3498885.3,3498885.3,SFP Detailed,8,June 2026 Consolidated Accounts.xlsx
2026-06,2026-06-30,RWANDA,SFP,Non-Current Assets,"Property, Plant and Equipment",detail,ppe,8210530.46,8210530.46,SFP Detailed,8,June 2026 Consolidated Accounts.xlsx
2026-06,2026-06-30,ZHL,SFP,Non-Current Assets,"Property, Plant and Equipment",detail,ppe,0.0,0.0,SFP Detailed,8,June 2026 Consolidated Accounts.xlsx
2026-06,2026-06-30,ZATL,SFP,Non-Current Assets,"Property, Plant and Equipment",detail,ppe,356100.78,356100.78,SFP Detailed,8,June 2026 Consolidated Accounts.xlsx
2026-06,2026-06-30,DRC,SFP,Non-Current Assets,"Property, Plant and Equipment",detail,ppe,11532357.02,11532357.02,SFP Detailed,8,June 2026 Consolidated Accounts.xlsx
2026-06,2026-06-30,C&P,SFP,Non-Current Assets,"Property, Plant and Equipment",detail,ppe,0.0,0.0,SFP Detailed,8,June 2026 Consolidated Accounts.xlsx
2026-06,2026-06-30,ZAAC,SFP,Non-Current Assets,Intangible assets - computer software,detail,computer_software,19392154.3,19392154.3,SFP Detailed,9,June 2026 Consolidated Accounts.xlsx
2026-06,2026-06-30,ZAMRE,SFP,Non-Current Assets,Intangible assets - computer software,detail,computer_software,6878000.0,6878000.0,SFP Detailed,9,June 2026 Consolidated Accounts.xlsx
2026-06,2026-06-30,ZARIB,SFP,Non-Current Assets,Intangible assets - computer software,detail,computer_software,21719407.96,21719407.96,SFP Detailed,9,June 2026 Consolidated Accounts.xlsx
2026-06,2026-06-30,MALAWI,SFP,Non-Current Assets,Intangible assets - computer software,detail,computer_software,10207054.37,10207054.37,SFP Detailed,9,June 2026 Consolidated Accounts.xlsx
2026-06,2026-06-30,MENA,SFP,Non-Current Assets,Intangible assets - computer software,detail,computer_software,0.0,0.0,SFP Detailed,9,June 2026 Consolidated Accounts.xlsx
2026-06,2026-06-30,NIGERIA,SFP,Non-Current Assets,Intangible assets - computer software,detail,computer_software,0.0,0.0,SFP Detailed,9,June 2026 Consolidated Accounts.xlsx
2026-06,2026-06-30,RWANDA,SFP,Non-Current Assets,Intangible assets - computer software,detail,computer_software,3406177.71,3406177.71,SFP Detailed,9,June 2026 Consolidated Accounts.xlsx
2026-06,2026-06-30,ZHL,SFP,Non-Current Assets,Intangible assets - computer software,detail,computer_software,0.0,0.0,SFP Detailed,9,June 2026 Consolidated Accounts.xlsx
2026-06,2026-06-30,ZATL,SFP,Non-Current Assets,Intangible assets - computer software,detail,computer_software,0.0,0.0,SFP Detailed,9,June 2026 Consolidated Accounts.xlsx
2026-06,2026-06-30,DRC,SFP,Non-Current Assets,Intangible assets - computer software,detail,computer_software,0.0,0.0,SFP Detailed,9,June 2026 Consolidated Accounts.xlsx
2026-06,2026-06-30,C&P,SFP,Non-Current Assets,Intangible assets - computer software,detail,computer_software,0.0,0.0,SFP Detailed,9,June 2026 Consolidated Accounts.xlsx
2026-06,2026-06-30,ZAAC,SFP,Non-Current Assets,Intangible assets - goodwill,detail,goodwill,3511470.92,3511470.92,SFP Detailed,10,June 2026 Consolidated Accounts.xlsx
2026-06,2026-06-30,ZAMRE,SFP,Non-Current Assets,Intangible assets - goodwill,detail,goodwill,0.0,0.0,SFP Detailed,10,June 2026 Consolidated Accounts.xlsx
2026-06,2026-06-30,ZARIB,SFP,Non-Current Assets,Intangible assets - goodwill,detail,goodwill,0.0,0.0,SFP Detailed,10,June 2026 Consolidated Accounts.xlsx
2026-06,2026-06-30,MALAWI,SFP,Non-Current Assets,Intangible assets - goodwill,detail,goodwill,0.0,0.0,SFP Detailed,10,June 2026 Consolidated Accounts.xlsx
2026-06,2026-06-30,MENA,SFP,Non-Current Assets,Intangible assets - goodwill,detail,goodwill,0.0,0.0,SFP Detailed,10,June 2026 Consolidated Accounts.xlsx
2026-06,2026-06-30,NIGERIA,SFP,Non-Current Assets,Intangible assets - goodwill,detail,goodwill,0.0,0.0,SFP Detailed,10,June 2026 Consolidated Accounts.xlsx
2026-06,2026-06-30,RWANDA,SFP,Non-Current Assets,Intangible assets - goodwill,detail,goodwill,0.0,0.0,SFP Detailed,10,June 2026 Consolidated Accounts.xlsx
2026-06,2026-06-30,ZHL,SFP,Non-Current Assets,Intangible assets - goodwill,detail,goodwill,0.0,0.0,SFP Detailed,10,June 2026 Consolidated Accounts.xlsx
2026-06,2026-06-30,ZATL,SFP,Non-Current Assets,Intangible assets - goodwill,detail,goodwill,0.0,0.0,SFP Detailed,10,June 2026 Consolidated Accounts.xlsx
2026-06,2026-06-30,DRC,SFP,Non-Current Assets,Intangible assets - goodwill,detail,goodwill,0.0,0.0,SFP Detailed,10,June 2026 Consolidated Accounts.xlsx
2026-06,2026-06-30,C&P,SFP,Non-Current Assets,Intangible assets - goodwill,detail,goodwill,0.0,0.0,SFP Detailed,10,June 2026 Consolidated Accounts.xlsx
2026-06,2026-06-30,ZAAC,SFP,Non-Current Assets,Investment in associate,detail,investment_in_associate,0.0,0.0,SFP Detailed,11,June 2026 Consolidated Accounts.xlsx
2026-06,2026-06-30,ZAMRE,SFP,Non-Current Assets,Investment in associate,detail,investment_in_associate,0.0,0.0,SFP Detailed,11,June 2026 Consolidated Accounts.xlsx
2026-06,2026-06-30,ZARIB,SFP,Non-Current Assets,Investment in associate,detail,investment_in_associate,0.0,0.0,SFP Detailed,11,June 2026 Consolidated Accounts.xlsx
2026-06,2026-06-30,MALAWI,SFP,Non-Current Assets,Investment in associate,detail,investment_in_associate,0.0,0.0,SFP Detailed,11,June 2026 Consolidated Accounts.xlsx
2026-06,2026-06-30,MENA,SFP,Non-Current Assets,Investment in associate,detail,investment_in_associate,0.0,0.0,SFP Detailed,11,June 2026 Consolidated Accounts.xlsx
2026-06,2026-06-30,NIGERIA,SFP,Non-Current Assets,Investment in associate,detail,investment_in_associate,0.0,0.0,SFP Detailed,11,June 2026 Consolidated Accounts.xlsx
2026-06,2026-06-30,RWANDA,SFP,Non-Current Assets,Investment in associate,detail,investment_in_associate,0.0,0.0,SFP Detailed,11,June 2026 Consolidated Accounts.xlsx
2026-06,2026-06-30,ZHL,SFP,Non-Current Assets,Investment in associate,detail,investment_in_associate,15969831.66,15969831.66,SFP Detailed,11,June 2026 Consolidated Accounts.xlsx
2026-06,2026-06-30,ZATL,SFP,Non-Current Assets,Investment in associate,detail,investment_in_associate,0.0,0.0,SFP Detailed,11,June 2026 Consolidated Accounts.xlsx
2026-06,2026-06-30,DRC,SFP,Non-Current Assets,Investment in associate,detail,investment_in_associate,0.0,0.0,SFP Detailed,11,June 2026 Consolidated Accounts.xlsx
2026-06,2026-06-30,C&P,SFP,Non-Current Assets,Investment in associate,detail,investment_in_associate,0.0,0.0,SFP Detailed,11,June 2026 Consolidated Accounts.xlsx
2026-06,2026-06-30,ZAAC,SFP,Non-Current Assets,Investment in unquoted equity securities,detail,investment_unquoted_equity,0.0,0.0,SFP Detailed,12,June 2026 Consolidated Accounts.xlsx
2026-06,2026-06-30,ZAMRE,SFP,Non-Current Assets,Investment in unquoted equity securities,detail,investment_unquoted_equity,0.0,0.0,SFP Detailed,12,June 2026 Consolidated Accounts.xlsx
2026-06,2026-06-30,ZARIB,SFP,Non-Current Assets,Investment in unquoted equity securities,detail,investment_unquoted_equity,0.0,0.0,SFP Detailed,12,June 2026 Consolidated Accounts.xlsx
2026-06,2026-06-30,MALAWI,SFP,Non-Current Assets,Investment in unquoted equity securities,detail,investment_unquoted_equity,0.0,0.0,SFP Detailed,12,June 2026 Consolidated Accounts.xlsx
2026-06,2026-06-30,MENA,SFP,Non-Current Assets,Investment in unquoted equity securities,detail,investment_unquoted_equity,0.0,0.0,SFP Detailed,12,June 2026 Consolidated Accounts.xlsx
2026-06,2026-06-30,NIGERIA,SFP,Non-Current Assets,Investment in unquoted equity securities,detail,investment_unquoted_equity,938332.77,938332.77,SFP Detailed,12,June 2026 Consolidated Accounts.xlsx
2026-06,2026-06-30,RWANDA,SFP,Non-Current Assets,Investment in unquoted equity securities,detail,investment_unquoted_equity,0.0,0.0,SFP Detailed,12,June 2026 Consolidated Accounts.xlsx
2026-06,2026-06-30,ZHL,SFP,Non-Current Assets,Investment in unquoted equity securities,detail,investment_unquoted_equity,0.0,0.0,SFP Detailed,12,June 2026 Consolidated Accounts.xlsx
2026-06,2026-06-30,ZATL,SFP,Non-Current Assets,Investment in unquoted equity securities,detail,investment_unquoted_equity,0.0,0.0,SFP Detailed,12,June 2026 Consolidated Accounts.xlsx
2026-06,2026-06-30,DRC,SFP,Non-Current Assets,Investment in unquoted equity securities,detail,investment_unquoted_equity,0.0,0.0,SFP Detailed,12,June 2026 Consolidated Accounts.xlsx
2026-06,2026-06-30,C&P,SFP,Non-Current Assets,Investment in unquoted equity securities,detail,investment_unquoted_equity,0.0,0.0,SFP Detailed,12,June 2026 Consolidated Accounts.xlsx
2026-06,2026-06-30,ZAAC,SFP,Non-Current Assets,Deposit for investment in subsidiary,detail,deposit_for_investment_in_subsidiary,36808446.31,36808446.31,SFP Detailed,13,June 2026 Consolidated Accounts.xlsx
2026-06,2026-06-30,ZAMRE,SFP,Non-Current Assets,Deposit for investment in subsidiary,detail,deposit_for_investment_in_subsidiary,0.0,0.0,SFP Detailed,13,June 2026 Consolidated Accounts.xlsx
2026-06,2026-06-30,ZARIB,SFP,Non-Current Assets,Deposit for investment in subsidiary,detail,deposit_for_investment_in_subsidiary,1060688.0,1060688.0,SFP Detailed,13,June 2026 Consolidated Accounts.xlsx
2026-06,2026-06-30,MALAWI,SFP,Non-Current Assets,Deposit for investment in subsidiary,detail,deposit_for_investment_in_subsidiary,0.0,0.0,SFP Detailed,13,June 2026 Consolidated Accounts.xlsx
2026-06,2026-06-30,MENA,SFP,Non-Current Assets,Deposit for investment in subsidiary,detail,deposit_for_investment_in_subsidiary,0.0,0.0,SFP Detailed,13,June 2026 Consolidated Accounts.xlsx
2026-06,2026-06-30,NIGERIA,SFP,Non-Current Assets,Deposit for investment in subsidiary,detail,deposit_for_investment_in_subsidiary,0.0,0.0,SFP Detailed,13,June 2026 Consolidated Accounts.xlsx
2026-06,2026-06-30,RWANDA,SFP,Non-Current Assets,Deposit for investment in subsidiary,detail,deposit_for_investment_in_subsidiary,0.0,0.0,SFP Detailed,13,June 2026 Consolidated Accounts.xlsx
2026-06,2026-06-30,ZHL,SFP,Non-Current Assets,Deposit for investment in subsidiary,detail,deposit_for_investment_in_subsidiary,1278387321.58,1278387321.58,SFP Detailed,13,June 2026 Consolidated Accounts.xlsx
2026-06,2026-06-30,ZATL,SFP,Non-Current Assets,Deposit for investment in subsidiary,detail,deposit_for_investment_in_subsidiary,0.0,0.0,SFP Detailed,13,June 2026 Consolidated Accounts.xlsx
2026-06,2026-06-30,DRC,SFP,Non-Current Assets,Deposit for investment in subsidiary,detail,deposit_for_investment_in_subsidiary,0.0,0.0,SFP Detailed,13,June 2026 Consolidated Accounts.xlsx
2026-06,2026-06-30,C&P,SFP,Non-Current Assets,Deposit for investment in subsidiary,detail,deposit_for_investment_in_subsidiary,0.0,0.0,SFP Detailed,13,June 2026 Consolidated Accounts.xlsx
2026-06,2026-06-30,ZAAC,SFP,Non-Current Assets,Deferred tax,detail,deferred_tax,-13683636.24,-13683636.24,SFP Detailed,14,June 2026 Consolidated Accounts.xlsx
2026-06,2026-06-30,ZAMRE,SFP,Non-Current Assets,Deferred tax,detail,deferred_tax,0.0,0.0,SFP Detailed,14,June 2026 Consolidated Accounts.xlsx
2026-06,2026-06-30,ZARIB,SFP,Non-Current Assets,Deferred tax,detail,deferred_tax,33970530.5,33970530.5,SFP Detailed,14,June 2026 Consolidated Accounts.xlsx
2026-06,2026-06-30,MALAWI,SFP,Non-Current Assets,Deferred tax,detail,deferred_tax,10879332.0,10879332.0,SFP Detailed,14,June 2026 Consolidated Accounts.xlsx
2026-06,2026-06-30,MENA,SFP,Non-Current Assets,Deferred tax,detail,deferred_tax,0.0,0.0,SFP Detailed,14,June 2026 Consolidated Accounts.xlsx
2026-06,2026-06-30,NIGERIA,SFP,Non-Current Assets,Deferred tax,detail,deferred_tax,570224.82,570224.82,SFP Detailed,14,June 2026 Consolidated Accounts.xlsx
2026-06,2026-06-30,RWANDA,SFP,Non-Current Assets,Deferred tax,detail,deferred_tax,-665114.77,-665114.77,SFP Detailed,14,June 2026 Consolidated Accounts.xlsx
2026-06,2026-06-30,ZHL,SFP,Non-Current Assets,Deferred tax,detail,deferred_tax,0.0,0.0,SFP Detailed,14,June 2026 Consolidated Accounts.xlsx
2026-06,2026-06-30,ZATL,SFP,Non-Current Assets,Deferred tax,detail,deferred_tax,1385437.79,1385437.79,SFP Detailed,14,June 2026 Consolidated Accounts.xlsx
2026-06,2026-06-30,DRC,SFP,Non-Current Assets,Deferred tax,detail,deferred_tax,0.0,0.0,SFP Detailed,14,June 2026 Consolidated Accounts.xlsx
2026-06,2026-06-30,C&P,SFP,Non-Current Assets,Deferred tax,detail,deferred_tax,4287361.0,4287361.0,SFP Detailed,14,June 2026 Consolidated Accounts.xlsx
2026-06,2026-06-30,ZAAC,SFP,Current Assets,Trade Receivables (Debtors),detail,trade_receivables,503974270.82,503974270.82,SFP Detailed,17,June 2026 Consolidated Accounts.xlsx
2026-06,2026-06-30,ZAMRE,SFP,Current Assets,Trade Receivables (Debtors),detail,trade_receivables,38672835.4,38672835.4,SFP Detailed,17,June 2026 Consolidated Accounts.xlsx
2026-06,2026-06-30,ZARIB,SFP,Current Assets,Trade Receivables (Debtors),detail,trade_receivables,395626418.06,395626418.06,SFP Detailed,17,June 2026 Consolidated Accounts.xlsx
2026-06,2026-06-30,MALAWI,SFP,Current Assets,Trade Receivables (Debtors),detail,trade_receivables,122988010.49,122988010.49,SFP Detailed,17,June 2026 Consolidated Accounts.xlsx
2026-06,2026-06-30,MENA,SFP,Current Assets,Trade Receivables (Debtors),detail,trade_receivables,92685097.09,92685097.09,SFP Detailed,17,June 2026 Consolidated Accounts.xlsx
2026-06,2026-06-30,NIGERIA,SFP,Current Assets,Trade Receivables (Debtors),detail,trade_receivables,27293489.07,27293489.07,SFP Detailed,17,June 2026 Consolidated Accounts.xlsx
2026-06,2026-06-30,RWANDA,SFP,Current Assets,Trade Receivables (Debtors),detail,trade_receivables,10695688.6,10695688.6,SFP Detailed,17,June 2026 Consolidated Accounts.xlsx
2026-06,2026-06-30,ZHL,SFP,Current Assets,Trade Receivables (Debtors),detail,trade_receivables,1.0,1.0,SFP Detailed,17,June 2026 Consolidated Accounts.xlsx
2026-06,2026-06-30,ZATL,SFP,Current Assets,Trade Receivables (Debtors),detail,trade_receivables,1620612.34,1620612.34,SFP Detailed,17,June 2026 Consolidated Accounts.xlsx
2026-06,2026-06-30,DRC,SFP,Current Assets,Trade Receivables (Debtors),detail,trade_receivables,49111065.06,49111065.06,SFP Detailed,17,June 2026 Consolidated Accounts.xlsx
2026-06,2026-06-30,C&P,SFP,Current Assets,Trade Receivables (Debtors),detail,trade_receivables,45629603.0,45629603.0,SFP Detailed,17,June 2026 Consolidated Accounts.xlsx
2026-06,2026-06-30,ZAAC,SFP,Current Assets,Premium Receivables,detail,premium_receivables,0.0,0.0,SFP Detailed,18,June 2026 Consolidated Accounts.xlsx
2026-06,2026-06-30,ZAMRE,SFP,Current Assets,Premium Receivables,detail,premium_receivables,184229673.89,184229673.89,SFP Detailed,18,June 2026 Consolidated Accounts.xlsx
2026-06,2026-06-30,ZARIB,SFP,Current Assets,Premium Receivables,detail,premium_receivables,1278748697.52,1278748697.52,SFP Detailed,18,June 2026 Consolidated Accounts.xlsx
2026-06,2026-06-30,MALAWI,SFP,Current Assets,Premium Receivables,detail,premium_receivables,0.0,0.0,SFP Detailed,18,June 2026 Consolidated Accounts.xlsx
2026-06,2026-06-30,MENA,SFP,Current Assets,Premium Receivables,detail,premium_receivables,0.0,0.0,SFP Detailed,18,June 2026 Consolidated Accounts.xlsx
2026-06,2026-06-30,NIGERIA,SFP,Current Assets,Premium Receivables,detail,premium_receivables,0.0,0.0,SFP Detailed,18,June 2026 Consolidated Accounts.xlsx
2026-06,2026-06-30,RWANDA,SFP,Current Assets,Premium Receivables,detail,premium_receivables,0.0,0.0,SFP Detailed,18,June 2026 Consolidated Accounts.xlsx
2026-06,2026-06-30,ZHL,SFP,Current Assets,Premium Receivables,detail,premium_receivables,0.0,0.0,SFP Detailed,18,June 2026 Consolidated Accounts.xlsx
2026-06,2026-06-30,ZATL,SFP,Current Assets,Premium Receivables,detail,premium_receivables,0.0,0.0,SFP Detailed,18,June 2026 Consolidated Accounts.xlsx
2026-06,2026-06-30,DRC,SFP,Current Assets,Premium Receivables,detail,premium_receivables,0.0,0.0,SFP Detailed,18,June 2026 Consolidated Accounts.xlsx
2026-06,2026-06-30,C&P,SFP,Current Assets,Premium Receivables,detail,premium_receivables,0.0,0.0,SFP Detailed,18,June 2026 Consolidated Accounts.xlsx
2026-06,2026-06-30,ZAAC,SFP,Current Assets,Other Receivables,detail,other_receivables,15558082.19,15558082.19,SFP Detailed,19,June 2026 Consolidated Accounts.xlsx
2026-06,2026-06-30,ZAMRE,SFP,Current Assets,Other Receivables,detail,other_receivables,118401.23,118401.23,SFP Detailed,19,June 2026 Consolidated Accounts.xlsx
2026-06,2026-06-30,ZARIB,SFP,Current Assets,Other Receivables,detail,other_receivables,-4029445.34,-4029445.34,SFP Detailed,19,June 2026 Consolidated Accounts.xlsx
2026-06,2026-06-30,MALAWI,SFP,Current Assets,Other Receivables,detail,other_receivables,6104662.42,6104662.42,SFP Detailed,19,June 2026 Consolidated Accounts.xlsx
2026-06,2026-06-30,MENA,SFP,Current Assets,Other Receivables,detail,other_receivables,9310481.07,9310481.07,SFP Detailed,19,June 2026 Consolidated Accounts.xlsx
2026-06,2026-06-30,NIGERIA,SFP,Current Assets,Other Receivables,detail,other_receivables,7649832.86,7649832.86,SFP Detailed,19,June 2026 Consolidated Accounts.xlsx
2026-06,2026-06-30,RWANDA,SFP,Current Assets,Other Receivables,detail,other_receivables,3413507.25,3413507.25,SFP Detailed,19,June 2026 Consolidated Accounts.xlsx
2026-06,2026-06-30,ZHL,SFP,Current Assets,Other Receivables,detail,other_receivables,461237.58,461237.58,SFP Detailed,19,June 2026 Consolidated Accounts.xlsx
2026-06,2026-06-30,ZATL,SFP,Current Assets,Other Receivables,detail,other_receivables,-1660422.84,-1660422.84,SFP Detailed,19,June 2026 Consolidated Accounts.xlsx
2026-06,2026-06-30,DRC,SFP,Current Assets,Other Receivables,detail,other_receivables,5106494.51,5106494.51,SFP Detailed,19,June 2026 Consolidated Accounts.xlsx
2026-06,2026-06-30,C&P,SFP,Current Assets,Other Receivables,detail,other_receivables,7341367.2,7341367.2,SFP Detailed,19,June 2026 Consolidated Accounts.xlsx
2026-06,2026-06-30,ZAAC,SFP,Current Assets,Due from/to related parties,detail,due_from_to_related_parties,206613571.85,206613571.85,SFP Detailed,20,June 2026 Consolidated Accounts.xlsx
2026-06,2026-06-30,ZAMRE,SFP,Current Assets,Due from/to related parties,detail,due_from_to_related_parties,-67509436.66,-67509436.66,SFP Detailed,20,June 2026 Consolidated Accounts.xlsx
2026-06,2026-06-30,ZARIB,SFP,Current Assets,Due from/to related parties,detail,due_from_to_related_parties,384776366.61,384776366.61,SFP Detailed,20,June 2026 Consolidated Accounts.xlsx
2026-06,2026-06-30,MALAWI,SFP,Current Assets,Due from/to related parties,detail,due_from_to_related_parties,-51903975.97,-51903975.97,SFP Detailed,20,June 2026 Consolidated Accounts.xlsx
2026-06,2026-06-30,MENA,SFP,Current Assets,Due from/to related parties,detail,due_from_to_related_parties,0.0,0.0,SFP Detailed,20,June 2026 Consolidated Accounts.xlsx
2026-06,2026-06-30,NIGERIA,SFP,Current Assets,Due from/to related parties,detail,due_from_to_related_parties,-403765.46,-403765.46,SFP Detailed,20,June 2026 Consolidated Accounts.xlsx
2026-06,2026-06-30,RWANDA,SFP,Current Assets,Due from/to related parties,detail,due_from_to_related_parties,-1361024.85,-1361024.85,SFP Detailed,20,June 2026 Consolidated Accounts.xlsx
2026-06,2026-06-30,ZHL,SFP,Current Assets,Due from/to related parties,detail,due_from_to_related_parties,-272963031.15,-272963031.15,SFP Detailed,20,June 2026 Consolidated Accounts.xlsx
2026-06,2026-06-30,ZATL,SFP,Current Assets,Due from/to related parties,detail,due_from_to_related_parties,2543411.16,2543411.16,SFP Detailed,20,June 2026 Consolidated Accounts.xlsx
2026-06,2026-06-30,DRC,SFP,Current Assets,Due from/to related parties,detail,due_from_to_related_parties,-10096182.6,-10096182.6,SFP Detailed,20,June 2026 Consolidated Accounts.xlsx
2026-06,2026-06-30,C&P,SFP,Current Assets,Due from/to related parties,detail,due_from_to_related_parties,87712683.56,87712683.56,SFP Detailed,20,June 2026 Consolidated Accounts.xlsx
2026-06,2026-06-30,ZAAC,SFP,Current Assets,Office Cash,detail,office_cash,30336299.11,30336299.11,SFP Detailed,22,June 2026 Consolidated Accounts.xlsx
2026-06,2026-06-30,ZAMRE,SFP,Current Assets,Office Cash,detail,office_cash,17943811.83,17943811.83,SFP Detailed,22,June 2026 Consolidated Accounts.xlsx
2026-06,2026-06-30,ZARIB,SFP,Current Assets,Office Cash,detail,office_cash,8375746.24,8375746.24,SFP Detailed,22,June 2026 Consolidated Accounts.xlsx
2026-06,2026-06-30,MALAWI,SFP,Current Assets,Office Cash,detail,office_cash,20319170.1,20319170.1,SFP Detailed,22,June 2026 Consolidated Accounts.xlsx
2026-06,2026-06-30,MENA,SFP,Current Assets,Office Cash,detail,office_cash,734882.71,734882.71,SFP Detailed,22,June 2026 Consolidated Accounts.xlsx
2026-06,2026-06-30,NIGERIA,SFP,Current Assets,Office Cash,detail,office_cash,422751.47,422751.47,SFP Detailed,22,June 2026 Consolidated Accounts.xlsx
2026-06,2026-06-30,RWANDA,SFP,Current Assets,Office Cash,detail,office_cash,17537812.95,17537812.95,SFP Detailed,22,June 2026 Consolidated Accounts.xlsx
2026-06,2026-06-30,ZHL,SFP,Current Assets,Office Cash,detail,office_cash,1755537.42,1755537.42,SFP Detailed,22,June 2026 Consolidated Accounts.xlsx
2026-06,2026-06-30,ZATL,SFP,Current Assets,Office Cash,detail,office_cash,3934362.07,3934362.07,SFP Detailed,22,June 2026 Consolidated Accounts.xlsx
2026-06,2026-06-30,DRC,SFP,Current Assets,Office Cash,detail,office_cash,3227997.29,3227997.29,SFP Detailed,22,June 2026 Consolidated Accounts.xlsx
2026-06,2026-06-30,C&P,SFP,Current Assets,Office Cash,detail,office_cash,12646453.33,12646453.33,SFP Detailed,22,June 2026 Consolidated Accounts.xlsx
2026-06,2026-06-30,ZAMRE,SFP,Current Assets,Client Cash,detail,client_cash,69724302.66,69724302.66,SFP Detailed,23,June 2026 Consolidated Accounts.xlsx
2026-06,2026-06-30,ZARIB,SFP,Current Assets,Client Cash,detail,client_cash,247110290.47,247110290.47,SFP Detailed,23,June 2026 Consolidated Accounts.xlsx
2026-06,2026-06-30,DRC,SFP,Current Assets,Client Cash,detail,client_cash,7184040.99,7184040.99,SFP Detailed,23,June 2026 Consolidated Accounts.xlsx
2026-06,2026-06-30,ZAAC,SFP,Current Assets,Deposits,detail,deposits,56000000.0,56000000.0,SFP Detailed,24,June 2026 Consolidated Accounts.xlsx
2026-06,2026-06-30,ZAMRE,SFP,Current Assets,Deposits,detail,deposits,33160000.0,33160000.0,SFP Detailed,24,June 2026 Consolidated Accounts.xlsx
2026-06,2026-06-30,ZARIB,SFP,Current Assets,Deposits,detail,deposits,571246225.04,571246225.04,SFP Detailed,24,June 2026 Consolidated Accounts.xlsx
2026-06,2026-06-30,MALAWI,SFP,Current Assets,Deposits,detail,deposits,84597623.54,84597623.54,SFP Detailed,24,June 2026 Consolidated Accounts.xlsx
2026-06,2026-06-30,MENA,SFP,Current Assets,Deposits,detail,deposits,0.0,0.0,SFP Detailed,24,June 2026 Consolidated Accounts.xlsx
2026-06,2026-06-30,NIGERIA,SFP,Current Assets,Deposits,detail,deposits,0.0,0.0,SFP Detailed,24,June 2026 Consolidated Accounts.xlsx
2026-06,2026-06-30,RWANDA,SFP,Current Assets,Deposits,detail,deposits,22104332.45,22104332.45,SFP Detailed,24,June 2026 Consolidated Accounts.xlsx
2026-06,2026-06-30,ZHL,SFP,Current Assets,Deposits,detail,deposits,4500000.0,4500000.0,SFP Detailed,24,June 2026 Consolidated Accounts.xlsx
2026-06,2026-06-30,ZATL,SFP,Current Assets,Deposits,detail,deposits,493096.65,493096.65,SFP Detailed,24,June 2026 Consolidated Accounts.xlsx
2026-06,2026-06-30,DRC,SFP,Current Assets,Deposits,detail,deposits,0.0,0.0,SFP Detailed,24,June 2026 Consolidated Accounts.xlsx
2026-06,2026-06-30,C&P,SFP,Current Assets,Deposits,detail,deposits,22284303.0,22284303.0,SFP Detailed,24,June 2026 Consolidated Accounts.xlsx
2026-06,2026-06-30,ZAAC,SFP,Current Assets,Placements,detail,placements,20849321.49,20849321.49,SFP Detailed,25,June 2026 Consolidated Accounts.xlsx
2026-06,2026-06-30,ZARIB,SFP,Current Assets,Placements,detail,placements,122824131.6,122824131.6,SFP Detailed,25,June 2026 Consolidated Accounts.xlsx
2026-06,2026-06-30,MALAWI,SFP,Current Assets,Placements,detail,placements,0.0,0.0,SFP Detailed,25,June 2026 Consolidated Accounts.xlsx
2026-06,2026-06-30,MENA,SFP,Current Assets,Placements,detail,placements,0.0,0.0,SFP Detailed,25,June 2026 Consolidated Accounts.xlsx
2026-06,2026-06-30,NIGERIA,SFP,Current Assets,Placements,detail,placements,0.0,0.0,SFP Detailed,25,June 2026 Consolidated Accounts.xlsx
2026-06,2026-06-30,RWANDA,SFP,Current Assets,Placements,detail,placements,0.0,0.0,SFP Detailed,25,June 2026 Consolidated Accounts.xlsx
2026-06,2026-06-30,ZHL,SFP,Current Assets,Placements,detail,placements,0.0,0.0,SFP Detailed,25,June 2026 Consolidated Accounts.xlsx
2026-06,2026-06-30,ZATL,SFP,Current Assets,Placements,detail,placements,0.0,0.0,SFP Detailed,25,June 2026 Consolidated Accounts.xlsx
2026-06,2026-06-30,DRC,SFP,Current Assets,Placements,detail,placements,646539.11,646539.11,SFP Detailed,25,June 2026 Consolidated Accounts.xlsx
2026-06,2026-06-30,C&P,SFP,Current Assets,Placements,detail,placements,0.0,0.0,SFP Detailed,25,June 2026 Consolidated Accounts.xlsx
2026-06,2026-06-30,ZAAC,SFP,Current Assets,Tax recoverable,detail,tax_recoverable,49762269.09,49762269.09,SFP Detailed,26,June 2026 Consolidated Accounts.xlsx
2026-06,2026-06-30,ZAMRE,SFP,Current Assets,Tax recoverable,detail,tax_recoverable,-6942790.71,-6942790.71,SFP Detailed,26,June 2026 Consolidated Accounts.xlsx
2026-06,2026-06-30,ZARIB,SFP,Current Assets,Tax recoverable,detail,tax_recoverable,24057293.0,24057293.0,SFP Detailed,26,June 2026 Consolidated Accounts.xlsx
2026-06,2026-06-30,MALAWI,SFP,Current Assets,Tax recoverable,detail,tax_recoverable,-3801498.94,-3801498.94,SFP Detailed,26,June 2026 Consolidated Accounts.xlsx
2026-06,2026-06-30,MENA,SFP,Current Assets,Tax recoverable,detail,tax_recoverable,0.0,0.0,SFP Detailed,26,June 2026 Consolidated Accounts.xlsx
2026-06,2026-06-30,NIGERIA,SFP,Current Assets,Tax recoverable,detail,tax_recoverable,-1557722.87,-1557722.87,SFP Detailed,26,June 2026 Consolidated Accounts.xlsx
2026-06,2026-06-30,RWANDA,SFP,Current Assets,Tax recoverable,detail,tax_recoverable,-2487358.02,-2487358.02,SFP Detailed,26,June 2026 Consolidated Accounts.xlsx
2026-06,2026-06-30,ZHL,SFP,Current Assets,Tax recoverable,detail,tax_recoverable,438803.94,438803.94,SFP Detailed,26,June 2026 Consolidated Accounts.xlsx
2026-06,2026-06-30,ZATL,SFP,Current Assets,Tax recoverable,detail,tax_recoverable,2161867.03,2161867.03,SFP Detailed,26,June 2026 Consolidated Accounts.xlsx
2026-06,2026-06-30,DRC,SFP,Current Assets,Tax recoverable,detail,tax_recoverable,12060.33,12060.33,SFP Detailed,26,June 2026 Consolidated Accounts.xlsx
2026-06,2026-06-30,C&P,SFP,Current Assets,Tax recoverable,detail,tax_recoverable,4181233.12,4181233.12,SFP Detailed,26,June 2026 Consolidated Accounts.xlsx
2026-06,2026-06-30,ZAAC,SFP,Current Assets,Accrued Income,detail,accrued_income,221845930.99,221845930.99,SFP Detailed,27,June 2026 Consolidated Accounts.xlsx
2026-06,2026-06-30,C&P,SFP,Current Assets,Accrued Income,detail,accrued_income,0.0,0.0,SFP Detailed,27,June 2026 Consolidated Accounts.xlsx
2026-06,2026-06-30,ZAAC,SFP,Current Assets,Total Assets,total,,1243268872.93,1243268872.93,SFP Detailed,28,June 2026 Consolidated Accounts.xlsx
2026-06,2026-06-30,ZAMRE,SFP,Current Assets,Total Assets,total,,276274797.64,276274797.64,SFP Detailed,28,June 2026 Consolidated Accounts.xlsx
2026-06,2026-06-30,ZARIB,SFP,Current Assets,Total Assets,total,,3148487156.47,3148487156.47,SFP Detailed,28,June 2026 Consolidated Accounts.xlsx
2026-06,2026-06-30,MALAWI,SFP,Current Assets,Total Assets,total,,210685754.51,210685754.51,SFP Detailed,28,June 2026 Consolidated Accounts.xlsx
2026-06,2026-06-30,MENA,SFP,Current Assets,Total Assets,total,,113011161.92,113011161.92,SFP Detailed,28,June 2026 Consolidated Accounts.xlsx
2026-06,2026-06-30,NIGERIA,SFP,Current Assets,Total Assets,total,,38412027.96,38412027.96,SFP Detailed,28,June 2026 Consolidated Accounts.xlsx
2026-06,2026-06-30,RWANDA,SFP,Current Assets,Total Assets,total,,60854551.79,60854551.79,SFP Detailed,28,June 2026 Consolidated Accounts.xlsx
2026-06,2026-06-30,ZHL,SFP,Current Assets,Total Assets,total,,1028549702.03,1028549702.03,SFP Detailed,28,June 2026 Consolidated Accounts.xlsx
2026-06,2026-06-30,ZATL,SFP,Current Assets,Total Assets,total,,10834464.98,10834464.98,SFP Detailed,28,June 2026 Consolidated Accounts.xlsx
2026-06,2026-06-30,DRC,SFP,Current Assets,Total Assets,total,,66724371.71,66724371.71,SFP Detailed,28,June 2026 Consolidated Accounts.xlsx
2026-06,2026-06-30,C&P,SFP,Current Assets,Total Assets,total,,184083004.21,184083004.21,SFP Detailed,28,June 2026 Consolidated Accounts.xlsx
2026-06,2026-06-30,ZAAC,SFP,Equity,Share capital,detail,share_capital,-25000000.0,25000000.0,SFP Detailed,32,June 2026 Consolidated Accounts.xlsx
2026-06,2026-06-30,ZAMRE,SFP,Equity,Share capital,detail,share_capital,-5000000.0,5000000.0,SFP Detailed,32,June 2026 Consolidated Accounts.xlsx
2026-06,2026-06-30,ZARIB,SFP,Equity,Share capital,detail,share_capital,-33360000.0,33360000.0,SFP Detailed,32,June 2026 Consolidated Accounts.xlsx
2026-06,2026-06-30,MALAWI,SFP,Equity,Share capital,detail,share_capital,-829673.45,829673.45,SFP Detailed,32,June 2026 Consolidated Accounts.xlsx
2026-06,2026-06-30,MENA,SFP,Equity,Share capital,detail,share_capital,-33009561.98,33009561.98,SFP Detailed,32,June 2026 Consolidated Accounts.xlsx
2026-06,2026-06-30,NIGERIA,SFP,Equity,Share capital,detail,share_capital,-6568329.39,6568329.39,SFP Detailed,32,June 2026 Consolidated Accounts.xlsx
2026-06,2026-06-30,RWANDA,SFP,Equity,Share capital,detail,share_capital,-51216716.27,51216716.27,SFP Detailed,32,June 2026 Consolidated Accounts.xlsx
2026-06,2026-06-30,ZHL,SFP,Equity,Share capital,detail,share_capital,-10000000.0,10000000.0,SFP Detailed,32,June 2026 Consolidated Accounts.xlsx
2026-06,2026-06-30,ZATL,SFP,Equity,Share capital,detail,share_capital,-4950409.27,4950409.27,SFP Detailed,32,June 2026 Consolidated Accounts.xlsx
2026-06,2026-06-30,DRC,SFP,Equity,Share capital,detail,share_capital,-74483291.23,74483291.23,SFP Detailed,32,June 2026 Consolidated Accounts.xlsx
2026-06,2026-06-30,C&P,SFP,Equity,Share capital,detail,share_capital,-25000000.0,25000000.0,SFP Detailed,32,June 2026 Consolidated Accounts.xlsx
2026-06,2026-06-30,ZAAC,SFP,Equity,Transalation reserve,detail,translation_reserve,0.0,-0.0,SFP Detailed,33,June 2026 Consolidated Accounts.xlsx
2026-06,2026-06-30,ZAMRE,SFP,Equity,Transalation reserve,detail,translation_reserve,0.0,-0.0,SFP Detailed,33,June 2026 Consolidated Accounts.xlsx
2026-06,2026-06-30,ZARIB,SFP,Equity,Transalation reserve,detail,translation_reserve,-758850.95,758850.95,SFP Detailed,33,June 2026 Consolidated Accounts.xlsx
2026-06,2026-06-30,MALAWI,SFP,Equity,Transalation reserve,detail,translation_reserve,-29713581.68,29713581.68,SFP Detailed,33,June 2026 Consolidated Accounts.xlsx
2026-06,2026-06-30,MENA,SFP,Equity,Transalation reserve,detail,translation_reserve,-6134.2,6134.2,SFP Detailed,33,June 2026 Consolidated Accounts.xlsx
2026-06,2026-06-30,NIGERIA,SFP,Equity,Transalation reserve,detail,translation_reserve,70493.74,-70493.74,SFP Detailed,33,June 2026 Consolidated Accounts.xlsx
2026-06,2026-06-30,RWANDA,SFP,Equity,Transalation reserve,detail,translation_reserve,20889.23,-20889.23,SFP Detailed,33,June 2026 Consolidated Accounts.xlsx
2026-06,2026-06-30,ZHL,SFP,Equity,Transalation reserve,detail,translation_reserve,0.0,-0.0,SFP Detailed,33,June 2026 Consolidated Accounts.xlsx
2026-06,2026-06-30,ZATL,SFP,Equity,Transalation reserve,detail,translation_reserve,-9830215.47,9830215.47,SFP Detailed,33,June 2026 Consolidated Accounts.xlsx
2026-06,2026-06-30,DRC,SFP,Equity,Transalation reserve,detail,translation_reserve,-20.16,20.16,SFP Detailed,33,June 2026 Consolidated Accounts.xlsx
2026-06,2026-06-30,C&P,SFP,Equity,Transalation reserve,detail,translation_reserve,0.0,-0.0,SFP Detailed,33,June 2026 Consolidated Accounts.xlsx
2026-06,2026-06-30,ZAAC,SFP,Equity,proposed dividend,detail,proposed_dividend,0.0,-0.0,SFP Detailed,34,June 2026 Consolidated Accounts.xlsx
2026-06,2026-06-30,ZAMRE,SFP,Equity,proposed dividend,detail,proposed_dividend,0.0,-0.0,SFP Detailed,34,June 2026 Consolidated Accounts.xlsx
2026-06,2026-06-30,ZARIB,SFP,Equity,proposed dividend,detail,proposed_dividend,0.0,-0.0,SFP Detailed,34,June 2026 Consolidated Accounts.xlsx
2026-06,2026-06-30,MALAWI,SFP,Equity,proposed dividend,detail,proposed_dividend,0.0,-0.0,SFP Detailed,34,June 2026 Consolidated Accounts.xlsx
2026-06,2026-06-30,MENA,SFP,Equity,proposed dividend,detail,proposed_dividend,0.0,-0.0,SFP Detailed,34,June 2026 Consolidated Accounts.xlsx
2026-06,2026-06-30,NIGERIA,SFP,Equity,proposed dividend,detail,proposed_dividend,0.0,-0.0,SFP Detailed,34,June 2026 Consolidated Accounts.xlsx
2026-06,2026-06-30,RWANDA,SFP,Equity,proposed dividend,detail,proposed_dividend,0.0,-0.0,SFP Detailed,34,June 2026 Consolidated Accounts.xlsx
2026-06,2026-06-30,ZHL,SFP,Equity,proposed dividend,detail,proposed_dividend,0.0,-0.0,SFP Detailed,34,June 2026 Consolidated Accounts.xlsx
2026-06,2026-06-30,ZATL,SFP,Equity,proposed dividend,detail,proposed_dividend,0.0,-0.0,SFP Detailed,34,June 2026 Consolidated Accounts.xlsx
2026-06,2026-06-30,DRC,SFP,Equity,proposed dividend,detail,proposed_dividend,0.0,-0.0,SFP Detailed,34,June 2026 Consolidated Accounts.xlsx
2026-06,2026-06-30,C&P,SFP,Equity,proposed dividend,detail,proposed_dividend,0.0,-0.0,SFP Detailed,34,June 2026 Consolidated Accounts.xlsx
2026-06,2026-06-30,ZAAC,SFP,Equity,Retained earnings,detail,retained_earnings,-1019809655.75,1019809655.75,SFP Detailed,35,June 2026 Consolidated Accounts.xlsx
2026-06,2026-06-30,ZAMRE,SFP,Equity,Retained earnings,detail,retained_earnings,-4833892.0,4833892.0,SFP Detailed,35,June 2026 Consolidated Accounts.xlsx
2026-06,2026-06-30,ZARIB,SFP,Equity,Retained earnings,detail,retained_earnings,-1189689872.0,1189689872.0,SFP Detailed,35,June 2026 Consolidated Accounts.xlsx
2026-06,2026-06-30,MALAWI,SFP,Equity,Retained earnings,detail,retained_earnings,-112358524.05,112358524.05,SFP Detailed,35,June 2026 Consolidated Accounts.xlsx
2026-06,2026-06-30,MENA,SFP,Equity,Retained earnings,detail,retained_earnings,-7274803.66,7274803.66,SFP Detailed,35,June 2026 Consolidated Accounts.xlsx
2026-06,2026-06-30,NIGERIA,SFP,Equity,Retained earnings,detail,retained_earnings,-8031183.15,8031183.15,SFP Detailed,35,June 2026 Consolidated Accounts.xlsx
2026-06,2026-06-30,RWANDA,SFP,Equity,Retained earnings,detail,retained_earnings,500291.95,-500291.95,SFP Detailed,35,June 2026 Consolidated Accounts.xlsx
2026-06,2026-06-30,ZHL,SFP,Equity,Retained earnings,detail,retained_earnings,-30127713.66,30127713.66,SFP Detailed,35,June 2026 Consolidated Accounts.xlsx
2026-06,2026-06-30,ZATL,SFP,Equity,Retained earnings,detail,retained_earnings,7513948.37,-7513948.37,SFP Detailed,35,June 2026 Consolidated Accounts.xlsx
2026-06,2026-06-30,DRC,SFP,Equity,Retained earnings,detail,retained_earnings,51297410.5,-51297410.5,SFP Detailed,35,June 2026 Consolidated Accounts.xlsx
2026-06,2026-06-30,C&P,SFP,Equity,Retained earnings,detail,retained_earnings,-133494469.71,133494469.71,SFP Detailed,35,June 2026 Consolidated Accounts.xlsx
2026-06,2026-06-30,ZAAC,SFP,Equity,Net Profit,derived,net_profit,-101517753.28,101517753.28,SFP Detailed,36,June 2026 Consolidated Accounts.xlsx
2026-06,2026-06-30,ZAMRE,SFP,Equity,Net Profit,derived,net_profit,-19048296.65,19048296.65,SFP Detailed,36,June 2026 Consolidated Accounts.xlsx
2026-06,2026-06-30,ZARIB,SFP,Equity,Net Profit,derived,net_profit,-397223162.11,397223162.11,SFP Detailed,36,June 2026 Consolidated Accounts.xlsx
2026-06,2026-06-30,MALAWI,SFP,Equity,Net Profit,derived,net_profit,-45756914.42,45756914.42,SFP Detailed,36,June 2026 Consolidated Accounts.xlsx
2026-06,2026-06-30,MENA,SFP,Equity,Net Profit,derived,net_profit,6890943.57,-6890943.57,SFP Detailed,36,June 2026 Consolidated Accounts.xlsx
2026-06,2026-06-30,NIGERIA,SFP,Equity,Net Profit,derived,net_profit,-17068185.09,17068185.09,SFP Detailed,36,June 2026 Consolidated Accounts.xlsx
2026-06,2026-06-30,RWANDA,SFP,Equity,Net Profit,derived,net_profit,-5824724.6,5824724.6,SFP Detailed,36,June 2026 Consolidated Accounts.xlsx
2026-06,2026-06-30,ZHL,SFP,Equity,Net Profit,derived,net_profit,21096181.75,-21096181.75,SFP Detailed,36,June 2026 Consolidated Accounts.xlsx
2026-06,2026-06-30,ZATL,SFP,Equity,Net Profit,derived,net_profit,-630797.17,630797.17,SFP Detailed,36,June 2026 Consolidated Accounts.xlsx
2026-06,2026-06-30,DRC,SFP,Equity,Net Profit,derived,net_profit,-19104.87,19104.87,SFP Detailed,36,June 2026 Consolidated Accounts.xlsx
2026-06,2026-06-30,C&P,SFP,Equity,Net Profit,derived,net_profit,-11484024.73,11484024.73,SFP Detailed,36,June 2026 Consolidated Accounts.xlsx
2026-06,2026-06-30,ZAAC,SFP,Equity attributable to equity holders of the parent company,Equity attributable to equity holders of the parent company,group_header,,-1146327409.03,-1146327409.03,SFP Detailed,37,June 2026 Consolidated Accounts.xlsx
2026-06,2026-06-30,ZAMRE,SFP,Equity attributable to equity holders of the parent company,Equity attributable to equity holders of the parent company,group_header,,-28882188.65,-28882188.65,SFP Detailed,37,June 2026 Consolidated Accounts.xlsx
2026-06,2026-06-30,ZARIB,SFP,Equity attributable to equity holders of the parent company,Equity attributable to equity holders of the parent company,group_header,,-1621031885.06,-1621031885.06,SFP Detailed,37,June 2026 Consolidated Accounts.xlsx
2026-06,2026-06-30,MALAWI,SFP,Equity attributable to equity holders of the parent company,Equity attributable to equity holders of the parent company,group_header,,-188658693.6,-188658693.6,SFP Detailed,37,June 2026 Consolidated Accounts.xlsx
2026-06,2026-06-30,MENA,SFP,Equity attributable to equity holders of the parent company,Equity attributable to equity holders of the parent company,group_header,,-33399556.27,-33399556.27,SFP Detailed,37,June 2026 Consolidated Accounts.xlsx
2026-06,2026-06-30,NIGERIA,SFP,Equity attributable to equity holders of the parent company,Equity attributable to equity holders of the parent company,group_header,,-31597203.9,-31597203.9,SFP Detailed,37,June 2026 Consolidated Accounts.xlsx
2026-06,2026-06-30,RWANDA,SFP,Equity attributable to equity holders of the parent company,Equity attributable to equity holders of the parent company,group_header,,-56520259.69,-56520259.69,SFP Detailed,37,June 2026 Consolidated Accounts.xlsx
2026-06,2026-06-30,ZHL,SFP,Equity attributable to equity holders of the parent company,Equity attributable to equity holders of the parent company,group_header,,-19031531.91,-19031531.91,SFP Detailed,37,June 2026 Consolidated Accounts.xlsx
2026-06,2026-06-30,ZATL,SFP,Equity attributable to equity holders of the parent company,Equity attributable to equity holders of the parent company,group_header,,-7897473.54,-7897473.54,SFP Detailed,37,June 2026 Consolidated Accounts.xlsx
2026-06,2026-06-30,DRC,SFP,Equity attributable to equity holders of the parent company,Equity attributable to equity holders of the parent company,group_header,,-23205005.75,-23205005.75,SFP Detailed,37,June 2026 Consolidated Accounts.xlsx
2026-06,2026-06-30,C&P,SFP,Equity attributable to equity holders of the parent company,Equity attributable to equity holders of the parent company,group_header,,-169978494.44,-169978494.44,SFP Detailed,37,June 2026 Consolidated Accounts.xlsx
2026-06,2026-06-30,ZAAC,SFP,Equity attributable to equity holders of the parent company,Non-controlling interests,detail,non_controlling_interests,0.0,-0.0,SFP Detailed,39,June 2026 Consolidated Accounts.xlsx
2026-06,2026-06-30,ZAMRE,SFP,Equity attributable to equity holders of the parent company,Non-controlling interests,detail,non_controlling_interests,0.0,-0.0,SFP Detailed,39,June 2026 Consolidated Accounts.xlsx
2026-06,2026-06-30,ZARIB,SFP,Equity attributable to equity holders of the parent company,Non-controlling interests,detail,non_controlling_interests,0.0,-0.0,SFP Detailed,39,June 2026 Consolidated Accounts.xlsx
2026-06,2026-06-30,MALAWI,SFP,Equity attributable to equity holders of the parent company,Non-controlling interests,detail,non_controlling_interests,0.0,-0.0,SFP Detailed,39,June 2026 Consolidated Accounts.xlsx
2026-06,2026-06-30,MENA,SFP,Equity attributable to equity holders of the parent company,Non-controlling interests,detail,non_controlling_interests,-64571289.14,64571289.14,SFP Detailed,39,June 2026 Consolidated Accounts.xlsx
2026-06,2026-06-30,NIGERIA,SFP,Equity attributable to equity holders of the parent company,Non-controlling interests,detail,non_controlling_interests,0.0,-0.0,SFP Detailed,39,June 2026 Consolidated Accounts.xlsx
2026-06,2026-06-30,RWANDA,SFP,Equity attributable to equity holders of the parent company,Non-controlling interests,detail,non_controlling_interests,0.0,-0.0,SFP Detailed,39,June 2026 Consolidated Accounts.xlsx
2026-06,2026-06-30,ZHL,SFP,Equity attributable to equity holders of the parent company,Non-controlling interests,detail,non_controlling_interests,0.0,-0.0,SFP Detailed,39,June 2026 Consolidated Accounts.xlsx
2026-06,2026-06-30,ZATL,SFP,Equity attributable to equity holders of the parent company,Non-controlling interests,detail,non_controlling_interests,0.0,-0.0,SFP Detailed,39,June 2026 Consolidated Accounts.xlsx
2026-06,2026-06-30,DRC,SFP,Equity attributable to equity holders of the parent company,Non-controlling interests,detail,non_controlling_interests,0.0,-0.0,SFP Detailed,39,June 2026 Consolidated Accounts.xlsx
2026-06,2026-06-30,C&P,SFP,Equity attributable to equity holders of the parent company,Non-controlling interests,detail,non_controlling_interests,0.0,-0.0,SFP Detailed,39,June 2026 Consolidated Accounts.xlsx
2026-06,2026-06-30,ZAAC,SFP,Equity attributable to equity holders of the parent company,Total equity,total,,-1146327409.03,-1146327409.03,SFP Detailed,41,June 2026 Consolidated Accounts.xlsx
2026-06,2026-06-30,ZAMRE,SFP,Equity attributable to equity holders of the parent company,Total equity,total,,-28882188.65,-28882188.65,SFP Detailed,41,June 2026 Consolidated Accounts.xlsx
2026-06,2026-06-30,ZARIB,SFP,Equity attributable to equity holders of the parent company,Total equity,total,,-1621031885.06,-1621031885.06,SFP Detailed,41,June 2026 Consolidated Accounts.xlsx
2026-06,2026-06-30,MALAWI,SFP,Equity attributable to equity holders of the parent company,Total equity,total,,-188658693.6,-188658693.6,SFP Detailed,41,June 2026 Consolidated Accounts.xlsx
2026-06,2026-06-30,MENA,SFP,Equity attributable to equity holders of the parent company,Total equity,total,,-97970845.42,-97970845.42,SFP Detailed,41,June 2026 Consolidated Accounts.xlsx
2026-06,2026-06-30,NIGERIA,SFP,Equity attributable to equity holders of the parent company,Total equity,total,,-31597203.9,-31597203.9,SFP Detailed,41,June 2026 Consolidated Accounts.xlsx
2026-06,2026-06-30,RWANDA,SFP,Equity attributable to equity holders of the parent company,Total equity,total,,-56520259.69,-56520259.69,SFP Detailed,41,June 2026 Consolidated Accounts.xlsx
2026-06,2026-06-30,ZHL,SFP,Equity attributable to equity holders of the parent company,Total equity,total,,-19031531.91,-19031531.91,SFP Detailed,41,June 2026 Consolidated Accounts.xlsx
2026-06,2026-06-30,ZATL,SFP,Equity attributable to equity holders of the parent company,Total equity,total,,-7897473.54,-7897473.54,SFP Detailed,41,June 2026 Consolidated Accounts.xlsx
2026-06,2026-06-30,DRC,SFP,Equity attributable to equity holders of the parent company,Total equity,total,,-23205005.75,-23205005.75,SFP Detailed,41,June 2026 Consolidated Accounts.xlsx
2026-06,2026-06-30,C&P,SFP,Equity attributable to equity holders of the parent company,Total equity,total,,-169978494.44,-169978494.44,SFP Detailed,41,June 2026 Consolidated Accounts.xlsx
2026-06,2026-06-30,ZAAC,SFP,Current liabilities,Trade and other payables,detail,trade_and_other_payables,-96941464.33,96941464.33,SFP Detailed,44,June 2026 Consolidated Accounts.xlsx
2026-06,2026-06-30,ZAMRE,SFP,Current liabilities,Trade and other payables,detail,trade_and_other_payables,0.0,-0.0,SFP Detailed,44,June 2026 Consolidated Accounts.xlsx
2026-06,2026-06-30,ZARIB,SFP,Current liabilities,Trade and other payables,detail,trade_and_other_payables,-34291136.75,34291136.75,SFP Detailed,44,June 2026 Consolidated Accounts.xlsx
2026-06,2026-06-30,MALAWI,SFP,Current liabilities,Trade and other payables,detail,trade_and_other_payables,-22027060.92,22027060.92,SFP Detailed,44,June 2026 Consolidated Accounts.xlsx
2026-06,2026-06-30,MENA,SFP,Current liabilities,Trade and other payables,detail,trade_and_other_payables,-15040312.99,15040312.99,SFP Detailed,44,June 2026 Consolidated Accounts.xlsx
2026-06,2026-06-30,NIGERIA,SFP,Current liabilities,Trade and other payables,detail,trade_and_other_payables,-6814824.06,6814824.06,SFP Detailed,44,June 2026 Consolidated Accounts.xlsx
2026-06,2026-06-30,RWANDA,SFP,Current liabilities,Trade and other payables,detail,trade_and_other_payables,-4334292.1,4334292.1,SFP Detailed,44,June 2026 Consolidated Accounts.xlsx
2026-06,2026-06-30,ZHL,SFP,Current liabilities,Trade and other payables,detail,trade_and_other_payables,-1009518170.12,1009518170.12,SFP Detailed,44,June 2026 Consolidated Accounts.xlsx
2026-06,2026-06-30,ZATL,SFP,Current liabilities,Trade and other payables,detail,trade_and_other_payables,-2936991.44,2936991.44,SFP Detailed,44,June 2026 Consolidated Accounts.xlsx
2026-06,2026-06-30,DRC,SFP,Current liabilities,Trade and other payables,detail,trade_and_other_payables,-37197409.89,37197409.89,SFP Detailed,44,June 2026 Consolidated Accounts.xlsx
2026-06,2026-06-30,C&P,SFP,Current liabilities,Trade and other payables,detail,trade_and_other_payables,-14104509.77,14104509.77,SFP Detailed,44,June 2026 Consolidated Accounts.xlsx
2026-06,2026-06-30,ZARIB,SFP,Current liabilities,Deferred Revenue,detail,deferred_revenue,0.0,-0.0,SFP Detailed,45,June 2026 Consolidated Accounts.xlsx
2026-06,2026-06-30,MENA,SFP,Current liabilities,Deferred Revenue,detail,deferred_revenue,-3.51,3.51,SFP Detailed,45,June 2026 Consolidated Accounts.xlsx
2026-06,2026-06-30,C&P,SFP,Current liabilities,Deferred Revenue,detail,deferred_revenue,0.0,-0.0,SFP Detailed,45,June 2026 Consolidated Accounts.xlsx
2026-06,2026-06-30,ZAAC,SFP,Current liabilities,Premium payable,detail,premium_payable,0.0,-0.0,SFP Detailed,46,June 2026 Consolidated Accounts.xlsx
2026-06,2026-06-30,ZAMRE,SFP,Current liabilities,Premium payable,detail,premium_payable,-247392608.98,247392608.98,SFP Detailed,46,June 2026 Consolidated Accounts.xlsx
2026-06,2026-06-30,ZARIB,SFP,Current liabilities,Premium payable,detail,premium_payable,-1493164134.29,1493164134.29,SFP Detailed,46,June 2026 Consolidated Accounts.xlsx
2026-06,2026-06-30,MALAWI,SFP,Current liabilities,Premium payable,detail,premium_payable,0.0,-0.0,SFP Detailed,46,June 2026 Consolidated Accounts.xlsx
2026-06,2026-06-30,MENA,SFP,Current liabilities,Premium payable,detail,premium_payable,0.0,-0.0,SFP Detailed,46,June 2026 Consolidated Accounts.xlsx
2026-06,2026-06-30,NIGERIA,SFP,Current liabilities,Premium payable,detail,premium_payable,0.0,-0.0,SFP Detailed,46,June 2026 Consolidated Accounts.xlsx
2026-06,2026-06-30,RWANDA,SFP,Current liabilities,Premium payable,detail,premium_payable,0.0,-0.0,SFP Detailed,46,June 2026 Consolidated Accounts.xlsx
2026-06,2026-06-30,ZHL,SFP,Current liabilities,Premium payable,detail,premium_payable,0.0,-0.0,SFP Detailed,46,June 2026 Consolidated Accounts.xlsx
2026-06,2026-06-30,ZATL,SFP,Current liabilities,Premium payable,detail,premium_payable,0.0,-0.0,SFP Detailed,46,June 2026 Consolidated Accounts.xlsx
2026-06,2026-06-30,DRC,SFP,Current liabilities,Premium payable,detail,premium_payable,-6321956.07,6321956.07,SFP Detailed,46,June 2026 Consolidated Accounts.xlsx
2026-06,2026-06-30,C&P,SFP,Current liabilities,Premium payable,detail,premium_payable,0.0,-0.0,SFP Detailed,46,June 2026 Consolidated Accounts.xlsx
2026-06,2026-06-30,ZAAC,SFP,Current liabilities,Borrowings,detail,borrowings,0.43,-0.43,SFP Detailed,47,June 2026 Consolidated Accounts.xlsx
2026-06,2026-06-30,ZAMRE,SFP,Current liabilities,Borrowings,detail,borrowings,0.0,-0.0,SFP Detailed,47,June 2026 Consolidated Accounts.xlsx
2026-06,2026-06-30,ZARIB,SFP,Current liabilities,Borrowings,detail,borrowings,0.0,-0.0,SFP Detailed,47,June 2026 Consolidated Accounts.xlsx
2026-06,2026-06-30,MALAWI,SFP,Current liabilities,Borrowings,detail,borrowings,0.0,-0.0,SFP Detailed,47,June 2026 Consolidated Accounts.xlsx
2026-06,2026-06-30,MENA,SFP,Current liabilities,Borrowings,detail,borrowings,0.0,-0.0,SFP Detailed,47,June 2026 Consolidated Accounts.xlsx
2026-06,2026-06-30,NIGERIA,SFP,Current liabilities,Borrowings,detail,borrowings,0.0,-0.0,SFP Detailed,47,June 2026 Consolidated Accounts.xlsx
2026-06,2026-06-30,RWANDA,SFP,Current liabilities,Borrowings,detail,borrowings,0.0,-0.0,SFP Detailed,47,June 2026 Consolidated Accounts.xlsx
2026-06,2026-06-30,ZHL,SFP,Current liabilities,Borrowings,detail,borrowings,0.0,-0.0,SFP Detailed,47,June 2026 Consolidated Accounts.xlsx
2026-06,2026-06-30,ZATL,SFP,Current liabilities,Borrowings,detail,borrowings,0.0,-0.0,SFP Detailed,47,June 2026 Consolidated Accounts.xlsx
2026-06,2026-06-30,DRC,SFP,Current liabilities,Borrowings,detail,borrowings,0.0,-0.0,SFP Detailed,47,June 2026 Consolidated Accounts.xlsx
2026-06,2026-06-30,C&P,SFP,Current liabilities,Borrowings,detail,borrowings,0.0,-0.0,SFP Detailed,47,June 2026 Consolidated Accounts.xlsx
2026-06,2026-06-30,ZAAC,SFP,Current liabilities,(group_subtotal),group_subtotal,,-96941463.9,-96941463.9,SFP Detailed,48,June 2026 Consolidated Accounts.xlsx
2026-06,2026-06-30,ZAMRE,SFP,Current liabilities,(group_subtotal),group_subtotal,,-247392608.98,-247392608.98,SFP Detailed,48,June 2026 Consolidated Accounts.xlsx
2026-06,2026-06-30,ZARIB,SFP,Current liabilities,(group_subtotal),group_subtotal,,-1527455271.04,-1527455271.04,SFP Detailed,48,June 2026 Consolidated Accounts.xlsx
2026-06,2026-06-30,MALAWI,SFP,Current liabilities,(group_subtotal),group_subtotal,,-22027060.92,-22027060.92,SFP Detailed,48,June 2026 Consolidated Accounts.xlsx
2026-06,2026-06-30,MENA,SFP,Current liabilities,(group_subtotal),group_subtotal,,-15040316.51,-15040316.51,SFP Detailed,48,June 2026 Consolidated Accounts.xlsx
2026-06,2026-06-30,NIGERIA,SFP,Current liabilities,(group_subtotal),group_subtotal,,-6814824.06,-6814824.06,SFP Detailed,48,June 2026 Consolidated Accounts.xlsx
2026-06,2026-06-30,RWANDA,SFP,Current liabilities,(group_subtotal),group_subtotal,,-4334292.1,-4334292.1,SFP Detailed,48,June 2026 Consolidated Accounts.xlsx
2026-06,2026-06-30,ZHL,SFP,Current liabilities,(group_subtotal),group_subtotal,,-1009518170.12,-1009518170.12,SFP Detailed,48,June 2026 Consolidated Accounts.xlsx
2026-06,2026-06-30,ZATL,SFP,Current liabilities,(group_subtotal),group_subtotal,,-2936991.44,-2936991.44,SFP Detailed,48,June 2026 Consolidated Accounts.xlsx
2026-06,2026-06-30,DRC,SFP,Current liabilities,(group_subtotal),group_subtotal,,-43519365.96,-43519365.96,SFP Detailed,48,June 2026 Consolidated Accounts.xlsx
2026-06,2026-06-30,C&P,SFP,Current liabilities,(group_subtotal),group_subtotal,,-14104509.77,-14104509.77,SFP Detailed,48,June 2026 Consolidated Accounts.xlsx
2026-06,2026-06-30,ZAAC,SFP,Current liabilities,Total Equity and Liabilities,total,,-1243268872.93,-1243268872.93,SFP Detailed,50,June 2026 Consolidated Accounts.xlsx
2026-06,2026-06-30,ZAMRE,SFP,Current liabilities,Total Equity and Liabilities,total,,-276274797.64,-276274797.64,SFP Detailed,50,June 2026 Consolidated Accounts.xlsx
2026-06,2026-06-30,ZARIB,SFP,Current liabilities,Total Equity and Liabilities,total,,-3148487156.1,-3148487156.1,SFP Detailed,50,June 2026 Consolidated Accounts.xlsx
2026-06,2026-06-30,MALAWI,SFP,Current liabilities,Total Equity and Liabilities,total,,-210685754.51,-210685754.51,SFP Detailed,50,June 2026 Consolidated Accounts.xlsx
2026-06,2026-06-30,MENA,SFP,Current liabilities,Total Equity and Liabilities,total,,-113011161.92,-113011161.92,SFP Detailed,50,June 2026 Consolidated Accounts.xlsx
2026-06,2026-06-30,NIGERIA,SFP,Current liabilities,Total Equity and Liabilities,total,,-38412027.96,-38412027.96,SFP Detailed,50,June 2026 Consolidated Accounts.xlsx
2026-06,2026-06-30,RWANDA,SFP,Current liabilities,Total Equity and Liabilities,total,,-60854551.79,-60854551.79,SFP Detailed,50,June 2026 Consolidated Accounts.xlsx
2026-06,2026-06-30,ZHL,SFP,Current liabilities,Total Equity and Liabilities,total,,-1028549702.03,-1028549702.03,SFP Detailed,50,June 2026 Consolidated Accounts.xlsx
2026-06,2026-06-30,ZATL,SFP,Current liabilities,Total Equity and Liabilities,total,,-10834464.98,-10834464.98,SFP Detailed,50,June 2026 Consolidated Accounts.xlsx
2026-06,2026-06-30,DRC,SFP,Current liabilities,Total Equity and Liabilities,total,,-66724371.71,-66724371.71,SFP Detailed,50,June 2026 Consolidated Accounts.xlsx
2026-06,2026-06-30,C&P,SFP,Current liabilities,Total Equity and Liabilities,total,,-184083004.21,-184083004.21,SFP Detailed,50,June 2026 Consolidated Accounts.xlsx
2026-06,2026-06-30,ZAAC,SFP,Current liabilities,(group_subtotal),group_subtotal,,0.0,0.0,SFP Detailed,52,June 2026 Consolidated Accounts.xlsx
2026-06,2026-06-30,ZAMRE,SFP,Current liabilities,(group_subtotal),group_subtotal,,0.0,0.0,SFP Detailed,52,June 2026 Consolidated Accounts.xlsx
2026-06,2026-06-30,ZARIB,SFP,Current liabilities,(group_subtotal),group_subtotal,,0.37,0.37,SFP Detailed,52,June 2026 Consolidated Accounts.xlsx
2026-06,2026-06-30,MALAWI,SFP,Current liabilities,(group_subtotal),group_subtotal,,0.0,0.0,SFP Detailed,52,June 2026 Consolidated Accounts.xlsx
2026-06,2026-06-30,MENA,SFP,Current liabilities,(group_subtotal),group_subtotal,,0.0,0.0,SFP Detailed,52,June 2026 Consolidated Accounts.xlsx
2026-06,2026-06-30,NIGERIA,SFP,Current liabilities,(group_subtotal),group_subtotal,,0.0,0.0,SFP Detailed,52,June 2026 Consolidated Accounts.xlsx
2026-06,2026-06-30,RWANDA,SFP,Current liabilities,(group_subtotal),group_subtotal,,0.0,0.0,SFP Detailed,52,June 2026 Consolidated Accounts.xlsx
2026-06,2026-06-30,ZHL,SFP,Current liabilities,(group_subtotal),group_subtotal,,0.0,0.0,SFP Detailed,52,June 2026 Consolidated Accounts.xlsx
2026-06,2026-06-30,ZATL,SFP,Current liabilities,(group_subtotal),group_subtotal,,0.0,0.0,SFP Detailed,52,June 2026 Consolidated Accounts.xlsx
2026-06,2026-06-30,DRC,SFP,Current liabilities,(group_subtotal),group_subtotal,,0.0,0.0,SFP Detailed,52,June 2026 Consolidated Accounts.xlsx
2026-06,2026-06-30,C&P,SFP,Current liabilities,(group_subtotal),group_subtotal,,0.0,0.0,SFP Detailed,52,June 2026 Consolidated Accounts.xlsx
