period,entity,kes_row,account_no,account_name,client_category,rates_cell,currency,rate_label,rate_value
2026-01,MALAWI,7,B10120,Ord.Share Capital,Share capital,C21,MWK,2026-01,0.0742390497401633
2026-01,MENA,7,B10120,Ord.Share Capital,Share capital,H21,AED,2026-01,35.09
2026-01,NIGERIA,7,B10120,Ord.Share Capital,Share capital,E21,NGN,2026-01,0.0930232558139535
2026-01,RWANDA,7,B10120,Ord.Share Capital,Share capital,B21,RWF,2026-01,0.08888888888888889
2026-01,DRC,7,B10120,Ord.Share Capital,Share capital,G21,USD,2026-01,129.03
2026-01,MALAWI,8,7610/000,Funds Awaiting Capitalisation,Translation reserve,C21,MWK,2026-01,0.0742390497401633
2026-01,MENA,8,7610/000,Funds Awaiting Capitalisation,Translation reserve,H15,AED,2025-07,35.1859
2026-01,RWANDA,8,7610/000,Funds Awaiting Capitalisation,Translation reserve,B21,RWF,2026-01,0.08888888888888889
2026-01,MALAWI,9,7630/000,Share Premium,Translation reserve,C21,MWK,2026-01,0.0742390497401633
2026-01,MENA,9,7630/000,Share Premium,Translation reserve,H15,AED,2025-07,35.1859
2026-01,RWANDA,9,7630/000,Share Premium,Translation reserve,B21,RWF,2026-01,0.08888888888888889
2026-01,MALAWI,10,B15110,Distr.Reser-RetainedInc,Retained earnings,C21,MWK,2026-01,0.0742390497401633
2026-01,MENA,10,B15110,Distr.Reser-RetainedInc,Retained earnings,H21,AED,2026-01,35.09
2026-01,NIGERIA,10,B15110,Distr.Reser-RetainedInc,Retained earnings,E21,NGN,2026-01,0.0930232558139535
2026-01,RWANDA,10,B15110,Distr.Reser-RetainedInc,Retained earnings,B21,RWF,2026-01,0.08888888888888889
2026-01,DRC,10,B15110,Distr.Reser-RetainedInc,Retained earnings,G21,USD,2026-01,129.03
2026-01,MALAWI,11,7620/000,Revaluation Reserve,Translation reserve,C21,MWK,2026-01,0.0742390497401633
2026-01,MENA,11,7620/000,Revaluation Reserve,Translation reserve,H15,AED,2025-07,35.1859
2026-01,RWANDA,11,7620/000,Revaluation Reserve,Translation reserve,B21,RWF,2026-01,0.08888888888888889
2026-01,MALAWI,12,xxxx,Translation reserve,Translation reserve,C21,MWK,2026-01,0.0742390497401633
2026-01,MALAWI,13,XXX,Non controlling interest,Non-controlling interests,C21,MWK,2026-01,0.0742390497401633
2026-01,MENA,13,XXX,Non controlling interest,Non-controlling interests,H21,AED,2026-01,35.09
2026-01,MALAWI,14,B30110,Head Office Receivable Account,"Property, plant and equipment",C21,MWK,2026-01,0.0742390497401633
2026-01,MENA,14,B30110,Head Office Receivable Account,"Property, plant and equipment",H21,AED,2026-01,35.09
2026-01,RWANDA,14,B30110,Head Office Receivable Account,"Property, plant and equipment",B15,RWF,2025-07,0.08947905295370354
2026-01,MALAWI,15,B35130,Equipments-TZ Branch,"Property, plant and equipment",C21,MWK,2026-01,0.0742390497401633
2026-01,MENA,15,B35130,Equipments-TZ Branch,"Property, plant and equipment",H21,AED,2026-01,35.09
2026-01,RWANDA,15,B35130,Equipments-TZ Branch,"Property, plant and equipment",B15,RWF,2025-07,0.08947905295370354
2026-01,MALAWI,16,B35140,MV-Cost Opening Balance,"Property, plant and equipment",C21,MWK,2026-01,0.0742390497401633
2026-01,MENA,16,B35140,MV-Cost Opening Balance,"Property, plant and equipment",H21,AED,2026-01,35.09
2026-01,NIGERIA,16,B35140,MV-Cost Opening Balance,"Property, plant and equipment",E21,NGN,2026-01,0.0930232558139535
2026-01,RWANDA,16,B35140,MV-Cost Opening Balance,"Property, plant and equipment",B21,RWF,2026-01,0.08888888888888889
2026-01,DRC,16,B35140,MV-Cost Opening Balance,"Property, plant and equipment",G21,USD,2026-01,129.03
2026-01,MALAWI,17,B35160,MV Accum-Depr Open Balance,"Property, plant and equipment",C21,MWK,2026-01,0.0742390497401633
2026-01,MENA,17,B35160,MV Accum-Depr Open Balance,"Property, plant and equipment",H21,AED,2026-01,35.09
2026-01,NIGERIA,17,B35160,MV Accum-Depr Open Balance,"Property, plant and equipment",E21,NGN,2026-01,0.0930232558139535
2026-01,RWANDA,17,B35160,MV Accum-Depr Open Balance,"Property, plant and equipment",B21,RWF,2026-01,0.08888888888888889
2026-01,DRC,17,B35160,MV Accum-Depr Open Balance,"Property, plant and equipment",G21,USD,2026-01,129.03
2026-01,MALAWI,18,B35170,Furn-Cost Open Balance,"Property, plant and equipment",C21,MWK,2026-01,0.0742390497401633
2026-01,MENA,18,B35170,Furn-Cost Open Balance,"Property, plant and equipment",H21,AED,2026-01,35.09
2026-01,NIGERIA,18,B35170,Furn-Cost Open Balance,"Property, plant and equipment",E21,NGN,2026-01,0.0930232558139535
2026-01,RWANDA,18,B35170,Furn-Cost Open Balance,"Property, plant and equipment",B21,RWF,2026-01,0.08888888888888889
2026-01,DRC,18,B35170,Furn-Cost Open Balance,"Property, plant and equipment",G21,USD,2026-01,129.03
2026-01,MALAWI,19,B35180,Furn-Additions this year,"Property, plant and equipment",C21,MWK,2026-01,0.0742390497401633
2026-01,MENA,19,B35180,Furn-Additions this year,"Property, plant and equipment",H21,AED,2026-01,35.09
2026-01,RWANDA,19,B35180,Furn-Additions this year,"Property, plant and equipment",B21,RWF,2026-01,0.08888888888888889
2026-01,DRC,19,B35180,Furn-Additions this year,"Property, plant and equipment",G21,USD,2026-01,129.03
2026-01,MALAWI,20,B35190,Furn-Depr Prov.,"Property, plant and equipment",C21,MWK,2026-01,0.0742390497401633
2026-01,MENA,20,B35190,Furn-Depr Prov.,"Property, plant and equipment",H21,AED,2026-01,35.09
2026-01,RWANDA,20,B35190,Furn-Depr Prov.,"Property, plant and equipment",B21,RWF,2026-01,0.08888888888888889
2026-01,DRC,20,B35190,Furn-Depr Prov.,"Property, plant and equipment",G36,?,?,
2026-01,MALAWI,21,B35200,Furn Accum-Depreciation,"Property, plant and equipment",C21,MWK,2026-01,0.0742390497401633
2026-01,MENA,21,B35200,Furn Accum-Depreciation,"Property, plant and equipment",H21,AED,2026-01,35.09
2026-01,NIGERIA,21,B35200,Furn Accum-Depreciation,"Property, plant and equipment",E21,NGN,2026-01,0.0930232558139535
2026-01,RWANDA,21,B35200,Furn Accum-Depreciation,"Property, plant and equipment",B21,RWF,2026-01,0.08888888888888889
2026-01,DRC,21,B35200,Furn Accum-Depreciation,"Property, plant and equipment",G21,USD,2026-01,129.03
2026-01,MALAWI,22,B35210,Equip-Cost Open Balance,"Property, plant and equipment",C21,MWK,2026-01,0.0742390497401633
2026-01,MENA,22,B35210,Equip-Cost Open Balance,"Property, plant and equipment",H21,AED,2026-01,35.09
2026-01,NIGERIA,22,B35210,Equip-Cost Open Balance,"Property, plant and equipment",E21,NGN,2026-01,0.0930232558139535
2026-01,RWANDA,22,B35210,Equip-Cost Open Balance,"Property, plant and equipment",B21,RWF,2026-01,0.08888888888888889
2026-01,DRC,22,B35210,Equip-Cost Open Balance,"Property, plant and equipment",G21,USD,2026-01,129.03
2026-01,MALAWI,23,B35220,Equip-Additions This Year,"Property, plant and equipment",C21,MWK,2026-01,0.0742390497401633
2026-01,MENA,23,B35220,Equip-Additions This Year,"Property, plant and equipment",H21,AED,2026-01,35.09
2026-01,RWANDA,23,B35220,Equip-Additions This Year,"Property, plant and equipment",B21,RWF,2026-01,0.08888888888888889
2026-01,DRC,23,B35220,Equip-Additions This Year,"Property, plant and equipment",G21,USD,2026-01,129.03
2026-01,MALAWI,24,B35230,Equip-Depr.Prov.,"Property, plant and equipment",C21,MWK,2026-01,0.0742390497401633
2026-01,MENA,24,B35230,Equip-Depr.Prov.,"Property, plant and equipment",H21,AED,2026-01,35.09
2026-01,RWANDA,24,B35230,Equip-Depr.Prov.,"Property, plant and equipment",B21,RWF,2026-01,0.08888888888888889
2026-01,DRC,24,B35230,Equip-Depr.Prov.,"Property, plant and equipment",G40,?,?,
2026-01,MALAWI,25,B35240,Equip Accum-Depr,"Property, plant and equipment",C21,MWK,2026-01,0.0742390497401633
2026-01,MENA,25,B35240,Equip Accum-Depr,"Property, plant and equipment",H2,?,?,
2026-01,NIGERIA,25,B35240,Equip Accum-Depr,"Property, plant and equipment",E21,NGN,2026-01,0.0930232558139535
2026-01,RWANDA,25,B35240,Equip Accum-Depr,"Property, plant and equipment",B21,RWF,2026-01,0.08888888888888889
2026-01,DRC,25,B35240,Equip Accum-Depr,"Property, plant and equipment",G21,USD,2026-01,129.03
2026-01,MALAWI,26,B35250,Comp Equip-Cost Open Balance,"Property, plant and equipment",C21,MWK,2026-01,0.0742390497401633
2026-01,MENA,26,B35250,Comp Equip-Cost Open Balance,"Property, plant and equipment",H21,AED,2026-01,35.09
2026-01,RWANDA,26,B35250,Comp Equip-Cost Open Balance,"Property, plant and equipment",B21,RWF,2026-01,0.08888888888888889
2026-01,DRC,26,B35250,Comp Equip-Cost Open Balance,"Property, plant and equipment",G21,USD,2026-01,129.03
2026-01,MALAWI,27,B35280,Comp Equip-Additions,"Property, plant and equipment",C21,MWK,2026-01,0.0742390497401633
2026-01,MENA,27,B35280,Comp Equip-Additions,"Property, plant and equipment",H21,AED,2026-01,35.09
2026-01,RWANDA,27,B35280,Comp Equip-Additions,"Property, plant and equipment",B21,RWF,2026-01,0.08888888888888889
2026-01,DRC,27,B35280,Comp Equip-Additions,"Property, plant and equipment",G21,USD,2026-01,129.03
2026-01,MALAWI,28,B35290,Comp Equip- Accum Depreciation,"Property, plant and equipment",C21,MWK,2026-01,0.0742390497401633
2026-01,MENA,28,B35290,Comp Equip- Accum Depreciation,"Property, plant and equipment",H21,AED,2026-01,35.09
2026-01,RWANDA,28,B35290,Comp Equip- Accum Depreciation,"Property, plant and equipment",B21,RWF,2026-01,0.08888888888888889
2026-01,MALAWI,29,6300/000,Work In Progress,Intangible assets - computer software,C21,MWK,2026-01,0.0742390497401633
2026-01,MENA,29,6300/000,Work In Progress,Intangible assets - computer software,H2,?,?,
2026-01,RWANDA,29,6300/000,Work In Progress,Intangible assets - computer software,B21,RWF,2026-01,0.08888888888888889
2026-01,MALAWI,30,B35310,Comp SW-Cost Open Balance,Intangible assets - computer software,C21,MWK,2026-01,0.0742390497401633
2026-01,MENA,30,B35310,Comp SW-Cost Open Balance,Intangible assets - computer software,H21,AED,2026-01,35.09
2026-01,RWANDA,30,B35310,Comp SW-Cost Open Balance,Intangible assets - computer software,B21,RWF,2026-01,0.08888888888888889
2026-01,MALAWI,31,B35320,Computer Software,Intangible assets - computer software,C21,MWK,2026-01,0.0742390497401633
2026-01,MENA,31,B35320,Computer Software,Intangible assets - computer software,H21,AED,2026-01,35.09
2026-01,RWANDA,31,B35320,Computer Software,Intangible assets - computer software,B21,RWF,2026-01,0.08888888888888889
2026-01,MALAWI,32,B35340,Comp S/Ware Acc -Write Off,Intangible assets - computer software,C21,MWK,2026-01,0.0742390497401633
2026-01,MENA,32,B35340,Comp S/Ware Acc -Write Off,Intangible assets - computer software,H21,AED,2026-01,35.09
2026-01,RWANDA,32,B35340,Comp S/Ware Acc -Write Off,Intangible assets - computer software,B21,RWF,2026-01,0.08888888888888889
2026-01,MALAWI,33,B35350,Leased Prem-Improvements,"Property, plant and equipment",C21,MWK,2026-01,0.0742390497401633
2026-01,MENA,33,B35350,Leased Prem-Improvements,"Property, plant and equipment",H21,AED,2026-01,35.09
2026-01,NIGERIA,33,B35350,Leased Prem-Improvements,"Property, plant and equipment",E21,NGN,2026-01,0.0930232558139535
2026-01,RWANDA,33,B35350,Leased Prem-Improvements,"Property, plant and equipment",B21,RWF,2026-01,0.08888888888888889
2026-01,DRC,33,B35350,Leased Prem-Improvements,"Property, plant and equipment",G21,USD,2026-01,129.03
2026-01,MALAWI,34,B35370,Lease Improv - Accum Ammortization,"Property, plant and equipment",C21,MWK,2026-01,0.0742390497401633
2026-01,MENA,34,B35370,Lease Improv - Accum Ammortization,"Property, plant and equipment",H21,AED,2026-01,35.09
2026-01,NIGERIA,34,B35370,Lease Improv - Accum Ammortization,"Property, plant and equipment",E21,NGN,2026-01,0.0930232558139535
2026-01,RWANDA,34,B35370,Lease Improv - Accum Ammortization,"Property, plant and equipment",B21,RWF,2026-01,0.08888888888888889
2026-01,DRC,34,B35370,Lease Improv - Accum Ammortization,"Property, plant and equipment",G21,USD,2026-01,129.03
2026-01,MALAWI,35,B35420,Deferred Tax,Deferred tax Asset,C21,MWK,2026-01,0.0742390497401633
2026-01,MENA,35,B35420,Deferred Tax,Deferred tax Asset,H21,AED,2026-01,35.09
2026-01,NIGERIA,35,B35420,Deferred Tax,Deferred tax Asset,E21,NGN,2026-01,0.0930232558139535
2026-01,RWANDA,35,B35420,Deferred Tax,Deferred tax Asset,B21,RWF,2026-01,0.08888888888888889
2026-01,MALAWI,36,B40110,Investment in subsidiary - RWANDA,Investment in subsidiary,C21,MWK,2026-01,0.0742390497401633
2026-01,MENA,36,B40110,Investment in subsidiary - RWANDA,Investment in subsidiary,H21,AED,2026-01,35.09
2026-01,RWANDA,36,B40110,Investment in subsidiary - RWANDA,Investment in subsidiary,B21,RWF,2026-01,0.08888888888888889
2026-01,MALAWI,37,6285/000,Investment in ZAAC Kenya,Investment in subsidiary,C21,MWK,2026-01,0.0742390497401633
2026-01,MALAWI,38,6290/000,Investment in ZAAC Nigeria,Investment in subsidiary,C21,MWK,2026-01,0.0742390497401633
2026-01,MALAWI,42,6460/000,Investment in Malawi,Investment in subsidiary,C21,MWK,2026-01,0.0742390497401633
2026-01,MENA,44,6366/000,Investment In Subsidiaries,Investment in subsidiary,H21,AED,2026-01,35.09
2026-01,RWANDA,44,6366/000,Investment In Subsidiaries,Investment in subsidiary,B15,RWF,2025-07,0.08947905295370354
2026-01,MALAWI,45,B45110,Goodwill-at Cost,Intangible assets - goodwill,C21,MWK,2026-01,0.0742390497401633
2026-01,MENA,45,B45110,Goodwill-at Cost,Intangible assets - goodwill,H21,AED,2026-01,35.09
2026-01,RWANDA,45,B45110,Goodwill-at Cost,Intangible assets - goodwill,B15,RWF,2025-07,0.08947905295370354
2026-01,MALAWI,46,B55110,Other Receivable,Trade and other receivables,C21,MWK,2026-01,0.0742390497401633
2026-01,MENA,46,B55110,Other Receivable,Trade and other receivables,H21,AED,2026-01,35.09
2026-01,NIGERIA,46,B55110,Other Receivable,Trade and other receivables,E21,NGN,2026-01,0.0930232558139535
2026-01,RWANDA,46,B55110,Other Receivable,Trade and other receivables,B21,RWF,2026-01,0.08888888888888889
2026-01,MALAWI,47,B55130,Due from/to Directors,Trade and other receivables,C21,MWK,2026-01,0.0742390497401633
2026-01,MENA,47,B55130,Due from/to Directors,Trade and other receivables,H21,AED,2026-01,35.09
2026-01,RWANDA,47,B55130,Due from/to Directors,Trade and other receivables,B21,RWF,2026-01,0.08888888888888889
2026-01,MALAWI,48,B55140,Other Debtor - Claims Receivab,Trade and other receivables,C21,MWK,2026-01,0.0742390497401633
2026-01,MENA,48,B55140,Other Debtor - Claims Receivab,Trade and other receivables,H21,AED,2026-01,35.09
2026-01,RWANDA,48,B55140,Other Debtor - Claims Receivab,Trade and other receivables,B21,RWF,2026-01,0.08888888888888889
2026-01,MALAWI,49,B55150,Drs-Gen.Bad Debt Prov.,Trade and other receivables,C21,MWK,2026-01,0.0742390497401633
2026-01,MENA,49,B55150,Drs-Gen.Bad Debt Prov.,Trade and other receivables,H21,AED,2026-01,35.09
2026-01,RWANDA,49,B55150,Drs-Gen.Bad Debt Prov.,Trade and other receivables,B21,RWF,2026-01,0.08888888888888889
2026-01,MENA,50,B55210,Investment in Malawi,Investment in subsidiary,H21,AED,2026-01,35.09
2026-01,RWANDA,50,B55210,Investment in Malawi,Investment in subsidiary,B21,RWF,2026-01,0.08888888888888889
2026-01,MALAWI,51,,Investment in Subsidiary- Stonebridge,Investment in unquoted equity securities,C21,MWK,2026-01,0.0742390497401633
2026-01,MENA,51,,Investment in Subsidiary- Stonebridge,Investment in unquoted equity securities,H21,AED,2026-01,35.09
2026-01,NIGERIA,51,,Investment in Subsidiary- Stonebridge,Investment in unquoted equity securities,E21,NGN,2026-01,0.0930232558139535
2026-01,RWANDA,51,,Investment in Subsidiary- Stonebridge,Investment in unquoted equity securities,B21,RWF,2026-01,0.08888888888888889
2026-01,MALAWI,52,B55250,Conferences - Control  A/c,Trade and other receivables,C21,MWK,2026-01,0.0742390497401633
2026-01,MENA,52,B55250,Conferences - Control  A/c,Trade and other receivables,H21,AED,2026-01,35.09
2026-01,RWANDA,52,B55250,Conferences - Control  A/c,Trade and other receivables,B21,RWF,2026-01,0.08888888888888889
2026-01,MENA,53,B55360,Deposits,Trade and other receivables,H21,AED,2026-01,35.09
2026-01,RWANDA,53,B55360,Deposits,Trade and other receivables,B21,RWF,2026-01,0.08888888888888889
2026-01,DRC,53,B55360,Deposits,Trade and other receivables,G21,USD,2026-01,129.03
2026-01,MALAWI,54,B55420,Due to/from Malawi,Trade and other receivables,C21,MWK,2026-01,0.0742390497401633
2026-01,MENA,54,B55420,Due to/from Malawi,Trade and other receivables,H21,AED,2026-01,35.09
2026-01,RWANDA,54,B55420,Due to/from Malawi,Trade and other receivables,B21,RWF,2026-01,0.08888888888888889
2026-01,MALAWI,55,B55480,Drs-Income Control,Trade and other receivables,C21,MWK,2026-01,0.0742390497401633
2026-01,MENA,55,B55480,Drs-Income Control,Trade and other receivables,H21,AED,2026-01,35.09
2026-01,NIGERIA,55,B55480,Drs-Income Control,Trade and other receivables,E21,NGN,2026-01,0.0930232558139535
2026-01,RWANDA,55,B55480,Drs-Income Control,Trade and other receivables,B21,RWF,2026-01,0.08888888888888889
2026-01,DRC,55,B55480,Drs-Income Control,Trade and other receivables,G21,USD,2026-01,129.03
2026-01,MALAWI,56,B55490,DUE TO/FROM ZAMARA HOLDING CO.,Trade and other receivables,C21,MWK,2026-01,0.0742390497401633
2026-01,MENA,56,B55490,DUE TO/FROM ZAMARA HOLDING CO.,Trade and other receivables,H21,AED,2026-01,35.09
2026-01,NIGERIA,56,B55490,DUE TO/FROM ZAMARA HOLDING CO.,Trade and other receivables,E21,NGN,2026-01,0.0930232558139535
2026-01,RWANDA,56,B55490,DUE TO/FROM ZAMARA HOLDING CO.,Trade and other receivables,B21,RWF,2026-01,0.08888888888888889
2026-01,MALAWI,57,B55520,DUE TO/FROM UGANDA,Trade and other receivables,C21,MWK,2026-01,0.0742390497401633
2026-01,MENA,57,B55520,DUE TO/FROM UGANDA,Trade and other receivables,H21,AED,2026-01,35.09
2026-01,RWANDA,57,B55520,DUE TO/FROM UGANDA,Trade and other receivables,B21,RWF,2026-01,0.08888888888888889
2026-01,MALAWI,58,B55570,Due to/from ZAAC,Trade and other receivables,C21,MWK,2026-01,0.0742390497401633
2026-01,MENA,58,B55570,Due to/from ZAAC,Trade and other receivables,H21,AED,2026-01,35.09
2026-01,RWANDA,58,B55570,Due to/from ZAAC,Trade and other receivables,B21,RWF,2026-01,0.08888888888888889
2026-01,DRC,58,B55570,Due to/from ZAAC,Trade and other receivables,G21,USD,2026-01,129.03
2026-01,MALAWI,67,4015,Bank account- ZAAIB,Cash and cash equivalents,C21,MWK,2026-01,0.0742390497401633
2026-01,MENA,67,4015,Bank account- ZAAIB,Cash and cash equivalents,H21,AED,2026-01,35.09
2026-01,RWANDA,67,4015,Bank account- ZAAIB,Cash and cash equivalents,B21,RWF,2026-01,0.08888888888888889
2026-01,MENA,68,4016,Bank account NCBA,Cash and cash equivalents,H21,AED,2026-01,35.09
2026-01,RWANDA,68,4016,Bank account NCBA,Cash and cash equivalents,B21,RWF,2026-01,0.08888888888888889
2026-01,MALAWI,69,4017,Bank Account (ZAMARA AAIB LTD),Cash and cash equivalents,C15,MWK,2025-07,0.07550816998399226
2026-01,MENA,69,4017,Bank Account (ZAMARA AAIB LTD),Cash and cash equivalents,H21,AED,2026-01,35.09
2026-01,RWANDA,69,4017,Bank Account (ZAMARA AAIB LTD),Cash and cash equivalents,B21,RWF,2026-01,0.08888888888888889
2026-01,MALAWI,70,4018,AMIFA Account,Cash and cash equivalents,C15,MWK,2025-07,0.07550816998399226
2026-01,MENA,70,4018,AMIFA Account,Cash and cash equivalents,H21,AED,2026-01,35.09
2026-01,RWANDA,70,4018,AMIFA Account,Cash and cash equivalents,B21,RWF,2026-01,0.08888888888888889
2026-01,MALAWI,71,4019,NCBA Account USD,Cash and cash equivalents,C15,MWK,2025-07,0.07550816998399226
2026-01,MENA,71,4019,NCBA Account USD,Cash and cash equivalents,H21,AED,2026-01,35.09
2026-01,RWANDA,71,4019,NCBA Account USD,Cash and cash equivalents,B21,RWF,2026-01,0.08888888888888889
2026-01,MALAWI,72,4021,Bank account-Equity Bank,Cash and cash equivalents,C15,MWK,2025-07,0.07550816998399226
2026-01,MENA,72,4021,Bank account-Equity Bank,Cash and cash equivalents,H21,AED,2026-01,35.09
2026-01,RWANDA,72,4021,Bank account-Equity Bank,Cash and cash equivalents,B21,RWF,2026-01,0.08888888888888889
2026-01,MALAWI,73,6821/000,ECOBANK -KWACHA A/C,Cash and cash equivalents,C21,MWK,2026-01,0.0742390497401633
2026-01,MENA,73,6821/000,ECOBANK -KWACHA A/C,Cash and cash equivalents,H21,AED,2026-01,35.09
2026-01,RWANDA,73,6821/000,ECOBANK -KWACHA A/C,Cash and cash equivalents,B21,RWF,2026-01,0.08888888888888889
2026-01,MALAWI,74,6822/000,ECOBANK FCD-US$,Cash and cash equivalents,C21,MWK,2026-01,0.0742390497401633
2026-01,MENA,74,6822/000,ECOBANK FCD-US$,Cash and cash equivalents,H21,AED,2026-01,35.09
2026-01,RWANDA,74,6822/000,ECOBANK FCD-US$,Cash and cash equivalents,B21,RWF,2026-01,0.08888888888888889
2026-01,MENA,75,,RAK Bank AED,Cash and cash equivalents,H21,AED,2026-01,35.09
2026-01,RWANDA,75,,RAK Bank AED,Cash and cash equivalents,B21,RWF,2026-01,0.08888888888888889
2026-01,MENA,76,B60090,EQUITY BANK,Cash and cash equivalents,H21,AED,2026-01,35.09
2026-01,RWANDA,76,B60090,EQUITY BANK,Cash and cash equivalents,B21,RWF,2026-01,0.08888888888888889
2026-01,DRC,76,B60090,EQUITY BANK,Cash and cash equivalents,G21,USD,2026-01,129.03
2026-01,DRC,77,8410/000,RAW BANK,Cash and cash equivalents,G21,USD,2026-01,129.03
2026-01,MALAWI,78,B60110,KENYA COMMERCIAL BANK,Cash and cash equivalents,C2,?,?,
2026-01,MENA,78,B60110,KENYA COMMERCIAL BANK,Cash and cash equivalents,H21,AED,2026-01,35.09
2026-01,RWANDA,78,B60110,KENYA COMMERCIAL BANK,Cash and cash equivalents,B21,RWF,2026-01,0.08888888888888889
2026-01,MALAWI,79,0001/000,EQUITY BANK,Cash and cash equivalents,C2,?,?,
2026-01,MENA,79,0001/000,EQUITY BANK,Cash and cash equivalents,H21,AED,2026-01,35.09
2026-01,RWANDA,79,0001/000,EQUITY BANK,Cash and cash equivalents,B21,RWF,2026-01,0.08888888888888889
2026-01,MALAWI,80,0068/000,KCB CLIENT,Cash and cash equivalents,C2,?,?,
2026-01,MENA,80,0068/000,KCB CLIENT,Cash and cash equivalents,H21,AED,2026-01,35.09
2026-01,RWANDA,80,0068/000,KCB CLIENT,Cash and cash equivalents,B21,RWF,2026-01,0.08888888888888889
2026-01,MALAWI,81,0068/000,KCB CLIENT(KES),Cash and cash equivalents,C21,MWK,2026-01,0.0742390497401633
2026-01,MENA,81,0068/000,KCB CLIENT(KES),Cash and cash equivalents,H21,AED,2026-01,35.09
2026-01,RWANDA,81,0068/000,KCB CLIENT(KES),Cash and cash equivalents,B21,RWF,2026-01,0.08888888888888889
2026-01,MALAWI,82,0068/001,KCB CLIENT(USD),Cash and cash equivalents,C2,?,?,
2026-01,MENA,82,0068/001,KCB CLIENT(USD),Cash and cash equivalents,H21,AED,2026-01,35.09
2026-01,RWANDA,82,0068/001,KCB CLIENT(USD),Cash and cash equivalents,B21,RWF,2026-01,0.08888888888888889
2026-01,MENA,83,0068/002,KCB OFFICE(KES),Cash and cash equivalents,H21,AED,2026-01,35.09
2026-01,RWANDA,83,0068/002,KCB OFFICE(KES),Cash and cash equivalents,B21,RWF,2026-01,0.08888888888888889
2026-01,MALAWI,84,0068/003,KCB OFFICE(USD),Cash and cash equivalents,C21,MWK,2026-01,0.0742390497401633
2026-01,MENA,84,0068/003,KCB OFFICE(USD),Cash and cash equivalents,H21,AED,2026-01,35.09
2026-01,RWANDA,84,0068/003,KCB OFFICE(USD),Cash and cash equivalents,B21,RWF,2026-01,0.08888888888888889
2026-01,MENA,85,0068/004,KCB -FIXED DEPOSIT,Cash and cash equivalents,H21,AED,2026-01,35.09
2026-01,RWANDA,85,0068/004,KCB -FIXED DEPOSIT,Cash and cash equivalents,B21,RWF,2026-01,0.08888888888888889
2026-01,MENA,86,6801/000,KCB USD CLIENT,Cash and cash equivalents,H21,AED,2026-01,35.09
2026-01,RWANDA,86,6801/000,KCB USD CLIENT,Cash and cash equivalents,B21,RWF,2026-01,0.08888888888888889
2026-01,MENA,87,6804/000,KCB USD OFFICE,Cash and cash equivalents,H21,AED,2026-01,35.09
2026-01,RWANDA,87,6804/000,KCB USD OFFICE,Cash and cash equivalents,B21,RWF,2026-01,0.08888888888888889
2026-01,MENA,88,6820/000,MPESA ACCOUNT,Cash and cash equivalents,H21,AED,2026-01,35.09
2026-01,RWANDA,88,6820/000,MPESA ACCOUNT,Cash and cash equivalents,B21,RWF,2026-01,0.08888888888888889
2026-01,MENA,89,6821/000,CBA Office Bank Account,Cash and cash equivalents,H21,AED,2026-01,35.09
2026-01,RWANDA,89,6821/000,CBA Office Bank Account,Cash and cash equivalents,B21,RWF,2026-01,0.08888888888888889
2026-01,MENA,90,6822/000,SBM USD $,Cash and cash equivalents,H21,AED,2026-01,35.09
2026-01,RWANDA,90,6822/000,SBM USD $,Cash and cash equivalents,B21,RWF,2026-01,0.08888888888888889
2026-01,MALAWI,91,6823/000,Summary: cash at bank & on hand,Cash and cash equivalents,C21,MWK,2026-01,0.0742390497401633
2026-01,MENA,91,6823/000,Summary: cash at bank & on hand,Cash and cash equivalents,H21,AED,2026-01,35.09
2026-01,NIGERIA,91,6823/000,Summary: cash at bank & on hand,Cash and cash equivalents,E21,NGN,2026-01,0.0930232558139535
2026-01,RWANDA,91,6823/000,Summary: cash at bank & on hand,Cash and cash equivalents,B21,RWF,2026-01,0.08888888888888889
2026-01,DRC,91,6823/000,Summary: cash at bank & on hand,Cash and cash equivalents,G21,USD,2026-01,129.03
2026-01,MENA,92,6824/000,CBA Client Bank Account,Cash and cash equivalents,H21,AED,2026-01,35.09
2026-01,RWANDA,92,6824/000,CBA Client Bank Account,Cash and cash equivalents,B21,RWF,2026-01,0.08888888888888889
2026-01,MENA,93,6825/000,CFCSTANBIC-OFFICE A/C,Cash and cash equivalents,H21,AED,2026-01,35.09
2026-01,RWANDA,93,6825/000,CFCSTANBIC-OFFICE A/C,Cash and cash equivalents,B21,RWF,2026-01,0.08888888888888889
2026-01,MENA,94,6826/000,CFCSTANBIC-CLIENT A/C,Cash and cash equivalents,H21,AED,2026-01,35.09
2026-01,RWANDA,94,6826/000,CFCSTANBIC-CLIENT A/C,Cash and cash equivalents,B21,RWF,2026-01,0.08888888888888889
2026-01,MENA,95,6827/000,Chase Bank Account,Cash and cash equivalents,H21,AED,2026-01,35.09
2026-01,RWANDA,95,6827/000,Chase Bank Account,Cash and cash equivalents,B21,RWF,2026-01,0.08888888888888889
2026-01,MENA,96,6828/000,COMMERCIAL BANK OF AFRICA-US$ OFFICE,Cash and cash equivalents,H21,AED,2026-01,35.09
2026-01,RWANDA,96,6828/000,COMMERCIAL BANK OF AFRICA-US$ OFFICE,Cash and cash equivalents,B21,RWF,2026-01,0.08888888888888889
2026-01,MENA,97,6829/000,COMMERCIAL BANK OF AFRICA-US$ CLIENT,Cash and cash equivalents,H21,AED,2026-01,35.09
2026-01,RWANDA,97,6829/000,COMMERCIAL BANK OF AFRICA-US$ CLIENT,Cash and cash equivalents,B21,RWF,2026-01,0.08888888888888889
2026-01,MENA,98,6830/000,UBA Client Account,Cash and cash equivalents,H21,AED,2026-01,35.09
2026-01,RWANDA,98,6830/000,UBA Client Account,Cash and cash equivalents,B21,RWF,2026-01,0.08888888888888889
2026-01,MENA,99,6832/000,SBM BANK FIXED DEPOSIT ACCOUNT,Cash and cash equivalents,H21,AED,2026-01,35.09
2026-01,RWANDA,99,6832/000,SBM BANK FIXED DEPOSIT ACCOUNT,Cash and cash equivalents,B21,RWF,2026-01,0.08888888888888889
2026-01,MENA,100,6833/000,CFC STANBIC(US$) -0000230847(CLIENT),Cash and cash equivalents,H21,AED,2026-01,35.09
2026-01,RWANDA,100,6833/000,CFC STANBIC(US$) -0000230847(CLIENT),Cash and cash equivalents,B21,RWF,2026-01,0.08888888888888889
2026-01,MENA,101,6839/000,SBM BANK BID BONDS,Cash and cash equivalents,H21,AED,2026-01,35.09
2026-01,RWANDA,101,6839/000,SBM BANK BID BONDS,Cash and cash equivalents,B21,RWF,2026-01,0.08888888888888889
2026-01,MENA,102,6840/000,Commecial Bank of Africa-Prem. Fin.,Cash and cash equivalents,H21,AED,2026-01,35.09
2026-01,RWANDA,102,6840/000,Commecial Bank of Africa-Prem. Fin.,Cash and cash equivalents,B21,RWF,2026-01,0.08888888888888889
2026-01,MENA,103,6843/000,Mayfair CIB Bank,Cash and cash equivalents,H21,AED,2026-01,35.09
2026-01,RWANDA,103,6843/000,Mayfair CIB Bank,Cash and cash equivalents,B21,RWF,2026-01,0.08888888888888889
2026-01,MENA,104,6850/000,FAULU MICROFINANCE BANK,Cash and cash equivalents,H21,AED,2026-01,35.09
2026-01,RWANDA,104,6850/000,FAULU MICROFINANCE BANK,Cash and cash equivalents,B21,RWF,2026-01,0.08888888888888889
2026-01,MENA,105,6860/000,ABSA BANK KENYA,Cash and cash equivalents,H21,AED,2026-01,35.09
2026-01,RWANDA,105,6860/000,ABSA BANK KENYA,Cash and cash equivalents,B21,RWF,2026-01,0.08888888888888889
2026-01,MENA,106,6880/000,KCB BANK,Cash and cash equivalents,H21,AED,2026-01,35.09
2026-01,RWANDA,106,6880/000,KCB BANK,Cash and cash equivalents,B21,RWF,2026-01,0.08888888888888889
2026-01,MENA,107,6890/000,MAYFAIR CIB USD,Cash and cash equivalents,H21,AED,2026-01,35.09
2026-01,RWANDA,107,6890/000,MAYFAIR CIB USD,Cash and cash equivalents,B21,RWF,2026-01,0.08888888888888889
2026-01,MENA,108,6900/000,SIDIAN BANK,Cash and cash equivalents,H21,AED,2026-01,35.09
2026-01,RWANDA,108,6900/000,SIDIAN BANK,Cash and cash equivalents,B21,RWF,2026-01,0.08888888888888889
2026-01,MENA,109,6920/000,GULF AFRICAN BANK,Cash and cash equivalents,H21,AED,2026-01,35.09
2026-01,RWANDA,109,6920/000,GULF AFRICAN BANK,Cash and cash equivalents,B21,RWF,2026-01,0.08888888888888889
2026-01,MENA,110,6930/000,GUARANTY TRUST BANK,Cash and cash equivalents,H21,AED,2026-01,35.09
2026-01,RWANDA,110,6930/000,GUARANTY TRUST BANK,Cash and cash equivalents,B21,RWF,2026-01,0.08888888888888889
2026-01,MENA,111,6940/000,FREDRICK MUCHINA,Cash and cash equivalents,H21,AED,2026-01,35.09
2026-01,RWANDA,111,6940/000,FREDRICK MUCHINA,Cash and cash equivalents,B21,RWF,2026-01,0.08888888888888889
2026-01,MENA,112,6950/000,LIZA NYAGA,Cash and cash equivalents,H21,AED,2026-01,35.09
2026-01,RWANDA,112,6950/000,LIZA NYAGA,Cash and cash equivalents,B21,RWF,2026-01,0.08888888888888889
2026-01,MENA,113,6960/000,ALEEM AKBARALI,Cash and cash equivalents,H2,?,?,
2026-01,RWANDA,113,6960/000,ALEEM AKBARALI,Cash and cash equivalents,B21,RWF,2026-01,0.08888888888888889
2026-01,MENA,114,6990/000,MWIHAKI KABURA,Cash and cash equivalents,H21,AED,2026-01,35.09
2026-01,RWANDA,114,6990/000,MWIHAKI KABURA,Cash and cash equivalents,B21,RWF,2026-01,0.08888888888888889
2026-01,MENA,115,7030/000,JAMES OLUBAYI,Cash and cash equivalents,H21,AED,2026-01,35.09
2026-01,RWANDA,115,7030/000,JAMES OLUBAYI,Cash and cash equivalents,B21,RWF,2026-01,0.08888888888888889
2026-01,MENA,116,B60160,NCBA Bank-US$ OFFICE,Cash and cash equivalents,H21,AED,2026-01,35.09
2026-01,RWANDA,116,B60160,NCBA Bank-US$ OFFICE,Cash and cash equivalents,B21,RWF,2026-01,0.08888888888888889
2026-01,MENA,117,B60180,NCBA Office Bank Account,Cash and cash equivalents,H21,AED,2026-01,35.09
2026-01,RWANDA,117,B60180,NCBA Office Bank Account,Cash and cash equivalents,B21,RWF,2026-01,0.08888888888888889
2026-01,MENA,118,B60190,PETTY CASH - OFFICE,Cash and cash equivalents,H21,AED,2026-01,35.09
2026-01,RWANDA,118,B60190,PETTY CASH - OFFICE,Cash and cash equivalents,B21,RWF,2026-01,0.08888888888888889
2026-01,DRC,118,B60190,PETTY CASH - OFFICE,Cash and cash equivalents,G21,USD,2026-01,129.03
2026-01,MENA,119,B60210,SBM Bank Account-Office Account,Cash and cash equivalents,H21,AED,2026-01,35.09
2026-01,RWANDA,119,B60210,SBM Bank Account-Office Account,Cash and cash equivalents,B21,RWF,2026-01,0.08888888888888889
2026-01,MENA,120,B60260,UBA Office Account,Cash and cash equivalents,H21,AED,2026-01,35.09
2026-01,NIGERIA,120,B60260,UBA Office Account,Cash and cash equivalents,E21,NGN,2026-01,0.0930232558139535
2026-01,RWANDA,120,B60260,UBA Office Account,Cash and cash equivalents,B21,RWF,2026-01,0.08888888888888889
2026-01,MENA,121,B60170,NATIONAL BANK OF KENYA,Cash and cash equivalents,H21,AED,2026-01,35.09
2026-01,RWANDA,121,B60170,NATIONAL BANK OF KENYA,Cash and cash equivalents,B21,RWF,2026-01,0.08888888888888889
2026-01,MENA,122,B60310,SUNDEEP RAICHURA PREPAID CARD,Cash and cash equivalents,H21,AED,2026-01,35.09
2026-01,RWANDA,122,B60310,SUNDEEP RAICHURA PREPAID CARD,Cash and cash equivalents,B21,RWF,2026-01,0.08888888888888889
2026-01,MENA,123,B60320,ROBERT NJOROGE PREPAID CARD,Cash and cash equivalents,H21,AED,2026-01,35.09
2026-01,RWANDA,123,B60320,ROBERT NJOROGE PREPAID CARD,Cash and cash equivalents,B21,RWF,2026-01,0.08888888888888889
2026-01,MENA,124,B60330,JAY KOSGEI PREPAID CARD,Cash and cash equivalents,H21,AED,2026-01,35.09
2026-01,RWANDA,124,B60330,JAY KOSGEI PREPAID CARD,Cash and cash equivalents,B21,RWF,2026-01,0.08888888888888889
2026-01,MENA,125,B60340,NIKHIL DODHIA PREPARD CARD,Cash and cash equivalents,H21,AED,2026-01,35.09
2026-01,RWANDA,125,B60340,NIKHIL DODHIA PREPARD CARD,Cash and cash equivalents,B21,RWF,2026-01,0.08888888888888889
2026-01,MENA,126,B60350,ADIL SULEMAN PREPAID CARD,Cash and cash equivalents,H21,AED,2026-01,35.09
2026-01,RWANDA,126,B60350,ADIL SULEMAN PREPAID CARD,Cash and cash equivalents,B21,RWF,2026-01,0.08888888888888889
2026-01,MENA,127,B60360,ANTONY KILAVI PREPAID CARD,Cash and cash equivalents,H21,AED,2026-01,35.09
2026-01,RWANDA,127,B60360,ANTONY KILAVI PREPAID CARD,Cash and cash equivalents,B21,RWF,2026-01,0.08888888888888889
2026-01,MENA,128,B60370,PAUL KAMOCHE PREPAID CARD,Cash and cash equivalents,H21,AED,2026-01,35.09
2026-01,RWANDA,128,B60370,PAUL KAMOCHE PREPAID CARD,Cash and cash equivalents,B21,RWF,2026-01,0.08888888888888889
2026-01,MENA,129,B60380,MICHAEL VAATI PRPAID CARD,Cash and cash equivalents,H21,AED,2026-01,35.09
2026-01,RWANDA,129,B60380,MICHAEL VAATI PRPAID CARD,Cash and cash equivalents,B21,RWF,2026-01,0.08888888888888889
2026-01,MENA,130,B60390,RAYMOND MUTHAMA PREPAID CARD,Cash and cash equivalents,H21,AED,2026-01,35.09
2026-01,RWANDA,130,B60390,RAYMOND MUTHAMA PREPAID CARD,Cash and cash equivalents,B21,RWF,2026-01,0.08888888888888889
2026-01,MENA,131,B60400,KHALID OBULINJI PREPAID CARD,Cash and cash equivalents,H21,AED,2026-01,35.09
2026-01,RWANDA,131,B60400,KHALID OBULINJI PREPAID CARD,Cash and cash equivalents,B21,RWF,2026-01,0.08888888888888889
2026-01,MENA,132,B60410,JAMBO JET- AIRTICKETS,Trade and other receivables,H21,AED,2026-01,35.09
2026-01,RWANDA,132,B60410,JAMBO JET- AIRTICKETS,Trade and other receivables,B21,RWF,2026-01,0.08888888888888889
2026-01,MENA,133,B60420,Premium Finance A/C,Borrowings,H21,AED,2026-01,35.09
2026-01,RWANDA,133,B60420,Premium Finance A/C,Borrowings,B21,RWF,2026-01,0.08888888888888889
2026-01,MENA,134,7380/080,Premiums payable,Trade and other payables,H21,AED,2026-01,35.09
2026-01,RWANDA,134,7380/080,Premiums payable,Trade and other payables,B21,RWF,2026-01,0.08888888888888889
2026-01,DRC,134,7380/080,Premiums payable,Trade and other payables,G21,USD,2026-01,129.03
2026-01,DRC,135,9100/000,Payable to Underwriters,Trade and other payables,G21,USD,2026-01,129.03
2026-01,MENA,136,7381/080,Premiums Receivable(GP),Trade and other receivables,H21,AED,2026-01,35.09
2026-01,RWANDA,136,7381/080,Premiums Receivable(GP),Trade and other receivables,B21,RWF,2026-01,0.08888888888888889
2026-01,MENA,137,7400/000,Commissions Payable,Trade and other payables,H21,AED,2026-01,35.09
2026-01,RWANDA,137,7400/000,Commissions Payable,Trade and other payables,B21,RWF,2026-01,0.08888888888888889
2026-01,MENA,138,6680/080,Interest Receivable,Trade and other receivables,H21,AED,2026-01,35.09
2026-01,RWANDA,138,6680/080,Interest Receivable,Trade and other receivables,B21,RWF,2026-01,0.08888888888888889
2026-01,MENA,139,B65110,Other Receivables - Disbursements,Trade and other receivables,H21,AED,2026-01,35.09
2026-01,RWANDA,139,B65110,Other Receivables - Disbursements,Trade and other receivables,B21,RWF,2026-01,0.08888888888888889
2026-01,MENA,140,B65120,Due to/from Nigeria,Trade and other receivables,H21,AED,2026-01,35.09
2026-01,RWANDA,140,B65120,Due to/from Nigeria,Trade and other receivables,B15,RWF,2025-07,0.08947905295370354
2026-01,MENA,141,B65130,Due from/to AFRIB Transactional,Trade and other payables,H21,AED,2026-01,35.09
2026-01,RWANDA,141,B65130,Due from/to AFRIB Transactional,Trade and other payables,B15,RWF,2025-07,0.08947905295370354
2026-01,DRC,141,B65130,Due from/to AFRIB Transactional,Trade and other payables,G21,USD,2026-01,129.03
2026-01,MENA,142,6361/000,Due to/from Zamara Reinsurance,Trade and other receivables,H21,AED,2026-01,35.09
2026-01,RWANDA,142,6361/000,Due to/from Zamara Reinsurance,Trade and other receivables,B15,RWF,2025-07,0.08947905295370354
2026-01,MENA,143,6352/000,Due from/to AFFSEA - Transactional,Trade and other receivables,H21,AED,2026-01,35.09
2026-01,RWANDA,143,6352/000,Due from/to AFFSEA - Transactional,Trade and other receivables,B15,RWF,2025-07,0.08947905295370354
2026-01,MENA,144,B65140,Dues to/from Rwanda,Trade and other receivables,H21,AED,2026-01,35.09
2026-01,RWANDA,144,B65140,Dues to/from Rwanda,Trade and other receivables,B15,RWF,2025-07,0.08947905295370354
2026-01,MALAWI,145,B65150,Fixed Deposit Account,Cash and cash equivalents,C21,MWK,2026-01,0.0742390497401633
2026-01,MENA,145,B65150,Fixed Deposit Account,Cash and cash equivalents,H21,AED,2026-01,35.09
2026-01,RWANDA,145,B65150,Fixed Deposit Account,Cash and cash equivalents,B21,RWF,2026-01,0.08888888888888889
2026-01,MENA,146,B65160,Placements,Cash and cash equivalents,H21,AED,2026-01,35.09
2026-01,RWANDA,146,B65160,Placements,Cash and cash equivalents,B15,RWF,2025-07,0.08947905295370354
2026-01,DRC,146,B65160,Placements,Cash and cash equivalents,G21,USD,2026-01,129.03
2026-01,MALAWI,147,B65180,Debtors Prepaid other,Trade and other receivables,C21,MWK,2026-01,0.0742390497401633
2026-01,MENA,147,B65180,Debtors Prepaid other,Trade and other receivables,H21,AED,2026-01,35.09
2026-01,RWANDA,147,B65180,Debtors Prepaid other,Trade and other receivables,B15,RWF,2025-07,0.08947905295370354
2026-01,MENA,148,B65230,Tax Recoverable,Tax recoverable,H21,AED,2026-01,35.09
2026-01,RWANDA,148,B65230,Tax Recoverable,Tax recoverable,B15,RWF,2025-07,0.08947905295370354
2026-01,MENA,149,B65240,VAT Receivable Debtor,Trade and other payables,H21,AED,2026-01,35.09
2026-01,RWANDA,149,B65240,VAT Receivable Debtor,Trade and other payables,B15,RWF,2025-07,0.08947905295370354
2026-01,MENA,150,B65260,DUE FROM TANZANIA,Trade and other receivables,H21,AED,2026-01,35.09
2026-01,RWANDA,150,B65260,DUE FROM TANZANIA,Trade and other receivables,B15,RWF,2025-07,0.08947905295370354
2026-01,MENA,151,B65280,Chasebank,Cash and cash equivalents,H21,AED,2026-01,35.09
2026-01,RWANDA,151,B65280,Chasebank,Cash and cash equivalents,B15,RWF,2025-07,0.08947905295370354
2026-01,MALAWI,152,B65290,Withholding IncomeTax,Tax recoverable,C21,MWK,2026-01,0.0742390497401633
2026-01,MENA,152,B65290,Withholding IncomeTax,Tax recoverable,H21,AED,2026-01,35.09
2026-01,NIGERIA,152,B65290,Withholding IncomeTax,Tax recoverable,E21,NGN,2026-01,0.0930232558139535
2026-01,RWANDA,152,B65290,Withholding IncomeTax,Tax recoverable,B15,RWF,2025-07,0.08947905295370354
2026-01,MALAWI,153,7400/000,Withholding Tax Payable,Trade and other payables,C21,MWK,2026-01,0.0742390497401633
2026-01,MENA,153,7400/000,Withholding Tax Payable,Trade and other payables,H2,?,?,
2026-01,RWANDA,153,7400/000,Withholding Tax Payable,Trade and other payables,B21,RWF,2026-01,0.08888888888888889
2026-01,MENA,154,B65350,INVENTORY ACCOUNT,Trade and other receivables,H2,?,?,
2026-01,RWANDA,154,B65350,INVENTORY ACCOUNT,Trade and other receivables,B15,RWF,2025-07,0.08947905295370354
2026-01,MENA,155,B65360,Drs- Control ZARINET,Trade and other payables,H2,?,?,
2026-01,RWANDA,155,B65360,Drs- Control ZARINET,Trade and other payables,B15,RWF,2025-07,0.08947905295370354
2026-01,MENA,156,B70120,BCF KENYA,Trade and other payables,H21,AED,2026-01,35.09
2026-01,RWANDA,156,B70120,BCF KENYA,Trade and other payables,B15,RWF,2025-07,0.08947905295370354
2026-01,MENA,157,B70130,Due to/from Dubai,Trade and other receivables,H2,?,?,
2026-01,RWANDA,157,B70130,Due to/from Dubai,Trade and other receivables,B15,RWF,2025-07,0.08947905295370354
2026-01,MENA,158,B70140,Zamara pension Scheme,Trade and other payables,H2,?,?,
2026-01,RWANDA,158,B70140,Zamara pension Scheme,Trade and other payables,B15,RWF,2025-07,0.08947905295370354
2026-01,MENA,159,B70141,Post retirement medical fund,Trade and other payables,H2,?,?,
2026-01,RWANDA,159,B70141,Post retirement medical fund,Trade and other payables,B15,RWF,2025-07,0.08947905295370354
2026-01,MENA,160,B70142,ABSA LIFE CHECK OFF,Trade and other payables,H2,?,?,
2026-01,RWANDA,160,B70142,ABSA LIFE CHECK OFF,Trade and other payables,B15,RWF,2025-07,0.08947905295370354
2026-01,MENA,161,B70160,DUE TO /From DRC,Trade and other receivables,H21,AED,2026-01,35.09
2026-01,RWANDA,161,B70160,DUE TO /From DRC,Trade and other receivables,B15,RWF,2025-07,0.08947905295370354
2026-01,MENA,162,B70180,Due to/from C & P/AFFS,Trade and other payables,H21,AED,2026-01,35.09
2026-01,RWANDA,162,B70180,Due to/from C & P/AFFS,Trade and other payables,B15,RWF,2025-07,0.08947905295370354
2026-01,MENA,163,B70190,Withholding tax 5 %,Trade and other payables,H21,AED,2026-01,35.09
2026-01,RWANDA,163,B70190,Withholding tax 5 %,Trade and other payables,B15,RWF,2025-07,0.08947905295370354
2026-01,MENA,164,B70195,Withholding VAT 2%-Creditors,Trade and other payables,H21,AED,2026-01,35.09
2026-01,RWANDA,164,B70195,Withholding VAT 2%-Creditors,Trade and other payables,B15,RWF,2025-07,0.08947905295370354
2026-01,MENA,165,B70197,Withholding VAT 7.5%-Creditors,Trade and other payables,H21,AED,2026-01,35.09
2026-01,RWANDA,165,B70197,Withholding VAT 7.5%-Creditors,Trade and other payables,B15,RWF,2025-07,0.08947905295370354
2026-01,MENA,166,B70198,Withholding VAT 10%-Creditors,Trade and other payables,H2,?,?,
2026-01,RWANDA,166,B70198,Withholding VAT 10%-Creditors,Trade and other payables,B15,RWF,2025-07,0.08947905295370354
2026-01,MENA,167,B70199,Withholding Tax 3%,Trade and other payables,H21,AED,2026-01,35.09
2026-01,RWANDA,167,B70199,Withholding Tax 3%,Trade and other payables,B15,RWF,2025-07,0.08947905295370354
2026-01,MENA,168,B70200,C&P Coop Sacco,Trade and other payables,H21,AED,2026-01,35.09
2026-01,RWANDA,168,B70200,C&P Coop Sacco,Trade and other payables,B15,RWF,2025-07,0.08947905295370354
2026-01,MENA,169,B70205,WithHolding Tax Other -20% International Creditors,Trade and other payables,H21,AED,2026-01,35.09
2026-01,RWANDA,169,B70205,WithHolding Tax Other -20% International Creditors,Trade and other payables,B15,RWF,2025-07,0.08947905295370354
2026-01,MENA,170,B70210,Social Health Insurance Fund,Trade and other payables,H21,AED,2026-01,35.09
2026-01,RWANDA,170,B70210,Social Health Insurance Fund,Trade and other payables,B15,RWF,2025-07,0.08947905295370354
2026-01,MENA,171,B70220,National Social Security Fund,Trade and other payables,H21,AED,2026-01,35.09
2026-01,RWANDA,171,B70220,National Social Security Fund,Trade and other payables,B15,RWF,2025-07,0.08947905295370354
2026-01,MENA,172,B70230,Paymaster General (PAYE,Trade and other payables,H21,AED,2026-01,35.09
2026-01,RWANDA,172,B70230,Paymaster General (PAYE,Trade and other payables,B15,RWF,2025-07,0.08947905295370354
2026-01,MENA,173,B70235,Salaries and Wages,Trade and other receivables,H21,AED,2026-01,35.09
2026-01,RWANDA,173,B70235,Salaries and Wages,Trade and other receivables,B15,RWF,2025-07,0.08947905295370354
2026-01,MENA,174,B70240,STANBIC CHECK OFF,Trade and other payables,H21,AED,2026-01,35.09
2026-01,RWANDA,174,B70240,STANBIC CHECK OFF,Trade and other payables,B15,RWF,2025-07,0.08947905295370354
2026-01,MENA,175,B70260,Stanchart Check off,Trade and other payables,H21,AED,2026-01,35.09
2026-01,RWANDA,175,B70260,Stanchart Check off,Trade and other payables,B15,RWF,2025-07,0.08947905295370354
2026-01,MENA,176,B70270,Vuna Pension Plan,Trade and other payables,H21,AED,2026-01,35.09
2026-01,RWANDA,176,B70270,Vuna Pension Plan,Trade and other payables,B15,RWF,2025-07,0.08947905295370354
2026-01,MALAWI,177,B70280,Prov-Sundries,Trade and other payables,C21,MWK,2026-01,0.0742390497401633
2026-01,MENA,177,B70280,Prov-Sundries,Trade and other payables,H2,?,?,
2026-01,RWANDA,177,B70280,Prov-Sundries,Trade and other payables,B15,RWF,2025-07,0.08947905295370354
2026-01,DRC,177,B70280,Prov-Sundries,Trade and other payables,G21,USD,2026-01,129.03
2026-01,MALAWI,179,B70281,Other Provisions,Trade and other payables,C21,MWK,2026-01,0.0742390497401633
2026-01,MENA,179,B70281,Other Provisions,Trade and other payables,H21,AED,2026-01,35.09
2026-01,NIGERIA,179,B70281,Other Provisions,Trade and other payables,E21,NGN,2026-01,0.0930232558139535
2026-01,RWANDA,179,B70281,Other Provisions,Trade and other payables,B21,RWF,2026-01,0.08888888888888889
2026-01,DRC,179,B70281,Other Provisions,Trade and other payables,G21,USD,2026-01,129.03
2026-01,MENA,180,B70282,Prov-Sundries - SA (GrpIT Alex & PI),Trade and other payables,H21,AED,2026-01,35.09
2026-01,RWANDA,180,B70282,Prov-Sundries - SA (GrpIT Alex & PI),Trade and other payables,B15,RWF,2025-07,0.08947905295370354
2026-01,MENA,181,B70310,Higher education loan Board,Trade and other payables,H21,AED,2026-01,35.09
2026-01,RWANDA,181,B70310,Higher education loan Board,Trade and other payables,B15,RWF,2025-07,0.08947905295370354
2026-01,MALAWI,182,B70340,CRS-Trade (Operating),Trade and other payables,C21,MWK,2026-01,0.0742390497401633
2026-01,MENA,182,B70340,CRS-Trade (Operating),Trade and other payables,H21,AED,2026-01,35.09
2026-01,RWANDA,182,B70340,CRS-Trade (Operating),Trade and other payables,B21,RWF,2026-01,0.08888888888888889
2026-01,MENA,183,B70360,Welfare Fund Contributons,Trade and other payables,H21,AED,2026-01,35.09
2026-01,RWANDA,183,B70360,Welfare Fund Contributons,Trade and other payables,B15,RWF,2025-07,0.08947905295370354
2026-01,MENA,184,B70390,Equity Check off,Trade and other payables,H21,AED,2026-01,35.09
2026-01,RWANDA,184,B70390,Equity Check off,Trade and other payables,B15,RWF,2025-07,0.08947905295370354
2026-01,MALAWI,185,B70400,Other Payables-Refunds,Trade and other payables,C21,MWK,2026-01,0.0742390497401633
2026-01,MENA,185,B70400,Other Payables-Refunds,Trade and other payables,H21,AED,2026-01,35.09
2026-01,RWANDA,185,B70400,Other Payables-Refunds,Trade and other payables,B15,RWF,2025-07,0.08947905295370354
2026-01,DRC,185,B70400,Other Payables-Refunds,Trade and other payables,G21,USD,2026-01,129.03
2026-01,MENA,186,B70410,Housing Levy,Trade and other payables,H21,AED,2026-01,35.09
2026-01,RWANDA,186,B70410,Housing Levy,Trade and other payables,B15,RWF,2025-07,0.08947905295370354
2026-01,MENA,187,B70420,Absa Check off,Trade and other payables,H21,AED,2026-01,35.09
2026-01,RWANDA,187,B70420,Absa Check off,Trade and other payables,B15,RWF,2025-07,0.08947905295370354
2026-01,MALAWI,188,B75120,Tax Provision-Other,Tax payable,C21,MWK,2026-01,0.0742390497401633
2026-01,RWANDA,188,B75120,Tax Provision-Other,Tax payable,B21,RWF,2026-01,0.08888888888888889
2026-01,DRC,188,B75120,Tax Provision-Other,Tax payable,G21,USD,2026-01,129.03
2026-01,MALAWI,189,B80110,Bonus(General provision),Trade and other payables,C21,MWK,2026-01,0.0742390497401633
2026-01,MENA,189,B80110,Bonus(General provision),Trade and other payables,H21,AED,2026-01,35.09
2026-01,RWANDA,189,B80110,Bonus(General provision),Trade and other payables,B15,RWF,2025-07,0.08947905295370354
2026-01,MENA,190,B80120,Fees Suspense A/c,Trade and other receivables,H21,AED,2026-01,35.09
2026-01,RWANDA,190,B80120,Fees Suspense A/c,Trade and other receivables,B15,RWF,2025-07,0.08947905295370354
2026-01,MALAWI,191,B80170,VAT Control Account,Trade and other payables,C21,MWK,2026-01,0.0742390497401633
2026-01,MENA,191,B80170,VAT Control Account,Trade and other payables,H21,AED,2026-01,35.09
2026-01,NIGERIA,191,B80170,VAT Control Account,Trade and other payables,E21,NGN,2026-01,0.0930232558139535
2026-01,RWANDA,191,B80170,VAT Control Account,Trade and other payables,B21,RWF,2026-01,0.08888888888888889
2026-01,DRC,191,B80170,VAT Control Account,Trade and other payables,G21,USD,2026-01,129.03
2026-01,MENA,192,7460/000,VAT(REVERSE VAT),Trade and other receivables,H2,?,?,
2026-01,RWANDA,192,7460/000,VAT(REVERSE VAT),Trade and other receivables,B15,RWF,2025-07,0.08947905295370354
2026-01,MENA,193,B80140,Current Tax,Tax recoverable,H2,?,?,
2026-01,RWANDA,193,B80140,Current Tax,Tax recoverable,B15,RWF,2025-07,0.08947905295370354
2026-01,MENA,194,B80151,Prepayments,Trade and other receivables,H21,AED,2026-01,35.09
2026-01,NIGERIA,194,B80151,Prepayments,Trade and other receivables,E21,NGN,2026-01,0.0930232558139535
2026-01,RWANDA,194,B80151,Prepayments,Trade and other receivables,B21,RWF,2026-01,0.08888888888888889
2026-01,MENA,195,B80152,Due from/(to) ZAAC Zanzibar,Trade and other payables,H21,AED,2026-01,35.09
2026-01,RWANDA,195,B80152,Due from/(to) ZAAC Zanzibar,Trade and other payables,B15,RWF,2025-07,0.08947905295370354
2026-01,MALAWI,196,I10035,Sundry Income,Income Statement-Revenue,C34,MWK,AVERAGE,0.0742390497401633
2026-01,MALAWI,197,I10058,Consulting-One-off,Income Statement-Revenue,C34,MWK,AVERAGE,0.0742390497401633
2026-01,MENA,197,I10058,Consulting-One-off,Income Statement-Revenue,H34,AED,AVERAGE,35.09
2026-01,RWANDA,197,I10058,Consulting-One-off,Income Statement-Revenue,B34,RWF,AVERAGE,0.08888888888888889
2026-01,MALAWI,198,I10060,Actuarial - Once-off,Income Statement-Revenue,C34,MWK,AVERAGE,0.0742390497401633
2026-01,MENA,198,I10060,Actuarial - Once-off,Income Statement-Revenue,H34,AED,AVERAGE,35.09
2026-01,RWANDA,198,I10060,Actuarial - Once-off,Income Statement-Revenue,B34,RWF,AVERAGE,0.08888888888888889
2026-01,MALAWI,199,I10067,AF Trust Fund,Income Statement-Revenue,C34,MWK,AVERAGE,0.0742390497401633
2026-01,MENA,199,I10067,AF Trust Fund,Income Statement-Revenue,H34,AED,AVERAGE,35.09
2026-01,RWANDA,199,I10067,AF Trust Fund,Income Statement-Revenue,B34,RWF,AVERAGE,0.08888888888888889
2026-01,MALAWI,200,I10068,Retirement plans - Income Draw Down,Income Statement-Revenue,C34,MWK,AVERAGE,0.0742390497401633
2026-01,MENA,200,I10068,Retirement plans - Income Draw Down,Income Statement-Revenue,H34,AED,AVERAGE,35.09
2026-01,RWANDA,200,I10068,Retirement plans - Income Draw Down,Income Statement-Revenue,B34,RWF,AVERAGE,0.08888888888888889
2026-01,MALAWI,201,I10070,IPP - Vuna Retirement Plan,Income Statement-Revenue,C34,MWK,AVERAGE,0.0742390497401633
2026-01,MENA,201,I10070,IPP - Vuna Retirement Plan,Income Statement-Revenue,H34,AED,AVERAGE,35.09
2026-01,RWANDA,201,I10070,IPP - Vuna Retirement Plan,Income Statement-Revenue,B34,RWF,AVERAGE,0.08888888888888889
2026-01,MALAWI,202,I10071,MC-ADMIN FEES,Income Statement-Revenue,C34,MWK,AVERAGE,0.0742390497401633
2026-01,MENA,202,I10071,MC-ADMIN FEES,Income Statement-Revenue,H34,AED,AVERAGE,35.09
2026-01,NIGERIA,202,I10071,MC-ADMIN FEES,Income Statement-Revenue,E34,NGN,AVERAGE,0.0930232558139535
2026-01,RWANDA,202,I10071,MC-ADMIN FEES,Income Statement-Revenue,B34,RWF,AVERAGE,0.08888888888888889
2026-01,MALAWI,203,1940/500,Investment Income on Reserves,Income Statement-Revenue,C34,MWK,AVERAGE,0.0742390497401633
2026-01,MENA,203,1940/500,Investment Income on Reserves,Income Statement-Revenue,H34,AED,AVERAGE,35.09
2026-01,RWANDA,203,1940/500,Investment Income on Reserves,Income Statement-Revenue,B34,RWF,AVERAGE,0.08888888888888889
2026-01,MALAWI,204,I10073,AFRF Admin Fees,Income Statement-Revenue,C34,MWK,AVERAGE,0.0742390497401633
2026-01,MENA,204,I10073,AFRF Admin Fees,Income Statement-Revenue,H34,AED,AVERAGE,35.09
2026-01,RWANDA,204,I10073,AFRF Admin Fees,Income Statement-Revenue,B34,RWF,AVERAGE,0.08888888888888889
2026-01,MALAWI,205,I10122,Trustee Training/Workshops,Income Statement-Revenue,C34,MWK,AVERAGE,0.0742390497401633
2026-01,MENA,205,I10122,Trustee Training/Workshops,Income Statement-Revenue,H34,AED,AVERAGE,35.09
2026-01,RWANDA,205,I10122,Trustee Training/Workshops,Income Statement-Revenue,B34,RWF,AVERAGE,0.08888888888888889
2026-01,MALAWI,206,,LOSS/GAIN ON DISPOSAL,Income Statement-Revenue,C34,MWK,AVERAGE,0.0742390497401633
2026-01,MALAWI,207,1020/080,Commission,Income Statement-Revenue,C34,MWK,AVERAGE,0.0742390497401633
2026-01,MENA,207,1020/080,Commission,Income Statement-Revenue,H34,AED,AVERAGE,35.09
2026-01,RWANDA,207,1020/080,Commission,Income Statement-Revenue,B34,RWF,AVERAGE,0.08888888888888889
2026-01,DRC,207,1020/080,Commission,Income Statement-Revenue,G34,USD,AVERAGE,129.03
2026-01,MALAWI,208,1040/080,Interest Income,Income Statement-Revenue,C34,MWK,AVERAGE,0.0742390497401633
2026-01,MENA,208,1040/080,Interest Income,Income Statement-Revenue,H34,AED,AVERAGE,35.09
2026-01,RWANDA,208,1040/080,Interest Income,Income Statement-Revenue,B34,RWF,AVERAGE,0.08888888888888889
2026-01,MENA,209,1080/000,Other Income,Income Statement-Revenue,H34,AED,AVERAGE,35.09
2026-01,NIGERIA,209,1080/000,Other Income,Income Statement-Revenue,E34,NGN,AVERAGE,0.0930232558139535
2026-01,RWANDA,209,1080/000,Other Income,Income Statement-Revenue,B34,RWF,AVERAGE,0.08888888888888889
2026-01,MALAWI,210,I25001,Emol.Pack-Salaries,Income Statement-Expenses,C34,MWK,AVERAGE,0.0742390497401633
2026-01,MENA,210,I25001,Emol.Pack-Salaries,Income Statement-Expenses,H34,AED,AVERAGE,35.09
2026-01,NIGERIA,210,I25001,Emol.Pack-Salaries,Income Statement-Expenses,E34,NGN,AVERAGE,0.0930232558139535
2026-01,RWANDA,210,I25001,Emol.Pack-Salaries,Income Statement-Expenses,B34,RWF,AVERAGE,0.08888888888888889
2026-01,DRC,210,I25001,Emol.Pack-Salaries,Income Statement-Expenses,G34,USD,AVERAGE,129.03
2026-01,MENA,211,I25002,Emol.Pack-Housing Subsid,Income Statement-Expenses,H34,AED,AVERAGE,35.09
2026-01,RWANDA,211,I25002,Emol.Pack-Housing Subsid,Income Statement-Expenses,B34,RWF,AVERAGE,0.08888888888888889
2026-01,MALAWI,212,I25003,Emol.Pack-Med.Contribut.,Income Statement-Expenses,C34,MWK,AVERAGE,0.0742390497401633
2026-01,MENA,212,I25003,Emol.Pack-Med.Contribut.,Income Statement-Expenses,H34,AED,AVERAGE,35.09
2026-01,NIGERIA,212,I25003,Emol.Pack-Med.Contribut.,Income Statement-Expenses,E34,NGN,AVERAGE,0.0930232558139535
2026-01,RWANDA,212,I25003,Emol.Pack-Med.Contribut.,Income Statement-Expenses,B34,RWF,AVERAGE,0.08888888888888889
2026-01,MALAWI,213,I25004,Emol.Pack-Pens.Contribut.,Income Statement-Expenses,C34,MWK,AVERAGE,0.0742390497401633
2026-01,MENA,213,I25004,Emol.Pack-Pens.Contribut.,Income Statement-Expenses,H34,AED,AVERAGE,35.09
2026-01,NIGERIA,213,I25004,Emol.Pack-Pens.Contribut.,Income Statement-Expenses,E34,NGN,AVERAGE,0.0930232558139535
2026-01,RWANDA,213,I25004,Emol.Pack-Pens.Contribut.,Income Statement-Expenses,B34,RWF,AVERAGE,0.08888888888888889
2026-01,MALAWI,214,I25005,Emol.Pack-Other,Income Statement-Expenses,C34,MWK,AVERAGE,0.0742390497401633
2026-01,MENA,214,I25005,Emol.Pack-Other,Income Statement-Expenses,H34,AED,AVERAGE,35.09
2026-01,NIGERIA,214,I25005,Emol.Pack-Other,Income Statement-Expenses,E34,NGN,AVERAGE,0.0930232558139535
2026-01,RWANDA,214,I25005,Emol.Pack-Other,Income Statement-Expenses,B34,RWF,AVERAGE,0.08888888888888889
2026-01,MALAWI,215,I25009,Co.Contrib-Life Assurance,Income Statement-Expenses,C34,MWK,AVERAGE,0.0742390497401633
2026-01,MENA,215,I25009,Co.Contrib-Life Assurance,Income Statement-Expenses,H34,AED,AVERAGE,35.09
2026-01,NIGERIA,215,I25009,Co.Contrib-Life Assurance,Income Statement-Expenses,E34,NGN,AVERAGE,0.0930232558139535
2026-01,RWANDA,215,I25009,Co.Contrib-Life Assurance,Income Statement-Expenses,B34,RWF,AVERAGE,0.08888888888888889
2026-01,MALAWI,216,I25020,Temporary Staff-General,Income Statement-Expenses,C34,MWK,AVERAGE,0.0742390497401633
2026-01,MENA,216,I25020,Temporary Staff-General,Income Statement-Expenses,H34,AED,AVERAGE,35.09
2026-01,RWANDA,216,I25020,Temporary Staff-General,Income Statement-Expenses,B34,RWF,AVERAGE,0.08888888888888889
2026-01,MALAWI,217,I25024,Welfare-General,Income Statement-Expenses,C34,MWK,AVERAGE,0.0742390497401633
2026-01,MENA,217,I25024,Welfare-General,Income Statement-Expenses,H34,AED,AVERAGE,35.09
2026-01,RWANDA,217,I25024,Welfare-General,Income Statement-Expenses,B34,RWF,AVERAGE,0.08888888888888889
2026-01,MALAWI,218,I25026,Training EXTERNAL,Income Statement-Expenses,C34,MWK,AVERAGE,0.0742390497401633
2026-01,MENA,218,I25026,Training EXTERNAL,Income Statement-Expenses,H34,AED,AVERAGE,35.09
2026-01,NIGERIA,218,I25026,Training EXTERNAL,Income Statement-Expenses,E34,NGN,AVERAGE,0.0930232558139535
2026-01,RWANDA,218,I25026,Training EXTERNAL,Income Statement-Expenses,B34,RWF,AVERAGE,0.08888888888888889
2026-01,DRC,218,I25026,Training EXTERNAL,Income Statement-Expenses,G21,USD,2026-01,129.03
2026-01,MALAWI,219,I25027,Training INTERNAL,Income Statement-Expenses,C34,MWK,AVERAGE,0.0742390497401633
2026-01,MENA,219,I25027,Training INTERNAL,Income Statement-Expenses,H34,AED,AVERAGE,35.09
2026-01,RWANDA,219,I25027,Training INTERNAL,Income Statement-Expenses,B34,RWF,AVERAGE,0.08888888888888889
2026-01,MALAWI,220,I25028,Other Staff Benefits,Income Statement-Expenses,C34,MWK,AVERAGE,0.0742390497401633
2026-01,MENA,220,I25028,Other Staff Benefits,Income Statement-Expenses,H34,AED,AVERAGE,35.09
2026-01,RWANDA,220,I25028,Other Staff Benefits,Income Statement-Expenses,B34,RWF,AVERAGE,0.08888888888888889
2026-01,MALAWI,221,I25029,Other Staff Costs,Income Statement-Expenses,C34,MWK,AVERAGE,0.0742390497401633
2026-01,MENA,221,I25029,Other Staff Costs,Income Statement-Expenses,H34,AED,AVERAGE,35.09
2026-01,RWANDA,221,I25029,Other Staff Costs,Income Statement-Expenses,B34,RWF,AVERAGE,0.08888888888888889
2026-01,DRC,221,I25029,Other Staff Costs,Income Statement-Expenses,G34,USD,AVERAGE,129.03
2026-01,MALAWI,222,I25032,Commissions - Lead,Income Statement-Expenses,C34,MWK,AVERAGE,0.0742390497401633
2026-01,MENA,222,I25032,Commissions - Lead,Income Statement-Expenses,H34,AED,AVERAGE,35.09
2026-01,RWANDA,222,I25032,Commissions - Lead,Income Statement-Expenses,B34,RWF,AVERAGE,0.08888888888888889
2026-01,MALAWI,223,I25033,Commission Leads,Income Statement-Expenses,C34,MWK,AVERAGE,0.0742390497401633
2026-01,MENA,223,I25033,Commission Leads,Income Statement-Expenses,H34,AED,AVERAGE,35.09
2026-01,RWANDA,223,I25033,Commission Leads,Income Statement-Expenses,B34,RWF,AVERAGE,0.08888888888888889
2026-01,MALAWI,224,I25071,Prem-Cleaning,Income Statement-Expenses,C34,MWK,AVERAGE,0.0742390497401633
2026-01,MENA,224,I25071,Prem-Cleaning,Income Statement-Expenses,H34,AED,AVERAGE,35.09
2026-01,RWANDA,224,I25071,Prem-Cleaning,Income Statement-Expenses,B34,RWF,AVERAGE,0.08888888888888889
2026-01,MALAWI,225,I25072,Prem-Electricity,Income Statement-Expenses,C34,MWK,AVERAGE,0.0742390497401633
2026-01,MENA,225,I25072,Prem-Electricity,Income Statement-Expenses,H34,AED,AVERAGE,35.09
2026-01,NIGERIA,225,I25072,Prem-Electricity,Income Statement-Expenses,E34,NGN,AVERAGE,0.0930232558139535
2026-01,RWANDA,225,I25072,Prem-Electricity,Income Statement-Expenses,B34,RWF,AVERAGE,0.08888888888888889
2026-01,DRC,225,I25072,Prem-Electricity,Income Statement-Expenses,G34,USD,AVERAGE,129.03
2026-01,MALAWI,226,I25073,Prem-Security,Income Statement-Expenses,C34,MWK,AVERAGE,0.0742390497401633
2026-01,MENA,226,I25073,Prem-Security,Income Statement-Expenses,H34,AED,AVERAGE,35.09
2026-01,RWANDA,226,I25073,Prem-Security,Income Statement-Expenses,B34,RWF,AVERAGE,0.08888888888888889
2026-01,DRC,226,I25073,Prem-Security,Income Statement-Expenses,G34,USD,AVERAGE,129.03
2026-01,MALAWI,227,I25074,Prem-Rates,Income Statement-Expenses,C34,MWK,AVERAGE,0.0742390497401633
2026-01,MENA,227,I25074,Prem-Rates,Income Statement-Expenses,H34,AED,AVERAGE,35.09
2026-01,RWANDA,227,I25074,Prem-Rates,Income Statement-Expenses,B34,RWF,AVERAGE,0.08888888888888889
2026-01,DRC,227,I25074,Prem-Rates,Income Statement-Expenses,G21,USD,2026-01,129.03
2026-01,MALAWI,228,I25079,Prem-Rental(EXTERNAL),Income Statement-Expenses,C34,MWK,AVERAGE,0.0742390497401633
2026-01,MENA,228,I25079,Prem-Rental(EXTERNAL),Income Statement-Expenses,H34,AED,AVERAGE,35.09
2026-01,NIGERIA,228,I25079,Prem-Rental(EXTERNAL),Income Statement-Expenses,E34,NGN,AVERAGE,0.0930232558139535
2026-01,RWANDA,228,I25079,Prem-Rental(EXTERNAL),Income Statement-Expenses,B34,RWF,AVERAGE,0.08888888888888889
2026-01,DRC,228,I25079,Prem-Rental(EXTERNAL),Income Statement-Expenses,G34,USD,AVERAGE,129.03
2026-01,MALAWI,229,3890/080,Prem-Rental(INTERNAL),Income Statement-Expenses,C34,MWK,AVERAGE,0.0742390497401633
2026-01,MENA,229,3890/080,Prem-Rental(INTERNAL),Income Statement-Expenses,H34,AED,AVERAGE,35.09
2026-01,RWANDA,229,3890/080,Prem-Rental(INTERNAL),Income Statement-Expenses,B34,RWF,AVERAGE,0.08888888888888889
2026-01,DRC,229,3890/080,Prem-Rental(INTERNAL),Income Statement-Expenses,G21,USD,2026-01,129.03
2026-01,MALAWI,230,I25080,Prem-Parking(EXTERNAL),Income Statement-Expenses,C34,MWK,AVERAGE,0.0742390497401633
2026-01,MENA,230,I25080,Prem-Parking(EXTERNAL),Income Statement-Expenses,H34,AED,AVERAGE,35.09
2026-01,RWANDA,230,I25080,Prem-Parking(EXTERNAL),Income Statement-Expenses,B34,RWF,AVERAGE,0.08888888888888889
2026-01,MALAWI,231,I25111,Printing-General,Income Statement-Expenses,C34,MWK,AVERAGE,0.0742390497401633
2026-01,MENA,231,I25111,Printing-General,Income Statement-Expenses,H34,AED,AVERAGE,35.09
2026-01,NIGERIA,231,I25111,Printing-General,Income Statement-Expenses,E34,NGN,AVERAGE,0.0930232558139535
2026-01,RWANDA,231,I25111,Printing-General,Income Statement-Expenses,B34,RWF,AVERAGE,0.08888888888888889
2026-01,MALAWI,232,I25114,Stationery-General,Income Statement-Expenses,C34,MWK,AVERAGE,0.0742390497401633
2026-01,MENA,232,I25114,Stationery-General,Income Statement-Expenses,H34,AED,AVERAGE,35.09
2026-01,RWANDA,232,I25114,Stationery-General,Income Statement-Expenses,B34,RWF,AVERAGE,0.08888888888888889
2026-01,MALAWI,233,I25141,Prof.Fees-Audit Fees,Income Statement-Expenses,C34,MWK,AVERAGE,0.0742390497401633
2026-01,MENA,233,I25141,Prof.Fees-Audit Fees,Income Statement-Expenses,H34,AED,AVERAGE,35.09
2026-01,NIGERIA,233,I25141,Prof.Fees-Audit Fees,Income Statement-Expenses,E34,NGN,AVERAGE,0.0930232558139535
2026-01,RWANDA,233,I25141,Prof.Fees-Audit Fees,Income Statement-Expenses,B34,RWF,AVERAGE,0.08888888888888889
2026-01,DRC,233,I25141,Prof.Fees-Audit Fees,Income Statement-Expenses,G34,USD,AVERAGE,129.03
2026-01,MALAWI,234,I25145,Prof.Fees-Other,Income Statement-Expenses,C34,MWK,AVERAGE,0.0742390497401633
2026-01,MENA,234,I25145,Prof.Fees-Other,Income Statement-Expenses,H34,AED,AVERAGE,35.09
2026-01,NIGERIA,234,I25145,Prof.Fees-Other,Income Statement-Expenses,E34,NGN,AVERAGE,0.0930232558139535
2026-01,RWANDA,234,I25145,Prof.Fees-Other,Income Statement-Expenses,B34,RWF,AVERAGE,0.08888888888888889
2026-01,DRC,234,I25145,Prof.Fees-Other,Income Statement-Expenses,G34,USD,AVERAGE,129.03
2026-01,MALAWI,235,I25181,Trav. Air Fares,Income Statement-Expenses,C34,MWK,AVERAGE,0.0742390497401633
2026-01,MENA,235,I25181,Trav. Air Fares,Income Statement-Expenses,H34,AED,AVERAGE,35.09
2026-01,NIGERIA,235,I25181,Trav. Air Fares,Income Statement-Expenses,E34,NGN,AVERAGE,0.0930232558139535
2026-01,RWANDA,235,I25181,Trav. Air Fares,Income Statement-Expenses,B34,RWF,AVERAGE,0.08888888888888889
2026-01,DRC,235,I25181,Trav. Air Fares,Income Statement-Expenses,G21,USD,2026-01,129.03
2026-01,MALAWI,236,I25182,Trav. Accom.,Income Statement-Expenses,C34,MWK,AVERAGE,0.0742390497401633
2026-01,MENA,236,I25182,Trav. Accom.,Income Statement-Expenses,H34,AED,AVERAGE,35.09
2026-01,RWANDA,236,I25182,Trav. Accom.,Income Statement-Expenses,B34,RWF,AVERAGE,0.08888888888888889
2026-01,DRC,236,I25182,Trav. Accom.,Income Statement-Expenses,G21,USD,2026-01,129.03
2026-01,MALAWI,237,3400/200,Trav. Sundry exp.,Income Statement-Expenses,C34,MWK,AVERAGE,0.0742390497401633
2026-01,MENA,237,3400/200,Trav. Sundry exp.,Income Statement-Expenses,H34,AED,AVERAGE,35.09
2026-01,NIGERIA,237,3400/200,Trav. Sundry exp.,Income Statement-Expenses,E34,NGN,AVERAGE,0.0930232558139535
2026-01,RWANDA,237,3400/200,Trav. Sundry exp.,Income Statement-Expenses,B34,RWF,AVERAGE,0.08888888888888889
2026-01,DRC,237,3400/200,Trav. Sundry exp.,Income Statement-Expenses,G34,USD,AVERAGE,129.03
2026-01,MALAWI,238,I25192,Conference Given By Us,Income Statement-Expenses,C34,MWK,AVERAGE,0.0742390497401633
2026-01,MENA,238,I25192,Conference Given By Us,Income Statement-Expenses,H34,AED,AVERAGE,35.09
2026-01,RWANDA,238,I25192,Conference Given By Us,Income Statement-Expenses,B34,RWF,AVERAGE,0.08888888888888889
2026-01,MALAWI,239,I25193,Conference Attended by Us,Income Statement-Expenses,C34,MWK,AVERAGE,0.0742390497401633
2026-01,MENA,239,I25193,Conference Attended by Us,Income Statement-Expenses,H34,AED,AVERAGE,35.09
2026-01,RWANDA,239,I25193,Conference Attended by Us,Income Statement-Expenses,B34,RWF,AVERAGE,0.08888888888888889
2026-01,DRC,239,I25193,Conference Attended by Us,Income Statement-Expenses,G34,USD,AVERAGE,129.03
2026-01,MALAWI,240,3510/200,Management expenses,Income Statement-Expenses,C34,MWK,AVERAGE,0.0742390497401633
2026-01,MENA,240,3510/200,Management expenses,Income Statement-Expenses,H34,AED,AVERAGE,35.09
2026-01,NIGERIA,240,3510/200,Management expenses,Income Statement-Expenses,E21,NGN,2026-01,0.0930232558139535
2026-01,RWANDA,240,3510/200,Management expenses,Income Statement-Expenses,B34,RWF,AVERAGE,0.08888888888888889
2026-01,DRC,240,3510/200,Management expenses,Income Statement-Expenses,G34,USD,AVERAGE,129.03
2026-01,MALAWI,241,I25203,Bus.Advert-General,Income Statement-Expenses,C34,MWK,AVERAGE,0.0742390497401633
2026-01,MENA,241,I25203,Bus.Advert-General,Income Statement-Expenses,H34,AED,AVERAGE,35.09
2026-01,RWANDA,241,I25203,Bus.Advert-General,Income Statement-Expenses,B34,RWF,AVERAGE,0.08888888888888889
2026-01,DRC,241,I25203,Bus.Advert-General,Income Statement-Expenses,G34,USD,AVERAGE,129.03
2026-01,MALAWI,242,I25204,Bus.Advert-PR Material,Income Statement-Expenses,C34,MWK,AVERAGE,0.0742390497401633
2026-01,MENA,242,I25204,Bus.Advert-PR Material,Income Statement-Expenses,H34,AED,AVERAGE,35.09
2026-01,RWANDA,242,I25204,Bus.Advert-PR Material,Income Statement-Expenses,B34,RWF,AVERAGE,0.08888888888888889
2026-01,MALAWI,243,I25205,Sponsorships-General,Income Statement-Expenses,C34,MWK,AVERAGE,0.0742390497401633
2026-01,MENA,243,I25205,Sponsorships-General,Income Statement-Expenses,H34,AED,AVERAGE,35.09
2026-01,RWANDA,243,I25205,Sponsorships-General,Income Statement-Expenses,B34,RWF,AVERAGE,0.08888888888888889
2026-01,MALAWI,244,I25232,Telephone-Variable,Income Statement-Expenses,C34,MWK,AVERAGE,0.0742390497401633
2026-01,MENA,244,I25232,Telephone-Variable,Income Statement-Expenses,H34,AED,AVERAGE,35.09
2026-01,NIGERIA,244,I25232,Telephone-Variable,Income Statement-Expenses,E34,NGN,AVERAGE,0.0930232558139535
2026-01,RWANDA,244,I25232,Telephone-Variable,Income Statement-Expenses,B34,RWF,AVERAGE,0.08888888888888889
2026-01,DRC,244,I25232,Telephone-Variable,Income Statement-Expenses,G34,USD,AVERAGE,129.03
2026-01,MALAWI,245,I25236,Courier Services Cost,Income Statement-Expenses,C34,MWK,AVERAGE,0.0742390497401633
2026-01,MENA,245,I25236,Courier Services Cost,Income Statement-Expenses,H34,AED,AVERAGE,35.09
2026-01,RWANDA,245,I25236,Courier Services Cost,Income Statement-Expenses,B34,RWF,AVERAGE,0.08888888888888889
2026-01,MALAWI,246,I25262,S/ware Depreciation,Income Statement-Expenses,C34,MWK,AVERAGE,0.0742390497401633
2026-01,MENA,246,I25262,S/ware Depreciation,Income Statement-Expenses,H34,AED,AVERAGE,35.09
2026-01,RWANDA,246,I25262,S/ware Depreciation,Income Statement-Expenses,B34,RWF,AVERAGE,0.08888888888888889
2026-01,MALAWI,247,I25264,Furn-Depreciation,Income Statement-Expenses,C34,MWK,AVERAGE,0.0742390497401633
2026-01,MENA,247,I25264,Furn-Depreciation,Income Statement-Expenses,H34,AED,AVERAGE,35.09
2026-01,NIGERIA,247,I25264,Furn-Depreciation,Income Statement-Expenses,E34,NGN,AVERAGE,0.0930232558139535
2026-01,RWANDA,247,I25264,Furn-Depreciation,Income Statement-Expenses,B34,RWF,AVERAGE,0.08888888888888889
2026-01,DRC,247,I25264,Furn-Depreciation,Income Statement-Expenses,G34,USD,AVERAGE,129.03
2026-01,MALAWI,248,4000/000,VALUE ADDS,Income Statement-Expenses,C34,MWK,AVERAGE,0.0742390497401633
2026-01,MENA,248,4000/000,VALUE ADDS,Income Statement-Expenses,H34,AED,AVERAGE,35.09
2026-01,RWANDA,248,4000/000,VALUE ADDS,Income Statement-Expenses,B34,RWF,AVERAGE,0.08888888888888889
2026-01,MALAWI,249,I25265,Equip-Depreciation,Income Statement-Expenses,C34,MWK,AVERAGE,0.0742390497401633
2026-01,MENA,249,I25265,Equip-Depreciation,Income Statement-Expenses,H34,AED,AVERAGE,35.09
2026-01,NIGERIA,249,I25265,Equip-Depreciation,Income Statement-Expenses,E34,NGN,AVERAGE,0.0930232558139535
2026-01,RWANDA,249,I25265,Equip-Depreciation,Income Statement-Expenses,B34,RWF,AVERAGE,0.08888888888888889
2026-01,DRC,249,I25265,Equip-Depreciation,Income Statement-Expenses,G34,USD,AVERAGE,129.03
2026-01,MALAWI,250,I25268,Goodwill amortisation,Income Statement-Expenses,C34,MWK,AVERAGE,0.0742390497401633
2026-01,MENA,250,I25268,Goodwill amortisation,Income Statement-Expenses,H34,AED,AVERAGE,35.09
2026-01,RWANDA,250,I25268,Goodwill amortisation,Income Statement-Expenses,B34,RWF,AVERAGE,0.08888888888888889
2026-01,MALAWI,251,I25291,Entertainment-(IN TOWN),Income Statement-Expenses,C34,MWK,AVERAGE,0.0742390497401633
2026-01,MENA,251,I25291,Entertainment-(IN TOWN),Income Statement-Expenses,H34,AED,AVERAGE,35.09
2026-01,RWANDA,251,I25291,Entertainment-(IN TOWN),Income Statement-Expenses,B34,RWF,AVERAGE,0.08888888888888889
2026-01,DRC,251,I25291,Entertainment-(IN TOWN),Income Statement-Expenses,G34,USD,AVERAGE,129.03
2026-01,MALAWI,252,3490/000,Entertainment-(OUT OF TOWN),Income Statement-Expenses,C34,MWK,AVERAGE,0.0742390497401633
2026-01,MENA,252,3490/000,Entertainment-(OUT OF TOWN),Income Statement-Expenses,H34,AED,AVERAGE,35.09
2026-01,RWANDA,252,3490/000,Entertainment-(OUT OF TOWN),Income Statement-Expenses,B34,RWF,AVERAGE,0.08888888888888889
2026-01,MALAWI,253,I25292,ENTERTAINMENT LUNCH,Income Statement-Expenses,C34,MWK,AVERAGE,0.0742390497401633
2026-01,MENA,253,I25292,ENTERTAINMENT LUNCH,Income Statement-Expenses,H34,AED,AVERAGE,35.09
2026-01,RWANDA,253,I25292,ENTERTAINMENT LUNCH,Income Statement-Expenses,B34,RWF,AVERAGE,0.08888888888888889
2026-01,MALAWI,254,I25294,Christmas Party,Income Statement-Expenses,C34,MWK,AVERAGE,0.0742390497401633
2026-01,MENA,254,I25294,Christmas Party,Income Statement-Expenses,H34,AED,AVERAGE,35.09
2026-01,RWANDA,254,I25294,Christmas Party,Income Statement-Expenses,B34,RWF,AVERAGE,0.08888888888888889
2026-01,MALAWI,255,,Flowers and Gifts,Income Statement-Expenses,C34,MWK,AVERAGE,0.0742390497401633
2026-01,MALAWI,256,I25326,Int.Paid-Other,Income Statement-Expenses,C34,MWK,AVERAGE,0.0742390497401633
2026-01,MENA,256,I25326,Int.Paid-Other,Income Statement-Expenses,H34,AED,AVERAGE,35.09
2026-01,RWANDA,256,I25326,Int.Paid-Other,Income Statement-Expenses,B34,RWF,AVERAGE,0.08888888888888889
2026-01,MALAWI,257,I25327,Fin Charges Paid,Income Statement-Expenses,C34,MWK,AVERAGE,0.0742390497401633
2026-01,MENA,257,I25327,Fin Charges Paid,Income Statement-Expenses,H34,AED,AVERAGE,35.09
2026-01,RWANDA,257,I25327,Fin Charges Paid,Income Statement-Expenses,B34,RWF,AVERAGE,0.08888888888888889
2026-01,MALAWI,258,I25329,Unrealised Currency gain/loss,Income Statement-Expenses,C34,MWK,AVERAGE,0.0742390497401633
2026-01,MENA,258,I25329,Unrealised Currency gain/loss,Income Statement-Expenses,H34,AED,AVERAGE,35.09
2026-01,RWANDA,258,I25329,Unrealised Currency gain/loss,Income Statement-Expenses,B34,RWF,AVERAGE,0.08888888888888889
2026-01,MALAWI,259,I25354,Equip-Maintenance,Income Statement-Expenses,C34,MWK,AVERAGE,0.0742390497401633
2026-01,MENA,259,I25354,Equip-Maintenance,Income Statement-Expenses,H34,AED,AVERAGE,35.09
2026-01,RWANDA,259,I25354,Equip-Maintenance,Income Statement-Expenses,B34,RWF,AVERAGE,0.08888888888888889
2026-01,MALAWI,260,I25355,Equip Lease charges,Income Statement-Expenses,C34,MWK,AVERAGE,0.0742390497401633
2026-01,MENA,260,I25355,Equip Lease charges,Income Statement-Expenses,H34,AED,AVERAGE,35.09
2026-01,RWANDA,260,I25355,Equip Lease charges,Income Statement-Expenses,B34,RWF,AVERAGE,0.08888888888888889
2026-01,MALAWI,261,I25358,Subscriptions General,Income Statement-Expenses,C34,MWK,AVERAGE,0.0742390497401633
2026-01,MENA,261,I25358,Subscriptions General,Income Statement-Expenses,H34,AED,AVERAGE,35.09
2026-01,RWANDA,261,I25358,Subscriptions General,Income Statement-Expenses,B34,RWF,AVERAGE,0.08888888888888889
2026-01,DRC,261,I25358,Subscriptions General,Income Statement-Expenses,G34,USD,AVERAGE,129.03
2026-01,MALAWI,262,I25360,Bank Charges,Income Statement-Expenses,C34,MWK,AVERAGE,0.0742390497401633
2026-01,MENA,262,I25360,Bank Charges,Income Statement-Expenses,H34,AED,AVERAGE,35.09
2026-01,NIGERIA,262,I25360,Bank Charges,Income Statement-Expenses,E34,NGN,AVERAGE,0.0930232558139535
2026-01,RWANDA,262,I25360,Bank Charges,Income Statement-Expenses,B34,RWF,AVERAGE,0.08888888888888889
2026-01,DRC,262,I25360,Bank Charges,Income Statement-Expenses,G34,USD,AVERAGE,129.03
2026-01,MALAWI,263,I25361,Books & Periodicals,Income Statement-Expenses,C34,MWK,AVERAGE,0.0742390497401633
2026-01,MENA,263,I25361,Books & Periodicals,Income Statement-Expenses,H34,AED,AVERAGE,35.09
2026-01,RWANDA,263,I25361,Books & Periodicals,Income Statement-Expenses,B34,RWF,AVERAGE,0.08888888888888889
2026-01,MALAWI,264,I25362,STAFF WELFARE,Income Statement-Expenses,C34,MWK,AVERAGE,0.0742390497401633
2026-01,MENA,264,I25362,STAFF WELFARE,Income Statement-Expenses,H34,AED,AVERAGE,35.09
2026-01,RWANDA,264,I25362,STAFF WELFARE,Income Statement-Expenses,B34,RWF,AVERAGE,0.08888888888888889
2026-01,MALAWI,265,I25363,CLIENT GIFTS AND REWARDS,Income Statement-Expenses,C34,MWK,AVERAGE,0.0742390497401633
2026-01,MENA,265,I25363,CLIENT GIFTS AND REWARDS,Income Statement-Expenses,H34,AED,AVERAGE,35.09
2026-01,RWANDA,265,I25363,CLIENT GIFTS AND REWARDS,Income Statement-Expenses,B34,RWF,AVERAGE,0.08888888888888889
2026-01,MALAWI,266,I25365,Donations-Charitable,Income Statement-Expenses,C34,MWK,AVERAGE,0.0742390497401633
2026-01,MENA,266,I25365,Donations-Charitable,Income Statement-Expenses,H34,AED,AVERAGE,35.09
2026-01,RWANDA,266,I25365,Donations-Charitable,Income Statement-Expenses,B34,RWF,AVERAGE,0.08888888888888889
2026-01,MALAWI,267,I25367,Summary:Gen Exp Other,Income Statement-Expenses,C34,MWK,AVERAGE,0.0742390497401633
2026-01,MENA,267,I25367,Summary:Gen Exp Other,Income Statement-Expenses,H34,AED,AVERAGE,35.09
2026-01,NIGERIA,267,I25367,Summary:Gen Exp Other,Income Statement-Expenses,E34,NGN,AVERAGE,0.0930232558139535
2026-01,RWANDA,267,I25367,Summary:Gen Exp Other,Income Statement-Expenses,B34,RWF,AVERAGE,0.08888888888888889
2026-01,DRC,267,I25367,Summary:Gen Exp Other,Income Statement-Expenses,G34,USD,AVERAGE,129.03
2026-01,MALAWI,268,I25401,Insurance-P.I.,Income Statement-Expenses,C34,MWK,AVERAGE,0.0742390497401633
2026-01,MENA,268,I25401,Insurance-P.I.,Income Statement-Expenses,H34,AED,AVERAGE,35.09
2026-01,NIGERIA,268,I25401,Insurance-P.I.,Income Statement-Expenses,E34,NGN,AVERAGE,0.0930232558139535
2026-01,RWANDA,268,I25401,Insurance-P.I.,Income Statement-Expenses,B34,RWF,AVERAGE,0.08888888888888889
2026-01,MALAWI,269,3980/080,Insurance- Other,Income Statement-Expenses,C34,MWK,AVERAGE,0.0742390497401633
2026-01,MENA,269,3980/080,Insurance- Other,Income Statement-Expenses,H34,AED,AVERAGE,35.09
2026-01,NIGERIA,269,3980/080,Insurance- Other,Income Statement-Expenses,E34,NGN,AVERAGE,0.0930232558139535
2026-01,RWANDA,269,3980/080,Insurance- Other,Income Statement-Expenses,B34,RWF,AVERAGE,0.08888888888888889
2026-01,DRC,269,3980/080,Insurance- Other,Income Statement-Expenses,G34,USD,AVERAGE,129.03
2026-01,MALAWI,270,,Inter Company Expenses,Income Statement-Expenses,C34,MWK,AVERAGE,0.0742390497401633
2026-01,MENA,270,,Inter Company Expenses,Income Statement-Expenses,H34,AED,AVERAGE,35.09
2026-01,RWANDA,270,,Inter Company Expenses,Income Statement-Expenses,B34,RWF,AVERAGE,0.08888888888888889
2026-01,MALAWI,271,I25421,Toner,Income Statement-Expenses,C34,MWK,AVERAGE,0.0742390497401633
2026-01,MENA,271,I25421,Toner,Income Statement-Expenses,H34,AED,AVERAGE,35.09
2026-01,RWANDA,271,I25421,Toner,Income Statement-Expenses,B34,RWF,AVERAGE,0.08888888888888889
2026-01,MALAWI,272,I25422,PC Supplies,Income Statement-Expenses,C34,MWK,AVERAGE,0.0742390497401633
2026-01,MENA,272,I25422,PC Supplies,Income Statement-Expenses,H34,AED,AVERAGE,35.09
2026-01,RWANDA,272,I25422,PC Supplies,Income Statement-Expenses,B34,RWF,AVERAGE,0.08888888888888889
2026-01,MALAWI,273,I25423,Comp-Depreciation,Income Statement-Expenses,C34,MWK,AVERAGE,0.0742390497401633
2026-01,MENA,273,I25423,Comp-Depreciation,Income Statement-Expenses,H34,AED,AVERAGE,35.09
2026-01,RWANDA,273,I25423,Comp-Depreciation,Income Statement-Expenses,B34,RWF,AVERAGE,0.08888888888888889
2026-01,DRC,273,I25423,Comp-Depreciation,Income Statement-Expenses,G21,USD,2026-01,129.03
2026-01,MALAWI,274,I25426,Software Installation,Income Statement-Expenses,C34,MWK,AVERAGE,0.0742390497401633
2026-01,MENA,274,I25426,Software Installation,Income Statement-Expenses,H34,AED,AVERAGE,35.09
2026-01,RWANDA,274,I25426,Software Installation,Income Statement-Expenses,B34,RWF,AVERAGE,0.08888888888888889
2026-01,MALAWI,275,,Software depreciation,Income Statement-Expenses,C34,MWK,AVERAGE,0.0742390497401633
2026-01,MENA,275,,Software depreciation,Income Statement-Expenses,H34,AED,AVERAGE,35.09
2026-01,RWANDA,275,,Software depreciation,Income Statement-Expenses,B34,RWF,AVERAGE,0.08888888888888889
2026-01,MALAWI,276,I25427,Software Implemantation,Income Statement-Expenses,C34,MWK,AVERAGE,0.0742390497401633
2026-01,MENA,276,I25427,Software Implemantation,Income Statement-Expenses,H34,AED,AVERAGE,35.09
2026-01,RWANDA,276,I25427,Software Implemantation,Income Statement-Expenses,B34,RWF,AVERAGE,0.08888888888888889
2026-01,MALAWI,277,I25428,Software Maintenance,Income Statement-Expenses,C34,MWK,AVERAGE,0.0742390497401633
2026-01,MENA,277,I25428,Software Maintenance,Income Statement-Expenses,H34,AED,AVERAGE,35.09
2026-01,RWANDA,277,I25428,Software Maintenance,Income Statement-Expenses,B34,RWF,AVERAGE,0.08888888888888889
2026-01,MALAWI,278,I25429,Software Licence Fees,Income Statement-Expenses,C34,MWK,AVERAGE,0.0742390497401633
2026-01,MENA,278,I25429,Software Licence Fees,Income Statement-Expenses,H34,AED,AVERAGE,35.09
2026-01,RWANDA,278,I25429,Software Licence Fees,Income Statement-Expenses,B34,RWF,AVERAGE,0.08888888888888889
2026-01,DRC,278,I25429,Software Licence Fees,Income Statement-Expenses,G21,USD,2026-01,129.03
2026-01,MALAWI,279,I25452,MV-Leasing Costs,Income Statement-Expenses,C34,MWK,AVERAGE,0.0742390497401633
2026-01,MENA,279,I25452,MV-Leasing Costs,Income Statement-Expenses,H34,AED,AVERAGE,35.09
2026-01,RWANDA,279,I25452,MV-Leasing Costs,Income Statement-Expenses,B34,RWF,AVERAGE,0.08888888888888889
2026-01,MALAWI,280,I25455,MV - Leasing Costs (non personnel),Income Statement-Expenses,C34,MWK,AVERAGE,0.0742390497401633
2026-01,MENA,280,I25455,MV - Leasing Costs (non personnel),Income Statement-Expenses,H34,AED,AVERAGE,35.09
2026-01,RWANDA,280,I25455,MV - Leasing Costs (non personnel),Income Statement-Expenses,B34,RWF,AVERAGE,0.08888888888888889
2026-01,DRC,280,I25455,MV - Leasing Costs (non personnel),Income Statement-Expenses,G21,USD,2026-01,129.03
2026-01,MALAWI,281,I25456,MV - Fuel Costs (non personnel),Income Statement-Expenses,C34,MWK,AVERAGE,0.0742390497401633
2026-01,MENA,281,I25456,MV - Fuel Costs (non personnel),Income Statement-Expenses,H34,AED,AVERAGE,35.09
2026-01,RWANDA,281,I25456,MV - Fuel Costs (non personnel),Income Statement-Expenses,B34,RWF,AVERAGE,0.08888888888888889
2026-01,DRC,281,I25456,MV - Fuel Costs (non personnel),Income Statement-Expenses,G34,USD,AVERAGE,129.03
2026-01,MALAWI,282,3350/000,MV-Depreciation,Income Statement-Expenses,C34,MWK,AVERAGE,0.0742390497401633
2026-01,MENA,282,3350/000,MV-Depreciation,Income Statement-Expenses,H34,AED,AVERAGE,35.09
2026-01,NIGERIA,282,3350/000,MV-Depreciation,Income Statement-Expenses,E34,NGN,AVERAGE,0.0930232558139535
2026-01,RWANDA,282,3350/000,MV-Depreciation,Income Statement-Expenses,B34,RWF,AVERAGE,0.08888888888888889
2026-01,DRC,282,3350/000,MV-Depreciation,Income Statement-Expenses,G34,USD,AVERAGE,129.03
2026-01,MALAWI,283,4000/000,Leasehold-Depreciation,Income Statement-Expenses,C34,MWK,AVERAGE,0.0742390497401633
2026-01,MENA,283,4000/000,Leasehold-Depreciation,Income Statement-Expenses,H34,AED,AVERAGE,35.09
2026-01,RWANDA,283,4000/000,Leasehold-Depreciation,Income Statement-Expenses,B34,RWF,AVERAGE,0.08888888888888889
2026-01,DRC,283,4000/000,Leasehold-Depreciation,Income Statement-Expenses,G21,USD,2026-01,129.03
2026-01,MALAWI,284,4020/000,Equip maintenance,Income Statement-Expenses,C34,MWK,AVERAGE,0.0742390497401633
2026-01,MENA,284,4020/000,Equip maintenance,Income Statement-Expenses,H34,AED,AVERAGE,35.09
2026-01,NIGERIA,284,4020/000,Equip maintenance,Income Statement-Expenses,E34,NGN,AVERAGE,0.0930232558139535
2026-01,RWANDA,284,4020/000,Equip maintenance,Income Statement-Expenses,B34,RWF,AVERAGE,0.08888888888888889
2026-01,MALAWI,285,4650/200,Taxation expense,Income Statement-Expenses,C34,MWK,AVERAGE,0.0742390497401633
2026-02,MALAWI,7,B10120,Ord.Share Capital,Share capital,C9,MWK,2026-02,0.07435828797477767
2026-02,MENA,7,B10120,Ord.Share Capital,Share capital,H9,AED,2026-02,35.13
2026-02,NIGERIA,7,B10120,Ord.Share Capital,Share capital,E9,NGN,2026-02,0.09648
2026-02,RWANDA,7,B10120,Ord.Share Capital,Share capital,B9,RWF,2026-02,0.088573959
2026-02,DRC,7,B10120,Ord.Share Capital,Share capital,G9,USD,2026-02,129.02
2026-02,MALAWI,8,7610/000,Funds Awaiting Capitalisation,Translation reserve,C9,MWK,2026-02,0.07435828797477767
2026-02,MENA,8,7610/000,Funds Awaiting Capitalisation,Translation reserve,H9,AED,2026-02,35.13
2026-02,RWANDA,8,7610/000,Funds Awaiting Capitalisation,Translation reserve,B9,RWF,2026-02,0.088573959
2026-02,MALAWI,9,7630/000,Share Premium,Translation reserve,C9,MWK,2026-02,0.07435828797477767
2026-02,MENA,9,7630/000,Share Premium,Translation reserve,H9,AED,2026-02,35.13
2026-02,RWANDA,9,7630/000,Share Premium,Translation reserve,B9,RWF,2026-02,0.088573959
2026-02,MALAWI,10,B15110,Distr.Reser-RetainedInc,Retained earnings,C9,MWK,2026-02,0.07435828797477767
2026-02,MENA,10,B15110,Distr.Reser-RetainedInc,Retained earnings,H9,AED,2026-02,35.13
2026-02,NIGERIA,10,B15110,Distr.Reser-RetainedInc,Retained earnings,E9,NGN,2026-02,0.09648
2026-02,RWANDA,10,B15110,Distr.Reser-RetainedInc,Retained earnings,B9,RWF,2026-02,0.088573959
2026-02,DRC,10,B15110,Distr.Reser-RetainedInc,Retained earnings,G9,USD,2026-02,129.02
2026-02,MALAWI,11,7620/000,Revaluation Reserve,Translation reserve,C9,MWK,2026-02,0.07435828797477767
2026-02,MENA,11,7620/000,Revaluation Reserve,Translation reserve,H9,AED,2026-02,35.13
2026-02,RWANDA,11,7620/000,Revaluation Reserve,Translation reserve,B9,RWF,2026-02,0.088573959
2026-02,MALAWI,12,xxxx,Translation reserve,Translation reserve,C9,MWK,2026-02,0.07435828797477767
2026-02,MALAWI,13,XXX,Non controlling interest,Non-controlling interests,C9,MWK,2026-02,0.07435828797477767
2026-02,MENA,13,XXX,Non controlling interest,Non-controlling interests,H9,AED,2026-02,35.13
2026-02,MALAWI,14,B30110,Head Office Receivable Account,"Property, plant and equipment",C9,MWK,2026-02,0.07435828797477767
2026-02,MENA,14,B30110,Head Office Receivable Account,"Property, plant and equipment",H9,AED,2026-02,35.13
2026-02,RWANDA,14,B30110,Head Office Receivable Account,"Property, plant and equipment",B9,RWF,2026-02,0.088573959
2026-02,MALAWI,15,B35130,Equipments-TZ Branch,"Property, plant and equipment",C9,MWK,2026-02,0.07435828797477767
2026-02,MENA,15,B35130,Equipments-TZ Branch,"Property, plant and equipment",H9,AED,2026-02,35.13
2026-02,RWANDA,15,B35130,Equipments-TZ Branch,"Property, plant and equipment",B9,RWF,2026-02,0.088573959
2026-02,MALAWI,16,B35140,MV-Cost Opening Balance,"Property, plant and equipment",C9,MWK,2026-02,0.07435828797477767
2026-02,MENA,16,B35140,MV-Cost Opening Balance,"Property, plant and equipment",H9,AED,2026-02,35.13
2026-02,NIGERIA,16,B35140,MV-Cost Opening Balance,"Property, plant and equipment",E9,NGN,2026-02,0.09648
2026-02,RWANDA,16,B35140,MV-Cost Opening Balance,"Property, plant and equipment",B9,RWF,2026-02,0.088573959
2026-02,DRC,16,B35140,MV-Cost Opening Balance,"Property, plant and equipment",G9,USD,2026-02,129.02
2026-02,MALAWI,17,B35160,MV Accum-Depr Open Balance,"Property, plant and equipment",C9,MWK,2026-02,0.07435828797477767
2026-02,MENA,17,B35160,MV Accum-Depr Open Balance,"Property, plant and equipment",H9,AED,2026-02,35.13
2026-02,NIGERIA,17,B35160,MV Accum-Depr Open Balance,"Property, plant and equipment",E9,NGN,2026-02,0.09648
2026-02,RWANDA,17,B35160,MV Accum-Depr Open Balance,"Property, plant and equipment",B9,RWF,2026-02,0.088573959
2026-02,DRC,17,B35160,MV Accum-Depr Open Balance,"Property, plant and equipment",G9,USD,2026-02,129.02
2026-02,MALAWI,18,B35170,Furn-Cost Open Balance,"Property, plant and equipment",C9,MWK,2026-02,0.07435828797477767
2026-02,MENA,18,B35170,Furn-Cost Open Balance,"Property, plant and equipment",H9,AED,2026-02,35.13
2026-02,NIGERIA,18,B35170,Furn-Cost Open Balance,"Property, plant and equipment",E9,NGN,2026-02,0.09648
2026-02,RWANDA,18,B35170,Furn-Cost Open Balance,"Property, plant and equipment",B9,RWF,2026-02,0.088573959
2026-02,DRC,18,B35170,Furn-Cost Open Balance,"Property, plant and equipment",G9,USD,2026-02,129.02
2026-02,MALAWI,19,B35180,Furn-Additions this year,"Property, plant and equipment",C9,MWK,2026-02,0.07435828797477767
2026-02,MENA,19,B35180,Furn-Additions this year,"Property, plant and equipment",H9,AED,2026-02,35.13
2026-02,RWANDA,19,B35180,Furn-Additions this year,"Property, plant and equipment",B9,RWF,2026-02,0.088573959
2026-02,DRC,19,B35180,Furn-Additions this year,"Property, plant and equipment",G9,USD,2026-02,129.02
2026-02,MALAWI,20,B35190,Furn-Depr Prov.,"Property, plant and equipment",C9,MWK,2026-02,0.07435828797477767
2026-02,MENA,20,B35190,Furn-Depr Prov.,"Property, plant and equipment",H9,AED,2026-02,35.13
2026-02,RWANDA,20,B35190,Furn-Depr Prov.,"Property, plant and equipment",B9,RWF,2026-02,0.088573959
2026-02,DRC,20,B35190,Furn-Depr Prov.,"Property, plant and equipment",G37,?,?,
2026-02,MALAWI,21,B35200,Furn Accum-Depreciation,"Property, plant and equipment",C9,MWK,2026-02,0.07435828797477767
2026-02,MENA,21,B35200,Furn Accum-Depreciation,"Property, plant and equipment",H9,AED,2026-02,35.13
2026-02,NIGERIA,21,B35200,Furn Accum-Depreciation,"Property, plant and equipment",E9,NGN,2026-02,0.09648
2026-02,RWANDA,21,B35200,Furn Accum-Depreciation,"Property, plant and equipment",B9,RWF,2026-02,0.088573959
2026-02,DRC,21,B35200,Furn Accum-Depreciation,"Property, plant and equipment",G9,USD,2026-02,129.02
2026-02,MALAWI,22,B35210,Equip-Cost Open Balance,"Property, plant and equipment",C9,MWK,2026-02,0.07435828797477767
2026-02,MENA,22,B35210,Equip-Cost Open Balance,"Property, plant and equipment",H9,AED,2026-02,35.13
2026-02,NIGERIA,22,B35210,Equip-Cost Open Balance,"Property, plant and equipment",E9,NGN,2026-02,0.09648
2026-02,RWANDA,22,B35210,Equip-Cost Open Balance,"Property, plant and equipment",B9,RWF,2026-02,0.088573959
2026-02,DRC,22,B35210,Equip-Cost Open Balance,"Property, plant and equipment",G9,USD,2026-02,129.02
2026-02,MALAWI,23,B35220,Equip-Additions This Year,"Property, plant and equipment",C9,MWK,2026-02,0.07435828797477767
2026-02,MENA,23,B35220,Equip-Additions This Year,"Property, plant and equipment",H9,AED,2026-02,35.13
2026-02,RWANDA,23,B35220,Equip-Additions This Year,"Property, plant and equipment",B9,RWF,2026-02,0.088573959
2026-02,DRC,23,B35220,Equip-Additions This Year,"Property, plant and equipment",G9,USD,2026-02,129.02
2026-02,MALAWI,24,B35230,Equip-Depr.Prov.,"Property, plant and equipment",C9,MWK,2026-02,0.07435828797477767
2026-02,MENA,24,B35230,Equip-Depr.Prov.,"Property, plant and equipment",H9,AED,2026-02,35.13
2026-02,RWANDA,24,B35230,Equip-Depr.Prov.,"Property, plant and equipment",B9,RWF,2026-02,0.088573959
2026-02,DRC,24,B35230,Equip-Depr.Prov.,"Property, plant and equipment",G9,USD,2026-02,129.02
2026-02,MALAWI,25,B35240,Equip Accum-Depr,"Property, plant and equipment",C9,MWK,2026-02,0.07435828797477767
2026-02,MENA,25,B35240,Equip Accum-Depr,"Property, plant and equipment",H9,AED,2026-02,35.13
2026-02,NIGERIA,25,B35240,Equip Accum-Depr,"Property, plant and equipment",E9,NGN,2026-02,0.09648
2026-02,RWANDA,25,B35240,Equip Accum-Depr,"Property, plant and equipment",B9,RWF,2026-02,0.088573959
2026-02,DRC,25,B35240,Equip Accum-Depr,"Property, plant and equipment",G8,USD,2026-01,129.03
2026-02,MALAWI,26,B35250,Comp Equip-Cost Open Balance,"Property, plant and equipment",C9,MWK,2026-02,0.07435828797477767
2026-02,MENA,26,B35250,Comp Equip-Cost Open Balance,"Property, plant and equipment",H9,AED,2026-02,35.13
2026-02,RWANDA,26,B35250,Comp Equip-Cost Open Balance,"Property, plant and equipment",B9,RWF,2026-02,0.088573959
2026-02,DRC,26,B35250,Comp Equip-Cost Open Balance,"Property, plant and equipment",G8,USD,2026-01,129.03
2026-02,MALAWI,27,B35280,Comp Equip-Additions,"Property, plant and equipment",C9,MWK,2026-02,0.07435828797477767
2026-02,MENA,27,B35280,Comp Equip-Additions,"Property, plant and equipment",H9,AED,2026-02,35.13
2026-02,RWANDA,27,B35280,Comp Equip-Additions,"Property, plant and equipment",B9,RWF,2026-02,0.088573959
2026-02,DRC,27,B35280,Comp Equip-Additions,"Property, plant and equipment",G9,USD,2026-02,129.02
2026-02,MALAWI,28,B35290,Comp Equip- Accum Depreciation,"Property, plant and equipment",C9,MWK,2026-02,0.07435828797477767
2026-02,MENA,28,B35290,Comp Equip- Accum Depreciation,"Property, plant and equipment",H9,AED,2026-02,35.13
2026-02,RWANDA,28,B35290,Comp Equip- Accum Depreciation,"Property, plant and equipment",B9,RWF,2026-02,0.088573959
2026-02,DRC,28,B35290,Comp Equip- Accum Depreciation,"Property, plant and equipment",G35,USD,AVERAGE,129.025
2026-02,MALAWI,29,6300/000,Work In Progress,Intangible assets - computer software,C9,MWK,2026-02,0.07435828797477767
2026-02,MENA,29,6300/000,Work In Progress,Intangible assets - computer software,H9,AED,2026-02,35.13
2026-02,RWANDA,29,6300/000,Work In Progress,Intangible assets - computer software,B9,RWF,2026-02,0.088573959
2026-02,MALAWI,30,B35310,Comp SW-Cost Open Balance,Intangible assets - computer software,C9,MWK,2026-02,0.07435828797477767
2026-02,MENA,30,B35310,Comp SW-Cost Open Balance,Intangible assets - computer software,H9,AED,2026-02,35.13
2026-02,RWANDA,30,B35310,Comp SW-Cost Open Balance,Intangible assets - computer software,B9,RWF,2026-02,0.088573959
2026-02,MALAWI,31,B35320,Computer Software,Intangible assets - computer software,C9,MWK,2026-02,0.07435828797477767
2026-02,MENA,31,B35320,Computer Software,Intangible assets - computer software,H9,AED,2026-02,35.13
2026-02,RWANDA,31,B35320,Computer Software,Intangible assets - computer software,B9,RWF,2026-02,0.088573959
2026-02,MALAWI,32,B35340,Comp S/Ware Acc -Write Off,Intangible assets - computer software,C9,MWK,2026-02,0.07435828797477767
2026-02,MENA,32,B35340,Comp S/Ware Acc -Write Off,Intangible assets - computer software,H9,AED,2026-02,35.13
2026-02,RWANDA,32,B35340,Comp S/Ware Acc -Write Off,Intangible assets - computer software,B9,RWF,2026-02,0.088573959
2026-02,MALAWI,33,B35350,Leased Prem-Improvements,"Property, plant and equipment",C9,MWK,2026-02,0.07435828797477767
2026-02,MENA,33,B35350,Leased Prem-Improvements,"Property, plant and equipment",H9,AED,2026-02,35.13
2026-02,NIGERIA,33,B35350,Leased Prem-Improvements,"Property, plant and equipment",E9,NGN,2026-02,0.09648
2026-02,RWANDA,33,B35350,Leased Prem-Improvements,"Property, plant and equipment",B9,RWF,2026-02,0.088573959
2026-02,DRC,33,B35350,Leased Prem-Improvements,"Property, plant and equipment",G9,USD,2026-02,129.02
2026-02,MALAWI,34,B35370,Lease Improv - Accum Ammortization,"Property, plant and equipment",C9,MWK,2026-02,0.07435828797477767
2026-02,MENA,34,B35370,Lease Improv - Accum Ammortization,"Property, plant and equipment",H9,AED,2026-02,35.13
2026-02,NIGERIA,34,B35370,Lease Improv - Accum Ammortization,"Property, plant and equipment",E9,NGN,2026-02,0.09648
2026-02,RWANDA,34,B35370,Lease Improv - Accum Ammortization,"Property, plant and equipment",B9,RWF,2026-02,0.088573959
2026-02,DRC,34,B35370,Lease Improv - Accum Ammortization,"Property, plant and equipment",G9,USD,2026-02,129.02
2026-02,MALAWI,35,B35420,Deferred Tax,Deferred Tax,C9,MWK,2026-02,0.07435828797477767
2026-02,MENA,35,B35420,Deferred Tax,Deferred Tax,H9,AED,2026-02,35.13
2026-02,NIGERIA,35,B35420,Deferred Tax,Deferred Tax,E9,NGN,2026-02,0.09648
2026-02,RWANDA,35,B35420,Deferred Tax,Deferred Tax,B9,RWF,2026-02,0.088573959
2026-02,MALAWI,36,B40110,Investment in subsidiary - RWANDA,Investment in subsidiary,C9,MWK,2026-02,0.07435828797477767
2026-02,MENA,36,B40110,Investment in subsidiary - RWANDA,Investment in subsidiary,H9,AED,2026-02,35.13
2026-02,RWANDA,36,B40110,Investment in subsidiary - RWANDA,Investment in subsidiary,B9,RWF,2026-02,0.088573959
2026-02,MALAWI,37,6285/000,Investment in ZAAC Kenya,Investment in subsidiary,C9,MWK,2026-02,0.07435828797477767
2026-02,MALAWI,38,6290/000,Investment in ZAAC Nigeria,Investment in subsidiary,C9,MWK,2026-02,0.07435828797477767
2026-02,MALAWI,42,6460/000,Investment in Malawi,Investment in subsidiary,C9,MWK,2026-02,0.07435828797477767
2026-02,MENA,44,6366/000,Investment In Subsidiaries,Investment in subsidiary,H9,AED,2026-02,35.13
2026-02,RWANDA,44,6366/000,Investment In Subsidiaries,Investment in subsidiary,B9,RWF,2026-02,0.088573959
2026-02,MALAWI,45,B45110,Goodwill-at Cost,Intangible assets - goodwill,C9,MWK,2026-02,0.07435828797477767
2026-02,MENA,45,B45110,Goodwill-at Cost,Intangible assets - goodwill,H9,AED,2026-02,35.13
2026-02,RWANDA,45,B45110,Goodwill-at Cost,Intangible assets - goodwill,B9,RWF,2026-02,0.088573959
2026-02,MALAWI,46,B55110,Other Receivable,Other receivables,C9,MWK,2026-02,0.07435828797477767
2026-02,MENA,46,B55110,Other Receivable,Other receivables,H9,AED,2026-02,35.13
2026-02,NIGERIA,46,B55110,Other Receivable,Other receivables,E9,NGN,2026-02,0.09648
2026-02,RWANDA,46,B55110,Other Receivable,Other receivables,B9,RWF,2026-02,0.088573959
2026-02,MALAWI,47,B55130,Accrued Income,Other receivables,C9,MWK,2026-02,0.07435828797477767
2026-02,MENA,47,B55130,Accrued Income,Other receivables,H9,AED,2026-02,35.13
2026-02,RWANDA,47,B55130,Accrued Income,Other receivables,B9,RWF,2026-02,0.088573959
2026-02,MALAWI,48,B55140,Other Debtor - Claims Receivab,Other receivables,C9,MWK,2026-02,0.07435828797477767
2026-02,MENA,48,B55140,Other Debtor - Claims Receivab,Other receivables,H9,AED,2026-02,35.13
2026-02,RWANDA,48,B55140,Other Debtor - Claims Receivab,Other receivables,B9,RWF,2026-02,0.088573959
2026-02,MALAWI,49,B55150,Drs-Gen.Bad Debt Prov.,Other receivables,C9,MWK,2026-02,0.07435828797477767
2026-02,MENA,49,B55150,Drs-Gen.Bad Debt Prov.,Other receivables,H9,AED,2026-02,35.13
2026-02,RWANDA,49,B55150,Drs-Gen.Bad Debt Prov.,Other receivables,B9,RWF,2026-02,0.088573959
2026-02,MENA,50,B55210,Investment in Malawi,Investment in subsidiary,H9,AED,2026-02,35.13
2026-02,RWANDA,50,B55210,Investment in Malawi,Investment in subsidiary,B9,RWF,2026-02,0.088573959
2026-02,MALAWI,51,,Investment in Subsidiary- Stonebridge,Investment in unquoted equity securities,C9,MWK,2026-02,0.07435828797477767
2026-02,MENA,51,,Investment in Subsidiary- Stonebridge,Investment in unquoted equity securities,H9,AED,2026-02,35.13
2026-02,NIGERIA,51,,Investment in Subsidiary- Stonebridge,Investment in unquoted equity securities,E9,NGN,2026-02,0.09648
2026-02,RWANDA,51,,Investment in Subsidiary- Stonebridge,Investment in unquoted equity securities,B9,RWF,2026-02,0.088573959
2026-02,MALAWI,52,B55250,Conferences - Control  A/c,Other receivables,C9,MWK,2026-02,0.07435828797477767
2026-02,MENA,52,B55250,Conferences - Control  A/c,Other receivables,H9,AED,2026-02,35.13
2026-02,RWANDA,52,B55250,Conferences - Control  A/c,Other receivables,B9,RWF,2026-02,0.088573959
2026-02,MENA,53,B55360,Rent Deposits,Other receivables,H9,AED,2026-02,35.13
2026-02,RWANDA,53,B55360,Rent Deposits,Other receivables,B9,RWF,2026-02,0.088573959
2026-02,DRC,53,B55360,Rent Deposits,Other receivables,G9,USD,2026-02,129.02
2026-02,MALAWI,54,B55420,Due to/from Malawi,Other receivables - Related parties,C9,MWK,2026-02,0.07435828797477767
2026-02,MENA,54,B55420,Due to/from Malawi,Other receivables - Related parties,H9,AED,2026-02,35.13
2026-02,RWANDA,54,B55420,Due to/from Malawi,Other receivables - Related parties,B9,RWF,2026-02,0.088573959
2026-02,MALAWI,55,B55480,Drs-Income Control,Trade receivables,C9,MWK,2026-02,0.07435828797477767
2026-02,MENA,55,B55480,Drs-Income Control,Trade receivables,H9,AED,2026-02,35.13
2026-02,NIGERIA,55,B55480,Drs-Income Control,Trade receivables,E9,NGN,2026-02,0.09648
2026-02,RWANDA,55,B55480,Drs-Income Control,Trade receivables,B9,RWF,2026-02,0.088573959
2026-02,DRC,55,B55480,Drs-Income Control,Trade receivables,G9,USD,2026-02,129.02
2026-02,MALAWI,56,B55490,DUE TO/FROM ZAMARA HOLDING CO.,Other receivables - Related parties,C9,MWK,2026-02,0.07435828797477767
2026-02,MENA,56,B55490,DUE TO/FROM ZAMARA HOLDING CO.,Other receivables - Related parties,H9,AED,2026-02,35.13
2026-02,NIGERIA,56,B55490,DUE TO/FROM ZAMARA HOLDING CO.,Other receivables - Related parties,E9,NGN,2026-02,0.09648
2026-02,RWANDA,56,B55490,DUE TO/FROM ZAMARA HOLDING CO.,Other receivables - Related parties,B9,RWF,2026-02,0.088573959
2026-02,MALAWI,57,B55520,DUE TO/FROM UGANDA,Other receivables - Related parties,C9,MWK,2026-02,0.07435828797477767
2026-02,MENA,57,B55520,DUE TO/FROM UGANDA,Other receivables - Related parties,H9,AED,2026-02,35.13
2026-02,RWANDA,57,B55520,DUE TO/FROM UGANDA,Other receivables - Related parties,B9,RWF,2026-02,0.088573959
2026-02,MALAWI,58,B55570,Due to/from ZAAC,Other receivables - Related parties,C9,MWK,2026-02,0.07435828797477767
2026-02,MENA,58,B55570,Due to/from ZAAC,Other receivables - Related parties,H9,AED,2026-02,35.13
2026-02,NIGERIA,58,B55570,Due to/from ZAAC,Other receivables - Related parties,E9,NGN,2026-02,0.09648
2026-02,RWANDA,58,B55570,Due to/from ZAAC,Other receivables - Related parties,B9,RWF,2026-02,0.088573959
2026-02,DRC,58,B55570,Due to/from ZAAC,Other receivables - Related parties,G9,USD,2026-02,129.02
2026-02,MALAWI,67,4015,Bank account- ZAAIB,Cash and cash equivalents,C9,MWK,2026-02,0.07435828797477767
2026-02,MENA,67,4015,Bank account- ZAAIB,Cash and cash equivalents,H9,AED,2026-02,35.13
2026-02,RWANDA,67,4015,Bank account- ZAAIB,Cash and cash equivalents,B9,RWF,2026-02,0.088573959
2026-02,MENA,68,4016,Bank account NCBA,Cash and cash equivalents,H9,AED,2026-02,35.13
2026-02,RWANDA,68,4016,Bank account NCBA,Cash and cash equivalents,B9,RWF,2026-02,0.088573959
2026-02,MALAWI,69,4017,Bank Account (ZAMARA AAIB LTD),Cash and cash equivalents,C9,MWK,2026-02,0.07435828797477767
2026-02,MENA,69,4017,Bank Account (ZAMARA AAIB LTD),Cash and cash equivalents,H9,AED,2026-02,35.13
2026-02,RWANDA,69,4017,Bank Account (ZAMARA AAIB LTD),Cash and cash equivalents,B9,RWF,2026-02,0.088573959
2026-02,MALAWI,70,4018,AMIFA Account,Cash and cash equivalents,C9,MWK,2026-02,0.07435828797477767
2026-02,MENA,70,4018,AMIFA Account,Cash and cash equivalents,H9,AED,2026-02,35.13
2026-02,RWANDA,70,4018,AMIFA Account,Cash and cash equivalents,B9,RWF,2026-02,0.088573959
2026-02,MALAWI,71,4019,NCBA Account USD,Cash and cash equivalents,C9,MWK,2026-02,0.07435828797477767
2026-02,MENA,71,4019,NCBA Account USD,Cash and cash equivalents,H9,AED,2026-02,35.13
2026-02,RWANDA,71,4019,NCBA Account USD,Cash and cash equivalents,B9,RWF,2026-02,0.088573959
2026-02,MALAWI,72,4021,Bank account-Equity Bank,Cash and cash equivalents,C9,MWK,2026-02,0.07435828797477767
2026-02,MENA,72,4021,Bank account-Equity Bank,Cash and cash equivalents,H9,AED,2026-02,35.13
2026-02,RWANDA,72,4021,Bank account-Equity Bank,Cash and cash equivalents,B9,RWF,2026-02,0.088573959
2026-02,MALAWI,73,6821/000,ECOBANK -KWACHA A/C,Cash and cash equivalents,C9,MWK,2026-02,0.07435828797477767
2026-02,MENA,73,6821/000,ECOBANK -KWACHA A/C,Cash and cash equivalents,H9,AED,2026-02,35.13
2026-02,RWANDA,73,6821/000,ECOBANK -KWACHA A/C,Cash and cash equivalents,B9,RWF,2026-02,0.088573959
2026-02,MALAWI,74,6822/000,ECOBANK FCD-US$,Cash and cash equivalents,C9,MWK,2026-02,0.07435828797477767
2026-02,MENA,74,6822/000,ECOBANK FCD-US$,Cash and cash equivalents,H9,AED,2026-02,35.13
2026-02,RWANDA,74,6822/000,ECOBANK FCD-US$,Cash and cash equivalents,B9,RWF,2026-02,0.088573959
2026-02,MENA,75,,RAK Bank AED,Cash and cash equivalents,H9,AED,2026-02,35.13
2026-02,RWANDA,75,,RAK Bank AED,Cash and cash equivalents,B9,RWF,2026-02,0.088573959
2026-02,MENA,76,B60090,EQUITY BANK,Cash and cash equivalents,H9,AED,2026-02,35.13
2026-02,RWANDA,76,B60090,EQUITY BANK,Cash and cash equivalents,B9,RWF,2026-02,0.088573959
2026-02,DRC,76,B60090,EQUITY BANK,Cash and cash equivalents,G9,USD,2026-02,129.02
2026-02,DRC,77,8410/000,RAW BANK,Cash and cash equivalents,G9,USD,2026-02,129.02
2026-02,MALAWI,78,B60110,KENYA COMMERCIAL BANK,Cash and cash equivalents,C9,MWK,2026-02,0.07435828797477767
2026-02,MENA,78,B60110,KENYA COMMERCIAL BANK,Cash and cash equivalents,H9,AED,2026-02,35.13
2026-02,RWANDA,78,B60110,KENYA COMMERCIAL BANK,Cash and cash equivalents,B9,RWF,2026-02,0.088573959
2026-02,MALAWI,79,0001/000,EQUITY BANK-Office,Cash and cash equivalents,C9,MWK,2026-02,0.07435828797477767
2026-02,MENA,79,0001/000,EQUITY BANK-Office,Cash and cash equivalents,H9,AED,2026-02,35.13
2026-02,RWANDA,79,0001/000,EQUITY BANK-Office,Cash and cash equivalents,B9,RWF,2026-02,0.088573959
2026-02,MALAWI,80,0068/000,KCB CLIENT-Client,Cash and cash equivalents,C9,MWK,2026-02,0.07435828797477767
2026-02,MENA,80,0068/000,KCB CLIENT-Client,Cash and cash equivalents,H9,AED,2026-02,35.13
2026-02,RWANDA,80,0068/000,KCB CLIENT-Client,Cash and cash equivalents,B9,RWF,2026-02,0.088573959
2026-02,MALAWI,81,0068/000,KCB CLIENT(KES)-Client,Cash and cash equivalents,C8,MWK,2026-01,0.0742390497401633
2026-02,MENA,81,0068/000,KCB CLIENT(KES)-Client,Cash and cash equivalents,H9,AED,2026-02,35.13
2026-02,RWANDA,81,0068/000,KCB CLIENT(KES)-Client,Cash and cash equivalents,B9,RWF,2026-02,0.088573959
2026-02,MALAWI,82,0068/001,KCB CLIENT(USD)-Client,Cash and cash equivalents,C2,?,?,
2026-02,MENA,82,0068/001,KCB CLIENT(USD)-Client,Cash and cash equivalents,H9,AED,2026-02,35.13
2026-02,RWANDA,82,0068/001,KCB CLIENT(USD)-Client,Cash and cash equivalents,B9,RWF,2026-02,0.088573959
2026-02,MENA,83,0068/002,KCB OFFICE(KES)-Office,Cash and cash equivalents,H9,AED,2026-02,35.13
2026-02,RWANDA,83,0068/002,KCB OFFICE(KES)-Office,Cash and cash equivalents,B9,RWF,2026-02,0.088573959
2026-02,MALAWI,84,0068/003,KCB OFFICE(USD)-Office,Cash and cash equivalents,C8,MWK,2026-01,0.0742390497401633
2026-02,MENA,84,0068/003,KCB OFFICE(USD)-Office,Cash and cash equivalents,H9,AED,2026-02,35.13
2026-02,RWANDA,84,0068/003,KCB OFFICE(USD)-Office,Cash and cash equivalents,B9,RWF,2026-02,0.088573959
2026-02,MENA,85,0068/004,KCB -FIXED DEPOSIT,Cash and cash equivalents,H9,AED,2026-02,35.13
2026-02,RWANDA,85,0068/004,KCB -FIXED DEPOSIT,Cash and cash equivalents,B9,RWF,2026-02,0.088573959
2026-02,MENA,86,6801/000,KCB USD CLIENT-Client,Cash and cash equivalents,H9,AED,2026-02,35.13
2026-02,RWANDA,86,6801/000,KCB USD CLIENT-Client,Cash and cash equivalents,B9,RWF,2026-02,0.088573959
2026-02,MENA,87,6804/000,KCB USD OFFICE-Office,Cash and cash equivalents,H9,AED,2026-02,35.13
2026-02,RWANDA,87,6804/000,KCB USD OFFICE-Office,Cash and cash equivalents,B9,RWF,2026-02,0.088573959
2026-02,MENA,88,6820/000,MPESA ACCOUNT-Client,Cash and cash equivalents,H9,AED,2026-02,35.13
2026-02,RWANDA,88,6820/000,MPESA ACCOUNT-Client,Cash and cash equivalents,B9,RWF,2026-02,0.088573959
2026-02,MENA,89,6821/000,CBA Office Bank Account-Office,Cash and cash equivalents,H9,AED,2026-02,35.13
2026-02,RWANDA,89,6821/000,CBA Office Bank Account-Office,Cash and cash equivalents,B9,RWF,2026-02,0.088573959
2026-02,MENA,90,6822/000,SBM USD $-Office,Cash and cash equivalents,H9,AED,2026-02,35.13
2026-02,RWANDA,90,6822/000,SBM USD $-Office,Cash and cash equivalents,B9,RWF,2026-02,0.088573959
2026-02,MALAWI,91,6823/000,Summary: cash at bank & on hand-Office,Cash and cash equivalents,C9,MWK,2026-02,0.07435828797477767
2026-02,MENA,91,6823/000,Summary: cash at bank & on hand-Office,Cash and cash equivalents,H9,AED,2026-02,35.13
2026-02,NIGERIA,91,6823/000,Summary: cash at bank & on hand-Office,Cash and cash equivalents,E9,NGN,2026-02,0.09648
2026-02,RWANDA,91,6823/000,Summary: cash at bank & on hand-Office,Cash and cash equivalents,B9,RWF,2026-02,0.088573959
2026-02,DRC,91,6823/000,Summary: cash at bank & on hand-Office,Cash and cash equivalents,G9,USD,2026-02,129.02
2026-02,MENA,92,6824/000,CBA Client Bank Account-Client,Cash and cash equivalents,H9,AED,2026-02,35.13
2026-02,RWANDA,92,6824/000,CBA Client Bank Account-Client,Cash and cash equivalents,B9,RWF,2026-02,0.088573959
2026-02,MENA,93,6825/000,CFCSTANBIC-OFFICE A/C-Office,Cash and cash equivalents,H9,AED,2026-02,35.13
2026-02,RWANDA,93,6825/000,CFCSTANBIC-OFFICE A/C-Office,Cash and cash equivalents,B9,RWF,2026-02,0.088573959
2026-02,MENA,94,6826/000,CFCSTANBIC-CLIENT A/C-Client,Cash and cash equivalents,H9,AED,2026-02,35.13
2026-02,RWANDA,94,6826/000,CFCSTANBIC-CLIENT A/C-Client,Cash and cash equivalents,B9,RWF,2026-02,0.088573959
2026-02,MENA,95,6827/000,Chase Bank Account-Client,Cash and cash equivalents,H9,AED,2026-02,35.13
2026-02,RWANDA,95,6827/000,Chase Bank Account-Client,Cash and cash equivalents,B9,RWF,2026-02,0.088573959
2026-02,MENA,96,6828/000,COMMERCIAL BANK OF AFRICA-US$ OFFICE-Office,Cash and cash equivalents,H9,AED,2026-02,35.13
2026-02,RWANDA,96,6828/000,COMMERCIAL BANK OF AFRICA-US$ OFFICE-Office,Cash and cash equivalents,B9,RWF,2026-02,0.088573959
2026-02,MENA,97,6829/000,COMMERCIAL BANK OF AFRICA-US$ CLIENT-Client,Cash and cash equivalents,H9,AED,2026-02,35.13
2026-02,RWANDA,97,6829/000,COMMERCIAL BANK OF AFRICA-US$ CLIENT-Client,Cash and cash equivalents,B9,RWF,2026-02,0.088573959
2026-02,MENA,98,6830/000,UBA Client Account-Client,Cash and cash equivalents,H9,AED,2026-02,35.13
2026-02,RWANDA,98,6830/000,UBA Client Account-Client,Cash and cash equivalents,B9,RWF,2026-02,0.088573959
2026-02,MENA,99,6832/000,SBM BANK FIXED DEPOSIT ACCOUNT-Office,Cash and cash equivalents,H9,AED,2026-02,35.13
2026-02,RWANDA,99,6832/000,SBM BANK FIXED DEPOSIT ACCOUNT-Office,Cash and cash equivalents,B9,RWF,2026-02,0.088573959
2026-02,MENA,100,6833/000,CFC STANBIC(US$) -0000230847(CLIENT)-Client,Cash and cash equivalents,H9,AED,2026-02,35.13
2026-02,RWANDA,100,6833/000,CFC STANBIC(US$) -0000230847(CLIENT)-Client,Cash and cash equivalents,B9,RWF,2026-02,0.088573959
2026-02,MENA,101,6839/000,SBM BANK BID BONDS-Office,Cash and cash equivalents,H9,AED,2026-02,35.13
2026-02,RWANDA,101,6839/000,SBM BANK BID BONDS-Office,Cash and cash equivalents,B9,RWF,2026-02,0.088573959
2026-02,MENA,102,6840/000,Commecial Bank of Africa-Prem. Fin.-Office,Cash and cash equivalents,H9,AED,2026-02,35.13
2026-02,RWANDA,102,6840/000,Commecial Bank of Africa-Prem. Fin.-Office,Cash and cash equivalents,B9,RWF,2026-02,0.088573959
2026-02,MENA,103,6843/000,Mayfair CIB Bank-Client,Cash and cash equivalents,H9,AED,2026-02,35.13
2026-02,RWANDA,103,6843/000,Mayfair CIB Bank-Client,Cash and cash equivalents,B9,RWF,2026-02,0.088573959
2026-02,MENA,104,6850/000,FAULU MICROFINANCE BANK-Office,Cash and cash equivalents,H9,AED,2026-02,35.13
2026-02,RWANDA,104,6850/000,FAULU MICROFINANCE BANK-Office,Cash and cash equivalents,B9,RWF,2026-02,0.088573959
2026-02,MENA,105,6860/000,ABSA BANK KENYA-Client,Cash and cash equivalents,H9,AED,2026-02,35.13
2026-02,RWANDA,105,6860/000,ABSA BANK KENYA-Client,Cash and cash equivalents,B9,RWF,2026-02,0.088573959
2026-02,MENA,106,6880/000,KCB BANK-Office,Cash and cash equivalents,H9,AED,2026-02,35.13
2026-02,RWANDA,106,6880/000,KCB BANK-Office,Cash and cash equivalents,B9,RWF,2026-02,0.088573959
2026-02,MENA,107,6890/000,MAYFAIR CIB USD-Client,Cash and cash equivalents,H9,AED,2026-02,35.13
2026-02,RWANDA,107,6890/000,MAYFAIR CIB USD-Client,Cash and cash equivalents,B9,RWF,2026-02,0.088573959
2026-02,MENA,108,6900/000,SIDIAN BANK-Office,Cash and cash equivalents,H9,AED,2026-02,35.13
2026-02,RWANDA,108,6900/000,SIDIAN BANK-Office,Cash and cash equivalents,B9,RWF,2026-02,0.088573959
2026-02,MENA,109,6920/000,GULF AFRICAN BANK-Client,Cash and cash equivalents,H9,AED,2026-02,35.13
2026-02,RWANDA,109,6920/000,GULF AFRICAN BANK-Client,Cash and cash equivalents,B9,RWF,2026-02,0.088573959
2026-02,MENA,110,6930/000,GUARANTY TRUST BANK-Client,Cash and cash equivalents,H9,AED,2026-02,35.13
2026-02,RWANDA,110,6930/000,GUARANTY TRUST BANK-Client,Cash and cash equivalents,B9,RWF,2026-02,0.088573959
2026-02,MENA,111,6940/000,FREDRICK MUCHINA-Office,Cash and cash equivalents,H9,AED,2026-02,35.13
2026-02,RWANDA,111,6940/000,FREDRICK MUCHINA-Office,Cash and cash equivalents,B9,RWF,2026-02,0.088573959
2026-02,MENA,112,6950/000,LIZA NYAGA-Office,Cash and cash equivalents,H9,AED,2026-02,35.13
2026-02,RWANDA,112,6950/000,LIZA NYAGA-Office,Cash and cash equivalents,B9,RWF,2026-02,0.088573959
2026-02,MENA,113,6960/000,ALEEM AKBARALI-Office,Cash and cash equivalents,H9,AED,2026-02,35.13
2026-02,RWANDA,113,6960/000,ALEEM AKBARALI-Office,Cash and cash equivalents,B9,RWF,2026-02,0.088573959
2026-02,MENA,114,6990/000,MWIHAKI KABURA-Office,Cash and cash equivalents,H9,AED,2026-02,35.13
2026-02,RWANDA,114,6990/000,MWIHAKI KABURA-Office,Cash and cash equivalents,B9,RWF,2026-02,0.088573959
2026-02,MENA,115,7030/000,JAMES OLUBAYI-Office,Cash and cash equivalents,H9,AED,2026-02,35.13
2026-02,RWANDA,115,7030/000,JAMES OLUBAYI-Office,Cash and cash equivalents,B9,RWF,2026-02,0.088573959
2026-02,MENA,116,B60160,NCBA Bank-US$ OFFICE,Cash and cash equivalents,H9,AED,2026-02,35.13
2026-02,RWANDA,116,B60160,NCBA Bank-US$ OFFICE,Cash and cash equivalents,B9,RWF,2026-02,0.088573959
2026-02,MENA,117,B60180,NCBA Office Bank Account-Office,Cash and cash equivalents,H9,AED,2026-02,35.13
2026-02,RWANDA,117,B60180,NCBA Office Bank Account-Office,Cash and cash equivalents,B9,RWF,2026-02,0.088573959
2026-02,MENA,118,B60190,PETTY CASH - OFFICE,Cash and cash equivalents,H9,AED,2026-02,35.13
2026-02,RWANDA,118,B60190,PETTY CASH - OFFICE,Cash and cash equivalents,B9,RWF,2026-02,0.088573959
2026-02,DRC,118,B60190,PETTY CASH - OFFICE,Cash and cash equivalents,G8,USD,2026-01,129.03
2026-02,MENA,119,B60210,SBM Bank Account-Office Account,Cash and cash equivalents,H9,AED,2026-02,35.13
2026-02,RWANDA,119,B60210,SBM Bank Account-Office Account,Cash and cash equivalents,B9,RWF,2026-02,0.088573959
2026-02,MENA,120,B60260,UBA Office Account,Cash and cash equivalents,H9,AED,2026-02,35.13
2026-02,NIGERIA,120,B60260,UBA Office Account,Cash and cash equivalents,E9,NGN,2026-02,0.09648
2026-02,RWANDA,120,B60260,UBA Office Account,Cash and cash equivalents,B9,RWF,2026-02,0.088573959
2026-02,MENA,121,B60170,NATIONAL BANK OF KENYA,Cash and cash equivalents,H9,AED,2026-02,35.13
2026-02,RWANDA,121,B60170,NATIONAL BANK OF KENYA,Cash and cash equivalents,B9,RWF,2026-02,0.088573959
2026-02,MENA,122,B60310,SUNDEEP RAICHURA PREPAID CARD,Cash and cash equivalents,H9,AED,2026-02,35.13
2026-02,RWANDA,122,B60310,SUNDEEP RAICHURA PREPAID CARD,Cash and cash equivalents,B9,RWF,2026-02,0.088573959
2026-02,MENA,123,B60320,ROBERT NJOROGE PREPAID CARD,Cash and cash equivalents,H9,AED,2026-02,35.13
2026-02,RWANDA,123,B60320,ROBERT NJOROGE PREPAID CARD,Cash and cash equivalents,B9,RWF,2026-02,0.088573959
2026-02,MENA,124,B60330,JAY KOSGEI PREPAID CARD,Cash and cash equivalents,H9,AED,2026-02,35.13
2026-02,RWANDA,124,B60330,JAY KOSGEI PREPAID CARD,Cash and cash equivalents,B9,RWF,2026-02,0.088573959
2026-02,MENA,125,B60340,NIKHIL DODHIA PREPARD CARD,Cash and cash equivalents,H9,AED,2026-02,35.13
2026-02,RWANDA,125,B60340,NIKHIL DODHIA PREPARD CARD,Cash and cash equivalents,B9,RWF,2026-02,0.088573959
2026-02,MENA,126,B60350,ADIL SULEMAN PREPAID CARD,Cash and cash equivalents,H9,AED,2026-02,35.13
2026-02,RWANDA,126,B60350,ADIL SULEMAN PREPAID CARD,Cash and cash equivalents,B9,RWF,2026-02,0.088573959
2026-02,MENA,127,B60360,ANTONY KILAVI PREPAID CARD,Cash and cash equivalents,H9,AED,2026-02,35.13
2026-02,RWANDA,127,B60360,ANTONY KILAVI PREPAID CARD,Cash and cash equivalents,B9,RWF,2026-02,0.088573959
2026-02,MENA,128,B60370,PAUL KAMOCHE PREPAID CARD,Cash and cash equivalents,H9,AED,2026-02,35.13
2026-02,RWANDA,128,B60370,PAUL KAMOCHE PREPAID CARD,Cash and cash equivalents,B9,RWF,2026-02,0.088573959
2026-02,MENA,129,B60380,MICHAEL VAATI PRPAID CARD,Cash and cash equivalents,H9,AED,2026-02,35.13
2026-02,RWANDA,129,B60380,MICHAEL VAATI PRPAID CARD,Cash and cash equivalents,B9,RWF,2026-02,0.088573959
2026-02,MENA,130,B60390,RAYMOND MUTHAMA PREPAID CARD,Cash and cash equivalents,H9,AED,2026-02,35.13
2026-02,RWANDA,130,B60390,RAYMOND MUTHAMA PREPAID CARD,Cash and cash equivalents,B9,RWF,2026-02,0.088573959
2026-02,MENA,131,B60400,KHALID OBULINJI PREPAID CARD,Cash and cash equivalents,H9,AED,2026-02,35.13
2026-02,RWANDA,131,B60400,KHALID OBULINJI PREPAID CARD,Cash and cash equivalents,B9,RWF,2026-02,0.088573959
2026-02,MENA,132,B60410,JAMBO JET- AIRTICKETS,Other receivables,H9,AED,2026-02,35.13
2026-02,RWANDA,132,B60410,JAMBO JET- AIRTICKETS,Other receivables,B9,RWF,2026-02,0.088573959
2026-02,MENA,133,B60420,Premium Finance A/C,Borrowings,H9,AED,2026-02,35.13
2026-02,RWANDA,133,B60420,Premium Finance A/C,Borrowings,B9,RWF,2026-02,0.088573959
2026-02,MENA,134,7380/080,Premiums payable,Premiums payable,H9,AED,2026-02,35.13
2026-02,RWANDA,134,7380/080,Premiums payable,Premiums payable,B9,RWF,2026-02,0.088573959
2026-02,DRC,134,7380/080,Premiums payable,Premiums payable,G9,USD,2026-02,129.02
2026-02,DRC,135,9100/000,Fund Receivable,Premium Receivable,G8,USD,2026-01,129.03
2026-02,MENA,136,7381/080,Premiums Receivable(GP),Premium Receivable,H9,AED,2026-02,35.13
2026-02,RWANDA,136,7381/080,Premiums Receivable(GP),Premium Receivable,B9,RWF,2026-02,0.088573959
2026-02,MENA,137,7400/000,Commissions Payable,Trade and other payables,H9,AED,2026-02,35.13
2026-02,RWANDA,137,7400/000,Commissions Payable,Trade and other payables,B9,RWF,2026-02,0.088573959
2026-02,MENA,138,6680/080,Interest Receivable,Other receivables,H9,AED,2026-02,35.13
2026-02,RWANDA,138,6680/080,Interest Receivable,Other receivables,B9,RWF,2026-02,0.088573959
2026-02,MENA,139,B65110,Other Receivables - Disbursements,Other receivables,H9,AED,2026-02,35.13
2026-02,RWANDA,139,B65110,Other Receivables - Disbursements,Other receivables,B9,RWF,2026-02,0.088573959
2026-02,MENA,140,B65120,Due to/from Nigeria,Other receivables - Related parties,H9,AED,2026-02,35.13
2026-02,RWANDA,140,B65120,Due to/from Nigeria,Other receivables - Related parties,B9,RWF,2026-02,0.088573959
2026-02,MENA,141,B65130,Due from/to AFRIB Transactional,Other receivables - Related parties,H9,AED,2026-02,35.13
2026-02,RWANDA,141,B65130,Due from/to AFRIB Transactional,Other receivables - Related parties,B9,RWF,2026-02,0.088573959
2026-02,DRC,141,B65130,Due from/to AFRIB Transactional,Other receivables - Related parties,G9,USD,2026-02,129.02
2026-02,MENA,142,6361/000,Due to/from Zamara Reinsurance,Other receivables - Related parties,H9,AED,2026-02,35.13
2026-02,RWANDA,142,6361/000,Due to/from Zamara Reinsurance,Other receivables - Related parties,B9,RWF,2026-02,0.088573959
2026-02,MENA,143,6352/000,Due from/to AFFSEA - Transactional,Other receivables - Related parties,H9,AED,2026-02,35.13
2026-02,RWANDA,143,6352/000,Due from/to AFFSEA - Transactional,Other receivables - Related parties,B9,RWF,2026-02,0.088573959
2026-02,MENA,144,B65140,Dues to/from Rwanda,Other receivables - Related parties,H9,AED,2026-02,35.13
2026-02,RWANDA,144,B65140,Dues to/from Rwanda,Other receivables - Related parties,B9,RWF,2026-02,0.088573959
2026-02,MALAWI,145,B65150,Fixed Deposit Account,Cash and cash equivalents,C9,MWK,2026-02,0.07435828797477767
2026-02,MENA,145,B65150,Fixed Deposit Account,Cash and cash equivalents,H9,AED,2026-02,35.13
2026-02,RWANDA,145,B65150,Fixed Deposit Account,Cash and cash equivalents,B9,RWF,2026-02,0.088573959
2026-02,MENA,146,B65160,Placements,Cash and cash equivalents,H9,AED,2026-02,35.13
2026-02,RWANDA,146,B65160,Placements,Cash and cash equivalents,B9,RWF,2026-02,0.088573959
2026-02,DRC,146,B65160,Placements,Cash and cash equivalents,G9,USD,2026-02,129.02
2026-02,MALAWI,147,B65180,Debtors Prepaid other,Other receivables,C9,MWK,2026-02,0.07435828797477767
2026-02,MENA,147,B65180,Debtors Prepaid other,Other receivables,H9,AED,2026-02,35.13
2026-02,RWANDA,147,B65180,Debtors Prepaid other,Other receivables,B9,RWF,2026-02,0.088573959
2026-02,MENA,148,B65230,Tax Recoverable,Tax recoverable,H9,AED,2026-02,35.13
2026-02,RWANDA,148,B65230,Tax Recoverable,Tax recoverable,B9,RWF,2026-02,0.088573959
2026-02,MENA,149,B65240,VAT Receivable Debtor,Trade and other payables,H9,AED,2026-02,35.13
2026-02,RWANDA,149,B65240,VAT Receivable Debtor,Trade and other payables,B9,RWF,2026-02,0.088573959
2026-02,MENA,150,B65260,DUE FROM TANZANIA,Other receivables - Related parties,H9,AED,2026-02,35.13
2026-02,RWANDA,150,B65260,DUE FROM TANZANIA,Other receivables - Related parties,B9,RWF,2026-02,0.088573959
2026-02,MENA,151,B65280,Management Fees Receivable,Cash and cash equivalents,H9,AED,2026-02,35.13
2026-02,RWANDA,151,B65280,Management Fees Receivable,Cash and cash equivalents,B9,RWF,2026-02,0.088573959
2026-02,MALAWI,152,B65290,Withholding IncomeTax,Tax recoverable,C9,MWK,2026-02,0.07435828797477767
2026-02,MENA,152,B65290,Withholding IncomeTax,Tax recoverable,H9,AED,2026-02,35.13
2026-02,NIGERIA,152,B65290,Withholding IncomeTax,Tax recoverable,E9,NGN,2026-02,0.09648
2026-02,RWANDA,152,B65290,Withholding IncomeTax,Tax recoverable,B9,RWF,2026-02,0.088573959
2026-02,MALAWI,153,7400/000,Withholding Tax Payable,Trade and other payables,C9,MWK,2026-02,0.07435828797477767
2026-02,MENA,153,7400/000,Withholding Tax Payable,Trade and other payables,H9,AED,2026-02,35.13
2026-02,RWANDA,153,7400/000,Withholding Tax Payable,Trade and other payables,B9,RWF,2026-02,0.088573959
2026-02,MENA,154,B65350,INVENTORY ACCOUNT,Other receivables,H9,AED,2026-02,35.13
2026-02,RWANDA,154,B65350,INVENTORY ACCOUNT,Other receivables,B9,RWF,2026-02,0.088573959
2026-02,MENA,155,B65360,Drs- Control ZARINET,Other receivables,H9,AED,2026-02,35.13
2026-02,RWANDA,155,B65360,Drs- Control ZARINET,Other receivables,B9,RWF,2026-02,0.088573959
2026-02,MENA,156,B70120,BCF KENYA,Trade and other payables,H9,AED,2026-02,35.13
2026-02,RWANDA,156,B70120,BCF KENYA,Trade and other payables,B9,RWF,2026-02,0.088573959
2026-02,MENA,157,B70130,Due to/from Dubai,Other receivables - Related parties,H9,AED,2026-02,35.13
2026-02,RWANDA,157,B70130,Due to/from Dubai,Other receivables - Related parties,B9,RWF,2026-02,0.088573959
2026-02,MENA,158,B70140,Zamara pension Scheme,Trade and other payables,H9,AED,2026-02,35.13
2026-02,RWANDA,158,B70140,Zamara pension Scheme,Trade and other payables,B9,RWF,2026-02,0.088573959
2026-02,MENA,159,B70141,Post retirement medical fund,Trade and other payables,H9,AED,2026-02,35.13
2026-02,RWANDA,159,B70141,Post retirement medical fund,Trade and other payables,B9,RWF,2026-02,0.088573959
2026-02,MENA,160,B70142,ABSA LIFE CHECK OFF,Trade and other payables,H9,AED,2026-02,35.13
2026-02,RWANDA,160,B70142,ABSA LIFE CHECK OFF,Trade and other payables,B9,RWF,2026-02,0.088573959
2026-02,MENA,161,B70160,DUE TO /From DRC,Other receivables - Related parties,H9,AED,2026-02,35.13
2026-02,RWANDA,161,B70160,DUE TO /From DRC,Other receivables - Related parties,B9,RWF,2026-02,0.088573959
2026-02,MENA,162,B70180,Due to/from C & P/AFFS,Other receivables - Related parties,H9,AED,2026-02,35.13
2026-02,RWANDA,162,B70180,Due to/from C & P/AFFS,Other receivables - Related parties,B9,RWF,2026-02,0.088573959
2026-02,MENA,163,B70190,Withholding tax 5 %,Trade and other payables,H9,AED,2026-02,35.13
2026-02,RWANDA,163,B70190,Withholding tax 5 %,Trade and other payables,B9,RWF,2026-02,0.088573959
2026-02,MENA,164,B70195,Withholding VAT 2%-Creditors,Trade and other payables,H9,AED,2026-02,35.13
2026-02,RWANDA,164,B70195,Withholding VAT 2%-Creditors,Trade and other payables,B9,RWF,2026-02,0.088573959
2026-02,MENA,165,B70197,WithHolding Tax Other -20% International Creditors,Trade and other payables,H9,AED,2026-02,35.13
2026-02,RWANDA,165,B70197,WithHolding Tax Other -20% International Creditors,Trade and other payables,B9,RWF,2026-02,0.088573959
2026-02,MENA,166,B70198,Withholding VAT 10%-Creditors,Trade and other payables,H9,AED,2026-02,35.13
2026-02,RWANDA,166,B70198,Withholding VAT 10%-Creditors,Trade and other payables,B9,RWF,2026-02,0.088573959
2026-02,MENA,167,B70199,Withholding Tax 3%,Trade and other payables,H9,AED,2026-02,35.13
2026-02,RWANDA,167,B70199,Withholding Tax 3%,Trade and other payables,B9,RWF,2026-02,0.088573959
2026-02,MENA,168,B70200,C&P Coop Sacco,Trade and other payables,H9,AED,2026-02,35.13
2026-02,RWANDA,168,B70200,C&P Coop Sacco,Trade and other payables,B9,RWF,2026-02,0.088573959
2026-02,MENA,169,B70205,WithHolding Tax Other -20% International Creditors,Trade and other payables,H9,AED,2026-02,35.13
2026-02,RWANDA,169,B70205,WithHolding Tax Other -20% International Creditors,Trade and other payables,B9,RWF,2026-02,0.088573959
2026-02,MENA,170,B70210,Social Health Insurance Fund,Trade and other payables,H9,AED,2026-02,35.13
2026-02,RWANDA,170,B70210,Social Health Insurance Fund,Trade and other payables,B9,RWF,2026-02,0.088573959
2026-02,MENA,171,B70220,National Social Security Fund,Trade and other payables,H9,AED,2026-02,35.13
2026-02,RWANDA,171,B70220,National Social Security Fund,Trade and other payables,B9,RWF,2026-02,0.088573959
2026-02,MENA,172,B70230,Paymaster General (PAYE,Trade and other payables,H9,AED,2026-02,35.13
2026-02,RWANDA,172,B70230,Paymaster General (PAYE,Trade and other payables,B9,RWF,2026-02,0.088573959
2026-02,MENA,173,B70235,Salaries and Wages,Other receivables,H9,AED,2026-02,35.13
2026-02,RWANDA,173,B70235,Salaries and Wages,Other receivables,B9,RWF,2026-02,0.088573959
2026-02,DRC,173,B70235,Salaries and Wages,Other receivables,G35,USD,AVERAGE,129.025
2026-02,MENA,174,B70240,STANBIC CHECK OFF,Trade and other payables,H9,AED,2026-02,35.13
2026-02,RWANDA,174,B70240,STANBIC CHECK OFF,Trade and other payables,B9,RWF,2026-02,0.088573959
2026-02,MENA,175,B70260,Stanchart Check off,Trade and other payables,H9,AED,2026-02,35.13
2026-02,RWANDA,175,B70260,Stanchart Check off,Trade and other payables,B9,RWF,2026-02,0.088573959
2026-02,MENA,176,B70270,Vuna Pension Plan,Trade and other payables,H9,AED,2026-02,35.13
2026-02,RWANDA,176,B70270,Vuna Pension Plan,Trade and other payables,B9,RWF,2026-02,0.088573959
2026-02,MALAWI,177,B70280,Prov-Sundries,Trade and other payables,C9,MWK,2026-02,0.07435828797477767
2026-02,MENA,177,B70280,Prov-Sundries,Trade and other payables,H9,AED,2026-02,35.13
2026-02,RWANDA,177,B70280,Prov-Sundries,Trade and other payables,B9,RWF,2026-02,0.088573959
2026-02,DRC,177,B70280,Prov-Sundries,Trade and other payables,G8,USD,2026-01,129.03
2026-02,MALAWI,179,B70281,Other Provisions,Trade and other payables,C9,MWK,2026-02,0.07435828797477767
2026-02,MENA,179,B70281,Other Provisions,Trade and other payables,H9,AED,2026-02,35.13
2026-02,NIGERIA,179,B70281,Other Provisions,Trade and other payables,E9,NGN,2026-02,0.09648
2026-02,RWANDA,179,B70281,Other Provisions,Trade and other payables,B9,RWF,2026-02,0.088573959
2026-02,DRC,179,B70281,Other Provisions,Trade and other payables,G8,USD,2026-01,129.03
2026-02,MENA,180,B70282,Prov-Sundries - SA (GrpIT Alex & PI),Trade and other payables,H9,AED,2026-02,35.13
2026-02,RWANDA,180,B70282,Prov-Sundries - SA (GrpIT Alex & PI),Trade and other payables,B9,RWF,2026-02,0.088573959
2026-02,DRC,180,B70282,Prov-Sundries - SA (GrpIT Alex & PI),Trade and other payables,G35,USD,AVERAGE,129.025
2026-02,MENA,181,B70310,Higher education loan Board,Trade and other payables,H9,AED,2026-02,35.13
2026-02,RWANDA,181,B70310,Higher education loan Board,Trade and other payables,B9,RWF,2026-02,0.088573959
2026-02,MALAWI,182,B70340,CRS-Trade (Operating),Trade and other payables,C9,MWK,2026-02,0.07435828797477767
2026-02,MENA,182,B70340,CRS-Trade (Operating),Trade and other payables,H9,AED,2026-02,35.13
2026-02,RWANDA,182,B70340,CRS-Trade (Operating),Trade and other payables,B9,RWF,2026-02,0.088573959
2026-02,MENA,183,B70360,Welfare Fund Contributons,Trade and other payables,H9,AED,2026-02,35.13
2026-02,RWANDA,183,B70360,Welfare Fund Contributons,Trade and other payables,B9,RWF,2026-02,0.088573959
2026-02,MENA,184,B70390,Equity Check off,Trade and other payables,H9,AED,2026-02,35.13
2026-02,RWANDA,184,B70390,Equity Check off,Trade and other payables,B9,RWF,2026-02,0.088573959
2026-02,MALAWI,185,B70400,Other Payables-Refunds,Trade and other payables,C9,MWK,2026-02,0.07435828797477767
2026-02,MENA,185,B70400,Other Payables-Refunds,Trade and other payables,H9,AED,2026-02,35.13
2026-02,RWANDA,185,B70400,Other Payables-Refunds,Trade and other payables,B9,RWF,2026-02,0.088573959
2026-02,DRC,185,B70400,Other Payables-Refunds,Trade and other payables,G9,USD,2026-02,129.02
2026-02,MENA,186,B70410,Housing Levy,Trade and other payables,H9,AED,2026-02,35.13
2026-02,RWANDA,186,B70410,Housing Levy,Trade and other payables,B9,RWF,2026-02,0.088573959
2026-02,MENA,187,B70420,Absa Check off,Trade and other payables,H9,AED,2026-02,35.13
2026-02,RWANDA,187,B70420,Absa Check off,Trade and other payables,B9,RWF,2026-02,0.088573959
2026-02,MALAWI,188,B75120,Tax Provision-Other,Tax recoverable,C9,MWK,2026-02,0.07435828797477767
2026-02,RWANDA,188,B75120,Tax Provision-Other,Tax recoverable,B9,RWF,2026-02,0.088573959
2026-02,DRC,188,B75120,Tax Provision-Other,Tax recoverable,G9,USD,2026-02,129.02
2026-02,MALAWI,189,B80110,Bonus(General provision),Trade and other payables,C9,MWK,2026-02,0.07435828797477767
2026-02,MENA,189,B80110,Bonus(General provision),Trade and other payables,H9,AED,2026-02,35.13
2026-02,RWANDA,189,B80110,Bonus(General provision),Trade and other payables,B9,RWF,2026-02,0.088573959
2026-02,MENA,190,B80120,Fees Suspense A/c,Other receivables,H9,AED,2026-02,35.13
2026-02,RWANDA,190,B80120,Fees Suspense A/c,Other receivables,B9,RWF,2026-02,0.088573959
2026-02,MALAWI,191,B80170,VAT Control Account,Trade and other payables,C9,MWK,2026-02,0.07435828797477767
2026-02,MENA,191,B80170,VAT Control Account,Trade and other payables,H9,AED,2026-02,35.13
2026-02,NIGERIA,191,B80170,VAT Control Account,Trade and other payables,E9,NGN,2026-02,0.09648
2026-02,RWANDA,191,B80170,VAT Control Account,Trade and other payables,B9,RWF,2026-02,0.088573959
2026-02,DRC,191,B80170,VAT Control Account,Trade and other payables,G9,USD,2026-02,129.02
2026-02,MENA,192,7460/000,VAT(REVERSE VAT),Other receivables,H9,AED,2026-02,35.13
2026-02,RWANDA,192,7460/000,VAT(REVERSE VAT),Other receivables,B9,RWF,2026-02,0.088573959
2026-02,MENA,193,B80140,Current Tax,Tax recoverable,H9,AED,2026-02,35.13
2026-02,RWANDA,193,B80140,Current Tax,Tax recoverable,B9,RWF,2026-02,0.088573959
2026-02,MENA,194,B80151,Prepayments,Other receivables,H9,AED,2026-02,35.13
2026-02,NIGERIA,194,B80151,Prepayments,Other receivables,E9,NGN,2026-02,0.09648
2026-02,RWANDA,194,B80151,Prepayments,Other receivables,B9,RWF,2026-02,0.088573959
2026-02,MENA,195,B80152,Due from/(to) ZAAC Zanzibar,Trade and other payables,H9,AED,2026-02,35.13
2026-02,RWANDA,195,B80152,Due from/(to) ZAAC Zanzibar,Trade and other payables,B9,RWF,2026-02,0.088573959
2026-02,MALAWI,196,I10035,Sundry Income,Income Statement-Revenue,C35,MWK,AVERAGE,0.07429866885747048
2026-02,RWANDA,196,I10035,Sundry Income,Income Statement-Revenue,B35,RWF,AVERAGE,0.08873142394444444
2026-02,MALAWI,197,I10058,Consulting-One-off,Income Statement-Revenue,C35,MWK,AVERAGE,0.07429866885747048
2026-02,MENA,197,I10058,Consulting-One-off,Income Statement-Revenue,H9,AED,2026-02,35.13
2026-02,RWANDA,197,I10058,Consulting-One-off,Income Statement-Revenue,B35,RWF,AVERAGE,0.08873142394444444
2026-02,MALAWI,198,I10060,Actuarial - Once-off,Income Statement-Revenue,C35,MWK,AVERAGE,0.07429866885747048
2026-02,MENA,198,I10060,Actuarial - Once-off,Income Statement-Revenue,H35,AED,AVERAGE,35.11
2026-02,RWANDA,198,I10060,Actuarial - Once-off,Income Statement-Revenue,B35,RWF,AVERAGE,0.08873142394444444
2026-02,MALAWI,199,I10067,AF Trust Fund,Income Statement-Revenue,C35,MWK,AVERAGE,0.07429866885747048
2026-02,MENA,199,I10067,AF Trust Fund,Income Statement-Revenue,H35,AED,AVERAGE,35.11
2026-02,RWANDA,199,I10067,AF Trust Fund,Income Statement-Revenue,B35,RWF,AVERAGE,0.08873142394444444
2026-02,MALAWI,200,I10068,Retirement plans - Income Draw Down,Income Statement-Revenue,C35,MWK,AVERAGE,0.07429866885747048
2026-02,MENA,200,I10068,Retirement plans - Income Draw Down,Income Statement-Revenue,H35,AED,AVERAGE,35.11
2026-02,RWANDA,200,I10068,Retirement plans - Income Draw Down,Income Statement-Revenue,B35,RWF,AVERAGE,0.08873142394444444
2026-02,MALAWI,201,I10070,IPP - Vuna Retirement Plan,Income Statement-Revenue,C35,MWK,AVERAGE,0.07429866885747048
2026-02,MENA,201,I10070,IPP - Vuna Retirement Plan,Income Statement-Revenue,H35,AED,AVERAGE,35.11
2026-02,RWANDA,201,I10070,IPP - Vuna Retirement Plan,Income Statement-Revenue,B35,RWF,AVERAGE,0.08873142394444444
2026-02,MALAWI,202,I10071,MC-ADMIN FEES,Income Statement-Revenue,C35,MWK,AVERAGE,0.07429866885747048
2026-02,MENA,202,I10071,MC-ADMIN FEES,Income Statement-Revenue,H35,AED,AVERAGE,35.11
2026-02,NIGERIA,202,I10071,MC-ADMIN FEES,Income Statement-Revenue,E35,NGN,AVERAGE,0.094665
2026-02,RWANDA,202,I10071,MC-ADMIN FEES,Income Statement-Revenue,B35,RWF,AVERAGE,0.08873142394444444
2026-02,MALAWI,203,1940/500,IAC Fees,Income Statement-Revenue,C35,MWK,AVERAGE,0.07429866885747048
2026-02,MENA,203,1940/500,IAC Fees,Income Statement-Revenue,H35,AED,AVERAGE,35.11
2026-02,RWANDA,203,1940/500,IAC Fees,Income Statement-Revenue,B35,RWF,AVERAGE,0.08873142394444444
2026-02,MALAWI,204,I10073,AFRF Admin Fees,Income Statement-Revenue,C35,MWK,AVERAGE,0.07429866885747048
2026-02,MENA,204,I10073,AFRF Admin Fees,Income Statement-Revenue,H35,AED,AVERAGE,35.11
2026-02,RWANDA,204,I10073,AFRF Admin Fees,Income Statement-Revenue,B35,RWF,AVERAGE,0.08873142394444444
2026-02,MALAWI,205,I10122,Trustee Training/Workshops,Income Statement-Revenue,C35,MWK,AVERAGE,0.07429866885747048
2026-02,MENA,205,I10122,Trustee Training/Workshops,Income Statement-Revenue,H35,AED,AVERAGE,35.11
2026-02,RWANDA,205,I10122,Trustee Training/Workshops,Income Statement-Revenue,B35,RWF,AVERAGE,0.08873142394444444
2026-02,MALAWI,206,,LOSS/GAIN ON DISPOSAL,Income Statement-Revenue,C35,MWK,AVERAGE,0.07429866885747048
2026-02,MALAWI,207,1020/080,Commission,Income Statement-Revenue,C35,MWK,AVERAGE,0.07429866885747048
2026-02,MENA,207,1020/080,Commission,Income Statement-Revenue,H35,AED,AVERAGE,35.11
2026-02,RWANDA,207,1020/080,Commission,Income Statement-Revenue,B35,RWF,AVERAGE,0.08873142394444444
2026-02,DRC,207,1020/080,Commission,Income Statement-Revenue,G35,USD,AVERAGE,129.025
2026-02,MALAWI,208,1040/080,Interest Income,Income Statement-Revenue,C35,MWK,AVERAGE,0.07429866885747048
2026-02,MENA,208,1040/080,Interest Income,Income Statement-Revenue,H35,AED,AVERAGE,35.11
2026-02,RWANDA,208,1040/080,Interest Income,Income Statement-Revenue,B35,RWF,AVERAGE,0.08873142394444444
2026-02,MENA,209,1080/000,Other Income,Income Statement-Revenue,H35,AED,AVERAGE,35.11
2026-02,NIGERIA,209,1080/000,Other Income,Income Statement-Revenue,E35,NGN,AVERAGE,0.094665
2026-02,RWANDA,209,1080/000,Other Income,Income Statement-Revenue,B35,RWF,AVERAGE,0.08873142394444444
2026-02,MALAWI,210,I25001,Emol.Pack-Salaries,Income Statement-Expenses,C35,MWK,AVERAGE,0.07429866885747048
2026-02,MENA,210,I25001,Emol.Pack-Salaries,Income Statement-Expenses,H35,AED,AVERAGE,35.11
2026-02,NIGERIA,210,I25001,Emol.Pack-Salaries,Income Statement-Expenses,E35,NGN,AVERAGE,0.094665
2026-02,RWANDA,210,I25001,Emol.Pack-Salaries,Income Statement-Expenses,B35,RWF,AVERAGE,0.08873142394444444
2026-02,DRC,210,I25001,Emol.Pack-Salaries,Income Statement-Expenses,G35,USD,AVERAGE,129.025
2026-02,MENA,211,I25002,Emol.Pack-Housing Subsid,Income Statement-Expenses,H35,AED,AVERAGE,35.11
2026-02,RWANDA,211,I25002,Emol.Pack-Housing Subsid,Income Statement-Expenses,B35,RWF,AVERAGE,0.08873142394444444
2026-02,MALAWI,212,I25003,Emol.Pack-Med.Contribut.,Income Statement-Expenses,C35,MWK,AVERAGE,0.07429866885747048
2026-02,MENA,212,I25003,Emol.Pack-Med.Contribut.,Income Statement-Expenses,H35,AED,AVERAGE,35.11
2026-02,NIGERIA,212,I25003,Emol.Pack-Med.Contribut.,Income Statement-Expenses,E35,NGN,AVERAGE,0.094665
2026-02,RWANDA,212,I25003,Emol.Pack-Med.Contribut.,Income Statement-Expenses,B35,RWF,AVERAGE,0.08873142394444444
2026-02,DRC,212,I25003,Emol.Pack-Med.Contribut.,Income Statement-Expenses,G35,USD,AVERAGE,129.025
2026-02,MALAWI,213,I25004,Emol.Pack-Pens.Contribut.,Income Statement-Expenses,C35,MWK,AVERAGE,0.07429866885747048
2026-02,MENA,213,I25004,Emol.Pack-Pens.Contribut.,Income Statement-Expenses,H35,AED,AVERAGE,35.11
2026-02,NIGERIA,213,I25004,Emol.Pack-Pens.Contribut.,Income Statement-Expenses,E35,NGN,AVERAGE,0.094665
2026-02,RWANDA,213,I25004,Emol.Pack-Pens.Contribut.,Income Statement-Expenses,B35,RWF,AVERAGE,0.08873142394444444
2026-02,MALAWI,214,I25005,Emol.Pack-Other,Income Statement-Expenses,C35,MWK,AVERAGE,0.07429866885747048
2026-02,MENA,214,I25005,Emol.Pack-Other,Income Statement-Expenses,H35,AED,AVERAGE,35.11
2026-02,NIGERIA,214,I25005,Emol.Pack-Other,Income Statement-Expenses,E35,NGN,AVERAGE,0.094665
2026-02,RWANDA,214,I25005,Emol.Pack-Other,Income Statement-Expenses,B35,RWF,AVERAGE,0.08873142394444444
2026-02,DRC,214,I25005,Emol.Pack-Other,Income Statement-Expenses,G35,USD,AVERAGE,129.025
2026-02,MALAWI,215,I25009,Co.Contrib-Life Assurance,Income Statement-Expenses,C35,MWK,AVERAGE,0.07429866885747048
2026-02,MENA,215,I25009,Co.Contrib-Life Assurance,Income Statement-Expenses,H35,AED,AVERAGE,35.11
2026-02,NIGERIA,215,I25009,Co.Contrib-Life Assurance,Income Statement-Expenses,E35,NGN,AVERAGE,0.094665
2026-02,RWANDA,215,I25009,Co.Contrib-Life Assurance,Income Statement-Expenses,B35,RWF,AVERAGE,0.08873142394444444
2026-02,MALAWI,216,I25020,Temporary Staff-General,Income Statement-Expenses,C35,MWK,AVERAGE,0.07429866885747048
2026-02,MENA,216,I25020,Temporary Staff-General,Income Statement-Expenses,H35,AED,AVERAGE,35.11
2026-02,RWANDA,216,I25020,Temporary Staff-General,Income Statement-Expenses,B35,RWF,AVERAGE,0.08873142394444444
2026-02,DRC,216,I25020,Temporary Staff-General,Income Statement-Expenses,G35,USD,AVERAGE,129.025
2026-02,MALAWI,217,I25024,Welfare-General,Income Statement-Expenses,C35,MWK,AVERAGE,0.07429866885747048
2026-02,MENA,217,I25024,Welfare-General,Income Statement-Expenses,H35,AED,AVERAGE,35.11
2026-02,RWANDA,217,I25024,Welfare-General,Income Statement-Expenses,B35,RWF,AVERAGE,0.08873142394444444
2026-02,MALAWI,218,I25026,Training EXTERNAL,Income Statement-Expenses,C35,MWK,AVERAGE,0.07429866885747048
2026-02,MENA,218,I25026,Training EXTERNAL,Income Statement-Expenses,H35,AED,AVERAGE,35.11
2026-02,NIGERIA,218,I25026,Training EXTERNAL,Income Statement-Expenses,E35,NGN,AVERAGE,0.094665
2026-02,RWANDA,218,I25026,Training EXTERNAL,Income Statement-Expenses,B35,RWF,AVERAGE,0.08873142394444444
2026-02,DRC,218,I25026,Training EXTERNAL,Income Statement-Expenses,G35,USD,AVERAGE,129.025
2026-02,MALAWI,219,I25027,Training INTERNAL,Income Statement-Expenses,C35,MWK,AVERAGE,0.07429866885747048
2026-02,MENA,219,I25027,Training INTERNAL,Income Statement-Expenses,H35,AED,AVERAGE,35.11
2026-02,RWANDA,219,I25027,Training INTERNAL,Income Statement-Expenses,B35,RWF,AVERAGE,0.08873142394444444
2026-02,MALAWI,220,I25028,Other Staff Benefits,Income Statement-Expenses,C35,MWK,AVERAGE,0.07429866885747048
2026-02,MENA,220,I25028,Other Staff Benefits,Income Statement-Expenses,H35,AED,AVERAGE,35.11
2026-02,RWANDA,220,I25028,Other Staff Benefits,Income Statement-Expenses,B35,RWF,AVERAGE,0.08873142394444444
2026-02,DRC,220,I25028,Other Staff Benefits,Income Statement-Expenses,G35,USD,AVERAGE,129.025
2026-02,MALAWI,221,I25029,Other Staff Costs,Income Statement-Expenses,C35,MWK,AVERAGE,0.07429866885747048
2026-02,MENA,221,I25029,Other Staff Costs,Income Statement-Expenses,H35,AED,AVERAGE,35.11
2026-02,NIGERIA,221,I25029,Other Staff Costs,Income Statement-Expenses,E9,NGN,2026-02,0.09648
2026-02,RWANDA,221,I25029,Other Staff Costs,Income Statement-Expenses,B35,RWF,AVERAGE,0.08873142394444444
2026-02,DRC,221,I25029,Other Staff Costs,Income Statement-Expenses,G35,USD,AVERAGE,129.025
2026-02,MALAWI,222,I25032,Commissions - Lead,Income Statement-Expenses,C35,MWK,AVERAGE,0.07429866885747048
2026-02,MENA,222,I25032,Commissions - Lead,Income Statement-Expenses,H35,AED,AVERAGE,35.11
2026-02,RWANDA,222,I25032,Commissions - Lead,Income Statement-Expenses,B35,RWF,AVERAGE,0.08873142394444444
2026-02,DRC,222,I25032,Commissions - Lead,Income Statement-Expenses,G35,USD,AVERAGE,129.025
2026-02,MALAWI,223,I25033,Commission Leads,Income Statement-Expenses,C35,MWK,AVERAGE,0.07429866885747048
2026-02,MENA,223,I25033,Commission Leads,Income Statement-Expenses,H35,AED,AVERAGE,35.11
2026-02,RWANDA,223,I25033,Commission Leads,Income Statement-Expenses,B35,RWF,AVERAGE,0.08873142394444444
2026-02,MALAWI,224,I25071,Prem-Cleaning,Income Statement-Expenses,C35,MWK,AVERAGE,0.07429866885747048
2026-02,MENA,224,I25071,Prem-Cleaning,Income Statement-Expenses,H35,AED,AVERAGE,35.11
2026-02,RWANDA,224,I25071,Prem-Cleaning,Income Statement-Expenses,B35,RWF,AVERAGE,0.08873142394444444
2026-02,MALAWI,225,I25072,Prem-Electricity,Income Statement-Expenses,C35,MWK,AVERAGE,0.07429866885747048
2026-02,MENA,225,I25072,Prem-Electricity,Income Statement-Expenses,H35,AED,AVERAGE,35.11
2026-02,NIGERIA,225,I25072,Prem-Electricity,Income Statement-Expenses,E35,NGN,AVERAGE,0.094665
2026-02,RWANDA,225,I25072,Prem-Electricity,Income Statement-Expenses,B35,RWF,AVERAGE,0.08873142394444444
2026-02,DRC,225,I25072,Prem-Electricity,Income Statement-Expenses,G35,USD,AVERAGE,129.025
2026-02,MALAWI,226,I25073,Prem-Security,Income Statement-Expenses,C35,MWK,AVERAGE,0.07429866885747048
2026-02,MENA,226,I25073,Prem-Security,Income Statement-Expenses,H35,AED,AVERAGE,35.11
2026-02,RWANDA,226,I25073,Prem-Security,Income Statement-Expenses,B35,RWF,AVERAGE,0.08873142394444444
2026-02,DRC,226,I25073,Prem-Security,Income Statement-Expenses,G35,USD,AVERAGE,129.025
2026-02,MALAWI,227,I25074,Prem-Rates,Income Statement-Expenses,C35,MWK,AVERAGE,0.07429866885747048
2026-02,MENA,227,I25074,Prem-Rates,Income Statement-Expenses,H35,AED,AVERAGE,35.11
2026-02,RWANDA,227,I25074,Prem-Rates,Income Statement-Expenses,B35,RWF,AVERAGE,0.08873142394444444
2026-02,DRC,227,I25074,Prem-Rates,Income Statement-Expenses,G8,USD,2026-01,129.03
2026-02,MALAWI,228,I25079,Prem-Rental(EXTERNAL),Income Statement-Expenses,C35,MWK,AVERAGE,0.07429866885747048
2026-02,MENA,228,I25079,Prem-Rental(EXTERNAL),Income Statement-Expenses,H35,AED,AVERAGE,35.11
2026-02,NIGERIA,228,I25079,Prem-Rental(EXTERNAL),Income Statement-Expenses,E35,NGN,AVERAGE,0.094665
2026-02,RWANDA,228,I25079,Prem-Rental(EXTERNAL),Income Statement-Expenses,B35,RWF,AVERAGE,0.08873142394444444
2026-02,DRC,228,I25079,Prem-Rental(EXTERNAL),Income Statement-Expenses,G35,USD,AVERAGE,129.025
2026-02,MALAWI,229,3890/080,Prem-Rental(INTERNAL),Income Statement-Expenses,C35,MWK,AVERAGE,0.07429866885747048
2026-02,MENA,229,3890/080,Prem-Rental(INTERNAL),Income Statement-Expenses,H35,AED,AVERAGE,35.11
2026-02,RWANDA,229,3890/080,Prem-Rental(INTERNAL),Income Statement-Expenses,B35,RWF,AVERAGE,0.08873142394444444
2026-02,DRC,229,3890/080,Prem-Rental(INTERNAL),Income Statement-Expenses,G35,USD,AVERAGE,129.025
2026-02,MALAWI,230,I25080,Prem-Parking(EXTERNAL),Income Statement-Expenses,C35,MWK,AVERAGE,0.07429866885747048
2026-02,MENA,230,I25080,Prem-Parking(EXTERNAL),Income Statement-Expenses,H35,AED,AVERAGE,35.11
2026-02,RWANDA,230,I25080,Prem-Parking(EXTERNAL),Income Statement-Expenses,B35,RWF,AVERAGE,0.08873142394444444
2026-02,DRC,230,I25080,Prem-Parking(EXTERNAL),Income Statement-Expenses,G35,USD,AVERAGE,129.025
2026-02,MALAWI,231,I25111,Printing-General,Income Statement-Expenses,C35,MWK,AVERAGE,0.07429866885747048
2026-02,MENA,231,I25111,Printing-General,Income Statement-Expenses,H35,AED,AVERAGE,35.11
2026-02,NIGERIA,231,I25111,Printing-General,Income Statement-Expenses,E35,NGN,AVERAGE,0.094665
2026-02,RWANDA,231,I25111,Printing-General,Income Statement-Expenses,B35,RWF,AVERAGE,0.08873142394444444
2026-02,DRC,231,I25111,Printing-General,Income Statement-Expenses,G35,USD,AVERAGE,129.025
2026-02,MALAWI,232,I25114,Stationery-General,Income Statement-Expenses,C35,MWK,AVERAGE,0.07429866885747048
2026-02,MENA,232,I25114,Stationery-General,Income Statement-Expenses,H35,AED,AVERAGE,35.11
2026-02,RWANDA,232,I25114,Stationery-General,Income Statement-Expenses,B35,RWF,AVERAGE,0.08873142394444444
2026-02,DRC,232,I25114,Stationery-General,Income Statement-Expenses,G35,USD,AVERAGE,129.025
2026-02,MALAWI,233,I25141,Prof.Fees-Audit Fees,Income Statement-Expenses,C35,MWK,AVERAGE,0.07429866885747048
2026-02,MENA,233,I25141,Prof.Fees-Audit Fees,Income Statement-Expenses,H35,AED,AVERAGE,35.11
2026-02,NIGERIA,233,I25141,Prof.Fees-Audit Fees,Income Statement-Expenses,E35,NGN,AVERAGE,0.094665
2026-02,RWANDA,233,I25141,Prof.Fees-Audit Fees,Income Statement-Expenses,B35,RWF,AVERAGE,0.08873142394444444
2026-02,DRC,233,I25141,Prof.Fees-Audit Fees,Income Statement-Expenses,G35,USD,AVERAGE,129.025
2026-02,MALAWI,234,I25145,Prof.Fees-Other,Income Statement-Expenses,C35,MWK,AVERAGE,0.07429866885747048
2026-02,MENA,234,I25145,Prof.Fees-Other,Income Statement-Expenses,H35,AED,AVERAGE,35.11
2026-02,NIGERIA,234,I25145,Prof.Fees-Other,Income Statement-Expenses,E35,NGN,AVERAGE,0.094665
2026-02,RWANDA,234,I25145,Prof.Fees-Other,Income Statement-Expenses,B35,RWF,AVERAGE,0.08873142394444444
2026-02,DRC,234,I25145,Prof.Fees-Other,Income Statement-Expenses,G35,USD,AVERAGE,129.025
2026-02,MALAWI,235,I25181,Trav. Air Fares,Income Statement-Expenses,C35,MWK,AVERAGE,0.07429866885747048
2026-02,MENA,235,I25181,Trav. Air Fares,Income Statement-Expenses,H35,AED,AVERAGE,35.11
2026-02,NIGERIA,235,I25181,Trav. Air Fares,Income Statement-Expenses,E35,NGN,AVERAGE,0.094665
2026-02,RWANDA,235,I25181,Trav. Air Fares,Income Statement-Expenses,B35,RWF,AVERAGE,0.08873142394444444
2026-02,DRC,235,I25181,Trav. Air Fares,Income Statement-Expenses,G35,USD,AVERAGE,129.025
2026-02,MALAWI,236,I25182,Trav. Accom.,Income Statement-Expenses,C35,MWK,AVERAGE,0.07429866885747048
2026-02,MENA,236,I25182,Trav. Accom.,Income Statement-Expenses,H35,AED,AVERAGE,35.11
2026-02,RWANDA,236,I25182,Trav. Accom.,Income Statement-Expenses,B35,RWF,AVERAGE,0.08873142394444444
2026-02,DRC,236,I25182,Trav. Accom.,Income Statement-Expenses,G35,USD,AVERAGE,129.025
2026-02,MALAWI,237,3400/200,Trav. Sundry exp.,Income Statement-Expenses,C35,MWK,AVERAGE,0.07429866885747048
2026-02,MENA,237,3400/200,Trav. Sundry exp.,Income Statement-Expenses,H35,AED,AVERAGE,35.11
2026-02,NIGERIA,237,3400/200,Trav. Sundry exp.,Income Statement-Expenses,E35,NGN,AVERAGE,0.094665
2026-02,RWANDA,237,3400/200,Trav. Sundry exp.,Income Statement-Expenses,B35,RWF,AVERAGE,0.08873142394444444
2026-02,DRC,237,3400/200,Trav. Sundry exp.,Income Statement-Expenses,G35,USD,AVERAGE,129.025
2026-02,MALAWI,238,I25192,Conference Given By Us,Income Statement-Expenses,C35,MWK,AVERAGE,0.07429866885747048
2026-02,MENA,238,I25192,Conference Given By Us,Income Statement-Expenses,H35,AED,AVERAGE,35.11
2026-02,RWANDA,238,I25192,Conference Given By Us,Income Statement-Expenses,B35,RWF,AVERAGE,0.08873142394444444
2026-02,MALAWI,239,I25193,Conference Attended by Us,Income Statement-Expenses,C35,MWK,AVERAGE,0.07429866885747048
2026-02,MENA,239,I25193,Conference Attended by Us,Income Statement-Expenses,H35,AED,AVERAGE,35.11
2026-02,NIGERIA,239,I25193,Conference Attended by Us,Income Statement-Expenses,E35,NGN,AVERAGE,0.094665
2026-02,RWANDA,239,I25193,Conference Attended by Us,Income Statement-Expenses,B35,RWF,AVERAGE,0.08873142394444444
2026-02,DRC,239,I25193,Conference Attended by Us,Income Statement-Expenses,G35,USD,AVERAGE,129.025
2026-02,MALAWI,240,3510/200,Management expenses,Income Statement-Expenses,C35,MWK,AVERAGE,0.07429866885747048
2026-02,MENA,240,3510/200,Management expenses,Income Statement-Expenses,H35,AED,AVERAGE,35.11
2026-02,NIGERIA,240,3510/200,Management expenses,Income Statement-Expenses,E8,NGN,2026-01,0.09285
2026-02,RWANDA,240,3510/200,Management expenses,Income Statement-Expenses,B35,RWF,AVERAGE,0.08873142394444444
2026-02,DRC,240,3510/200,Management expenses,Income Statement-Expenses,G35,USD,AVERAGE,129.025
2026-02,MALAWI,241,I25203,Bus.Advert-General,Income Statement-Expenses,C35,MWK,AVERAGE,0.07429866885747048
2026-02,MENA,241,I25203,Bus.Advert-General,Income Statement-Expenses,H35,AED,AVERAGE,35.11
2026-02,RWANDA,241,I25203,Bus.Advert-General,Income Statement-Expenses,B35,RWF,AVERAGE,0.08873142394444444
2026-02,DRC,241,I25203,Bus.Advert-General,Income Statement-Expenses,G35,USD,AVERAGE,129.025
2026-02,MALAWI,242,I25204,Bus.Advert-PR Material,Income Statement-Expenses,C35,MWK,AVERAGE,0.07429866885747048
2026-02,MENA,242,I25204,Bus.Advert-PR Material,Income Statement-Expenses,H35,AED,AVERAGE,35.11
2026-02,RWANDA,242,I25204,Bus.Advert-PR Material,Income Statement-Expenses,B35,RWF,AVERAGE,0.08873142394444444
2026-02,MALAWI,243,I25205,Sponsorships-General,Income Statement-Expenses,C35,MWK,AVERAGE,0.07429866885747048
2026-02,MENA,243,I25205,Sponsorships-General,Income Statement-Expenses,H35,AED,AVERAGE,35.11
2026-02,RWANDA,243,I25205,Sponsorships-General,Income Statement-Expenses,B35,RWF,AVERAGE,0.08873142394444444
2026-02,DRC,243,I25205,Sponsorships-General,Income Statement-Expenses,G35,USD,AVERAGE,129.025
2026-02,MALAWI,244,I25232,Telephone-Variable,Income Statement-Expenses,C35,MWK,AVERAGE,0.07429866885747048
2026-02,MENA,244,I25232,Telephone-Variable,Income Statement-Expenses,H35,AED,AVERAGE,35.11
2026-02,NIGERIA,244,I25232,Telephone-Variable,Income Statement-Expenses,E35,NGN,AVERAGE,0.094665
2026-02,RWANDA,244,I25232,Telephone-Variable,Income Statement-Expenses,B35,RWF,AVERAGE,0.08873142394444444
2026-02,DRC,244,I25232,Telephone-Variable,Income Statement-Expenses,G35,USD,AVERAGE,129.025
2026-02,MALAWI,245,I25236,Courier Services Cost,Income Statement-Expenses,C35,MWK,AVERAGE,0.07429866885747048
2026-02,MENA,245,I25236,Courier Services Cost,Income Statement-Expenses,H35,AED,AVERAGE,35.11
2026-02,NIGERIA,245,I25236,Courier Services Cost,Income Statement-Expenses,E35,NGN,AVERAGE,0.094665
2026-02,RWANDA,245,I25236,Courier Services Cost,Income Statement-Expenses,B35,RWF,AVERAGE,0.08873142394444444
2026-02,DRC,245,I25236,Courier Services Cost,Income Statement-Expenses,G35,USD,AVERAGE,129.025
2026-02,MALAWI,246,I25262,S/ware Depreciation,Income Statement-Expenses,C35,MWK,AVERAGE,0.07429866885747048
2026-02,MENA,246,I25262,S/ware Depreciation,Income Statement-Expenses,H35,AED,AVERAGE,35.11
2026-02,RWANDA,246,I25262,S/ware Depreciation,Income Statement-Expenses,B35,RWF,AVERAGE,0.08873142394444444
2026-02,MALAWI,247,I25264,Furn-Depreciation,Income Statement-Expenses,C35,MWK,AVERAGE,0.07429866885747048
2026-02,MENA,247,I25264,Furn-Depreciation,Income Statement-Expenses,H35,AED,AVERAGE,35.11
2026-02,NIGERIA,247,I25264,Furn-Depreciation,Income Statement-Expenses,E35,NGN,AVERAGE,0.094665
2026-02,RWANDA,247,I25264,Furn-Depreciation,Income Statement-Expenses,B35,RWF,AVERAGE,0.08873142394444444
2026-02,DRC,247,I25264,Furn-Depreciation,Income Statement-Expenses,G35,USD,AVERAGE,129.025
2026-02,MALAWI,248,4000/000,VALUE ADDS,Income Statement-Expenses,C35,MWK,AVERAGE,0.07429866885747048
2026-02,MENA,248,4000/000,VALUE ADDS,Income Statement-Expenses,H35,AED,AVERAGE,35.11
2026-02,RWANDA,248,4000/000,VALUE ADDS,Income Statement-Expenses,B35,RWF,AVERAGE,0.08873142394444444
2026-02,MALAWI,249,I25265,Equip-Depreciation,Income Statement-Expenses,C35,MWK,AVERAGE,0.07429866885747048
2026-02,MENA,249,I25265,Equip-Depreciation,Income Statement-Expenses,H35,AED,AVERAGE,35.11
2026-02,NIGERIA,249,I25265,Equip-Depreciation,Income Statement-Expenses,E35,NGN,AVERAGE,0.094665
2026-02,RWANDA,249,I25265,Equip-Depreciation,Income Statement-Expenses,B35,RWF,AVERAGE,0.08873142394444444
2026-02,DRC,249,I25265,Equip-Depreciation,Income Statement-Expenses,G35,USD,AVERAGE,129.025
2026-02,MALAWI,250,I25268,Goodwill amortisation,Income Statement-Expenses,C35,MWK,AVERAGE,0.07429866885747048
2026-02,MENA,250,I25268,Goodwill amortisation,Income Statement-Expenses,H35,AED,AVERAGE,35.11
2026-02,RWANDA,250,I25268,Goodwill amortisation,Income Statement-Expenses,B35,RWF,AVERAGE,0.08873142394444444
2026-02,MALAWI,251,I25291,Entertainment-(IN TOWN),Income Statement-Expenses,C35,MWK,AVERAGE,0.07429866885747048
2026-02,MENA,251,I25291,Entertainment-(IN TOWN),Income Statement-Expenses,H35,AED,AVERAGE,35.11
2026-02,RWANDA,251,I25291,Entertainment-(IN TOWN),Income Statement-Expenses,B35,RWF,AVERAGE,0.08873142394444444
2026-02,DRC,251,I25291,Entertainment-(IN TOWN),Income Statement-Expenses,G35,USD,AVERAGE,129.025
2026-02,MALAWI,252,3490/000,Entertainment-(OUT OF TOWN),Income Statement-Expenses,C35,MWK,AVERAGE,0.07429866885747048
2026-02,MENA,252,3490/000,Entertainment-(OUT OF TOWN),Income Statement-Expenses,H35,AED,AVERAGE,35.11
2026-02,RWANDA,252,3490/000,Entertainment-(OUT OF TOWN),Income Statement-Expenses,B35,RWF,AVERAGE,0.08873142394444444
2026-02,MALAWI,253,I25292,ENTERTAINMENT LUNCH,Income Statement-Expenses,C35,MWK,AVERAGE,0.07429866885747048
2026-02,MENA,253,I25292,ENTERTAINMENT LUNCH,Income Statement-Expenses,H35,AED,AVERAGE,35.11
2026-02,RWANDA,253,I25292,ENTERTAINMENT LUNCH,Income Statement-Expenses,B35,RWF,AVERAGE,0.08873142394444444
2026-02,MALAWI,254,I25294,Christmas Party,Income Statement-Expenses,C35,MWK,AVERAGE,0.07429866885747048
2026-02,MENA,254,I25294,Christmas Party,Income Statement-Expenses,H35,AED,AVERAGE,35.11
2026-02,RWANDA,254,I25294,Christmas Party,Income Statement-Expenses,B35,RWF,AVERAGE,0.08873142394444444
2026-02,DRC,254,I25294,Christmas Party,Income Statement-Expenses,G35,USD,AVERAGE,129.025
2026-02,MALAWI,255,,Flowers and Gifts,Income Statement-Expenses,C35,MWK,AVERAGE,0.07429866885747048
2026-02,MALAWI,256,I25326,Int.Paid-Other,Income Statement-Expenses,C35,MWK,AVERAGE,0.07429866885747048
2026-02,MENA,256,I25326,Int.Paid-Other,Income Statement-Expenses,H35,AED,AVERAGE,35.11
2026-02,RWANDA,256,I25326,Int.Paid-Other,Income Statement-Expenses,B35,RWF,AVERAGE,0.08873142394444444
2026-02,MALAWI,257,I25327,Fin Charges Paid,Income Statement-Expenses,C35,MWK,AVERAGE,0.07429866885747048
2026-02,MENA,257,I25327,Fin Charges Paid,Income Statement-Expenses,H35,AED,AVERAGE,35.11
2026-02,RWANDA,257,I25327,Fin Charges Paid,Income Statement-Expenses,B35,RWF,AVERAGE,0.08873142394444444
2026-02,MALAWI,258,I25329,Unrealised Currency gain/loss,Income Statement-Expenses,C35,MWK,AVERAGE,0.07429866885747048
2026-02,MENA,258,I25329,Unrealised Currency gain/loss,Income Statement-Expenses,H35,AED,AVERAGE,35.11
2026-02,RWANDA,258,I25329,Unrealised Currency gain/loss,Income Statement-Expenses,B35,RWF,AVERAGE,0.08873142394444444
2026-02,MALAWI,259,I25354,Equip-Maintenance,Income Statement-Expenses,C35,MWK,AVERAGE,0.07429866885747048
2026-02,MENA,259,I25354,Equip-Maintenance,Income Statement-Expenses,H35,AED,AVERAGE,35.11
2026-02,RWANDA,259,I25354,Equip-Maintenance,Income Statement-Expenses,B35,RWF,AVERAGE,0.08873142394444444
2026-02,MALAWI,260,I25355,Equip Lease charges,Income Statement-Expenses,C35,MWK,AVERAGE,0.07429866885747048
2026-02,MENA,260,I25355,Equip Lease charges,Income Statement-Expenses,H35,AED,AVERAGE,35.11
2026-02,RWANDA,260,I25355,Equip Lease charges,Income Statement-Expenses,B35,RWF,AVERAGE,0.08873142394444444
2026-02,MALAWI,261,I25358,Subscriptions General,Income Statement-Expenses,C35,MWK,AVERAGE,0.07429866885747048
2026-02,MENA,261,I25358,Subscriptions General,Income Statement-Expenses,H35,AED,AVERAGE,35.11
2026-02,RWANDA,261,I25358,Subscriptions General,Income Statement-Expenses,B35,RWF,AVERAGE,0.08873142394444444
2026-02,DRC,261,I25358,Subscriptions General,Income Statement-Expenses,G35,USD,AVERAGE,129.025
2026-02,MALAWI,262,I25360,Bank Charges,Income Statement-Expenses,C35,MWK,AVERAGE,0.07429866885747048
2026-02,MENA,262,I25360,Bank Charges,Income Statement-Expenses,H35,AED,AVERAGE,35.11
2026-02,NIGERIA,262,I25360,Bank Charges,Income Statement-Expenses,E35,NGN,AVERAGE,0.094665
2026-02,RWANDA,262,I25360,Bank Charges,Income Statement-Expenses,B35,RWF,AVERAGE,0.08873142394444444
2026-02,DRC,262,I25360,Bank Charges,Income Statement-Expenses,G35,USD,AVERAGE,129.025
2026-02,MALAWI,263,I25361,Books & Periodicals,Income Statement-Expenses,C35,MWK,AVERAGE,0.07429866885747048
2026-02,MENA,263,I25361,Books & Periodicals,Income Statement-Expenses,H35,AED,AVERAGE,35.11
2026-02,RWANDA,263,I25361,Books & Periodicals,Income Statement-Expenses,B35,RWF,AVERAGE,0.08873142394444444
2026-02,MALAWI,264,I25362,STAFF WELFARE,Income Statement-Expenses,C35,MWK,AVERAGE,0.07429866885747048
2026-02,MENA,264,I25362,STAFF WELFARE,Income Statement-Expenses,H35,AED,AVERAGE,35.11
2026-02,RWANDA,264,I25362,STAFF WELFARE,Income Statement-Expenses,B35,RWF,AVERAGE,0.08873142394444444
2026-02,MALAWI,265,I25363,CLIENT GIFTS AND REWARDS,Income Statement-Expenses,C35,MWK,AVERAGE,0.07429866885747048
2026-02,MENA,265,I25363,CLIENT GIFTS AND REWARDS,Income Statement-Expenses,H35,AED,AVERAGE,35.11
2026-02,RWANDA,265,I25363,CLIENT GIFTS AND REWARDS,Income Statement-Expenses,B35,RWF,AVERAGE,0.08873142394444444
2026-02,MALAWI,266,I25365,Donations-Charitable,Income Statement-Expenses,C35,MWK,AVERAGE,0.07429866885747048
2026-02,MENA,266,I25365,Donations-Charitable,Income Statement-Expenses,H35,AED,AVERAGE,35.11
2026-02,RWANDA,266,I25365,Donations-Charitable,Income Statement-Expenses,B35,RWF,AVERAGE,0.08873142394444444
2026-02,MALAWI,267,I25367,Summary:Gen Exp Other,Income Statement-Expenses,C35,MWK,AVERAGE,0.07429866885747048
2026-02,MENA,267,I25367,Summary:Gen Exp Other,Income Statement-Expenses,H35,AED,AVERAGE,35.11
2026-02,NIGERIA,267,I25367,Summary:Gen Exp Other,Income Statement-Expenses,E35,NGN,AVERAGE,0.094665
2026-02,RWANDA,267,I25367,Summary:Gen Exp Other,Income Statement-Expenses,B35,RWF,AVERAGE,0.08873142394444444
2026-02,DRC,267,I25367,Summary:Gen Exp Other,Income Statement-Expenses,G35,USD,AVERAGE,129.025
2026-02,MALAWI,268,I25401,Insurance-P.I.,Income Statement-Expenses,C35,MWK,AVERAGE,0.07429866885747048
2026-02,MENA,268,I25401,Insurance-P.I.,Income Statement-Expenses,H35,AED,AVERAGE,35.11
2026-02,NIGERIA,268,I25401,Insurance-P.I.,Income Statement-Expenses,E35,NGN,AVERAGE,0.094665
2026-02,RWANDA,268,I25401,Insurance-P.I.,Income Statement-Expenses,B35,RWF,AVERAGE,0.08873142394444444
2026-02,DRC,268,I25401,Insurance-P.I.,Income Statement-Expenses,G35,USD,AVERAGE,129.025
2026-02,MALAWI,269,3980/080,Insurance- Other,Income Statement-Expenses,C35,MWK,AVERAGE,0.07429866885747048
2026-02,MENA,269,3980/080,Insurance- Other,Income Statement-Expenses,H35,AED,AVERAGE,35.11
2026-02,NIGERIA,269,3980/080,Insurance- Other,Income Statement-Expenses,E35,NGN,AVERAGE,0.094665
2026-02,RWANDA,269,3980/080,Insurance- Other,Income Statement-Expenses,B35,RWF,AVERAGE,0.08873142394444444
2026-02,DRC,269,3980/080,Insurance- Other,Income Statement-Expenses,G35,USD,AVERAGE,129.025
2026-02,MALAWI,270,,Inter Company Expenses,Income Statement-Expenses,C35,MWK,AVERAGE,0.07429866885747048
2026-02,MENA,270,,Inter Company Expenses,Income Statement-Expenses,H35,AED,AVERAGE,35.11
2026-02,RWANDA,270,,Inter Company Expenses,Income Statement-Expenses,B35,RWF,AVERAGE,0.08873142394444444
2026-02,MALAWI,271,I25421,Toner,Income Statement-Expenses,C35,MWK,AVERAGE,0.07429866885747048
2026-02,MENA,271,I25421,Toner,Income Statement-Expenses,H35,AED,AVERAGE,35.11
2026-02,NIGERIA,271,I25421,Toner,Income Statement-Expenses,E35,NGN,AVERAGE,0.094665
2026-02,RWANDA,271,I25421,Toner,Income Statement-Expenses,B35,RWF,AVERAGE,0.08873142394444444
2026-02,MALAWI,272,I25422,PC Supplies,Income Statement-Expenses,C35,MWK,AVERAGE,0.07429866885747048
2026-02,MENA,272,I25422,PC Supplies,Income Statement-Expenses,H35,AED,AVERAGE,35.11
2026-02,RWANDA,272,I25422,PC Supplies,Income Statement-Expenses,B35,RWF,AVERAGE,0.08873142394444444
2026-02,DRC,272,I25422,PC Supplies,Income Statement-Expenses,G35,USD,AVERAGE,129.025
2026-02,MALAWI,273,I25423,Comp-Depreciation,Income Statement-Expenses,C35,MWK,AVERAGE,0.07429866885747048
2026-02,MENA,273,I25423,Comp-Depreciation,Income Statement-Expenses,H35,AED,AVERAGE,35.11
2026-02,RWANDA,273,I25423,Comp-Depreciation,Income Statement-Expenses,B35,RWF,AVERAGE,0.08873142394444444
2026-02,DRC,273,I25423,Comp-Depreciation,Income Statement-Expenses,G35,USD,AVERAGE,129.025
2026-02,MALAWI,274,I25426,Software Installation,Income Statement-Expenses,C35,MWK,AVERAGE,0.07429866885747048
2026-02,MENA,274,I25426,Software Installation,Income Statement-Expenses,H35,AED,AVERAGE,35.11
2026-02,RWANDA,274,I25426,Software Installation,Income Statement-Expenses,B35,RWF,AVERAGE,0.08873142394444444
2026-02,MALAWI,275,I25427,Software Implemantation,Income Statement-Expenses,C35,MWK,AVERAGE,0.07429866885747048
2026-02,MENA,275,I25427,Software Implemantation,Income Statement-Expenses,H35,AED,AVERAGE,35.11
2026-02,RWANDA,275,I25427,Software Implemantation,Income Statement-Expenses,B35,RWF,AVERAGE,0.08873142394444444
2026-02,MALAWI,276,I25428,Software Maintenance,Income Statement-Expenses,C35,MWK,AVERAGE,0.07429866885747048
2026-02,MENA,276,I25428,Software Maintenance,Income Statement-Expenses,H35,AED,AVERAGE,35.11
2026-02,RWANDA,276,I25428,Software Maintenance,Income Statement-Expenses,B35,RWF,AVERAGE,0.08873142394444444
2026-02,MALAWI,277,I25429,Software Licence Fees,Income Statement-Expenses,C35,MWK,AVERAGE,0.07429866885747048
2026-02,MENA,277,I25429,Software Licence Fees,Income Statement-Expenses,H35,AED,AVERAGE,35.11
2026-02,RWANDA,277,I25429,Software Licence Fees,Income Statement-Expenses,B35,RWF,AVERAGE,0.08873142394444444
2026-02,DRC,277,I25429,Software Licence Fees,Income Statement-Expenses,G35,USD,AVERAGE,129.025
2026-02,MALAWI,278,I25452,MV-Leasing Costs,Income Statement-Expenses,C35,MWK,AVERAGE,0.07429866885747048
2026-02,MENA,278,I25452,MV-Leasing Costs,Income Statement-Expenses,H35,AED,AVERAGE,35.11
2026-02,RWANDA,278,I25452,MV-Leasing Costs,Income Statement-Expenses,B35,RWF,AVERAGE,0.08873142394444444
2026-02,DRC,278,I25452,MV-Leasing Costs,Income Statement-Expenses,G35,USD,AVERAGE,129.025
2026-02,MALAWI,279,I25455,MV - Leasing Costs (non personnel),Income Statement-Expenses,C35,MWK,AVERAGE,0.07429866885747048
2026-02,MENA,279,I25455,MV - Leasing Costs (non personnel),Income Statement-Expenses,H35,AED,AVERAGE,35.11
2026-02,RWANDA,279,I25455,MV - Leasing Costs (non personnel),Income Statement-Expenses,B35,RWF,AVERAGE,0.08873142394444444
2026-02,DRC,279,I25455,MV - Leasing Costs (non personnel),Income Statement-Expenses,G35,USD,AVERAGE,129.025
2026-02,MALAWI,280,I25456,MV - Fuel Costs (non personnel),Income Statement-Expenses,C35,MWK,AVERAGE,0.07429866885747048
2026-02,MENA,280,I25456,MV - Fuel Costs (non personnel),Income Statement-Expenses,H35,AED,AVERAGE,35.11
2026-02,NIGERIA,280,I25456,MV - Fuel Costs (non personnel),Income Statement-Expenses,E35,NGN,AVERAGE,0.094665
2026-02,RWANDA,280,I25456,MV - Fuel Costs (non personnel),Income Statement-Expenses,B35,RWF,AVERAGE,0.08873142394444444
2026-02,DRC,280,I25456,MV - Fuel Costs (non personnel),Income Statement-Expenses,G35,USD,AVERAGE,129.025
2026-02,MALAWI,281,3350/000,MV-Depreciation,Income Statement-Expenses,C35,MWK,AVERAGE,0.07429866885747048
2026-02,MENA,281,3350/000,MV-Depreciation,Income Statement-Expenses,H35,AED,AVERAGE,35.11
2026-02,NIGERIA,281,3350/000,MV-Depreciation,Income Statement-Expenses,E35,NGN,AVERAGE,0.094665
2026-02,RWANDA,281,3350/000,MV-Depreciation,Income Statement-Expenses,B35,RWF,AVERAGE,0.08873142394444444
2026-02,DRC,281,3350/000,MV-Depreciation,Income Statement-Expenses,G35,USD,AVERAGE,129.025
2026-02,MALAWI,282,4000/000,Leasehold-Depreciation,Income Statement-Expenses,C35,MWK,AVERAGE,0.07429866885747048
2026-02,MENA,282,4000/000,Leasehold-Depreciation,Income Statement-Expenses,H35,AED,AVERAGE,35.11
2026-02,RWANDA,282,4000/000,Leasehold-Depreciation,Income Statement-Expenses,B35,RWF,AVERAGE,0.08873142394444444
2026-02,DRC,282,4000/000,Leasehold-Depreciation,Income Statement-Expenses,G35,USD,AVERAGE,129.025
2026-02,MALAWI,283,4020/000,Equip maintenance,Income Statement-Expenses,C35,MWK,AVERAGE,0.07429866885747048
2026-02,MENA,283,4020/000,Equip maintenance,Income Statement-Expenses,H35,AED,AVERAGE,35.11
2026-02,NIGERIA,283,4020/000,Equip maintenance,Income Statement-Expenses,E35,NGN,AVERAGE,0.094665
2026-02,RWANDA,283,4020/000,Equip maintenance,Income Statement-Expenses,B35,RWF,AVERAGE,0.08873142394444444
2026-02,MALAWI,284,4650/200,Taxation expense,Income Statement-Expenses,C35,MWK,AVERAGE,0.07429866885747048
2026-03,MALAWI,7,B10120,Ord.Share Capital,Share capital,C10,MWK,2026-03,0.075007500750075
2026-03,MENA,7,B10120,Ord.Share Capital,Share capital,H10,AED,2026-03,35.477
2026-03,NIGERIA,7,B10120,Ord.Share Capital,Share capital,E10,NGN,2026-03,0.09393993480568526
2026-03,RWANDA,7,B10120,Ord.Share Capital,Share capital,B10,RWF,2026-03,0.08904719501335707
2026-03,DRC,7,B10120,Ord.Share Capital,Share capital,G10,USD,2026-03,129.93
2026-03,MALAWI,8,7610/000,Funds Awaiting Capitalisation,Translation reserve,C10,MWK,2026-03,0.075007500750075
2026-03,MENA,8,7610/000,Funds Awaiting Capitalisation,Translation reserve,H9,AED,2026-02,35.13
2026-03,RWANDA,8,7610/000,Funds Awaiting Capitalisation,Translation reserve,B9,RWF,2026-02,0.088573959
2026-03,MALAWI,9,7630/000,Share Premium,Translation reserve,C10,MWK,2026-03,0.075007500750075
2026-03,MENA,9,7630/000,Share Premium,Translation reserve,H9,AED,2026-02,35.13
2026-03,RWANDA,9,7630/000,Share Premium,Translation reserve,B9,RWF,2026-02,0.088573959
2026-03,MALAWI,10,B15110,Distr.Reser-RetainedInc,Retained earnings,C10,MWK,2026-03,0.075007500750075
2026-03,MENA,10,B15110,Distr.Reser-RetainedInc,Retained earnings,H10,AED,2026-03,35.477
2026-03,NIGERIA,10,B15110,Distr.Reser-RetainedInc,Retained earnings,E10,NGN,2026-03,0.09393993480568526
2026-03,RWANDA,10,B15110,Distr.Reser-RetainedInc,Retained earnings,B10,RWF,2026-03,0.08904719501335707
2026-03,DRC,10,B15110,Distr.Reser-RetainedInc,Retained earnings,G10,USD,2026-03,129.93
2026-03,MALAWI,11,7620/000,Revaluation Reserve,Translation reserve,C10,MWK,2026-03,0.075007500750075
2026-03,MENA,11,7620/000,Revaluation Reserve,Translation reserve,H9,AED,2026-02,35.13
2026-03,RWANDA,11,7620/000,Revaluation Reserve,Translation reserve,B9,RWF,2026-02,0.088573959
2026-03,MALAWI,12,xxxx,Translation reserve,Translation reserve,C10,MWK,2026-03,0.075007500750075
2026-03,MALAWI,13,XXX,Non controlling interest,Non-controlling interests,C10,MWK,2026-03,0.075007500750075
2026-03,MENA,13,XXX,Non controlling interest,Non-controlling interests,H10,AED,2026-03,35.477
2026-03,MALAWI,14,B30110,Head Office Receivable Account,"Property, plant and equipment",C10,MWK,2026-03,0.075007500750075
2026-03,MENA,14,B30110,Head Office Receivable Account,"Property, plant and equipment",H9,AED,2026-02,35.13
2026-03,RWANDA,14,B30110,Head Office Receivable Account,"Property, plant and equipment",B9,RWF,2026-02,0.088573959
2026-03,MALAWI,15,B35130,Equipments-TZ Branch,"Property, plant and equipment",C10,MWK,2026-03,0.075007500750075
2026-03,MENA,15,B35130,Equipments-TZ Branch,"Property, plant and equipment",H9,AED,2026-02,35.13
2026-03,RWANDA,15,B35130,Equipments-TZ Branch,"Property, plant and equipment",B9,RWF,2026-02,0.088573959
2026-03,MALAWI,16,B35140,MV-Cost Opening Balance,"Property, plant and equipment",C10,MWK,2026-03,0.075007500750075
2026-03,MENA,16,B35140,MV-Cost Opening Balance,"Property, plant and equipment",H9,AED,2026-02,35.13
2026-03,NIGERIA,16,B35140,MV-Cost Opening Balance,"Property, plant and equipment",E10,NGN,2026-03,0.09393993480568526
2026-03,RWANDA,16,B35140,MV-Cost Opening Balance,"Property, plant and equipment",B10,RWF,2026-03,0.08904719501335707
2026-03,DRC,16,B35140,MV-Cost Opening Balance,"Property, plant and equipment",G10,USD,2026-03,129.93
2026-03,MALAWI,17,B35160,MV Accum-Depr Open Balance,"Property, plant and equipment",C10,MWK,2026-03,0.075007500750075
2026-03,MENA,17,B35160,MV Accum-Depr Open Balance,"Property, plant and equipment",H9,AED,2026-02,35.13
2026-03,NIGERIA,17,B35160,MV Accum-Depr Open Balance,"Property, plant and equipment",E10,NGN,2026-03,0.09393993480568526
2026-03,RWANDA,17,B35160,MV Accum-Depr Open Balance,"Property, plant and equipment",B10,RWF,2026-03,0.08904719501335707
2026-03,DRC,17,B35160,MV Accum-Depr Open Balance,"Property, plant and equipment",G10,USD,2026-03,129.93
2026-03,MALAWI,18,B35170,Furn-Cost Open Balance,"Property, plant and equipment",C10,MWK,2026-03,0.075007500750075
2026-03,MENA,18,B35170,Furn-Cost Open Balance,"Property, plant and equipment",H9,AED,2026-02,35.13
2026-03,NIGERIA,18,B35170,Furn-Cost Open Balance,"Property, plant and equipment",E10,NGN,2026-03,0.09393993480568526
2026-03,RWANDA,18,B35170,Furn-Cost Open Balance,"Property, plant and equipment",B10,RWF,2026-03,0.08904719501335707
2026-03,DRC,18,B35170,Furn-Cost Open Balance,"Property, plant and equipment",G10,USD,2026-03,129.93
2026-03,MALAWI,19,B35180,Furn-Additions this year,"Property, plant and equipment",C10,MWK,2026-03,0.075007500750075
2026-03,MENA,19,B35180,Furn-Additions this year,"Property, plant and equipment",H10,AED,2026-03,35.477
2026-03,RWANDA,19,B35180,Furn-Additions this year,"Property, plant and equipment",B9,RWF,2026-02,0.088573959
2026-03,DRC,19,B35180,Furn-Additions this year,"Property, plant and equipment",G10,USD,2026-03,129.93
2026-03,MALAWI,20,B35190,Furn-Depr Prov.,"Property, plant and equipment",C10,MWK,2026-03,0.075007500750075
2026-03,MENA,20,B35190,Furn-Depr Prov.,"Property, plant and equipment",H9,AED,2026-02,35.13
2026-03,RWANDA,20,B35190,Furn-Depr Prov.,"Property, plant and equipment",B9,RWF,2026-02,0.088573959
2026-03,DRC,20,B35190,Furn-Depr Prov.,"Property, plant and equipment",G38,?,?,
2026-03,MALAWI,21,B35200,Furn Accum-Depreciation,"Property, plant and equipment",C10,MWK,2026-03,0.075007500750075
2026-03,MENA,21,B35200,Furn Accum-Depreciation,"Property, plant and equipment",H9,AED,2026-02,35.13
2026-03,NIGERIA,21,B35200,Furn Accum-Depreciation,"Property, plant and equipment",E10,NGN,2026-03,0.09393993480568526
2026-03,RWANDA,21,B35200,Furn Accum-Depreciation,"Property, plant and equipment",B10,RWF,2026-03,0.08904719501335707
2026-03,DRC,21,B35200,Furn Accum-Depreciation,"Property, plant and equipment",G10,USD,2026-03,129.93
2026-03,MALAWI,22,B35210,Equip-Cost Open Balance,"Property, plant and equipment",C10,MWK,2026-03,0.075007500750075
2026-03,MENA,22,B35210,Equip-Cost Open Balance,"Property, plant and equipment",H9,AED,2026-02,35.13
2026-03,NIGERIA,22,B35210,Equip-Cost Open Balance,"Property, plant and equipment",E10,NGN,2026-03,0.09393993480568526
2026-03,RWANDA,22,B35210,Equip-Cost Open Balance,"Property, plant and equipment",B10,RWF,2026-03,0.08904719501335707
2026-03,DRC,22,B35210,Equip-Cost Open Balance,"Property, plant and equipment",G10,USD,2026-03,129.93
2026-03,MALAWI,23,B35220,Equip-Additions This Year,"Property, plant and equipment",C10,MWK,2026-03,0.075007500750075
2026-03,MENA,23,B35220,Equip-Additions This Year,"Property, plant and equipment",H9,AED,2026-02,35.13
2026-03,RWANDA,23,B35220,Equip-Additions This Year,"Property, plant and equipment",B9,RWF,2026-02,0.088573959
2026-03,DRC,23,B35220,Equip-Additions This Year,"Property, plant and equipment",G10,USD,2026-03,129.93
2026-03,MALAWI,24,B35230,Equip-Depr.Prov.,"Property, plant and equipment",C10,MWK,2026-03,0.075007500750075
2026-03,MENA,24,B35230,Equip-Depr.Prov.,"Property, plant and equipment",H9,AED,2026-02,35.13
2026-03,RWANDA,24,B35230,Equip-Depr.Prov.,"Property, plant and equipment",B9,RWF,2026-02,0.088573959
2026-03,DRC,24,B35230,Equip-Depr.Prov.,"Property, plant and equipment",G10,USD,2026-03,129.93
2026-03,MALAWI,25,B35240,Equip Accum-Depr,"Property, plant and equipment",C10,MWK,2026-03,0.075007500750075
2026-03,MENA,25,B35240,Equip Accum-Depr,"Property, plant and equipment",H9,AED,2026-02,35.13
2026-03,NIGERIA,25,B35240,Equip Accum-Depr,"Property, plant and equipment",E10,NGN,2026-03,0.09393993480568526
2026-03,RWANDA,25,B35240,Equip Accum-Depr,"Property, plant and equipment",B10,RWF,2026-03,0.08904719501335707
2026-03,DRC,25,B35240,Equip Accum-Depr,"Property, plant and equipment",G8,USD,2026-01,129.03
2026-03,MALAWI,26,B35250,Comp Equip-Cost Open Balance,"Property, plant and equipment",C10,MWK,2026-03,0.075007500750075
2026-03,MENA,26,B35250,Comp Equip-Cost Open Balance,"Property, plant and equipment",H10,AED,2026-03,35.477
2026-03,RWANDA,26,B35250,Comp Equip-Cost Open Balance,"Property, plant and equipment",B9,RWF,2026-02,0.088573959
2026-03,DRC,26,B35250,Comp Equip-Cost Open Balance,"Property, plant and equipment",G8,USD,2026-01,129.03
2026-03,MALAWI,27,B35280,Comp Equip-Additions,"Property, plant and equipment",C10,MWK,2026-03,0.075007500750075
2026-03,MENA,27,B35280,Comp Equip-Additions,"Property, plant and equipment",H9,AED,2026-02,35.13
2026-03,RWANDA,27,B35280,Comp Equip-Additions,"Property, plant and equipment",B9,RWF,2026-02,0.088573959
2026-03,DRC,27,B35280,Comp Equip-Additions,"Property, plant and equipment",G10,USD,2026-03,129.93
2026-03,MALAWI,28,B35290,Comp Equip- Accum Depreciation,"Property, plant and equipment",C10,MWK,2026-03,0.075007500750075
2026-03,MENA,28,B35290,Comp Equip- Accum Depreciation,"Property, plant and equipment",H9,AED,2026-02,35.13
2026-03,RWANDA,28,B35290,Comp Equip- Accum Depreciation,"Property, plant and equipment",B9,RWF,2026-02,0.088573959
2026-03,DRC,28,B35290,Comp Equip- Accum Depreciation,"Property, plant and equipment",G10,USD,2026-03,129.93
2026-03,MALAWI,29,6300/000,Work In Progress,Intangible assets - computer software,C10,MWK,2026-03,0.075007500750075
2026-03,MENA,29,6300/000,Work In Progress,Intangible assets - computer software,H9,AED,2026-02,35.13
2026-03,RWANDA,29,6300/000,Work In Progress,Intangible assets - computer software,B9,RWF,2026-02,0.088573959
2026-03,MALAWI,30,B35310,Comp SW-Cost Open Balance,Intangible assets - computer software,C10,MWK,2026-03,0.075007500750075
2026-03,MENA,30,B35310,Comp SW-Cost Open Balance,Intangible assets - computer software,H9,AED,2026-02,35.13
2026-03,RWANDA,30,B35310,Comp SW-Cost Open Balance,Intangible assets - computer software,B9,RWF,2026-02,0.088573959
2026-03,MALAWI,31,B35320,Computer Software,Intangible assets - computer software,C10,MWK,2026-03,0.075007500750075
2026-03,MENA,31,B35320,Computer Software,Intangible assets - computer software,H9,AED,2026-02,35.13
2026-03,RWANDA,31,B35320,Computer Software,Intangible assets - computer software,B10,RWF,2026-03,0.08904719501335707
2026-03,MALAWI,32,B35340,Comp S/Ware Acc -Write Off,Intangible assets - computer software,C10,MWK,2026-03,0.075007500750075
2026-03,MENA,32,B35340,Comp S/Ware Acc -Write Off,Intangible assets - computer software,H9,AED,2026-02,35.13
2026-03,RWANDA,32,B35340,Comp S/Ware Acc -Write Off,Intangible assets - computer software,B10,RWF,2026-03,0.08904719501335707
2026-03,MALAWI,33,B35350,Leased Prem-Improvements,"Property, plant and equipment",C10,MWK,2026-03,0.075007500750075
2026-03,MENA,33,B35350,Leased Prem-Improvements,"Property, plant and equipment",H9,AED,2026-02,35.13
2026-03,NIGERIA,33,B35350,Leased Prem-Improvements,"Property, plant and equipment",E10,NGN,2026-03,0.09393993480568526
2026-03,RWANDA,33,B35350,Leased Prem-Improvements,"Property, plant and equipment",B9,RWF,2026-02,0.088573959
2026-03,DRC,33,B35350,Leased Prem-Improvements,"Property, plant and equipment",G10,USD,2026-03,129.93
2026-03,MALAWI,34,B35370,Lease Improv - Accum Ammortization,"Property, plant and equipment",C10,MWK,2026-03,0.075007500750075
2026-03,MENA,34,B35370,Lease Improv - Accum Ammortization,"Property, plant and equipment",H9,AED,2026-02,35.13
2026-03,NIGERIA,34,B35370,Lease Improv - Accum Ammortization,"Property, plant and equipment",E10,NGN,2026-03,0.09393993480568526
2026-03,RWANDA,34,B35370,Lease Improv - Accum Ammortization,"Property, plant and equipment",B9,RWF,2026-02,0.088573959
2026-03,DRC,34,B35370,Lease Improv - Accum Ammortization,"Property, plant and equipment",G10,USD,2026-03,129.93
2026-03,MALAWI,35,B35420,Deferred Tax,Deferred Tax,C10,MWK,2026-03,0.075007500750075
2026-03,MENA,35,B35420,Deferred Tax,Deferred Tax,H9,AED,2026-02,35.13
2026-03,NIGERIA,35,B35420,Deferred Tax,Deferred Tax,E10,NGN,2026-03,0.09393993480568526
2026-03,RWANDA,35,B35420,Deferred Tax,Deferred Tax,B10,RWF,2026-03,0.08904719501335707
2026-03,MALAWI,36,B40110,Investment in subsidiary - RWANDA,Investment in subsidiary,C10,MWK,2026-03,0.075007500750075
2026-03,MENA,36,B40110,Investment in subsidiary - RWANDA,Investment in subsidiary,H9,AED,2026-02,35.13
2026-03,RWANDA,36,B40110,Investment in subsidiary - RWANDA,Investment in subsidiary,B9,RWF,2026-02,0.088573959
2026-03,MALAWI,37,6285/000,Investment in ZAAC Kenya,Investment in subsidiary,C10,MWK,2026-03,0.075007500750075
2026-03,MALAWI,38,6290/000,Investment in ZAAC Nigeria,Investment in subsidiary,C10,MWK,2026-03,0.075007500750075
2026-03,MALAWI,42,6460/000,Investment in Malawi,Investment in subsidiary,C9,MWK,2026-02,0.07435828797477767
2026-03,MENA,44,6366/000,Investment In Subsidiaries,Investment in subsidiary,H9,AED,2026-02,35.13
2026-03,RWANDA,44,6366/000,Investment In Subsidiaries,Investment in subsidiary,B9,RWF,2026-02,0.088573959
2026-03,MALAWI,45,B45110,Goodwill-at Cost,Intangible assets - goodwill,C10,MWK,2026-03,0.075007500750075
2026-03,MENA,45,B45110,Goodwill-at Cost,Intangible assets - goodwill,H9,AED,2026-02,35.13
2026-03,RWANDA,45,B45110,Goodwill-at Cost,Intangible assets - goodwill,B9,RWF,2026-02,0.088573959
2026-03,MALAWI,46,B55110,Other Receivable,Other receivables,C10,MWK,2026-03,0.075007500750075
2026-03,MENA,46,B55110,Other Receivable,Other receivables,H10,AED,2026-03,35.477
2026-03,NIGERIA,46,B55110,Other Receivable,Other receivables,E10,NGN,2026-03,0.09393993480568526
2026-03,RWANDA,46,B55110,Other Receivable,Other receivables,B10,RWF,2026-03,0.08904719501335707
2026-03,MALAWI,47,B55130,Accrued Income,Other receivables,C10,MWK,2026-03,0.075007500750075
2026-03,MENA,47,B55130,Accrued Income,Other receivables,H9,AED,2026-02,35.13
2026-03,RWANDA,47,B55130,Accrued Income,Other receivables,B9,RWF,2026-02,0.088573959
2026-03,MALAWI,48,B55140,Other Debtor - Claims Receivab,Other receivables,C10,MWK,2026-03,0.075007500750075
2026-03,MENA,48,B55140,Other Debtor - Claims Receivab,Other receivables,H9,AED,2026-02,35.13
2026-03,RWANDA,48,B55140,Other Debtor - Claims Receivab,Other receivables,B9,RWF,2026-02,0.088573959
2026-03,MALAWI,49,B55150,Drs-Gen.Bad Debt Prov.,Other receivables,C10,MWK,2026-03,0.075007500750075
2026-03,MENA,49,B55150,Drs-Gen.Bad Debt Prov.,Other receivables,H9,AED,2026-02,35.13
2026-03,RWANDA,49,B55150,Drs-Gen.Bad Debt Prov.,Other receivables,B10,RWF,2026-03,0.08904719501335707
2026-03,MENA,50,B55210,Investment in Malawi,Investment in subsidiary,H9,AED,2026-02,35.13
2026-03,RWANDA,50,B55210,Investment in Malawi,Investment in subsidiary,B9,RWF,2026-02,0.088573959
2026-03,MALAWI,51,,Investment in Subsidiary- Stonebridge,Investment in unquoted equity securities,C10,MWK,2026-03,0.075007500750075
2026-03,MENA,51,,Investment in Subsidiary- Stonebridge,Investment in unquoted equity securities,H9,AED,2026-02,35.13
2026-03,NIGERIA,51,,Investment in Subsidiary- Stonebridge,Investment in unquoted equity securities,E10,NGN,2026-03,0.09393993480568526
2026-03,RWANDA,51,,Investment in Subsidiary- Stonebridge,Investment in unquoted equity securities,B9,RWF,2026-02,0.088573959
2026-03,MALAWI,52,B55250,Conferences - Control  A/c,Other receivables,C10,MWK,2026-03,0.075007500750075
2026-03,MENA,52,B55250,Conferences - Control  A/c,Other receivables,H9,AED,2026-02,35.13
2026-03,RWANDA,52,B55250,Conferences - Control  A/c,Other receivables,B9,RWF,2026-02,0.088573959
2026-03,MENA,53,B55360,Rent Deposits,Other receivables,H9,AED,2026-02,35.13
2026-03,RWANDA,53,B55360,Rent Deposits,Other receivables,B10,RWF,2026-03,0.08904719501335707
2026-03,DRC,53,B55360,Rent Deposits,Other receivables,G10,USD,2026-03,129.93
2026-03,MALAWI,54,B55420,Due to/from Malawi,Other receivables - Related parties,C10,MWK,2026-03,0.075007500750075
2026-03,MENA,54,B55420,Due to/from Malawi,Other receivables - Related parties,H9,AED,2026-02,35.13
2026-03,RWANDA,54,B55420,Due to/from Malawi,Other receivables - Related parties,B9,RWF,2026-02,0.088573959
2026-03,MALAWI,55,B55480,Drs-Income Control,Trade receivables,C10,MWK,2026-03,0.075007500750075
2026-03,MENA,55,B55480,Drs-Income Control,Trade receivables,H10,AED,2026-03,35.477
2026-03,NIGERIA,55,B55480,Drs-Income Control,Trade receivables,E10,NGN,2026-03,0.09393993480568526
2026-03,RWANDA,55,B55480,Drs-Income Control,Trade receivables,B10,RWF,2026-03,0.08904719501335707
2026-03,DRC,55,B55480,Drs-Income Control,Trade receivables,G10,USD,2026-03,129.93
2026-03,MALAWI,56,B55490,DUE TO/FROM ZAMARA HOLDING CO.,Other receivables - Related parties,C10,MWK,2026-03,0.075007500750075
2026-03,MENA,56,B55490,DUE TO/FROM ZAMARA HOLDING CO.,Other receivables - Related parties,H9,AED,2026-02,35.13
2026-03,NIGERIA,56,B55490,DUE TO/FROM ZAMARA HOLDING CO.,Other receivables - Related parties,E9,NGN,2026-02,0.09648
2026-03,RWANDA,56,B55490,DUE TO/FROM ZAMARA HOLDING CO.,Other receivables - Related parties,B10,RWF,2026-03,0.08904719501335707
2026-03,MALAWI,57,B55520,DUE TO/FROM UGANDA,Other receivables - Related parties,C10,MWK,2026-03,0.075007500750075
2026-03,MENA,57,B55520,DUE TO/FROM UGANDA,Other receivables - Related parties,H9,AED,2026-02,35.13
2026-03,RWANDA,57,B55520,DUE TO/FROM UGANDA,Other receivables - Related parties,B9,RWF,2026-02,0.088573959
2026-03,MALAWI,58,B55570,Due to/from ZAAC,Other receivables - Related parties,C10,MWK,2026-03,0.075007500750075
2026-03,MENA,58,B55570,Due to/from ZAAC,Other receivables - Related parties,H9,AED,2026-02,35.13
2026-03,NIGERIA,58,B55570,Due to/from ZAAC,Other receivables - Related parties,E10,NGN,2026-03,0.09393993480568526
2026-03,RWANDA,58,B55570,Due to/from ZAAC,Other receivables - Related parties,B9,RWF,2026-02,0.088573959
2026-03,DRC,58,B55570,Due to/from ZAAC,Other receivables - Related parties,G10,USD,2026-03,129.93
2026-03,MALAWI,67,4015,Bank account- ZAAIB,Cash and cash equivalents,C10,MWK,2026-03,0.075007500750075
2026-03,MENA,67,4015,Bank account- ZAAIB,Cash and cash equivalents,H9,AED,2026-02,35.13
2026-03,RWANDA,67,4015,Bank account- ZAAIB,Cash and cash equivalents,B10,RWF,2026-03,0.08904719501335707
2026-03,MENA,68,4016,Bank account NCBA,Cash and cash equivalents,H9,AED,2026-02,35.13
2026-03,RWANDA,68,4016,Bank account NCBA,Cash and cash equivalents,B9,RWF,2026-02,0.088573959
2026-03,MALAWI,69,4017,Bank Account (ZAMARA AAIB LTD),Cash and cash equivalents,C10,MWK,2026-03,0.075007500750075
2026-03,MENA,69,4017,Bank Account (ZAMARA AAIB LTD),Cash and cash equivalents,H9,AED,2026-02,35.13
2026-03,RWANDA,69,4017,Bank Account (ZAMARA AAIB LTD),Cash and cash equivalents,B10,RWF,2026-03,0.08904719501335707
2026-03,MALAWI,70,4018,AMIFA Account,Cash and cash equivalents,C10,MWK,2026-03,0.075007500750075
2026-03,MENA,70,4018,AMIFA Account,Cash and cash equivalents,H9,AED,2026-02,35.13
2026-03,RWANDA,70,4018,AMIFA Account,Cash and cash equivalents,B10,RWF,2026-03,0.08904719501335707
2026-03,MALAWI,71,4019,NCBA Account USD,Cash and cash equivalents,C10,MWK,2026-03,0.075007500750075
2026-03,MENA,71,4019,NCBA Account USD,Cash and cash equivalents,H9,AED,2026-02,35.13
2026-03,RWANDA,71,4019,NCBA Account USD,Cash and cash equivalents,B10,RWF,2026-03,0.08904719501335707
2026-03,MALAWI,72,4021,Bank account-Equity Bank,Cash and cash equivalents,C10,MWK,2026-03,0.075007500750075
2026-03,MENA,72,4021,Bank account-Equity Bank,Cash and cash equivalents,H9,AED,2026-02,35.13
2026-03,RWANDA,72,4021,Bank account-Equity Bank,Cash and cash equivalents,B10,RWF,2026-03,0.08904719501335707
2026-03,MALAWI,73,6821/000,ECOBANK -KWACHA A/C,Cash and cash equivalents,C10,MWK,2026-03,0.075007500750075
2026-03,MENA,73,6821/000,ECOBANK -KWACHA A/C,Cash and cash equivalents,H9,AED,2026-02,35.13
2026-03,RWANDA,73,6821/000,ECOBANK -KWACHA A/C,Cash and cash equivalents,B9,RWF,2026-02,0.088573959
2026-03,MALAWI,74,6822/000,ECOBANK FCD-US$,Cash and cash equivalents,C10,MWK,2026-03,0.075007500750075
2026-03,MENA,74,6822/000,ECOBANK FCD-US$,Cash and cash equivalents,H9,AED,2026-02,35.13
2026-03,RWANDA,74,6822/000,ECOBANK FCD-US$,Cash and cash equivalents,B9,RWF,2026-02,0.088573959
2026-03,MENA,75,,RAK Bank AED,Cash and cash equivalents,H10,AED,2026-03,35.477
2026-03,RWANDA,75,,RAK Bank AED,Cash and cash equivalents,B9,RWF,2026-02,0.088573959
2026-03,MENA,76,B60090,EQUITY BANK,Cash and cash equivalents,H9,AED,2026-02,35.13
2026-03,RWANDA,76,B60090,EQUITY BANK,Cash and cash equivalents,B9,RWF,2026-02,0.088573959
2026-03,DRC,76,B60090,EQUITY BANK,Cash and cash equivalents,G10,USD,2026-03,129.93
2026-03,DRC,77,8410/000,RAW BANK,Cash and cash equivalents,G10,USD,2026-03,129.93
2026-03,MALAWI,78,B60110,KENYA COMMERCIAL BANK,Cash and cash equivalents,C10,MWK,2026-03,0.075007500750075
2026-03,MENA,78,B60110,KENYA COMMERCIAL BANK,Cash and cash equivalents,H9,AED,2026-02,35.13
2026-03,RWANDA,78,B60110,KENYA COMMERCIAL BANK,Cash and cash equivalents,B9,RWF,2026-02,0.088573959
2026-03,MALAWI,79,0001/000,EQUITY BANK-Office,Cash and cash equivalents,C10,MWK,2026-03,0.075007500750075
2026-03,MENA,79,0001/000,EQUITY BANK-Office,Cash and cash equivalents,H9,AED,2026-02,35.13
2026-03,RWANDA,79,0001/000,EQUITY BANK-Office,Cash and cash equivalents,B9,RWF,2026-02,0.088573959
2026-03,MALAWI,80,0068/000,KCB CLIENT-Client,Cash and cash equivalents,C10,MWK,2026-03,0.075007500750075
2026-03,MENA,80,0068/000,KCB CLIENT-Client,Cash and cash equivalents,H9,AED,2026-02,35.13
2026-03,RWANDA,80,0068/000,KCB CLIENT-Client,Cash and cash equivalents,B9,RWF,2026-02,0.088573959
2026-03,MALAWI,81,0068/000,KCB CLIENT(KES)-Client,Cash and cash equivalents,C10,MWK,2026-03,0.075007500750075
2026-03,MENA,81,0068/000,KCB CLIENT(KES)-Client,Cash and cash equivalents,H9,AED,2026-02,35.13
2026-03,RWANDA,81,0068/000,KCB CLIENT(KES)-Client,Cash and cash equivalents,B9,RWF,2026-02,0.088573959
2026-03,MALAWI,82,0068/001,KCB CLIENT(USD)-Client,Cash and cash equivalents,C10,MWK,2026-03,0.075007500750075
2026-03,MENA,82,0068/001,KCB CLIENT(USD)-Client,Cash and cash equivalents,H9,AED,2026-02,35.13
2026-03,RWANDA,82,0068/001,KCB CLIENT(USD)-Client,Cash and cash equivalents,B9,RWF,2026-02,0.088573959
2026-03,MENA,83,0068/002,KCB OFFICE(KES)-Office,Cash and cash equivalents,H9,AED,2026-02,35.13
2026-03,RWANDA,83,0068/002,KCB OFFICE(KES)-Office,Cash and cash equivalents,B9,RWF,2026-02,0.088573959
2026-03,MALAWI,84,0068/003,KCB OFFICE(USD)-Office,Cash and cash equivalents,C10,MWK,2026-03,0.075007500750075
2026-03,MENA,84,0068/003,KCB OFFICE(USD)-Office,Cash and cash equivalents,H9,AED,2026-02,35.13
2026-03,RWANDA,84,0068/003,KCB OFFICE(USD)-Office,Cash and cash equivalents,B9,RWF,2026-02,0.088573959
2026-03,MENA,85,0068/004,KCB -FIXED DEPOSIT,Cash and cash equivalents,H9,AED,2026-02,35.13
2026-03,RWANDA,85,0068/004,KCB -FIXED DEPOSIT,Cash and cash equivalents,B9,RWF,2026-02,0.088573959
2026-03,MENA,86,6801/000,KCB USD CLIENT-Client,Cash and cash equivalents,H9,AED,2026-02,35.13
2026-03,RWANDA,86,6801/000,KCB USD CLIENT-Client,Cash and cash equivalents,B9,RWF,2026-02,0.088573959
2026-03,MENA,87,6804/000,KCB USD OFFICE-Office,Cash and cash equivalents,H9,AED,2026-02,35.13
2026-03,RWANDA,87,6804/000,KCB USD OFFICE-Office,Cash and cash equivalents,B9,RWF,2026-02,0.088573959
2026-03,MENA,88,6820/000,MPESA ACCOUNT-Client,Cash and cash equivalents,H9,AED,2026-02,35.13
2026-03,RWANDA,88,6820/000,MPESA ACCOUNT-Client,Cash and cash equivalents,B9,RWF,2026-02,0.088573959
2026-03,MENA,89,6821/000,CBA Office Bank Account-Office,Cash and cash equivalents,H9,AED,2026-02,35.13
2026-03,RWANDA,89,6821/000,CBA Office Bank Account-Office,Cash and cash equivalents,B9,RWF,2026-02,0.088573959
2026-03,MENA,90,6822/000,SBM USD $-Office,Cash and cash equivalents,H9,AED,2026-02,35.13
2026-03,RWANDA,90,6822/000,SBM USD $-Office,Cash and cash equivalents,B9,RWF,2026-02,0.088573959
2026-03,MALAWI,91,6823/000,Summary: cash at bank & on hand-Office,Cash and cash equivalents,C10,MWK,2026-03,0.075007500750075
2026-03,MENA,91,6823/000,Summary: cash at bank & on hand-Office,Cash and cash equivalents,H10,AED,2026-03,35.477
2026-03,NIGERIA,91,6823/000,Summary: cash at bank & on hand-Office,Cash and cash equivalents,E10,NGN,2026-03,0.09393993480568526
2026-03,RWANDA,91,6823/000,Summary: cash at bank & on hand-Office,Cash and cash equivalents,B9,RWF,2026-02,0.088573959
2026-03,DRC,91,6823/000,Summary: cash at bank & on hand-Office,Cash and cash equivalents,G10,USD,2026-03,129.93
2026-03,MENA,92,6824/000,CBA Client Bank Account-Client,Cash and cash equivalents,H9,AED,2026-02,35.13
2026-03,RWANDA,92,6824/000,CBA Client Bank Account-Client,Cash and cash equivalents,B9,RWF,2026-02,0.088573959
2026-03,MENA,93,6825/000,CFCSTANBIC-OFFICE A/C-Office,Cash and cash equivalents,H9,AED,2026-02,35.13
2026-03,RWANDA,93,6825/000,CFCSTANBIC-OFFICE A/C-Office,Cash and cash equivalents,B9,RWF,2026-02,0.088573959
2026-03,MENA,94,6826/000,CFCSTANBIC-CLIENT A/C-Client,Cash and cash equivalents,H9,AED,2026-02,35.13
2026-03,RWANDA,94,6826/000,CFCSTANBIC-CLIENT A/C-Client,Cash and cash equivalents,B9,RWF,2026-02,0.088573959
2026-03,MENA,95,6827/000,Chase Bank Account-Client,Cash and cash equivalents,H9,AED,2026-02,35.13
2026-03,RWANDA,95,6827/000,Chase Bank Account-Client,Cash and cash equivalents,B9,RWF,2026-02,0.088573959
2026-03,MENA,96,6828/000,COMMERCIAL BANK OF AFRICA-US$ OFFICE-Office,Cash and cash equivalents,H9,AED,2026-02,35.13
2026-03,RWANDA,96,6828/000,COMMERCIAL BANK OF AFRICA-US$ OFFICE-Office,Cash and cash equivalents,B9,RWF,2026-02,0.088573959
2026-03,MENA,97,6829/000,COMMERCIAL BANK OF AFRICA-US$ CLIENT-Client,Cash and cash equivalents,H9,AED,2026-02,35.13
2026-03,RWANDA,97,6829/000,COMMERCIAL BANK OF AFRICA-US$ CLIENT-Client,Cash and cash equivalents,B9,RWF,2026-02,0.088573959
2026-03,MENA,98,6830/000,UBA Client Account-Client,Cash and cash equivalents,H9,AED,2026-02,35.13
2026-03,RWANDA,98,6830/000,UBA Client Account-Client,Cash and cash equivalents,B9,RWF,2026-02,0.088573959
2026-03,MENA,99,6832/000,SBM BANK FIXED DEPOSIT ACCOUNT-Office,Cash and cash equivalents,H9,AED,2026-02,35.13
2026-03,RWANDA,99,6832/000,SBM BANK FIXED DEPOSIT ACCOUNT-Office,Cash and cash equivalents,B9,RWF,2026-02,0.088573959
2026-03,MENA,100,6833/000,CFC STANBIC(US$) -0000230847(CLIENT)-Client,Cash and cash equivalents,H9,AED,2026-02,35.13
2026-03,RWANDA,100,6833/000,CFC STANBIC(US$) -0000230847(CLIENT)-Client,Cash and cash equivalents,B9,RWF,2026-02,0.088573959
2026-03,MENA,101,6839/000,SBM BANK BID BONDS-Office,Cash and cash equivalents,H9,AED,2026-02,35.13
2026-03,RWANDA,101,6839/000,SBM BANK BID BONDS-Office,Cash and cash equivalents,B9,RWF,2026-02,0.088573959
2026-03,MENA,102,6840/000,Commecial Bank of Africa-Prem. Fin.-Office,Cash and cash equivalents,H9,AED,2026-02,35.13
2026-03,RWANDA,102,6840/000,Commecial Bank of Africa-Prem. Fin.-Office,Cash and cash equivalents,B9,RWF,2026-02,0.088573959
2026-03,MENA,103,6843/000,Mayfair CIB Bank-Client,Cash and cash equivalents,H9,AED,2026-02,35.13
2026-03,RWANDA,103,6843/000,Mayfair CIB Bank-Client,Cash and cash equivalents,B9,RWF,2026-02,0.088573959
2026-03,MENA,104,6850/000,FAULU MICROFINANCE BANK-Office,Cash and cash equivalents,H9,AED,2026-02,35.13
2026-03,RWANDA,104,6850/000,FAULU MICROFINANCE BANK-Office,Cash and cash equivalents,B9,RWF,2026-02,0.088573959
2026-03,MENA,105,6860/000,ABSA BANK KENYA-Client,Cash and cash equivalents,H9,AED,2026-02,35.13
2026-03,RWANDA,105,6860/000,ABSA BANK KENYA-Client,Cash and cash equivalents,B9,RWF,2026-02,0.088573959
2026-03,MENA,106,6880/000,KCB BANK-Office,Cash and cash equivalents,H9,AED,2026-02,35.13
2026-03,RWANDA,106,6880/000,KCB BANK-Office,Cash and cash equivalents,B9,RWF,2026-02,0.088573959
2026-03,MENA,107,6890/000,MAYFAIR CIB USD-Client,Cash and cash equivalents,H9,AED,2026-02,35.13
2026-03,RWANDA,107,6890/000,MAYFAIR CIB USD-Client,Cash and cash equivalents,B9,RWF,2026-02,0.088573959
2026-03,MENA,108,6900/000,SIDIAN BANK-Office,Cash and cash equivalents,H9,AED,2026-02,35.13
2026-03,RWANDA,108,6900/000,SIDIAN BANK-Office,Cash and cash equivalents,B9,RWF,2026-02,0.088573959
2026-03,MENA,109,6920/000,GULF AFRICAN BANK-Client,Cash and cash equivalents,H9,AED,2026-02,35.13
2026-03,RWANDA,109,6920/000,GULF AFRICAN BANK-Client,Cash and cash equivalents,B9,RWF,2026-02,0.088573959
2026-03,MENA,110,6930/000,GUARANTY TRUST BANK-Client,Cash and cash equivalents,H9,AED,2026-02,35.13
2026-03,RWANDA,110,6930/000,GUARANTY TRUST BANK-Client,Cash and cash equivalents,B9,RWF,2026-02,0.088573959
2026-03,MENA,111,6940/000,FREDRICK MUCHINA-Office,Cash and cash equivalents,H9,AED,2026-02,35.13
2026-03,RWANDA,111,6940/000,FREDRICK MUCHINA-Office,Cash and cash equivalents,B9,RWF,2026-02,0.088573959
2026-03,MENA,112,6950/000,LIZA NYAGA-Office,Cash and cash equivalents,H9,AED,2026-02,35.13
2026-03,RWANDA,112,6950/000,LIZA NYAGA-Office,Cash and cash equivalents,B9,RWF,2026-02,0.088573959
2026-03,MENA,113,6960/000,ALEEM AKBARALI-Office,Cash and cash equivalents,H9,AED,2026-02,35.13
2026-03,RWANDA,113,6960/000,ALEEM AKBARALI-Office,Cash and cash equivalents,B9,RWF,2026-02,0.088573959
2026-03,MENA,114,6990/000,MWIHAKI KABURA-Office,Cash and cash equivalents,H9,AED,2026-02,35.13
2026-03,RWANDA,114,6990/000,MWIHAKI KABURA-Office,Cash and cash equivalents,B9,RWF,2026-02,0.088573959
2026-03,MENA,115,7030/000,JAMES OLUBAYI-Office,Cash and cash equivalents,H9,AED,2026-02,35.13
2026-03,RWANDA,115,7030/000,JAMES OLUBAYI-Office,Cash and cash equivalents,B9,RWF,2026-02,0.088573959
2026-03,MENA,116,B60160,NCBA Bank-US$ OFFICE,Cash and cash equivalents,H9,AED,2026-02,35.13
2026-03,RWANDA,116,B60160,NCBA Bank-US$ OFFICE,Cash and cash equivalents,B9,RWF,2026-02,0.088573959
2026-03,MENA,117,B60180,NCBA Office Bank Account-Office,Cash and cash equivalents,H9,AED,2026-02,35.13
2026-03,RWANDA,117,B60180,NCBA Office Bank Account-Office,Cash and cash equivalents,B9,RWF,2026-02,0.088573959
2026-03,MENA,118,B60190,PETTY CASH - OFFICE,Cash and cash equivalents,H9,AED,2026-02,35.13
2026-03,RWANDA,118,B60190,PETTY CASH - OFFICE,Cash and cash equivalents,B10,RWF,2026-03,0.08904719501335707
2026-03,DRC,118,B60190,PETTY CASH - OFFICE,Cash and cash equivalents,G8,USD,2026-01,129.03
2026-03,MENA,119,B60210,SBM Bank Account-Office Account,Cash and cash equivalents,H9,AED,2026-02,35.13
2026-03,RWANDA,119,B60210,SBM Bank Account-Office Account,Cash and cash equivalents,B9,RWF,2026-02,0.088573959
2026-03,MENA,120,B60260,UBA Office Account,Cash and cash equivalents,H9,AED,2026-02,35.13
2026-03,NIGERIA,120,B60260,UBA Office Account,Cash and cash equivalents,E10,NGN,2026-03,0.09393993480568526
2026-03,RWANDA,120,B60260,UBA Office Account,Cash and cash equivalents,B9,RWF,2026-02,0.088573959
2026-03,MENA,121,B60170,NATIONAL BANK OF KENYA,Cash and cash equivalents,H9,AED,2026-02,35.13
2026-03,RWANDA,121,B60170,NATIONAL BANK OF KENYA,Cash and cash equivalents,B9,RWF,2026-02,0.088573959
2026-03,MENA,122,B60310,SUNDEEP RAICHURA PREPAID CARD,Cash and cash equivalents,H9,AED,2026-02,35.13
2026-03,RWANDA,122,B60310,SUNDEEP RAICHURA PREPAID CARD,Cash and cash equivalents,B9,RWF,2026-02,0.088573959
2026-03,MENA,123,B60320,ROBERT NJOROGE PREPAID CARD,Cash and cash equivalents,H9,AED,2026-02,35.13
2026-03,RWANDA,123,B60320,ROBERT NJOROGE PREPAID CARD,Cash and cash equivalents,B9,RWF,2026-02,0.088573959
2026-03,MENA,124,B60330,JAY KOSGEI PREPAID CARD,Cash and cash equivalents,H9,AED,2026-02,35.13
2026-03,RWANDA,124,B60330,JAY KOSGEI PREPAID CARD,Cash and cash equivalents,B9,RWF,2026-02,0.088573959
2026-03,MENA,125,B60340,NIKHIL DODHIA PREPARD CARD,Cash and cash equivalents,H9,AED,2026-02,35.13
2026-03,RWANDA,125,B60340,NIKHIL DODHIA PREPARD CARD,Cash and cash equivalents,B9,RWF,2026-02,0.088573959
2026-03,MENA,126,B60350,ADIL SULEMAN PREPAID CARD,Cash and cash equivalents,H9,AED,2026-02,35.13
2026-03,RWANDA,126,B60350,ADIL SULEMAN PREPAID CARD,Cash and cash equivalents,B9,RWF,2026-02,0.088573959
2026-03,MENA,127,B60360,ANTONY KILAVI PREPAID CARD,Cash and cash equivalents,H9,AED,2026-02,35.13
2026-03,RWANDA,127,B60360,ANTONY KILAVI PREPAID CARD,Cash and cash equivalents,B9,RWF,2026-02,0.088573959
2026-03,MENA,128,B60370,PAUL KAMOCHE PREPAID CARD,Cash and cash equivalents,H9,AED,2026-02,35.13
2026-03,RWANDA,128,B60370,PAUL KAMOCHE PREPAID CARD,Cash and cash equivalents,B9,RWF,2026-02,0.088573959
2026-03,MENA,129,B60380,MICHAEL VAATI PRPAID CARD,Cash and cash equivalents,H9,AED,2026-02,35.13
2026-03,RWANDA,129,B60380,MICHAEL VAATI PRPAID CARD,Cash and cash equivalents,B9,RWF,2026-02,0.088573959
2026-03,MENA,130,B60390,RAYMOND MUTHAMA PREPAID CARD,Cash and cash equivalents,H9,AED,2026-02,35.13
2026-03,RWANDA,130,B60390,RAYMOND MUTHAMA PREPAID CARD,Cash and cash equivalents,B9,RWF,2026-02,0.088573959
2026-03,MENA,131,B60400,KHALID OBULINJI PREPAID CARD,Cash and cash equivalents,H9,AED,2026-02,35.13
2026-03,RWANDA,131,B60400,KHALID OBULINJI PREPAID CARD,Cash and cash equivalents,B9,RWF,2026-02,0.088573959
2026-03,MENA,132,B60410,JAMBO JET- AIRTICKETS,Other receivables,H9,AED,2026-02,35.13
2026-03,RWANDA,132,B60410,JAMBO JET- AIRTICKETS,Other receivables,B9,RWF,2026-02,0.088573959
2026-03,MENA,133,B60420,Premium Finance A/C,Borrowings,H9,AED,2026-02,35.13
2026-03,RWANDA,133,B60420,Premium Finance A/C,Borrowings,B9,RWF,2026-02,0.088573959
2026-03,MENA,134,7380/080,Premiums payable,Premiums payable,H9,AED,2026-02,35.13
2026-03,RWANDA,134,7380/080,Premiums payable,Premiums payable,B9,RWF,2026-02,0.088573959
2026-03,DRC,134,7380/080,Premiums payable,Premiums payable,G10,USD,2026-03,129.93
2026-03,DRC,135,9100/000,Fund Receivable,Premium Receivable,G8,USD,2026-01,129.03
2026-03,MENA,137,7381/080,Premiums Receivable(GP),Premium Receivable,H9,AED,2026-02,35.13
2026-03,RWANDA,137,7381/080,Premiums Receivable(GP),Premium Receivable,B9,RWF,2026-02,0.088573959
2026-03,MENA,138,7400/000,Commissions Payable,Trade and other payables,H9,AED,2026-02,35.13
2026-03,RWANDA,138,7400/000,Commissions Payable,Trade and other payables,B9,RWF,2026-02,0.088573959
2026-03,MENA,139,6680/080,Interest Receivable,Other receivables,H9,AED,2026-02,35.13
2026-03,RWANDA,139,6680/080,Interest Receivable,Other receivables,B9,RWF,2026-02,0.088573959
2026-03,MENA,140,B65110,Other Receivables - Disbursements,Other receivables,H9,AED,2026-02,35.13
2026-03,RWANDA,140,B65110,Other Receivables - Disbursements,Other receivables,B9,RWF,2026-02,0.088573959
2026-03,MENA,141,B65120,Due to/from Nigeria,Other receivables - Related parties,H9,AED,2026-02,35.13
2026-03,RWANDA,141,B65120,Due to/from Nigeria,Other receivables - Related parties,B9,RWF,2026-02,0.088573959
2026-03,MENA,142,B65130,Due from/to AFRIB Transactional,Other receivables - Related parties,H9,AED,2026-02,35.13
2026-03,RWANDA,142,B65130,Due from/to AFRIB Transactional,Other receivables - Related parties,B9,RWF,2026-02,0.088573959
2026-03,DRC,142,B65130,Due from/to AFRIB Transactional,Other receivables - Related parties,G10,USD,2026-03,129.93
2026-03,MENA,143,6361/000,Due to/from Zamara Reinsurance,Other receivables - Related parties,H9,AED,2026-02,35.13
2026-03,RWANDA,143,6361/000,Due to/from Zamara Reinsurance,Other receivables - Related parties,B9,RWF,2026-02,0.088573959
2026-03,MENA,144,6352/000,Due from/to AFFSEA - Transactional,Other receivables - Related parties,H9,AED,2026-02,35.13
2026-03,RWANDA,144,6352/000,Due from/to AFFSEA - Transactional,Other receivables - Related parties,B9,RWF,2026-02,0.088573959
2026-03,MENA,145,B65140,Dues to/from Rwanda,Other receivables - Related parties,H9,AED,2026-02,35.13
2026-03,RWANDA,145,B65140,Dues to/from Rwanda,Other receivables - Related parties,B9,RWF,2026-02,0.088573959
2026-03,MALAWI,146,B65150,Fixed Deposit Account,Cash and cash equivalents,C10,MWK,2026-03,0.075007500750075
2026-03,MENA,146,B65150,Fixed Deposit Account,Cash and cash equivalents,H9,AED,2026-02,35.13
2026-03,RWANDA,146,B65150,Fixed Deposit Account,Cash and cash equivalents,B10,RWF,2026-03,0.08904719501335707
2026-03,MENA,147,B65160,Placements,Cash and cash equivalents,H9,AED,2026-02,35.13
2026-03,RWANDA,147,B65160,Placements,Cash and cash equivalents,B9,RWF,2026-02,0.088573959
2026-03,DRC,147,B65160,Placements,Cash and cash equivalents,G10,USD,2026-03,129.93
2026-03,MALAWI,148,B65180,Debtors Prepaid other,Other receivables,C10,MWK,2026-03,0.075007500750075
2026-03,MENA,148,B65180,Debtors Prepaid other,Other receivables,H9,AED,2026-02,35.13
2026-03,RWANDA,148,B65180,Debtors Prepaid other,Other receivables,B9,RWF,2026-02,0.088573959
2026-03,MENA,149,B65230,Tax Recoverable,Tax recoverable,H9,AED,2026-02,35.13
2026-03,RWANDA,149,B65230,Tax Recoverable,Tax recoverable,B9,RWF,2026-02,0.088573959
2026-03,MENA,150,B65240,VAT Receivable Debtor,Trade and other payables,H9,AED,2026-02,35.13
2026-03,RWANDA,150,B65240,VAT Receivable Debtor,Trade and other payables,B9,RWF,2026-02,0.088573959
2026-03,MENA,151,B65260,DUE FROM TANZANIA,Other receivables - Related parties,H9,AED,2026-02,35.13
2026-03,RWANDA,151,B65260,DUE FROM TANZANIA,Other receivables - Related parties,B9,RWF,2026-02,0.088573959
2026-03,MENA,152,B65280,Management Fees Receivable,Cash and cash equivalents,H9,AED,2026-02,35.13
2026-03,RWANDA,152,B65280,Management Fees Receivable,Cash and cash equivalents,B9,RWF,2026-02,0.088573959
2026-03,MALAWI,153,B65290,Withholding IncomeTax,Tax recoverable,C10,MWK,2026-03,0.075007500750075
2026-03,MENA,153,B65290,Withholding IncomeTax,Tax recoverable,H9,AED,2026-02,35.13
2026-03,NIGERIA,153,B65290,Withholding IncomeTax,Tax recoverable,E10,NGN,2026-03,0.09393993480568526
2026-03,RWANDA,153,B65290,Withholding IncomeTax,Tax recoverable,B9,RWF,2026-02,0.088573959
2026-03,MALAWI,154,7400/000,Withholding Tax Payable,Trade and other payables,C10,MWK,2026-03,0.075007500750075
2026-03,MENA,154,7400/000,Withholding Tax Payable,Trade and other payables,H9,AED,2026-02,35.13
2026-03,RWANDA,154,7400/000,Withholding Tax Payable,Trade and other payables,B10,RWF,2026-03,0.08904719501335707
2026-03,MENA,155,B65350,INVENTORY ACCOUNT,Other receivables,H9,AED,2026-02,35.13
2026-03,RWANDA,155,B65350,INVENTORY ACCOUNT,Other receivables,B9,RWF,2026-02,0.088573959
2026-03,MENA,156,B65360,Drs- Control ZARINET,Other receivables,H9,AED,2026-02,35.13
2026-03,RWANDA,156,B65360,Drs- Control ZARINET,Other receivables,B9,RWF,2026-02,0.088573959
2026-03,MENA,157,B70120,BCF KENYA,Trade and other payables,H9,AED,2026-02,35.13
2026-03,RWANDA,157,B70120,BCF KENYA,Trade and other payables,B9,RWF,2026-02,0.088573959
2026-03,MENA,158,B70130,Due to/from Dubai,Other receivables - Related parties,H9,AED,2026-02,35.13
2026-03,RWANDA,158,B70130,Due to/from Dubai,Other receivables - Related parties,B9,RWF,2026-02,0.088573959
2026-03,MENA,159,B70140,Zamara pension Scheme,Trade and other payables,H9,AED,2026-02,35.13
2026-03,RWANDA,159,B70140,Zamara pension Scheme,Trade and other payables,B9,RWF,2026-02,0.088573959
2026-03,MENA,160,B70141,Post retirement medical fund,Trade and other payables,H9,AED,2026-02,35.13
2026-03,RWANDA,160,B70141,Post retirement medical fund,Trade and other payables,B9,RWF,2026-02,0.088573959
2026-03,MENA,161,B70142,ABSA LIFE CHECK OFF,Trade and other payables,H9,AED,2026-02,35.13
2026-03,RWANDA,161,B70142,ABSA LIFE CHECK OFF,Trade and other payables,B9,RWF,2026-02,0.088573959
2026-03,MENA,162,B70160,DUE TO /From DRC,Other receivables - Related parties,H9,AED,2026-02,35.13
2026-03,RWANDA,162,B70160,DUE TO /From DRC,Other receivables - Related parties,B9,RWF,2026-02,0.088573959
2026-03,MENA,163,B70180,Due to/from C & P/AFFS,Other receivables - Related parties,H9,AED,2026-02,35.13
2026-03,RWANDA,163,B70180,Due to/from C & P/AFFS,Other receivables - Related parties,B9,RWF,2026-02,0.088573959
2026-03,MENA,164,B70190,Withholding tax 5 %,Trade and other payables,H9,AED,2026-02,35.13
2026-03,RWANDA,164,B70190,Withholding tax 5 %,Trade and other payables,B9,RWF,2026-02,0.088573959
2026-03,MENA,165,B70195,Withholding VAT 2%-Creditors,Trade and other payables,H9,AED,2026-02,35.13
2026-03,RWANDA,165,B70195,Withholding VAT 2%-Creditors,Trade and other payables,B9,RWF,2026-02,0.088573959
2026-03,MENA,166,B70197,WithHolding Tax Other -20% International Creditors,Trade and other payables,H9,AED,2026-02,35.13
2026-03,RWANDA,166,B70197,WithHolding Tax Other -20% International Creditors,Trade and other payables,B9,RWF,2026-02,0.088573959
2026-03,MENA,167,B70198,Withholding VAT 10%-Creditors,Trade and other payables,H9,AED,2026-02,35.13
2026-03,RWANDA,167,B70198,Withholding VAT 10%-Creditors,Trade and other payables,B9,RWF,2026-02,0.088573959
2026-03,MENA,168,B70199,Withholding Tax 3%,Trade and other payables,H9,AED,2026-02,35.13
2026-03,RWANDA,168,B70199,Withholding Tax 3%,Trade and other payables,B9,RWF,2026-02,0.088573959
2026-03,MENA,169,B70200,C&P Coop Sacco,Trade and other payables,H9,AED,2026-02,35.13
2026-03,RWANDA,169,B70200,C&P Coop Sacco,Trade and other payables,B9,RWF,2026-02,0.088573959
2026-03,MENA,170,B70205,WithHolding Tax Other -20% International Creditors,Trade and other payables,H9,AED,2026-02,35.13
2026-03,RWANDA,170,B70205,WithHolding Tax Other -20% International Creditors,Trade and other payables,B9,RWF,2026-02,0.088573959
2026-03,MENA,171,B70210,Social Health Insurance Fund,Trade and other payables,H9,AED,2026-02,35.13
2026-03,RWANDA,171,B70210,Social Health Insurance Fund,Trade and other payables,B9,RWF,2026-02,0.088573959
2026-03,MENA,172,B70220,National Social Security Fund,Trade and other payables,H9,AED,2026-02,35.13
2026-03,RWANDA,172,B70220,National Social Security Fund,Trade and other payables,B9,RWF,2026-02,0.088573959
2026-03,MENA,173,B70230,Paymaster General (PAYE,Trade and other payables,H9,AED,2026-02,35.13
2026-03,RWANDA,173,B70230,Paymaster General (PAYE,Trade and other payables,B9,RWF,2026-02,0.088573959
2026-03,MENA,174,B70235,Salaries and Wages,Other receivables,H9,AED,2026-02,35.13
2026-03,RWANDA,174,B70235,Salaries and Wages,Other receivables,B9,RWF,2026-02,0.088573959
2026-03,DRC,174,B70235,Salaries and Wages,Other receivables,G10,USD,2026-03,129.93
2026-03,MENA,175,B70240,STANBIC CHECK OFF,Trade and other payables,H9,AED,2026-02,35.13
2026-03,RWANDA,175,B70240,STANBIC CHECK OFF,Trade and other payables,B9,RWF,2026-02,0.088573959
2026-03,MENA,176,B70260,Stanchart Check off,Trade and other payables,H9,AED,2026-02,35.13
2026-03,RWANDA,176,B70260,Stanchart Check off,Trade and other payables,B9,RWF,2026-02,0.088573959
2026-03,MENA,177,B70270,Vuna Pension Plan,Trade and other payables,H9,AED,2026-02,35.13
2026-03,RWANDA,177,B70270,Vuna Pension Plan,Trade and other payables,B9,RWF,2026-02,0.088573959
2026-03,MALAWI,178,B70280,Prov-Sundries,Trade and other payables,C10,MWK,2026-03,0.075007500750075
2026-03,MENA,178,B70280,Prov-Sundries,Trade and other payables,H9,AED,2026-02,35.13
2026-03,RWANDA,178,B70280,Prov-Sundries,Trade and other payables,B9,RWF,2026-02,0.088573959
2026-03,DRC,178,B70280,Prov-Sundries,Trade and other payables,G8,USD,2026-01,129.03
2026-03,MALAWI,180,B70281,Other Provisions,Trade and other payables,C10,MWK,2026-03,0.075007500750075
2026-03,MENA,180,B70281,Other Provisions,Trade and other payables,H10,AED,2026-03,35.477
2026-03,NIGERIA,180,B70281,Other Provisions,Trade and other payables,E10,NGN,2026-03,0.09393993480568526
2026-03,RWANDA,180,B70281,Other Provisions,Trade and other payables,B10,RWF,2026-03,0.08904719501335707
2026-03,DRC,180,B70281,Other Provisions,Trade and other payables,G8,USD,2026-01,129.03
2026-03,MENA,181,B70282,Prov-Sundries - SA (GrpIT Alex & PI),Trade and other payables,H9,AED,2026-02,35.13
2026-03,RWANDA,181,B70282,Prov-Sundries - SA (GrpIT Alex & PI),Trade and other payables,B9,RWF,2026-02,0.088573959
2026-03,DRC,181,B70282,Prov-Sundries - SA (GrpIT Alex & PI),Trade and other payables,G10,USD,2026-03,129.93
2026-03,MENA,182,B70310,Higher education loan Board,Trade and other payables,H9,AED,2026-02,35.13
2026-03,RWANDA,182,B70310,Higher education loan Board,Trade and other payables,B9,RWF,2026-02,0.088573959
2026-03,MALAWI,183,B70340,CRS-Trade (Operating),Trade and other payables,C10,MWK,2026-03,0.075007500750075
2026-03,MENA,183,B70340,CRS-Trade (Operating),Trade and other payables,H10,AED,2026-03,35.477
2026-03,RWANDA,183,B70340,CRS-Trade (Operating),Trade and other payables,B10,RWF,2026-03,0.08904719501335707
2026-03,MENA,184,B70360,Welfare Fund Contributons,Trade and other payables,H9,AED,2026-02,35.13
2026-03,RWANDA,184,B70360,Welfare Fund Contributons,Trade and other payables,B9,RWF,2026-02,0.088573959
2026-03,MENA,185,B70390,Equity Check off,Trade and other payables,H9,AED,2026-02,35.13
2026-03,RWANDA,185,B70390,Equity Check off,Trade and other payables,B9,RWF,2026-02,0.088573959
2026-03,MALAWI,186,B70400,Other Payables-Refunds,Trade and other payables,C10,MWK,2026-03,0.075007500750075
2026-03,MENA,186,B70400,Other Payables-Refunds,Trade and other payables,H9,AED,2026-02,35.13
2026-03,RWANDA,186,B70400,Other Payables-Refunds,Trade and other payables,B9,RWF,2026-02,0.088573959
2026-03,DRC,186,B70400,Other Payables-Refunds,Trade and other payables,G10,USD,2026-03,129.93
2026-03,MENA,187,B70410,Housing Levy,Trade and other payables,H9,AED,2026-02,35.13
2026-03,RWANDA,187,B70410,Housing Levy,Trade and other payables,B9,RWF,2026-02,0.088573959
2026-03,MENA,188,B70420,Absa Check off,Trade and other payables,H9,AED,2026-02,35.13
2026-03,RWANDA,188,B70420,Absa Check off,Trade and other payables,B9,RWF,2026-02,0.088573959
2026-03,MALAWI,189,B75120,Tax Provision-Other,Tax recoverable,C10,MWK,2026-03,0.075007500750075
2026-03,RWANDA,189,B75120,Tax Provision-Other,Tax recoverable,B9,RWF,2026-02,0.088573959
2026-03,DRC,189,B75120,Tax Provision-Other,Tax recoverable,G10,USD,2026-03,129.93
2026-03,MALAWI,190,B80110,Bonus(General provision),Trade and other payables,C10,MWK,2026-03,0.075007500750075
2026-03,MENA,190,B80110,Bonus(General provision),Trade and other payables,H9,AED,2026-02,35.13
2026-03,RWANDA,190,B80110,Bonus(General provision),Trade and other payables,B9,RWF,2026-02,0.088573959
2026-03,MENA,191,B80120,Fees Suspense A/c,Other receivables,H9,AED,2026-02,35.13
2026-03,RWANDA,191,B80120,Fees Suspense A/c,Other receivables,B9,RWF,2026-02,0.088573959
2026-03,MALAWI,192,B80170,VAT Control Account,Trade and other payables,C10,MWK,2026-03,0.075007500750075
2026-03,MENA,192,B80170,VAT Control Account,Trade and other payables,H10,AED,2026-03,35.477
2026-03,NIGERIA,192,B80170,VAT Control Account,Trade and other payables,E10,NGN,2026-03,0.09393993480568526
2026-03,RWANDA,192,B80170,VAT Control Account,Trade and other payables,B10,RWF,2026-03,0.08904719501335707
2026-03,DRC,192,B80170,VAT Control Account,Trade and other payables,G10,USD,2026-03,129.93
2026-03,MENA,193,7460/000,VAT(REVERSE VAT),Other receivables,H9,AED,2026-02,35.13
2026-03,RWANDA,193,7460/000,VAT(REVERSE VAT),Other receivables,B9,RWF,2026-02,0.088573959
2026-03,MENA,194,B80140,Current Tax,Tax recoverable,H9,AED,2026-02,35.13
2026-03,RWANDA,194,B80140,Current Tax,Tax recoverable,B9,RWF,2026-02,0.088573959
2026-03,MENA,195,B80151,Prepayments,Other receivables,H10,AED,2026-03,35.477
2026-03,NIGERIA,195,B80151,Prepayments,Other receivables,E10,NGN,2026-03,0.09393993480568526
2026-03,RWANDA,195,B80151,Prepayments,Other receivables,B10,RWF,2026-03,0.08904719501335707
2026-03,MENA,196,B80152,Due from/(to) ZAAC Zanzibar,Trade and other payables,H9,AED,2026-02,35.13
2026-03,RWANDA,196,B80152,Due from/(to) ZAAC Zanzibar,Trade and other payables,B9,RWF,2026-02,0.088573959
2026-03,MALAWI,197,I10035,Sundry Income,Income Statement-Revenue,C36,MWK,AVERAGE,0.07453494615500532
2026-03,RWANDA,197,I10035,Sundry Income,Income Statement-Revenue,B36,RWF,AVERAGE,0.08883668096741532
2026-03,MALAWI,198,I10058,Consulting-One-off,Income Statement-Revenue,C36,MWK,AVERAGE,0.07453494615500532
2026-03,MENA,198,I10058,Consulting-One-off,Income Statement-Revenue,H9,AED,2026-02,35.13
2026-03,RWANDA,198,I10058,Consulting-One-off,Income Statement-Revenue,B36,RWF,AVERAGE,0.08883668096741532
2026-03,MALAWI,199,I10060,Actuarial - Once-off,Income Statement-Revenue,C36,MWK,AVERAGE,0.07453494615500532
2026-03,MENA,199,I10060,Actuarial - Once-off,Income Statement-Revenue,H36,AED,AVERAGE,35.23233333333334
2026-03,NIGERIA,199,I10060,Actuarial - Once-off,Income Statement-Revenue,E36,NGN,AVERAGE,0.09442331160189509
2026-03,RWANDA,199,I10060,Actuarial - Once-off,Income Statement-Revenue,B36,RWF,AVERAGE,0.08883668096741532
2026-03,MALAWI,200,I10067,AF Trust Fund,Income Statement-Revenue,C36,MWK,AVERAGE,0.07453494615500532
2026-03,MENA,200,I10067,AF Trust Fund,Income Statement-Revenue,H36,AED,AVERAGE,35.23233333333334
2026-03,RWANDA,200,I10067,AF Trust Fund,Income Statement-Revenue,B36,RWF,AVERAGE,0.08883668096741532
2026-03,MALAWI,201,I10068,Retirement plans - Income Draw Down,Income Statement-Revenue,C36,MWK,AVERAGE,0.07453494615500532
2026-03,MENA,201,I10068,Retirement plans - Income Draw Down,Income Statement-Revenue,H36,AED,AVERAGE,35.23233333333334
2026-03,RWANDA,201,I10068,Retirement plans - Income Draw Down,Income Statement-Revenue,B36,RWF,AVERAGE,0.08883668096741532
2026-03,MALAWI,202,I10070,IPP - Vuna Retirement Plan,Income Statement-Revenue,C36,MWK,AVERAGE,0.07453494615500532
2026-03,MENA,202,I10070,IPP - Vuna Retirement Plan,Income Statement-Revenue,H36,AED,AVERAGE,35.23233333333334
2026-03,RWANDA,202,I10070,IPP - Vuna Retirement Plan,Income Statement-Revenue,B36,RWF,AVERAGE,0.08883668096741532
2026-03,MALAWI,203,I10071,MC-ADMIN FEES,Income Statement-Revenue,C36,MWK,AVERAGE,0.07453494615500532
2026-03,MENA,203,I10071,MC-ADMIN FEES,Income Statement-Revenue,H36,AED,AVERAGE,35.23233333333334
2026-03,NIGERIA,203,I10071,MC-ADMIN FEES,Income Statement-Revenue,E36,NGN,AVERAGE,0.09442331160189509
2026-03,RWANDA,203,I10071,MC-ADMIN FEES,Income Statement-Revenue,B36,RWF,AVERAGE,0.08883668096741532
2026-03,MALAWI,204,1940/500,IAC Fees,Income Statement-Revenue,C36,MWK,AVERAGE,0.07453494615500532
2026-03,MENA,204,1940/500,IAC Fees,Income Statement-Revenue,H36,AED,AVERAGE,35.23233333333334
2026-03,RWANDA,204,1940/500,IAC Fees,Income Statement-Revenue,B36,RWF,AVERAGE,0.08883668096741532
2026-03,MALAWI,205,I10073,AFRF Admin Fees,Income Statement-Revenue,C36,MWK,AVERAGE,0.07453494615500532
2026-03,MENA,205,I10073,AFRF Admin Fees,Income Statement-Revenue,H36,AED,AVERAGE,35.23233333333334
2026-03,RWANDA,205,I10073,AFRF Admin Fees,Income Statement-Revenue,B36,RWF,AVERAGE,0.08883668096741532
2026-03,MALAWI,206,I10122,Trustee Training/Workshops,Income Statement-Revenue,C36,MWK,AVERAGE,0.07453494615500532
2026-03,MENA,206,I10122,Trustee Training/Workshops,Income Statement-Revenue,H36,AED,AVERAGE,35.23233333333334
2026-03,RWANDA,206,I10122,Trustee Training/Workshops,Income Statement-Revenue,B36,RWF,AVERAGE,0.08883668096741532
2026-03,MALAWI,207,,LOSS/GAIN ON DISPOSAL,Income Statement-Revenue,C36,MWK,AVERAGE,0.07453494615500532
2026-03,MALAWI,208,1020/080,Commission,Income Statement-Revenue,C36,MWK,AVERAGE,0.07453494615500532
2026-03,MENA,208,1020/080,Commission,Income Statement-Revenue,H36,AED,AVERAGE,35.23233333333334
2026-03,RWANDA,208,1020/080,Commission,Income Statement-Revenue,B36,RWF,AVERAGE,0.08883668096741532
2026-03,DRC,208,1020/080,Commission,Income Statement-Revenue,G36,USD,AVERAGE,129.32666666666668
2026-03,MALAWI,209,1040/080,Interest Income,Income Statement-Revenue,C36,MWK,AVERAGE,0.07453494615500532
2026-03,MENA,209,1040/080,Interest Income,Income Statement-Revenue,H36,AED,AVERAGE,35.23233333333334
2026-03,RWANDA,209,1040/080,Interest Income,Income Statement-Revenue,B36,RWF,AVERAGE,0.08883668096741532
2026-03,MENA,210,1080/000,Other Income,Income Statement-Revenue,H36,AED,AVERAGE,35.23233333333334
2026-03,NIGERIA,210,1080/000,Other Income,Income Statement-Revenue,E36,NGN,AVERAGE,0.09442331160189509
2026-03,RWANDA,210,1080/000,Other Income,Income Statement-Revenue,B36,RWF,AVERAGE,0.08883668096741532
2026-03,MALAWI,211,I25001,Emol.Pack-Salaries,Income Statement-Expenses,C36,MWK,AVERAGE,0.07453494615500532
2026-03,MENA,211,I25001,Emol.Pack-Salaries,Income Statement-Expenses,H36,AED,AVERAGE,35.23233333333334
2026-03,NIGERIA,211,I25001,Emol.Pack-Salaries,Income Statement-Expenses,E36,NGN,AVERAGE,0.09442331160189509
2026-03,RWANDA,211,I25001,Emol.Pack-Salaries,Income Statement-Expenses,B36,RWF,AVERAGE,0.08883668096741532
2026-03,DRC,211,I25001,Emol.Pack-Salaries,Income Statement-Expenses,G36,USD,AVERAGE,129.32666666666668
2026-03,MENA,212,I25002,Emol.Pack-Housing Subsid,Income Statement-Expenses,H36,AED,AVERAGE,35.23233333333334
2026-03,RWANDA,212,I25002,Emol.Pack-Housing Subsid,Income Statement-Expenses,B36,RWF,AVERAGE,0.08883668096741532
2026-03,MALAWI,213,I25003,Emol.Pack-Med.Contribut.,Income Statement-Expenses,C36,MWK,AVERAGE,0.07453494615500532
2026-03,MENA,213,I25003,Emol.Pack-Med.Contribut.,Income Statement-Expenses,H36,AED,AVERAGE,35.23233333333334
2026-03,NIGERIA,213,I25003,Emol.Pack-Med.Contribut.,Income Statement-Expenses,E36,NGN,AVERAGE,0.09442331160189509
2026-03,RWANDA,213,I25003,Emol.Pack-Med.Contribut.,Income Statement-Expenses,B36,RWF,AVERAGE,0.08883668096741532
2026-03,DRC,213,I25003,Emol.Pack-Med.Contribut.,Income Statement-Expenses,G36,USD,AVERAGE,129.32666666666668
2026-03,MALAWI,214,I25004,Emol.Pack-Pens.Contribut.,Income Statement-Expenses,C36,MWK,AVERAGE,0.07453494615500532
2026-03,MENA,214,I25004,Emol.Pack-Pens.Contribut.,Income Statement-Expenses,H36,AED,AVERAGE,35.23233333333334
2026-03,NIGERIA,214,I25004,Emol.Pack-Pens.Contribut.,Income Statement-Expenses,E36,NGN,AVERAGE,0.09442331160189509
2026-03,RWANDA,214,I25004,Emol.Pack-Pens.Contribut.,Income Statement-Expenses,B36,RWF,AVERAGE,0.08883668096741532
2026-03,MALAWI,215,I25005,Emol.Pack-Other,Income Statement-Expenses,C36,MWK,AVERAGE,0.07453494615500532
2026-03,MENA,215,I25005,Emol.Pack-Other,Income Statement-Expenses,H36,AED,AVERAGE,35.23233333333334
2026-03,NIGERIA,215,I25005,Emol.Pack-Other,Income Statement-Expenses,E36,NGN,AVERAGE,0.09442331160189509
2026-03,RWANDA,215,I25005,Emol.Pack-Other,Income Statement-Expenses,B36,RWF,AVERAGE,0.08883668096741532
2026-03,DRC,215,I25005,Emol.Pack-Other,Income Statement-Expenses,G36,USD,AVERAGE,129.32666666666668
2026-03,MALAWI,216,I25009,Co.Contrib-Life Assurance,Income Statement-Expenses,C36,MWK,AVERAGE,0.07453494615500532
2026-03,MENA,216,I25009,Co.Contrib-Life Assurance,Income Statement-Expenses,H36,AED,AVERAGE,35.23233333333334
2026-03,NIGERIA,216,I25009,Co.Contrib-Life Assurance,Income Statement-Expenses,E36,NGN,AVERAGE,0.09442331160189509
2026-03,RWANDA,216,I25009,Co.Contrib-Life Assurance,Income Statement-Expenses,B36,RWF,AVERAGE,0.08883668096741532
2026-03,MALAWI,217,I25020,Temporary Staff-General,Income Statement-Expenses,C36,MWK,AVERAGE,0.07453494615500532
2026-03,MENA,217,I25020,Temporary Staff-General,Income Statement-Expenses,H36,AED,AVERAGE,35.23233333333334
2026-03,RWANDA,217,I25020,Temporary Staff-General,Income Statement-Expenses,B36,RWF,AVERAGE,0.08883668096741532
2026-03,DRC,217,I25020,Temporary Staff-General,Income Statement-Expenses,G36,USD,AVERAGE,129.32666666666668
2026-03,MALAWI,218,I25024,Welfare-General,Income Statement-Expenses,C36,MWK,AVERAGE,0.07453494615500532
2026-03,MENA,218,I25024,Welfare-General,Income Statement-Expenses,H36,AED,AVERAGE,35.23233333333334
2026-03,RWANDA,218,I25024,Welfare-General,Income Statement-Expenses,B36,RWF,AVERAGE,0.08883668096741532
2026-03,MALAWI,219,I25026,Training EXTERNAL,Income Statement-Expenses,C36,MWK,AVERAGE,0.07453494615500532
2026-03,MENA,219,I25026,Training EXTERNAL,Income Statement-Expenses,H36,AED,AVERAGE,35.23233333333334
2026-03,NIGERIA,219,I25026,Training EXTERNAL,Income Statement-Expenses,E36,NGN,AVERAGE,0.09442331160189509
2026-03,RWANDA,219,I25026,Training EXTERNAL,Income Statement-Expenses,B36,RWF,AVERAGE,0.08883668096741532
2026-03,DRC,219,I25026,Training EXTERNAL,Income Statement-Expenses,G36,USD,AVERAGE,129.32666666666668
2026-03,MALAWI,220,I25027,Training INTERNAL,Income Statement-Expenses,C36,MWK,AVERAGE,0.07453494615500532
2026-03,MENA,220,I25027,Training INTERNAL,Income Statement-Expenses,H36,AED,AVERAGE,35.23233333333334
2026-03,RWANDA,220,I25027,Training INTERNAL,Income Statement-Expenses,B36,RWF,AVERAGE,0.08883668096741532
2026-03,MALAWI,221,I25028,Other Staff Benefits,Income Statement-Expenses,C36,MWK,AVERAGE,0.07453494615500532
2026-03,MENA,221,I25028,Other Staff Benefits,Income Statement-Expenses,H36,AED,AVERAGE,35.23233333333334
2026-03,RWANDA,221,I25028,Other Staff Benefits,Income Statement-Expenses,B36,RWF,AVERAGE,0.08883668096741532
2026-03,DRC,221,I25028,Other Staff Benefits,Income Statement-Expenses,G36,USD,AVERAGE,129.32666666666668
2026-03,MALAWI,222,I25029,Other Staff Costs,Income Statement-Expenses,C36,MWK,AVERAGE,0.07453494615500532
2026-03,MENA,222,I25029,Other Staff Costs,Income Statement-Expenses,H36,AED,AVERAGE,35.23233333333334
2026-03,NIGERIA,222,I25029,Other Staff Costs,Income Statement-Expenses,E36,NGN,AVERAGE,0.09442331160189509
2026-03,RWANDA,222,I25029,Other Staff Costs,Income Statement-Expenses,B36,RWF,AVERAGE,0.08883668096741532
2026-03,DRC,222,I25029,Other Staff Costs,Income Statement-Expenses,G36,USD,AVERAGE,129.32666666666668
2026-03,MALAWI,223,I25032,Commissions - Lead,Income Statement-Expenses,C36,MWK,AVERAGE,0.07453494615500532
2026-03,MENA,223,I25032,Commissions - Lead,Income Statement-Expenses,H36,AED,AVERAGE,35.23233333333334
2026-03,RWANDA,223,I25032,Commissions - Lead,Income Statement-Expenses,B36,RWF,AVERAGE,0.08883668096741532
2026-03,DRC,223,I25032,Commissions - Lead,Income Statement-Expenses,G36,USD,AVERAGE,129.32666666666668
2026-03,MALAWI,224,I25033,Commission Leads,Income Statement-Expenses,C36,MWK,AVERAGE,0.07453494615500532
2026-03,MENA,224,I25033,Commission Leads,Income Statement-Expenses,H36,AED,AVERAGE,35.23233333333334
2026-03,RWANDA,224,I25033,Commission Leads,Income Statement-Expenses,B36,RWF,AVERAGE,0.08883668096741532
2026-03,MALAWI,225,I25071,Prem-Cleaning,Income Statement-Expenses,C36,MWK,AVERAGE,0.07453494615500532
2026-03,MENA,225,I25071,Prem-Cleaning,Income Statement-Expenses,H36,AED,AVERAGE,35.23233333333334
2026-03,RWANDA,225,I25071,Prem-Cleaning,Income Statement-Expenses,B36,RWF,AVERAGE,0.08883668096741532
2026-03,MALAWI,226,I25072,Prem-Electricity,Income Statement-Expenses,C36,MWK,AVERAGE,0.07453494615500532
2026-03,MENA,226,I25072,Prem-Electricity,Income Statement-Expenses,H36,AED,AVERAGE,35.23233333333334
2026-03,NIGERIA,226,I25072,Prem-Electricity,Income Statement-Expenses,E36,NGN,AVERAGE,0.09442331160189509
2026-03,RWANDA,226,I25072,Prem-Electricity,Income Statement-Expenses,B36,RWF,AVERAGE,0.08883668096741532
2026-03,DRC,226,I25072,Prem-Electricity,Income Statement-Expenses,G36,USD,AVERAGE,129.32666666666668
2026-03,MALAWI,227,I25073,Prem-Security,Income Statement-Expenses,C36,MWK,AVERAGE,0.07453494615500532
2026-03,MENA,227,I25073,Prem-Security,Income Statement-Expenses,H36,AED,AVERAGE,35.23233333333334
2026-03,RWANDA,227,I25073,Prem-Security,Income Statement-Expenses,B36,RWF,AVERAGE,0.08883668096741532
2026-03,DRC,227,I25073,Prem-Security,Income Statement-Expenses,G36,USD,AVERAGE,129.32666666666668
2026-03,MALAWI,228,I25074,Prem-Rates,Income Statement-Expenses,C36,MWK,AVERAGE,0.07453494615500532
2026-03,MENA,228,I25074,Prem-Rates,Income Statement-Expenses,H36,AED,AVERAGE,35.23233333333334
2026-03,RWANDA,228,I25074,Prem-Rates,Income Statement-Expenses,B36,RWF,AVERAGE,0.08883668096741532
2026-03,DRC,228,I25074,Prem-Rates,Income Statement-Expenses,G8,USD,2026-01,129.03
2026-03,MALAWI,229,I25079,Prem-Rental(EXTERNAL),Income Statement-Expenses,C36,MWK,AVERAGE,0.07453494615500532
2026-03,MENA,229,I25079,Prem-Rental(EXTERNAL),Income Statement-Expenses,H36,AED,AVERAGE,35.23233333333334
2026-03,NIGERIA,229,I25079,Prem-Rental(EXTERNAL),Income Statement-Expenses,E36,NGN,AVERAGE,0.09442331160189509
2026-03,RWANDA,229,I25079,Prem-Rental(EXTERNAL),Income Statement-Expenses,B36,RWF,AVERAGE,0.08883668096741532
2026-03,DRC,229,I25079,Prem-Rental(EXTERNAL),Income Statement-Expenses,G36,USD,AVERAGE,129.32666666666668
2026-03,MALAWI,230,3890/080,Prem-Rental(INTERNAL),Income Statement-Expenses,C36,MWK,AVERAGE,0.07453494615500532
2026-03,MENA,230,3890/080,Prem-Rental(INTERNAL),Income Statement-Expenses,H36,AED,AVERAGE,35.23233333333334
2026-03,RWANDA,230,3890/080,Prem-Rental(INTERNAL),Income Statement-Expenses,B36,RWF,AVERAGE,0.08883668096741532
2026-03,DRC,230,3890/080,Prem-Rental(INTERNAL),Income Statement-Expenses,G36,USD,AVERAGE,129.32666666666668
2026-03,MALAWI,231,I25080,Prem-Parking(EXTERNAL),Income Statement-Expenses,C36,MWK,AVERAGE,0.07453494615500532
2026-03,MENA,231,I25080,Prem-Parking(EXTERNAL),Income Statement-Expenses,H36,AED,AVERAGE,35.23233333333334
2026-03,RWANDA,231,I25080,Prem-Parking(EXTERNAL),Income Statement-Expenses,B36,RWF,AVERAGE,0.08883668096741532
2026-03,DRC,231,I25080,Prem-Parking(EXTERNAL),Income Statement-Expenses,G36,USD,AVERAGE,129.32666666666668
2026-03,MALAWI,232,I25111,Printing-General,Income Statement-Expenses,C36,MWK,AVERAGE,0.07453494615500532
2026-03,MENA,232,I25111,Printing-General,Income Statement-Expenses,H36,AED,AVERAGE,35.23233333333334
2026-03,NIGERIA,232,I25111,Printing-General,Income Statement-Expenses,E36,NGN,AVERAGE,0.09442331160189509
2026-03,RWANDA,232,I25111,Printing-General,Income Statement-Expenses,B36,RWF,AVERAGE,0.08883668096741532
2026-03,DRC,232,I25111,Printing-General,Income Statement-Expenses,G36,USD,AVERAGE,129.32666666666668
2026-03,MALAWI,233,I25114,Stationery-General,Income Statement-Expenses,C36,MWK,AVERAGE,0.07453494615500532
2026-03,MENA,233,I25114,Stationery-General,Income Statement-Expenses,H36,AED,AVERAGE,35.23233333333334
2026-03,RWANDA,233,I25114,Stationery-General,Income Statement-Expenses,B36,RWF,AVERAGE,0.08883668096741532
2026-03,DRC,233,I25114,Stationery-General,Income Statement-Expenses,G36,USD,AVERAGE,129.32666666666668
2026-03,MALAWI,234,I25141,Prof.Fees-Audit Fees,Income Statement-Expenses,C36,MWK,AVERAGE,0.07453494615500532
2026-03,MENA,234,I25141,Prof.Fees-Audit Fees,Income Statement-Expenses,H36,AED,AVERAGE,35.23233333333334
2026-03,NIGERIA,234,I25141,Prof.Fees-Audit Fees,Income Statement-Expenses,E36,NGN,AVERAGE,0.09442331160189509
2026-03,RWANDA,234,I25141,Prof.Fees-Audit Fees,Income Statement-Expenses,B36,RWF,AVERAGE,0.08883668096741532
2026-03,DRC,234,I25141,Prof.Fees-Audit Fees,Income Statement-Expenses,G36,USD,AVERAGE,129.32666666666668
2026-03,MALAWI,235,I25145,Prof.Fees-Other,Income Statement-Expenses,C36,MWK,AVERAGE,0.07453494615500532
2026-03,MENA,235,I25145,Prof.Fees-Other,Income Statement-Expenses,H36,AED,AVERAGE,35.23233333333334
2026-03,NIGERIA,235,I25145,Prof.Fees-Other,Income Statement-Expenses,E36,NGN,AVERAGE,0.09442331160189509
2026-03,RWANDA,235,I25145,Prof.Fees-Other,Income Statement-Expenses,B36,RWF,AVERAGE,0.08883668096741532
2026-03,DRC,235,I25145,Prof.Fees-Other,Income Statement-Expenses,G36,USD,AVERAGE,129.32666666666668
2026-03,MALAWI,236,I25181,Trav. Air Fares,Income Statement-Expenses,C36,MWK,AVERAGE,0.07453494615500532
2026-03,MENA,236,I25181,Trav. Air Fares,Income Statement-Expenses,H36,AED,AVERAGE,35.23233333333334
2026-03,NIGERIA,236,I25181,Trav. Air Fares,Income Statement-Expenses,E36,NGN,AVERAGE,0.09442331160189509
2026-03,RWANDA,236,I25181,Trav. Air Fares,Income Statement-Expenses,B36,RWF,AVERAGE,0.08883668096741532
2026-03,DRC,236,I25181,Trav. Air Fares,Income Statement-Expenses,G36,USD,AVERAGE,129.32666666666668
2026-03,MALAWI,237,I25182,Trav. Accom.,Income Statement-Expenses,C36,MWK,AVERAGE,0.07453494615500532
2026-03,MENA,237,I25182,Trav. Accom.,Income Statement-Expenses,H36,AED,AVERAGE,35.23233333333334
2026-03,RWANDA,237,I25182,Trav. Accom.,Income Statement-Expenses,B36,RWF,AVERAGE,0.08883668096741532
2026-03,DRC,237,I25182,Trav. Accom.,Income Statement-Expenses,G36,USD,AVERAGE,129.32666666666668
2026-03,MALAWI,238,3400/200,Trav. Sundry exp.,Income Statement-Expenses,C36,MWK,AVERAGE,0.07453494615500532
2026-03,MENA,238,3400/200,Trav. Sundry exp.,Income Statement-Expenses,H36,AED,AVERAGE,35.23233333333334
2026-03,NIGERIA,238,3400/200,Trav. Sundry exp.,Income Statement-Expenses,E36,NGN,AVERAGE,0.09442331160189509
2026-03,RWANDA,238,3400/200,Trav. Sundry exp.,Income Statement-Expenses,B36,RWF,AVERAGE,0.08883668096741532
2026-03,DRC,238,3400/200,Trav. Sundry exp.,Income Statement-Expenses,G36,USD,AVERAGE,129.32666666666668
2026-03,MALAWI,239,I25192,Conference Given By Us,Income Statement-Expenses,C36,MWK,AVERAGE,0.07453494615500532
2026-03,MENA,239,I25192,Conference Given By Us,Income Statement-Expenses,H36,AED,AVERAGE,35.23233333333334
2026-03,RWANDA,239,I25192,Conference Given By Us,Income Statement-Expenses,B36,RWF,AVERAGE,0.08883668096741532
2026-03,MALAWI,240,I25193,Conference Attended by Us,Income Statement-Expenses,C36,MWK,AVERAGE,0.07453494615500532
2026-03,MENA,240,I25193,Conference Attended by Us,Income Statement-Expenses,H36,AED,AVERAGE,35.23233333333334
2026-03,NIGERIA,240,I25193,Conference Attended by Us,Income Statement-Expenses,E36,NGN,AVERAGE,0.09442331160189509
2026-03,RWANDA,240,I25193,Conference Attended by Us,Income Statement-Expenses,B36,RWF,AVERAGE,0.08883668096741532
2026-03,DRC,240,I25193,Conference Attended by Us,Income Statement-Expenses,G36,USD,AVERAGE,129.32666666666668
2026-03,MALAWI,241,3510/200,Management expenses,Income Statement-Expenses,C36,MWK,AVERAGE,0.07453494615500532
2026-03,MENA,241,3510/200,Management expenses,Income Statement-Expenses,H36,AED,AVERAGE,35.23233333333334
2026-03,RWANDA,241,3510/200,Management expenses,Income Statement-Expenses,B36,RWF,AVERAGE,0.08883668096741532
2026-03,DRC,241,3510/200,Management expenses,Income Statement-Expenses,G36,USD,AVERAGE,129.32666666666668
2026-03,MALAWI,242,I25203,Bus.Advert-General,Income Statement-Expenses,C36,MWK,AVERAGE,0.07453494615500532
2026-03,MENA,242,I25203,Bus.Advert-General,Income Statement-Expenses,H36,AED,AVERAGE,35.23233333333334
2026-03,RWANDA,242,I25203,Bus.Advert-General,Income Statement-Expenses,B36,RWF,AVERAGE,0.08883668096741532
2026-03,DRC,242,I25203,Bus.Advert-General,Income Statement-Expenses,G36,USD,AVERAGE,129.32666666666668
2026-03,MALAWI,243,I25204,Bus.Advert-PR Material,Income Statement-Expenses,C36,MWK,AVERAGE,0.07453494615500532
2026-03,MENA,243,I25204,Bus.Advert-PR Material,Income Statement-Expenses,H36,AED,AVERAGE,35.23233333333334
2026-03,RWANDA,243,I25204,Bus.Advert-PR Material,Income Statement-Expenses,B36,RWF,AVERAGE,0.08883668096741532
2026-03,MALAWI,244,I25205,Sponsorships-General,Income Statement-Expenses,C36,MWK,AVERAGE,0.07453494615500532
2026-03,MENA,244,I25205,Sponsorships-General,Income Statement-Expenses,H36,AED,AVERAGE,35.23233333333334
2026-03,RWANDA,244,I25205,Sponsorships-General,Income Statement-Expenses,B36,RWF,AVERAGE,0.08883668096741532
2026-03,DRC,244,I25205,Sponsorships-General,Income Statement-Expenses,G36,USD,AVERAGE,129.32666666666668
2026-03,MALAWI,245,I25232,Telephone-Variable,Income Statement-Expenses,C36,MWK,AVERAGE,0.07453494615500532
2026-03,MENA,245,I25232,Telephone-Variable,Income Statement-Expenses,H36,AED,AVERAGE,35.23233333333334
2026-03,NIGERIA,245,I25232,Telephone-Variable,Income Statement-Expenses,E36,NGN,AVERAGE,0.09442331160189509
2026-03,RWANDA,245,I25232,Telephone-Variable,Income Statement-Expenses,B36,RWF,AVERAGE,0.08883668096741532
2026-03,DRC,245,I25232,Telephone-Variable,Income Statement-Expenses,G36,USD,AVERAGE,129.32666666666668
2026-03,MALAWI,246,I25236,Courier Services Cost,Income Statement-Expenses,C36,MWK,AVERAGE,0.07453494615500532
2026-03,MENA,246,I25236,Courier Services Cost,Income Statement-Expenses,H36,AED,AVERAGE,35.23233333333334
2026-03,NIGERIA,246,I25236,Courier Services Cost,Income Statement-Expenses,E36,NGN,AVERAGE,0.09442331160189509
2026-03,RWANDA,246,I25236,Courier Services Cost,Income Statement-Expenses,B36,RWF,AVERAGE,0.08883668096741532
2026-03,DRC,246,I25236,Courier Services Cost,Income Statement-Expenses,G36,USD,AVERAGE,129.32666666666668
2026-03,MALAWI,247,I25262,S/ware Depreciation,Income Statement-Expenses,C36,MWK,AVERAGE,0.07453494615500532
2026-03,MENA,247,I25262,S/ware Depreciation,Income Statement-Expenses,H36,AED,AVERAGE,35.23233333333334
2026-03,RWANDA,247,I25262,S/ware Depreciation,Income Statement-Expenses,B36,RWF,AVERAGE,0.08883668096741532
2026-03,MALAWI,248,I25264,Furn-Depreciation,Income Statement-Expenses,C36,MWK,AVERAGE,0.07453494615500532
2026-03,MENA,248,I25264,Furn-Depreciation,Income Statement-Expenses,H36,AED,AVERAGE,35.23233333333334
2026-03,NIGERIA,248,I25264,Furn-Depreciation,Income Statement-Expenses,E36,NGN,AVERAGE,0.09442331160189509
2026-03,RWANDA,248,I25264,Furn-Depreciation,Income Statement-Expenses,B36,RWF,AVERAGE,0.08883668096741532
2026-03,DRC,248,I25264,Furn-Depreciation,Income Statement-Expenses,G36,USD,AVERAGE,129.32666666666668
2026-03,MALAWI,249,4000/000,VALUE ADDS,Income Statement-Expenses,C36,MWK,AVERAGE,0.07453494615500532
2026-03,MENA,249,4000/000,VALUE ADDS,Income Statement-Expenses,H36,AED,AVERAGE,35.23233333333334
2026-03,RWANDA,249,4000/000,VALUE ADDS,Income Statement-Expenses,B36,RWF,AVERAGE,0.08883668096741532
2026-03,MALAWI,250,I25265,Equip-Depreciation,Income Statement-Expenses,C36,MWK,AVERAGE,0.07453494615500532
2026-03,MENA,250,I25265,Equip-Depreciation,Income Statement-Expenses,H36,AED,AVERAGE,35.23233333333334
2026-03,NIGERIA,250,I25265,Equip-Depreciation,Income Statement-Expenses,E36,NGN,AVERAGE,0.09442331160189509
2026-03,RWANDA,250,I25265,Equip-Depreciation,Income Statement-Expenses,B36,RWF,AVERAGE,0.08883668096741532
2026-03,DRC,250,I25265,Equip-Depreciation,Income Statement-Expenses,G36,USD,AVERAGE,129.32666666666668
2026-03,MALAWI,251,I25268,Goodwill amortisation,Income Statement-Expenses,C36,MWK,AVERAGE,0.07453494615500532
2026-03,MENA,251,I25268,Goodwill amortisation,Income Statement-Expenses,H36,AED,AVERAGE,35.23233333333334
2026-03,RWANDA,251,I25268,Goodwill amortisation,Income Statement-Expenses,B36,RWF,AVERAGE,0.08883668096741532
2026-03,MALAWI,252,I25291,Entertainment-(IN TOWN),Income Statement-Expenses,C36,MWK,AVERAGE,0.07453494615500532
2026-03,MENA,252,I25291,Entertainment-(IN TOWN),Income Statement-Expenses,H36,AED,AVERAGE,35.23233333333334
2026-03,RWANDA,252,I25291,Entertainment-(IN TOWN),Income Statement-Expenses,B36,RWF,AVERAGE,0.08883668096741532
2026-03,DRC,252,I25291,Entertainment-(IN TOWN),Income Statement-Expenses,G36,USD,AVERAGE,129.32666666666668
2026-03,MALAWI,253,3490/000,Entertainment-(OUT OF TOWN),Income Statement-Expenses,C36,MWK,AVERAGE,0.07453494615500532
2026-03,MENA,253,3490/000,Entertainment-(OUT OF TOWN),Income Statement-Expenses,H36,AED,AVERAGE,35.23233333333334
2026-03,RWANDA,253,3490/000,Entertainment-(OUT OF TOWN),Income Statement-Expenses,B36,RWF,AVERAGE,0.08883668096741532
2026-03,MALAWI,254,I25292,ENTERTAINMENT LUNCH,Income Statement-Expenses,C36,MWK,AVERAGE,0.07453494615500532
2026-03,MENA,254,I25292,ENTERTAINMENT LUNCH,Income Statement-Expenses,H36,AED,AVERAGE,35.23233333333334
2026-03,RWANDA,254,I25292,ENTERTAINMENT LUNCH,Income Statement-Expenses,B36,RWF,AVERAGE,0.08883668096741532
2026-03,MALAWI,255,I25294,Christmas Party,Income Statement-Expenses,C36,MWK,AVERAGE,0.07453494615500532
2026-03,MENA,255,I25294,Christmas Party,Income Statement-Expenses,H36,AED,AVERAGE,35.23233333333334
2026-03,NIGERIA,255,I25294,Christmas Party,Income Statement-Expenses,E36,NGN,AVERAGE,0.09442331160189509
2026-03,RWANDA,255,I25294,Christmas Party,Income Statement-Expenses,B36,RWF,AVERAGE,0.08883668096741532
2026-03,DRC,255,I25294,Christmas Party,Income Statement-Expenses,G36,USD,AVERAGE,129.32666666666668
2026-03,MALAWI,256,,Flowers and Gifts,Income Statement-Expenses,C36,MWK,AVERAGE,0.07453494615500532
2026-03,MALAWI,257,I25326,Int.Paid-Other,Income Statement-Expenses,C36,MWK,AVERAGE,0.07453494615500532
2026-03,MENA,257,I25326,Int.Paid-Other,Income Statement-Expenses,H36,AED,AVERAGE,35.23233333333334
2026-03,RWANDA,257,I25326,Int.Paid-Other,Income Statement-Expenses,B36,RWF,AVERAGE,0.08883668096741532
2026-03,MALAWI,258,I25327,Fin Charges Paid,Income Statement-Expenses,C36,MWK,AVERAGE,0.07453494615500532
2026-03,MENA,258,I25327,Fin Charges Paid,Income Statement-Expenses,H36,AED,AVERAGE,35.23233333333334
2026-03,RWANDA,258,I25327,Fin Charges Paid,Income Statement-Expenses,B36,RWF,AVERAGE,0.08883668096741532
2026-03,MALAWI,259,I25329,Unrealised Currency gain/loss,Income Statement-Expenses,C36,MWK,AVERAGE,0.07453494615500532
2026-03,MENA,259,I25329,Unrealised Currency gain/loss,Income Statement-Expenses,H36,AED,AVERAGE,35.23233333333334
2026-03,RWANDA,259,I25329,Unrealised Currency gain/loss,Income Statement-Expenses,B36,RWF,AVERAGE,0.08883668096741532
2026-03,MALAWI,260,I25354,Equip-Maintenance,Income Statement-Expenses,C36,MWK,AVERAGE,0.07453494615500532
2026-03,MENA,260,I25354,Equip-Maintenance,Income Statement-Expenses,H36,AED,AVERAGE,35.23233333333334
2026-03,RWANDA,260,I25354,Equip-Maintenance,Income Statement-Expenses,B36,RWF,AVERAGE,0.08883668096741532
2026-03,MALAWI,261,I25355,Equip Lease charges,Income Statement-Expenses,C36,MWK,AVERAGE,0.07453494615500532
2026-03,MENA,261,I25355,Equip Lease charges,Income Statement-Expenses,H36,AED,AVERAGE,35.23233333333334
2026-03,RWANDA,261,I25355,Equip Lease charges,Income Statement-Expenses,B36,RWF,AVERAGE,0.08883668096741532
2026-03,MALAWI,262,I25358,Subscriptions General,Income Statement-Expenses,C36,MWK,AVERAGE,0.07453494615500532
2026-03,MENA,262,I25358,Subscriptions General,Income Statement-Expenses,H36,AED,AVERAGE,35.23233333333334
2026-03,RWANDA,262,I25358,Subscriptions General,Income Statement-Expenses,B36,RWF,AVERAGE,0.08883668096741532
2026-03,DRC,262,I25358,Subscriptions General,Income Statement-Expenses,G36,USD,AVERAGE,129.32666666666668
2026-03,MALAWI,263,I25360,Bank Charges,Income Statement-Expenses,C36,MWK,AVERAGE,0.07453494615500532
2026-03,MENA,263,I25360,Bank Charges,Income Statement-Expenses,H36,AED,AVERAGE,35.23233333333334
2026-03,NIGERIA,263,I25360,Bank Charges,Income Statement-Expenses,E36,NGN,AVERAGE,0.09442331160189509
2026-03,RWANDA,263,I25360,Bank Charges,Income Statement-Expenses,B36,RWF,AVERAGE,0.08883668096741532
2026-03,DRC,263,I25360,Bank Charges,Income Statement-Expenses,G36,USD,AVERAGE,129.32666666666668
2026-03,MALAWI,264,I25361,Books & Periodicals,Income Statement-Expenses,C36,MWK,AVERAGE,0.07453494615500532
2026-03,MENA,264,I25361,Books & Periodicals,Income Statement-Expenses,H36,AED,AVERAGE,35.23233333333334
2026-03,RWANDA,264,I25361,Books & Periodicals,Income Statement-Expenses,B36,RWF,AVERAGE,0.08883668096741532
2026-03,MALAWI,265,I25362,STAFF WELFARE,Income Statement-Expenses,C36,MWK,AVERAGE,0.07453494615500532
2026-03,MENA,265,I25362,STAFF WELFARE,Income Statement-Expenses,H36,AED,AVERAGE,35.23233333333334
2026-03,RWANDA,265,I25362,STAFF WELFARE,Income Statement-Expenses,B36,RWF,AVERAGE,0.08883668096741532
2026-03,MALAWI,266,I25363,CLIENT GIFTS AND REWARDS,Income Statement-Expenses,C36,MWK,AVERAGE,0.07453494615500532
2026-03,MENA,266,I25363,CLIENT GIFTS AND REWARDS,Income Statement-Expenses,H36,AED,AVERAGE,35.23233333333334
2026-03,RWANDA,266,I25363,CLIENT GIFTS AND REWARDS,Income Statement-Expenses,B36,RWF,AVERAGE,0.08883668096741532
2026-03,MALAWI,267,I25365,Donations-Charitable,Income Statement-Expenses,C36,MWK,AVERAGE,0.07453494615500532
2026-03,MENA,267,I25365,Donations-Charitable,Income Statement-Expenses,H36,AED,AVERAGE,35.23233333333334
2026-03,RWANDA,267,I25365,Donations-Charitable,Income Statement-Expenses,B36,RWF,AVERAGE,0.08883668096741532
2026-03,MALAWI,268,I25367,Summary:Gen Exp Other,Income Statement-Expenses,C36,MWK,AVERAGE,0.07453494615500532
2026-03,MENA,268,I25367,Summary:Gen Exp Other,Income Statement-Expenses,H36,AED,AVERAGE,35.23233333333334
2026-03,NIGERIA,268,I25367,Summary:Gen Exp Other,Income Statement-Expenses,E36,NGN,AVERAGE,0.09442331160189509
2026-03,RWANDA,268,I25367,Summary:Gen Exp Other,Income Statement-Expenses,B36,RWF,AVERAGE,0.08883668096741532
2026-03,DRC,268,I25367,Summary:Gen Exp Other,Income Statement-Expenses,G36,USD,AVERAGE,129.32666666666668
2026-03,MALAWI,269,I25401,Insurance-P.I.,Income Statement-Expenses,C36,MWK,AVERAGE,0.07453494615500532
2026-03,MENA,269,I25401,Insurance-P.I.,Income Statement-Expenses,H36,AED,AVERAGE,35.23233333333334
2026-03,NIGERIA,269,I25401,Insurance-P.I.,Income Statement-Expenses,E36,NGN,AVERAGE,0.09442331160189509
2026-03,RWANDA,269,I25401,Insurance-P.I.,Income Statement-Expenses,B36,RWF,AVERAGE,0.08883668096741532
2026-03,DRC,269,I25401,Insurance-P.I.,Income Statement-Expenses,G36,USD,AVERAGE,129.32666666666668
2026-03,MALAWI,270,3980/080,Insurance- Other,Income Statement-Expenses,C36,MWK,AVERAGE,0.07453494615500532
2026-03,MENA,270,3980/080,Insurance- Other,Income Statement-Expenses,H36,AED,AVERAGE,35.23233333333334
2026-03,NIGERIA,270,3980/080,Insurance- Other,Income Statement-Expenses,E36,NGN,AVERAGE,0.09442331160189509
2026-03,RWANDA,270,3980/080,Insurance- Other,Income Statement-Expenses,B36,RWF,AVERAGE,0.08883668096741532
2026-03,DRC,270,3980/080,Insurance- Other,Income Statement-Expenses,G36,USD,AVERAGE,129.32666666666668
2026-03,MALAWI,271,,Inter Company Expenses,Income Statement-Expenses,C36,MWK,AVERAGE,0.07453494615500532
2026-03,MENA,271,,Inter Company Expenses,Income Statement-Expenses,H36,AED,AVERAGE,35.23233333333334
2026-03,RWANDA,271,,Inter Company Expenses,Income Statement-Expenses,B36,RWF,AVERAGE,0.08883668096741532
2026-03,DRC,271,,Inter Company Expenses,Income Statement-Expenses,G37,?,?,
2026-03,MALAWI,272,I25421,Toner,Income Statement-Expenses,C36,MWK,AVERAGE,0.07453494615500532
2026-03,MENA,272,I25421,Toner,Income Statement-Expenses,H36,AED,AVERAGE,35.23233333333334
2026-03,NIGERIA,272,I25421,Toner,Income Statement-Expenses,E36,NGN,AVERAGE,0.09442331160189509
2026-03,RWANDA,272,I25421,Toner,Income Statement-Expenses,B36,RWF,AVERAGE,0.08883668096741532
2026-03,DRC,272,I25421,Toner,Income Statement-Expenses,G36,USD,AVERAGE,129.32666666666668
2026-03,MALAWI,273,I25422,PC Supplies,Income Statement-Expenses,C36,MWK,AVERAGE,0.07453494615500532
2026-03,MENA,273,I25422,PC Supplies,Income Statement-Expenses,H36,AED,AVERAGE,35.23233333333334
2026-03,RWANDA,273,I25422,PC Supplies,Income Statement-Expenses,B36,RWF,AVERAGE,0.08883668096741532
2026-03,DRC,273,I25422,PC Supplies,Income Statement-Expenses,G36,USD,AVERAGE,129.32666666666668
2026-03,MALAWI,274,I25423,Comp-Depreciation,Income Statement-Expenses,C36,MWK,AVERAGE,0.07453494615500532
2026-03,MENA,274,I25423,Comp-Depreciation,Income Statement-Expenses,H36,AED,AVERAGE,35.23233333333334
2026-03,RWANDA,274,I25423,Comp-Depreciation,Income Statement-Expenses,B36,RWF,AVERAGE,0.08883668096741532
2026-03,DRC,274,I25423,Comp-Depreciation,Income Statement-Expenses,G36,USD,AVERAGE,129.32666666666668
2026-03,MALAWI,275,I25426,Software Installation,Income Statement-Expenses,C36,MWK,AVERAGE,0.07453494615500532
2026-03,MENA,275,I25426,Software Installation,Income Statement-Expenses,H36,AED,AVERAGE,35.23233333333334
2026-03,RWANDA,275,I25426,Software Installation,Income Statement-Expenses,B36,RWF,AVERAGE,0.08883668096741532
2026-03,MALAWI,276,I25427,Software Implemantation,Income Statement-Expenses,C36,MWK,AVERAGE,0.07453494615500532
2026-03,MENA,276,I25427,Software Implemantation,Income Statement-Expenses,H36,AED,AVERAGE,35.23233333333334
2026-03,RWANDA,276,I25427,Software Implemantation,Income Statement-Expenses,B36,RWF,AVERAGE,0.08883668096741532
2026-03,MALAWI,277,I25428,Software Maintenance,Income Statement-Expenses,C36,MWK,AVERAGE,0.07453494615500532
2026-03,MENA,277,I25428,Software Maintenance,Income Statement-Expenses,H36,AED,AVERAGE,35.23233333333334
2026-03,RWANDA,277,I25428,Software Maintenance,Income Statement-Expenses,B36,RWF,AVERAGE,0.08883668096741532
2026-03,MALAWI,278,I25429,Software Licence Fees,Income Statement-Expenses,C36,MWK,AVERAGE,0.07453494615500532
2026-03,MENA,278,I25429,Software Licence Fees,Income Statement-Expenses,H36,AED,AVERAGE,35.23233333333334
2026-03,RWANDA,278,I25429,Software Licence Fees,Income Statement-Expenses,B36,RWF,AVERAGE,0.08883668096741532
2026-03,DRC,278,I25429,Software Licence Fees,Income Statement-Expenses,G36,USD,AVERAGE,129.32666666666668
2026-03,MALAWI,279,I25452,MV-Leasing Costs,Income Statement-Expenses,C36,MWK,AVERAGE,0.07453494615500532
2026-03,MENA,279,I25452,MV-Leasing Costs,Income Statement-Expenses,H36,AED,AVERAGE,35.23233333333334
2026-03,RWANDA,279,I25452,MV-Leasing Costs,Income Statement-Expenses,B36,RWF,AVERAGE,0.08883668096741532
2026-03,DRC,279,I25452,MV-Leasing Costs,Income Statement-Expenses,G36,USD,AVERAGE,129.32666666666668
2026-03,MALAWI,280,I25455,MV - Leasing Costs (non personnel),Income Statement-Expenses,C36,MWK,AVERAGE,0.07453494615500532
2026-03,MENA,280,I25455,MV - Leasing Costs (non personnel),Income Statement-Expenses,H36,AED,AVERAGE,35.23233333333334
2026-03,RWANDA,280,I25455,MV - Leasing Costs (non personnel),Income Statement-Expenses,B36,RWF,AVERAGE,0.08883668096741532
2026-03,DRC,280,I25455,MV - Leasing Costs (non personnel),Income Statement-Expenses,G36,USD,AVERAGE,129.32666666666668
2026-03,MALAWI,281,I25456,MV - Fuel Costs (non personnel),Income Statement-Expenses,C36,MWK,AVERAGE,0.07453494615500532
2026-03,MENA,281,I25456,MV - Fuel Costs (non personnel),Income Statement-Expenses,H36,AED,AVERAGE,35.23233333333334
2026-03,NIGERIA,281,I25456,MV - Fuel Costs (non personnel),Income Statement-Expenses,E36,NGN,AVERAGE,0.09442331160189509
2026-03,RWANDA,281,I25456,MV - Fuel Costs (non personnel),Income Statement-Expenses,B36,RWF,AVERAGE,0.08883668096741532
2026-03,DRC,281,I25456,MV - Fuel Costs (non personnel),Income Statement-Expenses,G36,USD,AVERAGE,129.32666666666668
2026-03,MALAWI,282,3350/000,MV-Depreciation,Income Statement-Expenses,C36,MWK,AVERAGE,0.07453494615500532
2026-03,MENA,282,3350/000,MV-Depreciation,Income Statement-Expenses,H36,AED,AVERAGE,35.23233333333334
2026-03,NIGERIA,282,3350/000,MV-Depreciation,Income Statement-Expenses,E36,NGN,AVERAGE,0.09442331160189509
2026-03,RWANDA,282,3350/000,MV-Depreciation,Income Statement-Expenses,B36,RWF,AVERAGE,0.08883668096741532
2026-03,DRC,282,3350/000,MV-Depreciation,Income Statement-Expenses,G36,USD,AVERAGE,129.32666666666668
2026-03,MALAWI,283,4000/000,Leasehold-Depreciation,Income Statement-Expenses,C36,MWK,AVERAGE,0.07453494615500532
2026-03,MENA,283,4000/000,Leasehold-Depreciation,Income Statement-Expenses,H36,AED,AVERAGE,35.23233333333334
2026-03,RWANDA,283,4000/000,Leasehold-Depreciation,Income Statement-Expenses,B36,RWF,AVERAGE,0.08883668096741532
2026-03,DRC,283,4000/000,Leasehold-Depreciation,Income Statement-Expenses,G36,USD,AVERAGE,129.32666666666668
2026-03,MALAWI,284,4020/000,Equip maintenance,Income Statement-Expenses,C36,MWK,AVERAGE,0.07453494615500532
2026-03,MENA,284,4020/000,Equip maintenance,Income Statement-Expenses,H36,AED,AVERAGE,35.23233333333334
2026-03,NIGERIA,284,4020/000,Equip maintenance,Income Statement-Expenses,E36,NGN,AVERAGE,0.09442331160189509
2026-03,RWANDA,284,4020/000,Equip maintenance,Income Statement-Expenses,B36,RWF,AVERAGE,0.08883668096741532
2026-03,MALAWI,285,4650/200,Taxation expense,Income Statement-Expenses,C36,MWK,AVERAGE,0.07453494615500532
2026-03,NIGERIA,285,4650/200,Taxation expense,Income Statement-Expenses,E36,NGN,AVERAGE,0.09442331160189509
2026-03,RWANDA,285,4650/200,Taxation expense,Income Statement-Expenses,B36,RWF,AVERAGE,0.08883668096741532
2026-04,MALAWI,7,B10120,Ord.Share Capital,Share capital,C11,MWK,2026-04,0.07448123817610344
2026-04,MENA,7,B10120,Ord.Share Capital,Share capital,H11,AED,2026-04,35.12
2026-04,NIGERIA,7,B10120,Ord.Share Capital,Share capital,E11,NGN,2026-04,0.09386146048432514
2026-04,RWANDA,7,B10120,Ord.Share Capital,Share capital,B11,RWF,2026-04,0.08833922261484099
2026-04,DRC,7,B10120,Ord.Share Capital,Share capital,G11,USD,2026-04,129.17
2026-04,MALAWI,8,7610/000,Funds Awaiting Capitalisation,Translation reserve,C11,MWK,2026-04,0.07448123817610344
2026-04,MENA,8,7610/000,Funds Awaiting Capitalisation,Translation reserve,H11,AED,2026-04,35.12
2026-04,RWANDA,8,7610/000,Funds Awaiting Capitalisation,Translation reserve,B11,RWF,2026-04,0.08833922261484099
2026-04,MALAWI,9,7630/000,Share Premium,Translation reserve,C11,MWK,2026-04,0.07448123817610344
2026-04,MENA,9,7630/000,Share Premium,Translation reserve,H11,AED,2026-04,35.12
2026-04,RWANDA,9,7630/000,Share Premium,Translation reserve,B11,RWF,2026-04,0.08833922261484099
2026-04,MALAWI,10,B15110,Distr.Reser-RetainedInc,Retained earnings,C11,MWK,2026-04,0.07448123817610344
2026-04,MENA,10,B15110,Distr.Reser-RetainedInc,Retained earnings,H11,AED,2026-04,35.12
2026-04,NIGERIA,10,B15110,Distr.Reser-RetainedInc,Retained earnings,E11,NGN,2026-04,0.09386146048432514
2026-04,RWANDA,10,B15110,Distr.Reser-RetainedInc,Retained earnings,B11,RWF,2026-04,0.08833922261484099
2026-04,DRC,10,B15110,Distr.Reser-RetainedInc,Retained earnings,G11,USD,2026-04,129.17
2026-04,MALAWI,11,7620/000,Revaluation Reserve,Translation reserve,C11,MWK,2026-04,0.07448123817610344
2026-04,MENA,11,7620/000,Revaluation Reserve,Translation reserve,H11,AED,2026-04,35.12
2026-04,RWANDA,11,7620/000,Revaluation Reserve,Translation reserve,B11,RWF,2026-04,0.08833922261484099
2026-04,MALAWI,12,xxxx,Translation reserve,Translation reserve,C11,MWK,2026-04,0.07448123817610344
2026-04,MALAWI,13,XXX,Non controlling interest,Non-controlling interests,C11,MWK,2026-04,0.07448123817610344
2026-04,MENA,13,XXX,Non controlling interest,Non-controlling interests,H11,AED,2026-04,35.12
2026-04,MALAWI,14,B30110,Head Office Receivable Account,"Property, plant and equipment",C11,MWK,2026-04,0.07448123817610344
2026-04,MENA,14,B30110,Head Office Receivable Account,"Property, plant and equipment",H11,AED,2026-04,35.12
2026-04,RWANDA,14,B30110,Head Office Receivable Account,"Property, plant and equipment",B11,RWF,2026-04,0.08833922261484099
2026-04,MALAWI,15,B35130,Equipments-TZ Branch,"Property, plant and equipment",C11,MWK,2026-04,0.07448123817610344
2026-04,MENA,15,B35130,Equipments-TZ Branch,"Property, plant and equipment",H11,AED,2026-04,35.12
2026-04,RWANDA,15,B35130,Equipments-TZ Branch,"Property, plant and equipment",B11,RWF,2026-04,0.08833922261484099
2026-04,MALAWI,16,B35140,MV-Cost Opening Balance,"Property, plant and equipment",C11,MWK,2026-04,0.07448123817610344
2026-04,MENA,16,B35140,MV-Cost Opening Balance,"Property, plant and equipment",H11,AED,2026-04,35.12
2026-04,NIGERIA,16,B35140,MV-Cost Opening Balance,"Property, plant and equipment",E11,NGN,2026-04,0.09386146048432514
2026-04,RWANDA,16,B35140,MV-Cost Opening Balance,"Property, plant and equipment",B11,RWF,2026-04,0.08833922261484099
2026-04,DRC,16,B35140,MV-Cost Opening Balance,"Property, plant and equipment",G11,USD,2026-04,129.17
2026-04,MALAWI,17,B35160,MV Accum-Depr Open Balance,"Property, plant and equipment",C11,MWK,2026-04,0.07448123817610344
2026-04,MENA,17,B35160,MV Accum-Depr Open Balance,"Property, plant and equipment",H11,AED,2026-04,35.12
2026-04,NIGERIA,17,B35160,MV Accum-Depr Open Balance,"Property, plant and equipment",E11,NGN,2026-04,0.09386146048432514
2026-04,RWANDA,17,B35160,MV Accum-Depr Open Balance,"Property, plant and equipment",B11,RWF,2026-04,0.08833922261484099
2026-04,DRC,17,B35160,MV Accum-Depr Open Balance,"Property, plant and equipment",G11,USD,2026-04,129.17
2026-04,MALAWI,18,B35170,Furn-Cost Open Balance,"Property, plant and equipment",C11,MWK,2026-04,0.07448123817610344
2026-04,MENA,18,B35170,Furn-Cost Open Balance,"Property, plant and equipment",H11,AED,2026-04,35.12
2026-04,NIGERIA,18,B35170,Furn-Cost Open Balance,"Property, plant and equipment",E11,NGN,2026-04,0.09386146048432514
2026-04,RWANDA,18,B35170,Furn-Cost Open Balance,"Property, plant and equipment",B11,RWF,2026-04,0.08833922261484099
2026-04,DRC,18,B35170,Furn-Cost Open Balance,"Property, plant and equipment",G11,USD,2026-04,129.17
2026-04,MALAWI,19,B35180,Furn-Additions this year,"Property, plant and equipment",C11,MWK,2026-04,0.07448123817610344
2026-04,MENA,19,B35180,Furn-Additions this year,"Property, plant and equipment",H11,AED,2026-04,35.12
2026-04,RWANDA,19,B35180,Furn-Additions this year,"Property, plant and equipment",B11,RWF,2026-04,0.08833922261484099
2026-04,DRC,19,B35180,Furn-Additions this year,"Property, plant and equipment",G11,USD,2026-04,129.17
2026-04,MALAWI,20,B35190,Furn-Depr Prov.,"Property, plant and equipment",C11,MWK,2026-04,0.07448123817610344
2026-04,MENA,20,B35190,Furn-Depr Prov.,"Property, plant and equipment",H11,AED,2026-04,35.12
2026-04,RWANDA,20,B35190,Furn-Depr Prov.,"Property, plant and equipment",B11,RWF,2026-04,0.08833922261484099
2026-04,DRC,20,B35190,Furn-Depr Prov.,"Property, plant and equipment",G11,USD,2026-04,129.17
2026-04,MALAWI,21,B35200,Furn Accum-Depreciation,"Property, plant and equipment",C11,MWK,2026-04,0.07448123817610344
2026-04,MENA,21,B35200,Furn Accum-Depreciation,"Property, plant and equipment",H11,AED,2026-04,35.12
2026-04,NIGERIA,21,B35200,Furn Accum-Depreciation,"Property, plant and equipment",E11,NGN,2026-04,0.09386146048432514
2026-04,RWANDA,21,B35200,Furn Accum-Depreciation,"Property, plant and equipment",B11,RWF,2026-04,0.08833922261484099
2026-04,DRC,21,B35200,Furn Accum-Depreciation,"Property, plant and equipment",G11,USD,2026-04,129.17
2026-04,MALAWI,22,B35210,Equip-Cost Open Balance,"Property, plant and equipment",C11,MWK,2026-04,0.07448123817610344
2026-04,MENA,22,B35210,Equip-Cost Open Balance,"Property, plant and equipment",H11,AED,2026-04,35.12
2026-04,NIGERIA,22,B35210,Equip-Cost Open Balance,"Property, plant and equipment",E11,NGN,2026-04,0.09386146048432514
2026-04,RWANDA,22,B35210,Equip-Cost Open Balance,"Property, plant and equipment",B11,RWF,2026-04,0.08833922261484099
2026-04,DRC,22,B35210,Equip-Cost Open Balance,"Property, plant and equipment",G11,USD,2026-04,129.17
2026-04,MALAWI,23,B35220,Equip-Additions This Year,"Property, plant and equipment",C11,MWK,2026-04,0.07448123817610344
2026-04,MENA,23,B35220,Equip-Additions This Year,"Property, plant and equipment",H11,AED,2026-04,35.12
2026-04,RWANDA,23,B35220,Equip-Additions This Year,"Property, plant and equipment",B11,RWF,2026-04,0.08833922261484099
2026-04,DRC,23,B35220,Equip-Additions This Year,"Property, plant and equipment",G11,USD,2026-04,129.17
2026-04,MALAWI,24,B35230,Equip-Depr.Prov.,"Property, plant and equipment",C11,MWK,2026-04,0.07448123817610344
2026-04,MENA,24,B35230,Equip-Depr.Prov.,"Property, plant and equipment",H11,AED,2026-04,35.12
2026-04,RWANDA,24,B35230,Equip-Depr.Prov.,"Property, plant and equipment",B11,RWF,2026-04,0.08833922261484099
2026-04,DRC,24,B35230,Equip-Depr.Prov.,"Property, plant and equipment",G11,USD,2026-04,129.17
2026-04,MALAWI,25,B35240,Equip Accum-Depr,"Property, plant and equipment",C11,MWK,2026-04,0.07448123817610344
2026-04,MENA,25,B35240,Equip Accum-Depr,"Property, plant and equipment",H11,AED,2026-04,35.12
2026-04,NIGERIA,25,B35240,Equip Accum-Depr,"Property, plant and equipment",E11,NGN,2026-04,0.09386146048432514
2026-04,RWANDA,25,B35240,Equip Accum-Depr,"Property, plant and equipment",B11,RWF,2026-04,0.08833922261484099
2026-04,DRC,25,B35240,Equip Accum-Depr,"Property, plant and equipment",G11,USD,2026-04,129.17
2026-04,MALAWI,26,B35250,Comp Equip-Cost Open Balance,"Property, plant and equipment",C11,MWK,2026-04,0.07448123817610344
2026-04,MENA,26,B35250,Comp Equip-Cost Open Balance,"Property, plant and equipment",H11,AED,2026-04,35.12
2026-04,RWANDA,26,B35250,Comp Equip-Cost Open Balance,"Property, plant and equipment",B11,RWF,2026-04,0.08833922261484099
2026-04,DRC,26,B35250,Comp Equip-Cost Open Balance,"Property, plant and equipment",G11,USD,2026-04,129.17
2026-04,MALAWI,27,B35280,Comp Equip-Additions,"Property, plant and equipment",C11,MWK,2026-04,0.07448123817610344
2026-04,MENA,27,B35280,Comp Equip-Additions,"Property, plant and equipment",H11,AED,2026-04,35.12
2026-04,RWANDA,27,B35280,Comp Equip-Additions,"Property, plant and equipment",B11,RWF,2026-04,0.08833922261484099
2026-04,DRC,27,B35280,Comp Equip-Additions,"Property, plant and equipment",G11,USD,2026-04,129.17
2026-04,MALAWI,28,B35290,Comp Equip- Accum Depreciation,"Property, plant and equipment",C11,MWK,2026-04,0.07448123817610344
2026-04,MENA,28,B35290,Comp Equip- Accum Depreciation,"Property, plant and equipment",H11,AED,2026-04,35.12
2026-04,RWANDA,28,B35290,Comp Equip- Accum Depreciation,"Property, plant and equipment",B11,RWF,2026-04,0.08833922261484099
2026-04,DRC,28,B35290,Comp Equip- Accum Depreciation,"Property, plant and equipment",G11,USD,2026-04,129.17
2026-04,MALAWI,29,6300/000,Work In Progress,Intangible assets - computer software,C11,MWK,2026-04,0.07448123817610344
2026-04,MENA,29,6300/000,Work In Progress,Intangible assets - computer software,H11,AED,2026-04,35.12
2026-04,RWANDA,29,6300/000,Work In Progress,Intangible assets - computer software,B11,RWF,2026-04,0.08833922261484099
2026-04,MALAWI,30,B35310,Comp SW-Cost Open Balance,Intangible assets - computer software,C11,MWK,2026-04,0.07448123817610344
2026-04,MENA,30,B35310,Comp SW-Cost Open Balance,Intangible assets - computer software,H11,AED,2026-04,35.12
2026-04,RWANDA,30,B35310,Comp SW-Cost Open Balance,Intangible assets - computer software,B11,RWF,2026-04,0.08833922261484099
2026-04,MALAWI,31,B35320,Computer Software,Intangible assets - computer software,C11,MWK,2026-04,0.07448123817610344
2026-04,MENA,31,B35320,Computer Software,Intangible assets - computer software,H11,AED,2026-04,35.12
2026-04,RWANDA,31,B35320,Computer Software,Intangible assets - computer software,B11,RWF,2026-04,0.08833922261484099
2026-04,MALAWI,32,B35340,Comp S/Ware Acc -Write Off,Intangible assets - computer software,C11,MWK,2026-04,0.07448123817610344
2026-04,MENA,32,B35340,Comp S/Ware Acc -Write Off,Intangible assets - computer software,H11,AED,2026-04,35.12
2026-04,RWANDA,32,B35340,Comp S/Ware Acc -Write Off,Intangible assets - computer software,B11,RWF,2026-04,0.08833922261484099
2026-04,MALAWI,33,B35350,Leased Prem-Improvements,"Property, plant and equipment",C11,MWK,2026-04,0.07448123817610344
2026-04,MENA,33,B35350,Leased Prem-Improvements,"Property, plant and equipment",H11,AED,2026-04,35.12
2026-04,NIGERIA,33,B35350,Leased Prem-Improvements,"Property, plant and equipment",E11,NGN,2026-04,0.09386146048432514
2026-04,RWANDA,33,B35350,Leased Prem-Improvements,"Property, plant and equipment",B11,RWF,2026-04,0.08833922261484099
2026-04,DRC,33,B35350,Leased Prem-Improvements,"Property, plant and equipment",G11,USD,2026-04,129.17
2026-04,MALAWI,34,B35370,Lease Improv - Accum Ammortization,"Property, plant and equipment",C11,MWK,2026-04,0.07448123817610344
2026-04,MENA,34,B35370,Lease Improv - Accum Ammortization,"Property, plant and equipment",H11,AED,2026-04,35.12
2026-04,NIGERIA,34,B35370,Lease Improv - Accum Ammortization,"Property, plant and equipment",E11,NGN,2026-04,0.09386146048432514
2026-04,RWANDA,34,B35370,Lease Improv - Accum Ammortization,"Property, plant and equipment",B11,RWF,2026-04,0.08833922261484099
2026-04,DRC,34,B35370,Lease Improv - Accum Ammortization,"Property, plant and equipment",G11,USD,2026-04,129.17
2026-04,MALAWI,35,B35420,Deferred Tax,Deferred Tax,C11,MWK,2026-04,0.07448123817610344
2026-04,MENA,35,B35420,Deferred Tax,Deferred Tax,H11,AED,2026-04,35.12
2026-04,NIGERIA,35,B35420,Deferred Tax,Deferred Tax,E11,NGN,2026-04,0.09386146048432514
2026-04,RWANDA,35,B35420,Deferred Tax,Deferred Tax,B11,RWF,2026-04,0.08833922261484099
2026-04,MALAWI,36,B40110,Investment in subsidiary - RWANDA,Investment in subsidiary,C11,MWK,2026-04,0.07448123817610344
2026-04,MENA,36,B40110,Investment in subsidiary - RWANDA,Investment in subsidiary,H11,AED,2026-04,35.12
2026-04,RWANDA,36,B40110,Investment in subsidiary - RWANDA,Investment in subsidiary,B11,RWF,2026-04,0.08833922261484099
2026-04,MALAWI,37,6285/000,Investment in ZAAC Kenya,Investment in subsidiary,C11,MWK,2026-04,0.07448123817610344
2026-04,MALAWI,38,6290/000,Investment in ZAAC Nigeria,Investment in subsidiary,C11,MWK,2026-04,0.07448123817610344
2026-04,MALAWI,42,6460/000,Investment in Malawi,Investment in subsidiary,C11,MWK,2026-04,0.07448123817610344
2026-04,MENA,44,6366/000,Investment In Subsidiaries,Investment in subsidiary,H11,AED,2026-04,35.12
2026-04,RWANDA,44,6366/000,Investment In Subsidiaries,Investment in subsidiary,B11,RWF,2026-04,0.08833922261484099
2026-04,MALAWI,45,B45110,Goodwill-at Cost,Intangible assets - goodwill,C11,MWK,2026-04,0.07448123817610344
2026-04,MENA,45,B45110,Goodwill-at Cost,Intangible assets - goodwill,H11,AED,2026-04,35.12
2026-04,RWANDA,45,B45110,Goodwill-at Cost,Intangible assets - goodwill,B11,RWF,2026-04,0.08833922261484099
2026-04,MALAWI,46,B55110,Other Receivable,Other receivables,C11,MWK,2026-04,0.07448123817610344
2026-04,MENA,46,B55110,Other Receivable,Other receivables,H11,AED,2026-04,35.12
2026-04,NIGERIA,46,B55110,Other Receivable,Other receivables,E11,NGN,2026-04,0.09386146048432514
2026-04,RWANDA,46,B55110,Other Receivable,Other receivables,B11,RWF,2026-04,0.08833922261484099
2026-04,MALAWI,47,B55130,Accrued Income,Other receivables,C11,MWK,2026-04,0.07448123817610344
2026-04,MENA,47,B55130,Accrued Income,Other receivables,H11,AED,2026-04,35.12
2026-04,RWANDA,47,B55130,Accrued Income,Other receivables,B11,RWF,2026-04,0.08833922261484099
2026-04,MALAWI,48,B55140,Other Debtor - Claims Receivab,Other receivables,C11,MWK,2026-04,0.07448123817610344
2026-04,MENA,48,B55140,Other Debtor - Claims Receivab,Other receivables,H11,AED,2026-04,35.12
2026-04,RWANDA,48,B55140,Other Debtor - Claims Receivab,Other receivables,B11,RWF,2026-04,0.08833922261484099
2026-04,MALAWI,49,B55150,Drs-Gen.Bad Debt Prov.,Other receivables,C11,MWK,2026-04,0.07448123817610344
2026-04,MENA,49,B55150,Drs-Gen.Bad Debt Prov.,Other receivables,H11,AED,2026-04,35.12
2026-04,RWANDA,49,B55150,Drs-Gen.Bad Debt Prov.,Other receivables,B11,RWF,2026-04,0.08833922261484099
2026-04,MENA,50,B55210,Investment in Malawi,Investment in subsidiary,H11,AED,2026-04,35.12
2026-04,RWANDA,50,B55210,Investment in Malawi,Investment in subsidiary,B11,RWF,2026-04,0.08833922261484099
2026-04,MALAWI,51,,Investment in Subsidiary- Stonebridge,Investment in unquoted equity securities,C11,MWK,2026-04,0.07448123817610344
2026-04,MENA,51,,Investment in Subsidiary- Stonebridge,Investment in unquoted equity securities,H11,AED,2026-04,35.12
2026-04,NIGERIA,51,,Investment in Subsidiary- Stonebridge,Investment in unquoted equity securities,E11,NGN,2026-04,0.09386146048432514
2026-04,RWANDA,51,,Investment in Subsidiary- Stonebridge,Investment in unquoted equity securities,B11,RWF,2026-04,0.08833922261484099
2026-04,MALAWI,52,B55250,Conferences - Control  A/c,Other receivables,C11,MWK,2026-04,0.07448123817610344
2026-04,MENA,52,B55250,Conferences - Control  A/c,Other receivables,H11,AED,2026-04,35.12
2026-04,RWANDA,52,B55250,Conferences - Control  A/c,Other receivables,B11,RWF,2026-04,0.08833922261484099
2026-04,MENA,53,B55360,Rent Deposits,Other receivables,H11,AED,2026-04,35.12
2026-04,RWANDA,53,B55360,Rent Deposits,Other receivables,B11,RWF,2026-04,0.08833922261484099
2026-04,DRC,53,B55360,Rent Deposits,Other receivables,G11,USD,2026-04,129.17
2026-04,MALAWI,54,B55420,Due to/from Malawi,Other receivables - Related parties,C11,MWK,2026-04,0.07448123817610344
2026-04,MENA,54,B55420,Due to/from Malawi,Other receivables - Related parties,H11,AED,2026-04,35.12
2026-04,RWANDA,54,B55420,Due to/from Malawi,Other receivables - Related parties,B11,RWF,2026-04,0.08833922261484099
2026-04,MALAWI,55,B55480,Drs-Income Control,Trade receivables,C11,MWK,2026-04,0.07448123817610344
2026-04,MENA,55,B55480,Drs-Income Control,Trade receivables,H11,AED,2026-04,35.12
2026-04,NIGERIA,55,B55480,Drs-Income Control,Trade receivables,E11,NGN,2026-04,0.09386146048432514
2026-04,RWANDA,55,B55480,Drs-Income Control,Trade receivables,B11,RWF,2026-04,0.08833922261484099
2026-04,DRC,55,B55480,Drs-Income Control,Trade receivables,G11,USD,2026-04,129.17
2026-04,MALAWI,56,B55490,DUE TO/FROM ZAMARA HOLDING CO.,Other receivables - Related parties,C11,MWK,2026-04,0.07448123817610344
2026-04,MENA,56,B55490,DUE TO/FROM ZAMARA HOLDING CO.,Other receivables - Related parties,H11,AED,2026-04,35.12
2026-04,NIGERIA,56,B55490,DUE TO/FROM ZAMARA HOLDING CO.,Other receivables - Related parties,E11,NGN,2026-04,0.09386146048432514
2026-04,RWANDA,56,B55490,DUE TO/FROM ZAMARA HOLDING CO.,Other receivables - Related parties,B11,RWF,2026-04,0.08833922261484099
2026-04,MALAWI,57,B55520,DUE TO/FROM UGANDA,Other receivables - Related parties,C11,MWK,2026-04,0.07448123817610344
2026-04,MENA,57,B55520,DUE TO/FROM UGANDA,Other receivables - Related parties,H11,AED,2026-04,35.12
2026-04,RWANDA,57,B55520,DUE TO/FROM UGANDA,Other receivables - Related parties,B11,RWF,2026-04,0.08833922261484099
2026-04,MALAWI,58,B55570,Due to/from ZAAC,Other receivables - Related parties,C11,MWK,2026-04,0.07448123817610344
2026-04,MENA,58,B55570,Due to/from ZAAC,Other receivables - Related parties,H11,AED,2026-04,35.12
2026-04,NIGERIA,58,B55570,Due to/from ZAAC,Other receivables - Related parties,E11,NGN,2026-04,0.09386146048432514
2026-04,RWANDA,58,B55570,Due to/from ZAAC,Other receivables - Related parties,B11,RWF,2026-04,0.08833922261484099
2026-04,DRC,58,B55570,Due to/from ZAAC,Other receivables - Related parties,G11,USD,2026-04,129.17
2026-04,MALAWI,67,4015,Bank account- ZAAIB,Cash and cash equivalents,C11,MWK,2026-04,0.07448123817610344
2026-04,MENA,67,4015,Bank account- ZAAIB,Cash and cash equivalents,H11,AED,2026-04,35.12
2026-04,RWANDA,67,4015,Bank account- ZAAIB,Cash and cash equivalents,B11,RWF,2026-04,0.08833922261484099
2026-04,MENA,68,4016,Bank account NCBA,Cash and cash equivalents,H11,AED,2026-04,35.12
2026-04,RWANDA,68,4016,Bank account NCBA,Cash and cash equivalents,B11,RWF,2026-04,0.08833922261484099
2026-04,MALAWI,69,4017,Bank Account (ZAMARA AAIB LTD),Cash and cash equivalents,C11,MWK,2026-04,0.07448123817610344
2026-04,MENA,69,4017,Bank Account (ZAMARA AAIB LTD),Cash and cash equivalents,H11,AED,2026-04,35.12
2026-04,RWANDA,69,4017,Bank Account (ZAMARA AAIB LTD),Cash and cash equivalents,B11,RWF,2026-04,0.08833922261484099
2026-04,MALAWI,70,4018,AMIFA Account,Cash and cash equivalents,C11,MWK,2026-04,0.07448123817610344
2026-04,MENA,70,4018,AMIFA Account,Cash and cash equivalents,H11,AED,2026-04,35.12
2026-04,RWANDA,70,4018,AMIFA Account,Cash and cash equivalents,B11,RWF,2026-04,0.08833922261484099
2026-04,MALAWI,71,4019,NCBA Account USD,Cash and cash equivalents,C11,MWK,2026-04,0.07448123817610344
2026-04,MENA,71,4019,NCBA Account USD,Cash and cash equivalents,H11,AED,2026-04,35.12
2026-04,RWANDA,71,4019,NCBA Account USD,Cash and cash equivalents,B11,RWF,2026-04,0.08833922261484099
2026-04,MALAWI,72,4021,Bank account-Equity Bank,Cash and cash equivalents,C11,MWK,2026-04,0.07448123817610344
2026-04,MENA,72,4021,Bank account-Equity Bank,Cash and cash equivalents,H11,AED,2026-04,35.12
2026-04,RWANDA,72,4021,Bank account-Equity Bank,Cash and cash equivalents,B11,RWF,2026-04,0.08833922261484099
2026-04,MALAWI,73,6821/000,ECOBANK -KWACHA A/C,Cash and cash equivalents,C11,MWK,2026-04,0.07448123817610344
2026-04,MENA,73,6821/000,ECOBANK -KWACHA A/C,Cash and cash equivalents,H11,AED,2026-04,35.12
2026-04,RWANDA,73,6821/000,ECOBANK -KWACHA A/C,Cash and cash equivalents,B11,RWF,2026-04,0.08833922261484099
2026-04,MALAWI,74,6822/000,ECOBANK FCD-US$,Cash and cash equivalents,C11,MWK,2026-04,0.07448123817610344
2026-04,MENA,74,6822/000,ECOBANK FCD-US$,Cash and cash equivalents,H11,AED,2026-04,35.12
2026-04,RWANDA,74,6822/000,ECOBANK FCD-US$,Cash and cash equivalents,B11,RWF,2026-04,0.08833922261484099
2026-04,MENA,75,,RAK Bank AED,Cash and cash equivalents,H11,AED,2026-04,35.12
2026-04,RWANDA,75,,RAK Bank AED,Cash and cash equivalents,B11,RWF,2026-04,0.08833922261484099
2026-04,MENA,76,B60090,EQUITY BANK,Cash and cash equivalents,H11,AED,2026-04,35.12
2026-04,RWANDA,76,B60090,EQUITY BANK,Cash and cash equivalents,B11,RWF,2026-04,0.08833922261484099
2026-04,DRC,76,B60090,EQUITY BANK,Cash and cash equivalents,G11,USD,2026-04,129.17
2026-04,DRC,77,8410/000,RAW BANK,Cash and cash equivalents,G11,USD,2026-04,129.17
2026-04,MALAWI,78,B60110,KENYA COMMERCIAL BANK,Cash and cash equivalents,C11,MWK,2026-04,0.07448123817610344
2026-04,MENA,78,B60110,KENYA COMMERCIAL BANK,Cash and cash equivalents,H11,AED,2026-04,35.12
2026-04,RWANDA,78,B60110,KENYA COMMERCIAL BANK,Cash and cash equivalents,B11,RWF,2026-04,0.08833922261484099
2026-04,MALAWI,79,0001/000,EQUITY BANK-Office,Cash and cash equivalents,C11,MWK,2026-04,0.07448123817610344
2026-04,MENA,79,0001/000,EQUITY BANK-Office,Cash and cash equivalents,H11,AED,2026-04,35.12
2026-04,RWANDA,79,0001/000,EQUITY BANK-Office,Cash and cash equivalents,B11,RWF,2026-04,0.08833922261484099
2026-04,MALAWI,80,0068/000,KCB CLIENT-Client,Cash and cash equivalents,C11,MWK,2026-04,0.07448123817610344
2026-04,MENA,80,0068/000,KCB CLIENT-Client,Cash and cash equivalents,H11,AED,2026-04,35.12
2026-04,RWANDA,80,0068/000,KCB CLIENT-Client,Cash and cash equivalents,B11,RWF,2026-04,0.08833922261484099
2026-04,MALAWI,81,0068/000,KCB CLIENT(KES)-Client,Cash and cash equivalents,C11,MWK,2026-04,0.07448123817610344
2026-04,MENA,81,0068/000,KCB CLIENT(KES)-Client,Cash and cash equivalents,H11,AED,2026-04,35.12
2026-04,RWANDA,81,0068/000,KCB CLIENT(KES)-Client,Cash and cash equivalents,B11,RWF,2026-04,0.08833922261484099
2026-04,MALAWI,82,0068/001,KCB CLIENT(USD)-Client,Cash and cash equivalents,C11,MWK,2026-04,0.07448123817610344
2026-04,MENA,82,0068/001,KCB CLIENT(USD)-Client,Cash and cash equivalents,H11,AED,2026-04,35.12
2026-04,RWANDA,82,0068/001,KCB CLIENT(USD)-Client,Cash and cash equivalents,B11,RWF,2026-04,0.08833922261484099
2026-04,MENA,83,0068/002,KCB OFFICE(KES)-Office,Cash and cash equivalents,H11,AED,2026-04,35.12
2026-04,RWANDA,83,0068/002,KCB OFFICE(KES)-Office,Cash and cash equivalents,B11,RWF,2026-04,0.08833922261484099
2026-04,MALAWI,84,0068/003,KCB OFFICE(USD)-Office,Cash and cash equivalents,C11,MWK,2026-04,0.07448123817610344
2026-04,MENA,84,0068/003,KCB OFFICE(USD)-Office,Cash and cash equivalents,H11,AED,2026-04,35.12
2026-04,RWANDA,84,0068/003,KCB OFFICE(USD)-Office,Cash and cash equivalents,B11,RWF,2026-04,0.08833922261484099
2026-04,MENA,85,0068/004,KCB -FIXED DEPOSIT,Cash and cash equivalents,H11,AED,2026-04,35.12
2026-04,RWANDA,85,0068/004,KCB -FIXED DEPOSIT,Cash and cash equivalents,B11,RWF,2026-04,0.08833922261484099
2026-04,MENA,86,6801/000,KCB USD CLIENT-Client,Cash and cash equivalents,H11,AED,2026-04,35.12
2026-04,RWANDA,86,6801/000,KCB USD CLIENT-Client,Cash and cash equivalents,B11,RWF,2026-04,0.08833922261484099
2026-04,MENA,87,6804/000,KCB USD OFFICE-Office,Cash and cash equivalents,H11,AED,2026-04,35.12
2026-04,RWANDA,87,6804/000,KCB USD OFFICE-Office,Cash and cash equivalents,B11,RWF,2026-04,0.08833922261484099
2026-04,MENA,88,6820/000,MPESA ACCOUNT-Client,Cash and cash equivalents,H11,AED,2026-04,35.12
2026-04,RWANDA,88,6820/000,MPESA ACCOUNT-Client,Cash and cash equivalents,B11,RWF,2026-04,0.08833922261484099
2026-04,MENA,89,6821/000,CBA Office Bank Account-Office,Cash and cash equivalents,H11,AED,2026-04,35.12
2026-04,RWANDA,89,6821/000,CBA Office Bank Account-Office,Cash and cash equivalents,B11,RWF,2026-04,0.08833922261484099
2026-04,MENA,90,6822/000,SBM USD $-Office,Cash and cash equivalents,H11,AED,2026-04,35.12
2026-04,RWANDA,90,6822/000,SBM USD $-Office,Cash and cash equivalents,B11,RWF,2026-04,0.08833922261484099
2026-04,MALAWI,91,6823/000,Summary: cash at bank & on hand-Office,Cash and cash equivalents,C11,MWK,2026-04,0.07448123817610344
2026-04,MENA,91,6823/000,Summary: cash at bank & on hand-Office,Cash and cash equivalents,H11,AED,2026-04,35.12
2026-04,NIGERIA,91,6823/000,Summary: cash at bank & on hand-Office,Cash and cash equivalents,E11,NGN,2026-04,0.09386146048432514
2026-04,RWANDA,91,6823/000,Summary: cash at bank & on hand-Office,Cash and cash equivalents,B11,RWF,2026-04,0.08833922261484099
2026-04,DRC,91,6823/000,Summary: cash at bank & on hand-Office,Cash and cash equivalents,G11,USD,2026-04,129.17
2026-04,MENA,92,6824/000,CBA Client Bank Account-Client,Cash and cash equivalents,H11,AED,2026-04,35.12
2026-04,RWANDA,92,6824/000,CBA Client Bank Account-Client,Cash and cash equivalents,B11,RWF,2026-04,0.08833922261484099
2026-04,MENA,93,6825/000,CFCSTANBIC-OFFICE A/C-Office,Cash and cash equivalents,H11,AED,2026-04,35.12
2026-04,RWANDA,93,6825/000,CFCSTANBIC-OFFICE A/C-Office,Cash and cash equivalents,B11,RWF,2026-04,0.08833922261484099
2026-04,MENA,94,6826/000,CFCSTANBIC-CLIENT A/C-Client,Cash and cash equivalents,H11,AED,2026-04,35.12
2026-04,RWANDA,94,6826/000,CFCSTANBIC-CLIENT A/C-Client,Cash and cash equivalents,B11,RWF,2026-04,0.08833922261484099
2026-04,MENA,95,6827/000,Chase Bank Account-Client,Cash and cash equivalents,H11,AED,2026-04,35.12
2026-04,RWANDA,95,6827/000,Chase Bank Account-Client,Cash and cash equivalents,B11,RWF,2026-04,0.08833922261484099
2026-04,MENA,96,6828/000,COMMERCIAL BANK OF AFRICA-US$ OFFICE-Office,Cash and cash equivalents,H11,AED,2026-04,35.12
2026-04,RWANDA,96,6828/000,COMMERCIAL BANK OF AFRICA-US$ OFFICE-Office,Cash and cash equivalents,B11,RWF,2026-04,0.08833922261484099
2026-04,MENA,97,6829/000,COMMERCIAL BANK OF AFRICA-US$ CLIENT-Client,Cash and cash equivalents,H11,AED,2026-04,35.12
2026-04,RWANDA,97,6829/000,COMMERCIAL BANK OF AFRICA-US$ CLIENT-Client,Cash and cash equivalents,B11,RWF,2026-04,0.08833922261484099
2026-04,MENA,98,6830/000,UBA Client Account-Client,Cash and cash equivalents,H11,AED,2026-04,35.12
2026-04,RWANDA,98,6830/000,UBA Client Account-Client,Cash and cash equivalents,B11,RWF,2026-04,0.08833922261484099
2026-04,MENA,99,6832/000,SBM BANK FIXED DEPOSIT ACCOUNT-Office,Cash and cash equivalents,H11,AED,2026-04,35.12
2026-04,RWANDA,99,6832/000,SBM BANK FIXED DEPOSIT ACCOUNT-Office,Cash and cash equivalents,B11,RWF,2026-04,0.08833922261484099
2026-04,MENA,100,6833/000,CFC STANBIC(US$) -0000230847(CLIENT)-Client,Cash and cash equivalents,H11,AED,2026-04,35.12
2026-04,RWANDA,100,6833/000,CFC STANBIC(US$) -0000230847(CLIENT)-Client,Cash and cash equivalents,B11,RWF,2026-04,0.08833922261484099
2026-04,MENA,101,6839/000,SBM BANK BID BONDS-Office,Cash and cash equivalents,H11,AED,2026-04,35.12
2026-04,RWANDA,101,6839/000,SBM BANK BID BONDS-Office,Cash and cash equivalents,B11,RWF,2026-04,0.08833922261484099
2026-04,MENA,102,6840/000,Commecial Bank of Africa-Prem. Fin.-Office,Cash and cash equivalents,H11,AED,2026-04,35.12
2026-04,RWANDA,102,6840/000,Commecial Bank of Africa-Prem. Fin.-Office,Cash and cash equivalents,B11,RWF,2026-04,0.08833922261484099
2026-04,MENA,103,6843/000,Mayfair CIB Bank-Client,Cash and cash equivalents,H11,AED,2026-04,35.12
2026-04,RWANDA,103,6843/000,Mayfair CIB Bank-Client,Cash and cash equivalents,B11,RWF,2026-04,0.08833922261484099
2026-04,MENA,104,6850/000,FAULU MICROFINANCE BANK-Office,Cash and cash equivalents,H11,AED,2026-04,35.12
2026-04,RWANDA,104,6850/000,FAULU MICROFINANCE BANK-Office,Cash and cash equivalents,B11,RWF,2026-04,0.08833922261484099
2026-04,MENA,105,6860/000,ABSA BANK KENYA-Client,Cash and cash equivalents,H11,AED,2026-04,35.12
2026-04,RWANDA,105,6860/000,ABSA BANK KENYA-Client,Cash and cash equivalents,B11,RWF,2026-04,0.08833922261484099
2026-04,MENA,106,6880/000,KCB BANK-Office,Cash and cash equivalents,H11,AED,2026-04,35.12
2026-04,RWANDA,106,6880/000,KCB BANK-Office,Cash and cash equivalents,B11,RWF,2026-04,0.08833922261484099
2026-04,MENA,107,6890/000,MAYFAIR CIB USD-Client,Cash and cash equivalents,H11,AED,2026-04,35.12
2026-04,RWANDA,107,6890/000,MAYFAIR CIB USD-Client,Cash and cash equivalents,B11,RWF,2026-04,0.08833922261484099
2026-04,MENA,108,6900/000,SIDIAN BANK-Office,Cash and cash equivalents,H11,AED,2026-04,35.12
2026-04,RWANDA,108,6900/000,SIDIAN BANK-Office,Cash and cash equivalents,B11,RWF,2026-04,0.08833922261484099
2026-04,MENA,109,6920/000,GULF AFRICAN BANK-Client,Cash and cash equivalents,H11,AED,2026-04,35.12
2026-04,RWANDA,109,6920/000,GULF AFRICAN BANK-Client,Cash and cash equivalents,B11,RWF,2026-04,0.08833922261484099
2026-04,MENA,110,6930/000,GUARANTY TRUST BANK-Client,Cash and cash equivalents,H11,AED,2026-04,35.12
2026-04,RWANDA,110,6930/000,GUARANTY TRUST BANK-Client,Cash and cash equivalents,B11,RWF,2026-04,0.08833922261484099
2026-04,MENA,111,6940/000,FREDRICK MUCHINA-Office,Cash and cash equivalents,H11,AED,2026-04,35.12
2026-04,RWANDA,111,6940/000,FREDRICK MUCHINA-Office,Cash and cash equivalents,B11,RWF,2026-04,0.08833922261484099
2026-04,MENA,112,6950/000,LIZA NYAGA-Office,Cash and cash equivalents,H11,AED,2026-04,35.12
2026-04,RWANDA,112,6950/000,LIZA NYAGA-Office,Cash and cash equivalents,B11,RWF,2026-04,0.08833922261484099
2026-04,MENA,113,6960/000,ALEEM AKBARALI-Office,Cash and cash equivalents,H11,AED,2026-04,35.12
2026-04,RWANDA,113,6960/000,ALEEM AKBARALI-Office,Cash and cash equivalents,B11,RWF,2026-04,0.08833922261484099
2026-04,MENA,114,6990/000,MWIHAKI KABURA-Office,Cash and cash equivalents,H11,AED,2026-04,35.12
2026-04,RWANDA,114,6990/000,MWIHAKI KABURA-Office,Cash and cash equivalents,B11,RWF,2026-04,0.08833922261484099
2026-04,MENA,115,7030/000,JAMES OLUBAYI-Office,Cash and cash equivalents,H11,AED,2026-04,35.12
2026-04,RWANDA,115,7030/000,JAMES OLUBAYI-Office,Cash and cash equivalents,B11,RWF,2026-04,0.08833922261484099
2026-04,MENA,116,B60160,NCBA Bank-US$ OFFICE,Cash and cash equivalents,H11,AED,2026-04,35.12
2026-04,RWANDA,116,B60160,NCBA Bank-US$ OFFICE,Cash and cash equivalents,B11,RWF,2026-04,0.08833922261484099
2026-04,MENA,117,B60180,NCBA Office Bank Account-Office,Cash and cash equivalents,H11,AED,2026-04,35.12
2026-04,RWANDA,117,B60180,NCBA Office Bank Account-Office,Cash and cash equivalents,B11,RWF,2026-04,0.08833922261484099
2026-04,MENA,118,B60190,PETTY CASH - OFFICE,Cash and cash equivalents,H11,AED,2026-04,35.12
2026-04,RWANDA,118,B60190,PETTY CASH - OFFICE,Cash and cash equivalents,B11,RWF,2026-04,0.08833922261484099
2026-04,DRC,118,B60190,PETTY CASH - OFFICE,Cash and cash equivalents,G11,USD,2026-04,129.17
2026-04,MENA,119,B60210,SBM Bank Account-Office Account,Cash and cash equivalents,H11,AED,2026-04,35.12
2026-04,RWANDA,119,B60210,SBM Bank Account-Office Account,Cash and cash equivalents,B11,RWF,2026-04,0.08833922261484099
2026-04,MENA,120,B60260,UBA Office Account,Cash and cash equivalents,H11,AED,2026-04,35.12
2026-04,NIGERIA,120,B60260,UBA Office Account,Cash and cash equivalents,E11,NGN,2026-04,0.09386146048432514
2026-04,RWANDA,120,B60260,UBA Office Account,Cash and cash equivalents,B11,RWF,2026-04,0.08833922261484099
2026-04,MENA,121,B60170,NATIONAL BANK OF KENYA,Cash and cash equivalents,H11,AED,2026-04,35.12
2026-04,RWANDA,121,B60170,NATIONAL BANK OF KENYA,Cash and cash equivalents,B11,RWF,2026-04,0.08833922261484099
2026-04,MENA,122,B60310,SUNDEEP RAICHURA PREPAID CARD,Cash and cash equivalents,H11,AED,2026-04,35.12
2026-04,RWANDA,122,B60310,SUNDEEP RAICHURA PREPAID CARD,Cash and cash equivalents,B11,RWF,2026-04,0.08833922261484099
2026-04,MENA,123,B60320,ROBERT NJOROGE PREPAID CARD,Cash and cash equivalents,H11,AED,2026-04,35.12
2026-04,RWANDA,123,B60320,ROBERT NJOROGE PREPAID CARD,Cash and cash equivalents,B11,RWF,2026-04,0.08833922261484099
2026-04,MENA,124,B60330,JAY KOSGEI PREPAID CARD,Cash and cash equivalents,H11,AED,2026-04,35.12
2026-04,RWANDA,124,B60330,JAY KOSGEI PREPAID CARD,Cash and cash equivalents,B11,RWF,2026-04,0.08833922261484099
2026-04,MENA,125,B60340,NIKHIL DODHIA PREPARD CARD,Cash and cash equivalents,H11,AED,2026-04,35.12
2026-04,RWANDA,125,B60340,NIKHIL DODHIA PREPARD CARD,Cash and cash equivalents,B11,RWF,2026-04,0.08833922261484099
2026-04,MENA,126,B60350,ADIL SULEMAN PREPAID CARD,Cash and cash equivalents,H11,AED,2026-04,35.12
2026-04,RWANDA,126,B60350,ADIL SULEMAN PREPAID CARD,Cash and cash equivalents,B11,RWF,2026-04,0.08833922261484099
2026-04,MENA,127,B60360,ANTONY KILAVI PREPAID CARD,Cash and cash equivalents,H11,AED,2026-04,35.12
2026-04,RWANDA,127,B60360,ANTONY KILAVI PREPAID CARD,Cash and cash equivalents,B11,RWF,2026-04,0.08833922261484099
2026-04,MENA,128,B60370,PAUL KAMOCHE PREPAID CARD,Cash and cash equivalents,H11,AED,2026-04,35.12
2026-04,RWANDA,128,B60370,PAUL KAMOCHE PREPAID CARD,Cash and cash equivalents,B11,RWF,2026-04,0.08833922261484099
2026-04,MENA,129,B60380,MICHAEL VAATI PRPAID CARD,Cash and cash equivalents,H11,AED,2026-04,35.12
2026-04,RWANDA,129,B60380,MICHAEL VAATI PRPAID CARD,Cash and cash equivalents,B11,RWF,2026-04,0.08833922261484099
2026-04,MENA,130,B60390,RAYMOND MUTHAMA PREPAID CARD,Cash and cash equivalents,H11,AED,2026-04,35.12
2026-04,RWANDA,130,B60390,RAYMOND MUTHAMA PREPAID CARD,Cash and cash equivalents,B11,RWF,2026-04,0.08833922261484099
2026-04,MENA,131,B60400,KHALID OBULINJI PREPAID CARD,Cash and cash equivalents,H11,AED,2026-04,35.12
2026-04,RWANDA,131,B60400,KHALID OBULINJI PREPAID CARD,Cash and cash equivalents,B11,RWF,2026-04,0.08833922261484099
2026-04,MENA,132,B60410,JAMBO JET- AIRTICKETS,Other receivables,H11,AED,2026-04,35.12
2026-04,RWANDA,132,B60410,JAMBO JET- AIRTICKETS,Other receivables,B11,RWF,2026-04,0.08833922261484099
2026-04,MENA,133,B60420,Premium Finance A/C,Borrowings,H11,AED,2026-04,35.12
2026-04,RWANDA,133,B60420,Premium Finance A/C,Borrowings,B11,RWF,2026-04,0.08833922261484099
2026-04,MENA,134,7380/080,Premiums payable,Premiums payable,H11,AED,2026-04,35.12
2026-04,RWANDA,134,7380/080,Premiums payable,Premiums payable,B11,RWF,2026-04,0.08833922261484099
2026-04,DRC,134,7380/080,Premiums payable,Premiums payable,G11,USD,2026-04,129.17
2026-04,DRC,135,9100/000,Fund Receivable,Premium Receivable,G11,USD,2026-04,129.17
2026-04,MENA,137,7381/080,Premiums Receivable(GP),Premium Receivable,H11,AED,2026-04,35.12
2026-04,RWANDA,137,7381/080,Premiums Receivable(GP),Premium Receivable,B11,RWF,2026-04,0.08833922261484099
2026-04,MENA,138,7400/000,Commissions Payable,Trade and other payables,H11,AED,2026-04,35.12
2026-04,RWANDA,138,7400/000,Commissions Payable,Trade and other payables,B11,RWF,2026-04,0.08833922261484099
2026-04,MENA,139,6680/080,Interest Receivable,Other receivables,H11,AED,2026-04,35.12
2026-04,RWANDA,139,6680/080,Interest Receivable,Other receivables,B11,RWF,2026-04,0.08833922261484099
2026-04,MENA,140,B65110,Other Receivables - Disbursements,Other receivables,H11,AED,2026-04,35.12
2026-04,RWANDA,140,B65110,Other Receivables - Disbursements,Other receivables,B11,RWF,2026-04,0.08833922261484099
2026-04,MENA,141,B65120,Due to/from Nigeria,Other receivables - Related parties,H11,AED,2026-04,35.12
2026-04,RWANDA,141,B65120,Due to/from Nigeria,Other receivables - Related parties,B11,RWF,2026-04,0.08833922261484099
2026-04,MENA,142,B65130,Due from/to AFRIB Transactional,Other receivables - Related parties,H11,AED,2026-04,35.12
2026-04,RWANDA,142,B65130,Due from/to AFRIB Transactional,Other receivables - Related parties,B11,RWF,2026-04,0.08833922261484099
2026-04,DRC,142,B65130,Due from/to AFRIB Transactional,Other receivables - Related parties,G11,USD,2026-04,129.17
2026-04,MENA,143,6361/000,Due to/from Zamara Reinsurance,Other receivables - Related parties,H11,AED,2026-04,35.12
2026-04,RWANDA,143,6361/000,Due to/from Zamara Reinsurance,Other receivables - Related parties,B11,RWF,2026-04,0.08833922261484099
2026-04,MENA,144,6352/000,Due from/to AFFSEA - Transactional,Other receivables - Related parties,H11,AED,2026-04,35.12
2026-04,RWANDA,144,6352/000,Due from/to AFFSEA - Transactional,Other receivables - Related parties,B11,RWF,2026-04,0.08833922261484099
2026-04,MENA,145,B65140,Dues to/from Rwanda,Other receivables - Related parties,H11,AED,2026-04,35.12
2026-04,RWANDA,145,B65140,Dues to/from Rwanda,Other receivables - Related parties,B11,RWF,2026-04,0.08833922261484099
2026-04,MALAWI,146,B65150,Fixed Deposit Account,Cash and cash equivalents,C11,MWK,2026-04,0.07448123817610344
2026-04,MENA,146,B65150,Fixed Deposit Account,Cash and cash equivalents,H11,AED,2026-04,35.12
2026-04,RWANDA,146,B65150,Fixed Deposit Account,Cash and cash equivalents,B11,RWF,2026-04,0.08833922261484099
2026-04,MENA,147,B65160,Placements,Cash and cash equivalents,H11,AED,2026-04,35.12
2026-04,RWANDA,147,B65160,Placements,Cash and cash equivalents,B11,RWF,2026-04,0.08833922261484099
2026-04,DRC,147,B65160,Placements,Cash and cash equivalents,G11,USD,2026-04,129.17
2026-04,MALAWI,148,B65180,Debtors Prepaid other,Other receivables,C11,MWK,2026-04,0.07448123817610344
2026-04,MENA,148,B65180,Debtors Prepaid other,Other receivables,H11,AED,2026-04,35.12
2026-04,RWANDA,148,B65180,Debtors Prepaid other,Other receivables,B11,RWF,2026-04,0.08833922261484099
2026-04,MENA,149,B65230,Tax Recoverable,Tax recoverable,H11,AED,2026-04,35.12
2026-04,RWANDA,149,B65230,Tax Recoverable,Tax recoverable,B11,RWF,2026-04,0.08833922261484099
2026-04,MENA,150,B65240,VAT Receivable Debtor,Trade and other payables,H11,AED,2026-04,35.12
2026-04,RWANDA,150,B65240,VAT Receivable Debtor,Trade and other payables,B11,RWF,2026-04,0.08833922261484099
2026-04,MENA,151,B65260,DUE FROM TANZANIA,Other receivables - Related parties,H11,AED,2026-04,35.12
2026-04,RWANDA,151,B65260,DUE FROM TANZANIA,Other receivables - Related parties,B11,RWF,2026-04,0.08833922261484099
2026-04,MENA,152,B65280,Management Fees Receivable,Cash and cash equivalents,H11,AED,2026-04,35.12
2026-04,RWANDA,152,B65280,Management Fees Receivable,Cash and cash equivalents,B11,RWF,2026-04,0.08833922261484099
2026-04,MALAWI,153,B65290,Withholding IncomeTax,Tax recoverable,C11,MWK,2026-04,0.07448123817610344
2026-04,MENA,153,B65290,Withholding IncomeTax,Tax recoverable,H11,AED,2026-04,35.12
2026-04,NIGERIA,153,B65290,Withholding IncomeTax,Tax recoverable,E11,NGN,2026-04,0.09386146048432514
2026-04,RWANDA,153,B65290,Withholding IncomeTax,Tax recoverable,B11,RWF,2026-04,0.08833922261484099
2026-04,MALAWI,154,7400/000,Withholding Tax Payable,Trade and other payables,C11,MWK,2026-04,0.07448123817610344
2026-04,MENA,154,7400/000,Withholding Tax Payable,Trade and other payables,H11,AED,2026-04,35.12
2026-04,RWANDA,154,7400/000,Withholding Tax Payable,Trade and other payables,B11,RWF,2026-04,0.08833922261484099
2026-04,MENA,155,B65350,INVENTORY ACCOUNT,Other receivables,H11,AED,2026-04,35.12
2026-04,RWANDA,155,B65350,INVENTORY ACCOUNT,Other receivables,B11,RWF,2026-04,0.08833922261484099
2026-04,MENA,156,B65360,Drs- Control ZARINET,Other receivables,H11,AED,2026-04,35.12
2026-04,RWANDA,156,B65360,Drs- Control ZARINET,Other receivables,B11,RWF,2026-04,0.08833922261484099
2026-04,MENA,157,B70120,BCF KENYA,Trade and other payables,H11,AED,2026-04,35.12
2026-04,RWANDA,157,B70120,BCF KENYA,Trade and other payables,B11,RWF,2026-04,0.08833922261484099
2026-04,MENA,158,B70130,Due to/from Dubai,Other receivables - Related parties,H11,AED,2026-04,35.12
2026-04,RWANDA,158,B70130,Due to/from Dubai,Other receivables - Related parties,B11,RWF,2026-04,0.08833922261484099
2026-04,MENA,159,B70140,Zamara pension Scheme,Trade and other payables,H11,AED,2026-04,35.12
2026-04,RWANDA,159,B70140,Zamara pension Scheme,Trade and other payables,B11,RWF,2026-04,0.08833922261484099
2026-04,MENA,160,B70141,Post retirement medical fund,Trade and other payables,H11,AED,2026-04,35.12
2026-04,RWANDA,160,B70141,Post retirement medical fund,Trade and other payables,B11,RWF,2026-04,0.08833922261484099
2026-04,MENA,161,B70142,ABSA LIFE CHECK OFF,Trade and other payables,H11,AED,2026-04,35.12
2026-04,RWANDA,161,B70142,ABSA LIFE CHECK OFF,Trade and other payables,B11,RWF,2026-04,0.08833922261484099
2026-04,MENA,162,B70160,DUE TO /From DRC,Other receivables - Related parties,H11,AED,2026-04,35.12
2026-04,RWANDA,162,B70160,DUE TO /From DRC,Other receivables - Related parties,B11,RWF,2026-04,0.08833922261484099
2026-04,MENA,163,B70180,Due to/from C & P/AFFS,Other receivables - Related parties,H11,AED,2026-04,35.12
2026-04,RWANDA,163,B70180,Due to/from C & P/AFFS,Other receivables - Related parties,B11,RWF,2026-04,0.08833922261484099
2026-04,MENA,164,B70190,Withholding tax 5 %,Trade and other payables,H11,AED,2026-04,35.12
2026-04,RWANDA,164,B70190,Withholding tax 5 %,Trade and other payables,B11,RWF,2026-04,0.08833922261484099
2026-04,MENA,165,B70195,Withholding VAT 2%-Creditors,Trade and other payables,H11,AED,2026-04,35.12
2026-04,RWANDA,165,B70195,Withholding VAT 2%-Creditors,Trade and other payables,B11,RWF,2026-04,0.08833922261484099
2026-04,MENA,166,B70197,WithHolding Tax Other -20% International Creditors,Trade and other payables,H11,AED,2026-04,35.12
2026-04,RWANDA,166,B70197,WithHolding Tax Other -20% International Creditors,Trade and other payables,B11,RWF,2026-04,0.08833922261484099
2026-04,MENA,167,B70198,Withholding VAT 10%-Creditors,Trade and other payables,H11,AED,2026-04,35.12
2026-04,RWANDA,167,B70198,Withholding VAT 10%-Creditors,Trade and other payables,B11,RWF,2026-04,0.08833922261484099
2026-04,MENA,168,B70199,Withholding Tax 3%,Trade and other payables,H11,AED,2026-04,35.12
2026-04,RWANDA,168,B70199,Withholding Tax 3%,Trade and other payables,B11,RWF,2026-04,0.08833922261484099
2026-04,MENA,169,B70200,C&P Coop Sacco,Trade and other payables,H11,AED,2026-04,35.12
2026-04,RWANDA,169,B70200,C&P Coop Sacco,Trade and other payables,B11,RWF,2026-04,0.08833922261484099
2026-04,MENA,170,B70205,WithHolding Tax Other -20% International Creditors,Trade and other payables,H11,AED,2026-04,35.12
2026-04,RWANDA,170,B70205,WithHolding Tax Other -20% International Creditors,Trade and other payables,B11,RWF,2026-04,0.08833922261484099
2026-04,MENA,171,B70210,Social Health Insurance Fund,Trade and other payables,H11,AED,2026-04,35.12
2026-04,RWANDA,171,B70210,Social Health Insurance Fund,Trade and other payables,B11,RWF,2026-04,0.08833922261484099
2026-04,MENA,172,B70220,National Social Security Fund,Trade and other payables,H11,AED,2026-04,35.12
2026-04,RWANDA,172,B70220,National Social Security Fund,Trade and other payables,B11,RWF,2026-04,0.08833922261484099
2026-04,MENA,173,B70230,Paymaster General (PAYE,Trade and other payables,H11,AED,2026-04,35.12
2026-04,RWANDA,173,B70230,Paymaster General (PAYE,Trade and other payables,B11,RWF,2026-04,0.08833922261484099
2026-04,MENA,174,B70235,Salaries and Wages,Other receivables,H11,AED,2026-04,35.12
2026-04,RWANDA,174,B70235,Salaries and Wages,Other receivables,B11,RWF,2026-04,0.08833922261484099
2026-04,DRC,174,B70235,Salaries and Wages,Other receivables,G11,USD,2026-04,129.17
2026-04,MENA,175,B70240,STANBIC CHECK OFF,Trade and other payables,H11,AED,2026-04,35.12
2026-04,RWANDA,175,B70240,STANBIC CHECK OFF,Trade and other payables,B11,RWF,2026-04,0.08833922261484099
2026-04,MENA,176,B70260,Stanchart Check off,Trade and other payables,H11,AED,2026-04,35.12
2026-04,RWANDA,176,B70260,Stanchart Check off,Trade and other payables,B11,RWF,2026-04,0.08833922261484099
2026-04,MENA,177,B70270,Vuna Pension Plan,Trade and other payables,H11,AED,2026-04,35.12
2026-04,RWANDA,177,B70270,Vuna Pension Plan,Trade and other payables,B11,RWF,2026-04,0.08833922261484099
2026-04,MALAWI,178,B70280,Prov-Sundries,Trade and other payables,C11,MWK,2026-04,0.07448123817610344
2026-04,MENA,178,B70280,Prov-Sundries,Trade and other payables,H11,AED,2026-04,35.12
2026-04,RWANDA,178,B70280,Prov-Sundries,Trade and other payables,B11,RWF,2026-04,0.08833922261484099
2026-04,DRC,178,B70280,Prov-Sundries,Trade and other payables,G11,USD,2026-04,129.17
2026-04,MALAWI,180,B70281,Other Provisions,Trade and other payables,C11,MWK,2026-04,0.07448123817610344
2026-04,MENA,180,B70281,Other Provisions,Trade and other payables,H11,AED,2026-04,35.12
2026-04,NIGERIA,180,B70281,Other Provisions,Trade and other payables,E11,NGN,2026-04,0.09386146048432514
2026-04,RWANDA,180,B70281,Other Provisions,Trade and other payables,B11,RWF,2026-04,0.08833922261484099
2026-04,DRC,180,B70281,Other Provisions,Trade and other payables,G11,USD,2026-04,129.17
2026-04,MENA,181,B70282,Prov-Sundries - SA (GrpIT Alex & PI),Trade and other payables,H11,AED,2026-04,35.12
2026-04,RWANDA,181,B70282,Prov-Sundries - SA (GrpIT Alex & PI),Trade and other payables,B11,RWF,2026-04,0.08833922261484099
2026-04,DRC,181,B70282,Prov-Sundries - SA (GrpIT Alex & PI),Trade and other payables,G11,USD,2026-04,129.17
2026-04,MENA,182,B70310,Higher education loan Board,Trade and other payables,H11,AED,2026-04,35.12
2026-04,RWANDA,182,B70310,Higher education loan Board,Trade and other payables,B11,RWF,2026-04,0.08833922261484099
2026-04,MALAWI,183,B70340,CRS-Trade (Operating),Trade and other payables,C11,MWK,2026-04,0.07448123817610344
2026-04,MENA,183,B70340,CRS-Trade (Operating),Trade and other payables,H11,AED,2026-04,35.12
2026-04,RWANDA,183,B70340,CRS-Trade (Operating),Trade and other payables,B11,RWF,2026-04,0.08833922261484099
2026-04,MENA,184,B70360,Welfare Fund Contributons,Trade and other payables,H11,AED,2026-04,35.12
2026-04,RWANDA,184,B70360,Welfare Fund Contributons,Trade and other payables,B11,RWF,2026-04,0.08833922261484099
2026-04,MENA,185,B70390,Equity Check off,Trade and other payables,H11,AED,2026-04,35.12
2026-04,RWANDA,185,B70390,Equity Check off,Trade and other payables,B11,RWF,2026-04,0.08833922261484099
2026-04,MALAWI,186,B70400,Other Payables-Refunds,Trade and other payables,C11,MWK,2026-04,0.07448123817610344
2026-04,MENA,186,B70400,Other Payables-Refunds,Trade and other payables,H11,AED,2026-04,35.12
2026-04,RWANDA,186,B70400,Other Payables-Refunds,Trade and other payables,B11,RWF,2026-04,0.08833922261484099
2026-04,DRC,186,B70400,Other Payables-Refunds,Trade and other payables,G11,USD,2026-04,129.17
2026-04,MENA,187,B70410,Housing Levy,Trade and other payables,H11,AED,2026-04,35.12
2026-04,RWANDA,187,B70410,Housing Levy,Trade and other payables,B11,RWF,2026-04,0.08833922261484099
2026-04,MENA,188,B70420,Absa Check off,Trade and other payables,H11,AED,2026-04,35.12
2026-04,RWANDA,188,B70420,Absa Check off,Trade and other payables,B11,RWF,2026-04,0.08833922261484099
2026-04,MALAWI,189,B75120,Tax Provision-Other,Tax recoverable,C11,MWK,2026-04,0.07448123817610344
2026-04,NIGERIA,189,B75120,Tax Provision-Other,Tax recoverable,E11,NGN,2026-04,0.09386146048432514
2026-04,RWANDA,189,B75120,Tax Provision-Other,Tax recoverable,B11,RWF,2026-04,0.08833922261484099
2026-04,DRC,189,B75120,Tax Provision-Other,Tax recoverable,G11,USD,2026-04,129.17
2026-04,MALAWI,190,B80110,Bonus(General provision),Trade and other payables,C11,MWK,2026-04,0.07448123817610344
2026-04,MENA,190,B80110,Bonus(General provision),Trade and other payables,H11,AED,2026-04,35.12
2026-04,RWANDA,190,B80110,Bonus(General provision),Trade and other payables,B11,RWF,2026-04,0.08833922261484099
2026-04,MENA,191,B80120,Fees Suspense A/c,Other receivables,H11,AED,2026-04,35.12
2026-04,RWANDA,191,B80120,Fees Suspense A/c,Other receivables,B11,RWF,2026-04,0.08833922261484099
2026-04,MALAWI,192,B80170,VAT Control Account,Trade and other payables,C11,MWK,2026-04,0.07448123817610344
2026-04,MENA,192,B80170,VAT Control Account,Trade and other payables,H11,AED,2026-04,35.12
2026-04,NIGERIA,192,B80170,VAT Control Account,Trade and other payables,E11,NGN,2026-04,0.09386146048432514
2026-04,RWANDA,192,B80170,VAT Control Account,Trade and other payables,B11,RWF,2026-04,0.08833922261484099
2026-04,DRC,192,B80170,VAT Control Account,Trade and other payables,G11,USD,2026-04,129.17
2026-04,MENA,193,7460/000,VAT(REVERSE VAT),Other receivables,H11,AED,2026-04,35.12
2026-04,RWANDA,193,7460/000,VAT(REVERSE VAT),Other receivables,B11,RWF,2026-04,0.08833922261484099
2026-04,MENA,194,B80140,Current Tax,Tax recoverable,H11,AED,2026-04,35.12
2026-04,RWANDA,194,B80140,Current Tax,Tax recoverable,B11,RWF,2026-04,0.08833922261484099
2026-04,MENA,195,B80151,Prepayments,Other receivables,H11,AED,2026-04,35.12
2026-04,NIGERIA,195,B80151,Prepayments,Other receivables,E11,NGN,2026-04,0.09386146048432514
2026-04,RWANDA,195,B80151,Prepayments,Other receivables,B11,RWF,2026-04,0.08833922261484099
2026-04,MENA,196,B80152,Due from/(to) ZAAC Zanzibar,Trade and other payables,H11,AED,2026-04,35.12
2026-04,RWANDA,196,B80152,Due from/(to) ZAAC Zanzibar,Trade and other payables,B11,RWF,2026-04,0.08833922261484099
2026-04,MALAWI,197,I10035,Sundry Income,Income Statement-Revenue,C23,MWK,AVERAGE,0.07452151916027985
2026-04,RWANDA,197,I10035,Sundry Income,Income Statement-Revenue,B23,RWF,AVERAGE,0.08871231637927174
2026-04,MALAWI,198,I10058,Consulting-One-off,Income Statement-Revenue,C23,MWK,AVERAGE,0.07452151916027985
2026-04,MENA,198,I10058,Consulting-One-off,Income Statement-Revenue,H23,AED,AVERAGE,35.20425
2026-04,RWANDA,198,I10058,Consulting-One-off,Income Statement-Revenue,B23,RWF,AVERAGE,0.08871231637927174
2026-04,MALAWI,199,I10060,Actuarial - Once-off,Income Statement-Revenue,C23,MWK,AVERAGE,0.07452151916027985
2026-04,MENA,199,I10060,Actuarial - Once-off,Income Statement-Revenue,H23,AED,AVERAGE,35.20425
2026-04,NIGERIA,199,I10060,Actuarial - Once-off,Income Statement-Revenue,E23,NGN,AVERAGE,0.0942828488225026
2026-04,RWANDA,199,I10060,Actuarial - Once-off,Income Statement-Revenue,B23,RWF,AVERAGE,0.08871231637927174
2026-04,MALAWI,200,I10067,AF Trust Fund,Income Statement-Revenue,C23,MWK,AVERAGE,0.07452151916027985
2026-04,MENA,200,I10067,AF Trust Fund,Income Statement-Revenue,H23,AED,AVERAGE,35.20425
2026-04,RWANDA,200,I10067,AF Trust Fund,Income Statement-Revenue,B23,RWF,AVERAGE,0.08871231637927174
2026-04,MALAWI,201,I10068,Retirement plans - Income Draw Down,Income Statement-Revenue,C23,MWK,AVERAGE,0.07452151916027985
2026-04,MENA,201,I10068,Retirement plans - Income Draw Down,Income Statement-Revenue,H23,AED,AVERAGE,35.20425
2026-04,RWANDA,201,I10068,Retirement plans - Income Draw Down,Income Statement-Revenue,B23,RWF,AVERAGE,0.08871231637927174
2026-04,MALAWI,202,I10070,IPP - Vuna Retirement Plan,Income Statement-Revenue,C23,MWK,AVERAGE,0.07452151916027985
2026-04,MENA,202,I10070,IPP - Vuna Retirement Plan,Income Statement-Revenue,H23,AED,AVERAGE,35.20425
2026-04,RWANDA,202,I10070,IPP - Vuna Retirement Plan,Income Statement-Revenue,B23,RWF,AVERAGE,0.08871231637927174
2026-04,MALAWI,203,I10071,MC-ADMIN FEES,Income Statement-Revenue,C23,MWK,AVERAGE,0.07452151916027985
2026-04,MENA,203,I10071,MC-ADMIN FEES,Income Statement-Revenue,H23,AED,AVERAGE,35.20425
2026-04,NIGERIA,203,I10071,MC-ADMIN FEES,Income Statement-Revenue,E23,NGN,AVERAGE,0.0942828488225026
2026-04,RWANDA,203,I10071,MC-ADMIN FEES,Income Statement-Revenue,B23,RWF,AVERAGE,0.08871231637927174
2026-04,MALAWI,204,1940/500,IAC Fees,Income Statement-Revenue,C23,MWK,AVERAGE,0.07452151916027985
2026-04,MENA,204,1940/500,IAC Fees,Income Statement-Revenue,H23,AED,AVERAGE,35.20425
2026-04,RWANDA,204,1940/500,IAC Fees,Income Statement-Revenue,B23,RWF,AVERAGE,0.08871231637927174
2026-04,MALAWI,205,I10073,AFRF Admin Fees,Income Statement-Revenue,C23,MWK,AVERAGE,0.07452151916027985
2026-04,MENA,205,I10073,AFRF Admin Fees,Income Statement-Revenue,H23,AED,AVERAGE,35.20425
2026-04,RWANDA,205,I10073,AFRF Admin Fees,Income Statement-Revenue,B23,RWF,AVERAGE,0.08871231637927174
2026-04,MALAWI,206,I10122,Trustee Training/Workshops,Income Statement-Revenue,C23,MWK,AVERAGE,0.07452151916027985
2026-04,MENA,206,I10122,Trustee Training/Workshops,Income Statement-Revenue,H23,AED,AVERAGE,35.20425
2026-04,RWANDA,206,I10122,Trustee Training/Workshops,Income Statement-Revenue,B23,RWF,AVERAGE,0.08871231637927174
2026-04,MALAWI,207,,LOSS/GAIN ON DISPOSAL,Income Statement-Revenue,C23,MWK,AVERAGE,0.07452151916027985
2026-04,MALAWI,208,1020/080,Commission,Income Statement-Revenue,C23,MWK,AVERAGE,0.07452151916027985
2026-04,MENA,208,1020/080,Commission,Income Statement-Revenue,H23,AED,AVERAGE,35.20425
2026-04,RWANDA,208,1020/080,Commission,Income Statement-Revenue,B23,RWF,AVERAGE,0.08871231637927174
2026-04,DRC,208,1020/080,Commission,Income Statement-Revenue,G23,USD,AVERAGE,129.2875
2026-04,MALAWI,209,1040/080,Interest Income,Income Statement-Revenue,C23,MWK,AVERAGE,0.07452151916027985
2026-04,MENA,209,1040/080,Interest Income,Income Statement-Revenue,H23,AED,AVERAGE,35.20425
2026-04,RWANDA,209,1040/080,Interest Income,Income Statement-Revenue,B23,RWF,AVERAGE,0.08871231637927174
2026-04,MENA,210,1080/000,Other Income,Income Statement-Revenue,H23,AED,AVERAGE,35.20425
2026-04,NIGERIA,210,1080/000,Other Income,Income Statement-Revenue,E23,NGN,AVERAGE,0.0942828488225026
2026-04,RWANDA,210,1080/000,Other Income,Income Statement-Revenue,B23,RWF,AVERAGE,0.08871231637927174
2026-04,MALAWI,211,I25001,Emol.Pack-Salaries,Income Statement-Expenses,C23,MWK,AVERAGE,0.07452151916027985
2026-04,MENA,211,I25001,Emol.Pack-Salaries,Income Statement-Expenses,H23,AED,AVERAGE,35.20425
2026-04,NIGERIA,211,I25001,Emol.Pack-Salaries,Income Statement-Expenses,E23,NGN,AVERAGE,0.0942828488225026
2026-04,RWANDA,211,I25001,Emol.Pack-Salaries,Income Statement-Expenses,B23,RWF,AVERAGE,0.08871231637927174
2026-04,DRC,211,I25001,Emol.Pack-Salaries,Income Statement-Expenses,G23,USD,AVERAGE,129.2875
2026-04,MENA,212,I25002,Emol.Pack-Housing Subsid,Income Statement-Expenses,H23,AED,AVERAGE,35.20425
2026-04,RWANDA,212,I25002,Emol.Pack-Housing Subsid,Income Statement-Expenses,B23,RWF,AVERAGE,0.08871231637927174
2026-04,MALAWI,213,I25003,Emol.Pack-Med.Contribut.,Income Statement-Expenses,C23,MWK,AVERAGE,0.07452151916027985
2026-04,MENA,213,I25003,Emol.Pack-Med.Contribut.,Income Statement-Expenses,H23,AED,AVERAGE,35.20425
2026-04,NIGERIA,213,I25003,Emol.Pack-Med.Contribut.,Income Statement-Expenses,E23,NGN,AVERAGE,0.0942828488225026
2026-04,RWANDA,213,I25003,Emol.Pack-Med.Contribut.,Income Statement-Expenses,B23,RWF,AVERAGE,0.08871231637927174
2026-04,DRC,213,I25003,Emol.Pack-Med.Contribut.,Income Statement-Expenses,G23,USD,AVERAGE,129.2875
2026-04,MALAWI,214,I25004,Emol.Pack-Pens.Contribut.,Income Statement-Expenses,C23,MWK,AVERAGE,0.07452151916027985
2026-04,MENA,214,I25004,Emol.Pack-Pens.Contribut.,Income Statement-Expenses,H23,AED,AVERAGE,35.20425
2026-04,NIGERIA,214,I25004,Emol.Pack-Pens.Contribut.,Income Statement-Expenses,E23,NGN,AVERAGE,0.0942828488225026
2026-04,RWANDA,214,I25004,Emol.Pack-Pens.Contribut.,Income Statement-Expenses,B23,RWF,AVERAGE,0.08871231637927174
2026-04,MALAWI,215,I25005,Emol.Pack-Other,Income Statement-Expenses,C23,MWK,AVERAGE,0.07452151916027985
2026-04,MENA,215,I25005,Emol.Pack-Other,Income Statement-Expenses,H23,AED,AVERAGE,35.20425
2026-04,NIGERIA,215,I25005,Emol.Pack-Other,Income Statement-Expenses,E23,NGN,AVERAGE,0.0942828488225026
2026-04,RWANDA,215,I25005,Emol.Pack-Other,Income Statement-Expenses,B23,RWF,AVERAGE,0.08871231637927174
2026-04,DRC,215,I25005,Emol.Pack-Other,Income Statement-Expenses,G23,USD,AVERAGE,129.2875
2026-04,MALAWI,216,I25009,Co.Contrib-Life Assurance,Income Statement-Expenses,C23,MWK,AVERAGE,0.07452151916027985
2026-04,MENA,216,I25009,Co.Contrib-Life Assurance,Income Statement-Expenses,H23,AED,AVERAGE,35.20425
2026-04,NIGERIA,216,I25009,Co.Contrib-Life Assurance,Income Statement-Expenses,E23,NGN,AVERAGE,0.0942828488225026
2026-04,RWANDA,216,I25009,Co.Contrib-Life Assurance,Income Statement-Expenses,B23,RWF,AVERAGE,0.08871231637927174
2026-04,MALAWI,217,I25020,Temporary Staff-General,Income Statement-Expenses,C23,MWK,AVERAGE,0.07452151916027985
2026-04,MENA,217,I25020,Temporary Staff-General,Income Statement-Expenses,H23,AED,AVERAGE,35.20425
2026-04,RWANDA,217,I25020,Temporary Staff-General,Income Statement-Expenses,B23,RWF,AVERAGE,0.08871231637927174
2026-04,DRC,217,I25020,Temporary Staff-General,Income Statement-Expenses,G23,USD,AVERAGE,129.2875
2026-04,MALAWI,218,I25024,Welfare-General,Income Statement-Expenses,C23,MWK,AVERAGE,0.07452151916027985
2026-04,MENA,218,I25024,Welfare-General,Income Statement-Expenses,H23,AED,AVERAGE,35.20425
2026-04,RWANDA,218,I25024,Welfare-General,Income Statement-Expenses,B23,RWF,AVERAGE,0.08871231637927174
2026-04,MALAWI,219,I25026,Training EXTERNAL,Income Statement-Expenses,C23,MWK,AVERAGE,0.07452151916027985
2026-04,MENA,219,I25026,Training EXTERNAL,Income Statement-Expenses,H23,AED,AVERAGE,35.20425
2026-04,NIGERIA,219,I25026,Training EXTERNAL,Income Statement-Expenses,E23,NGN,AVERAGE,0.0942828488225026
2026-04,RWANDA,219,I25026,Training EXTERNAL,Income Statement-Expenses,B23,RWF,AVERAGE,0.08871231637927174
2026-04,DRC,219,I25026,Training EXTERNAL,Income Statement-Expenses,G23,USD,AVERAGE,129.2875
2026-04,MALAWI,220,I25027,Training INTERNAL,Income Statement-Expenses,C23,MWK,AVERAGE,0.07452151916027985
2026-04,MENA,220,I25027,Training INTERNAL,Income Statement-Expenses,H23,AED,AVERAGE,35.20425
2026-04,RWANDA,220,I25027,Training INTERNAL,Income Statement-Expenses,B23,RWF,AVERAGE,0.08871231637927174
2026-04,MALAWI,221,I25028,Other Staff Benefits,Income Statement-Expenses,C23,MWK,AVERAGE,0.07452151916027985
2026-04,MENA,221,I25028,Other Staff Benefits,Income Statement-Expenses,H23,AED,AVERAGE,35.20425
2026-04,RWANDA,221,I25028,Other Staff Benefits,Income Statement-Expenses,B23,RWF,AVERAGE,0.08871231637927174
2026-04,DRC,221,I25028,Other Staff Benefits,Income Statement-Expenses,G23,USD,AVERAGE,129.2875
2026-04,MALAWI,222,I25029,Other Staff Costs,Income Statement-Expenses,C23,MWK,AVERAGE,0.07452151916027985
2026-04,MENA,222,I25029,Other Staff Costs,Income Statement-Expenses,H23,AED,AVERAGE,35.20425
2026-04,NIGERIA,222,I25029,Other Staff Costs,Income Statement-Expenses,E23,NGN,AVERAGE,0.0942828488225026
2026-04,RWANDA,222,I25029,Other Staff Costs,Income Statement-Expenses,B23,RWF,AVERAGE,0.08871231637927174
2026-04,DRC,222,I25029,Other Staff Costs,Income Statement-Expenses,G23,USD,AVERAGE,129.2875
2026-04,MALAWI,223,I25032,Commissions - Lead,Income Statement-Expenses,C23,MWK,AVERAGE,0.07452151916027985
2026-04,MENA,223,I25032,Commissions - Lead,Income Statement-Expenses,H23,AED,AVERAGE,35.20425
2026-04,RWANDA,223,I25032,Commissions - Lead,Income Statement-Expenses,B23,RWF,AVERAGE,0.08871231637927174
2026-04,DRC,223,I25032,Commissions - Lead,Income Statement-Expenses,G23,USD,AVERAGE,129.2875
2026-04,MALAWI,224,I25033,Commission Leads,Income Statement-Expenses,C23,MWK,AVERAGE,0.07452151916027985
2026-04,MENA,224,I25033,Commission Leads,Income Statement-Expenses,H23,AED,AVERAGE,35.20425
2026-04,RWANDA,224,I25033,Commission Leads,Income Statement-Expenses,B23,RWF,AVERAGE,0.08871231637927174
2026-04,MALAWI,225,I25071,Prem-Cleaning,Income Statement-Expenses,C23,MWK,AVERAGE,0.07452151916027985
2026-04,MENA,225,I25071,Prem-Cleaning,Income Statement-Expenses,H23,AED,AVERAGE,35.20425
2026-04,RWANDA,225,I25071,Prem-Cleaning,Income Statement-Expenses,B23,RWF,AVERAGE,0.08871231637927174
2026-04,MALAWI,226,I25072,Prem-Electricity,Income Statement-Expenses,C23,MWK,AVERAGE,0.07452151916027985
2026-04,MENA,226,I25072,Prem-Electricity,Income Statement-Expenses,H23,AED,AVERAGE,35.20425
2026-04,NIGERIA,226,I25072,Prem-Electricity,Income Statement-Expenses,E23,NGN,AVERAGE,0.0942828488225026
2026-04,RWANDA,226,I25072,Prem-Electricity,Income Statement-Expenses,B23,RWF,AVERAGE,0.08871231637927174
2026-04,DRC,226,I25072,Prem-Electricity,Income Statement-Expenses,G23,USD,AVERAGE,129.2875
2026-04,MALAWI,227,I25073,Prem-Security,Income Statement-Expenses,C23,MWK,AVERAGE,0.07452151916027985
2026-04,MENA,227,I25073,Prem-Security,Income Statement-Expenses,H23,AED,AVERAGE,35.20425
2026-04,RWANDA,227,I25073,Prem-Security,Income Statement-Expenses,B23,RWF,AVERAGE,0.08871231637927174
2026-04,DRC,227,I25073,Prem-Security,Income Statement-Expenses,G23,USD,AVERAGE,129.2875
2026-04,MALAWI,228,I25074,Prem-Rates,Income Statement-Expenses,C23,MWK,AVERAGE,0.07452151916027985
2026-04,MENA,228,I25074,Prem-Rates,Income Statement-Expenses,H23,AED,AVERAGE,35.20425
2026-04,RWANDA,228,I25074,Prem-Rates,Income Statement-Expenses,B23,RWF,AVERAGE,0.08871231637927174
2026-04,DRC,228,I25074,Prem-Rates,Income Statement-Expenses,G8,USD,2026-01,129.03
2026-04,MALAWI,229,I25079,Prem-Rental(EXTERNAL),Income Statement-Expenses,C23,MWK,AVERAGE,0.07452151916027985
2026-04,MENA,229,I25079,Prem-Rental(EXTERNAL),Income Statement-Expenses,H23,AED,AVERAGE,35.20425
2026-04,NIGERIA,229,I25079,Prem-Rental(EXTERNAL),Income Statement-Expenses,E23,NGN,AVERAGE,0.0942828488225026
2026-04,RWANDA,229,I25079,Prem-Rental(EXTERNAL),Income Statement-Expenses,B23,RWF,AVERAGE,0.08871231637927174
2026-04,DRC,229,I25079,Prem-Rental(EXTERNAL),Income Statement-Expenses,G23,USD,AVERAGE,129.2875
2026-04,MALAWI,230,3890/080,Prem-Rental(INTERNAL),Income Statement-Expenses,C23,MWK,AVERAGE,0.07452151916027985
2026-04,MENA,230,3890/080,Prem-Rental(INTERNAL),Income Statement-Expenses,H23,AED,AVERAGE,35.20425
2026-04,RWANDA,230,3890/080,Prem-Rental(INTERNAL),Income Statement-Expenses,B23,RWF,AVERAGE,0.08871231637927174
2026-04,DRC,230,3890/080,Prem-Rental(INTERNAL),Income Statement-Expenses,G23,USD,AVERAGE,129.2875
2026-04,MALAWI,231,I25080,Prem-Parking(EXTERNAL),Income Statement-Expenses,C23,MWK,AVERAGE,0.07452151916027985
2026-04,MENA,231,I25080,Prem-Parking(EXTERNAL),Income Statement-Expenses,H23,AED,AVERAGE,35.20425
2026-04,RWANDA,231,I25080,Prem-Parking(EXTERNAL),Income Statement-Expenses,B23,RWF,AVERAGE,0.08871231637927174
2026-04,DRC,231,I25080,Prem-Parking(EXTERNAL),Income Statement-Expenses,G23,USD,AVERAGE,129.2875
2026-04,MALAWI,232,I25111,Printing-General,Income Statement-Expenses,C23,MWK,AVERAGE,0.07452151916027985
2026-04,MENA,232,I25111,Printing-General,Income Statement-Expenses,H23,AED,AVERAGE,35.20425
2026-04,NIGERIA,232,I25111,Printing-General,Income Statement-Expenses,E23,NGN,AVERAGE,0.0942828488225026
2026-04,RWANDA,232,I25111,Printing-General,Income Statement-Expenses,B23,RWF,AVERAGE,0.08871231637927174
2026-04,DRC,232,I25111,Printing-General,Income Statement-Expenses,G23,USD,AVERAGE,129.2875
2026-04,MALAWI,233,I25114,Stationery-General,Income Statement-Expenses,C23,MWK,AVERAGE,0.07452151916027985
2026-04,MENA,233,I25114,Stationery-General,Income Statement-Expenses,H23,AED,AVERAGE,35.20425
2026-04,RWANDA,233,I25114,Stationery-General,Income Statement-Expenses,B23,RWF,AVERAGE,0.08871231637927174
2026-04,DRC,233,I25114,Stationery-General,Income Statement-Expenses,G23,USD,AVERAGE,129.2875
2026-04,MALAWI,234,I25141,Prof.Fees-Audit Fees,Income Statement-Expenses,C23,MWK,AVERAGE,0.07452151916027985
2026-04,MENA,234,I25141,Prof.Fees-Audit Fees,Income Statement-Expenses,H23,AED,AVERAGE,35.20425
2026-04,NIGERIA,234,I25141,Prof.Fees-Audit Fees,Income Statement-Expenses,E23,NGN,AVERAGE,0.0942828488225026
2026-04,RWANDA,234,I25141,Prof.Fees-Audit Fees,Income Statement-Expenses,B23,RWF,AVERAGE,0.08871231637927174
2026-04,DRC,234,I25141,Prof.Fees-Audit Fees,Income Statement-Expenses,G23,USD,AVERAGE,129.2875
2026-04,MALAWI,235,I25145,Prof.Fees-Other,Income Statement-Expenses,C23,MWK,AVERAGE,0.07452151916027985
2026-04,MENA,235,I25145,Prof.Fees-Other,Income Statement-Expenses,H23,AED,AVERAGE,35.20425
2026-04,NIGERIA,235,I25145,Prof.Fees-Other,Income Statement-Expenses,E23,NGN,AVERAGE,0.0942828488225026
2026-04,RWANDA,235,I25145,Prof.Fees-Other,Income Statement-Expenses,B23,RWF,AVERAGE,0.08871231637927174
2026-04,DRC,235,I25145,Prof.Fees-Other,Income Statement-Expenses,G23,USD,AVERAGE,129.2875
2026-04,MALAWI,236,I25181,Trav. Air Fares,Income Statement-Expenses,C23,MWK,AVERAGE,0.07452151916027985
2026-04,MENA,236,I25181,Trav. Air Fares,Income Statement-Expenses,H23,AED,AVERAGE,35.20425
2026-04,NIGERIA,236,I25181,Trav. Air Fares,Income Statement-Expenses,E23,NGN,AVERAGE,0.0942828488225026
2026-04,RWANDA,236,I25181,Trav. Air Fares,Income Statement-Expenses,B23,RWF,AVERAGE,0.08871231637927174
2026-04,DRC,236,I25181,Trav. Air Fares,Income Statement-Expenses,G23,USD,AVERAGE,129.2875
2026-04,MALAWI,237,I25182,Trav. Accom.,Income Statement-Expenses,C23,MWK,AVERAGE,0.07452151916027985
2026-04,MENA,237,I25182,Trav. Accom.,Income Statement-Expenses,H23,AED,AVERAGE,35.20425
2026-04,RWANDA,237,I25182,Trav. Accom.,Income Statement-Expenses,B23,RWF,AVERAGE,0.08871231637927174
2026-04,DRC,237,I25182,Trav. Accom.,Income Statement-Expenses,G23,USD,AVERAGE,129.2875
2026-04,MALAWI,238,3400/200,Trav. Sundry exp.,Income Statement-Expenses,C23,MWK,AVERAGE,0.07452151916027985
2026-04,MENA,238,3400/200,Trav. Sundry exp.,Income Statement-Expenses,H23,AED,AVERAGE,35.20425
2026-04,NIGERIA,238,3400/200,Trav. Sundry exp.,Income Statement-Expenses,E23,NGN,AVERAGE,0.0942828488225026
2026-04,RWANDA,238,3400/200,Trav. Sundry exp.,Income Statement-Expenses,B23,RWF,AVERAGE,0.08871231637927174
2026-04,DRC,238,3400/200,Trav. Sundry exp.,Income Statement-Expenses,G23,USD,AVERAGE,129.2875
2026-04,MALAWI,239,I25192,Conference Given By Us,Income Statement-Expenses,C23,MWK,AVERAGE,0.07452151916027985
2026-04,MENA,239,I25192,Conference Given By Us,Income Statement-Expenses,H23,AED,AVERAGE,35.20425
2026-04,RWANDA,239,I25192,Conference Given By Us,Income Statement-Expenses,B23,RWF,AVERAGE,0.08871231637927174
2026-04,MALAWI,240,I25193,Conference Attended by Us,Income Statement-Expenses,C23,MWK,AVERAGE,0.07452151916027985
2026-04,MENA,240,I25193,Conference Attended by Us,Income Statement-Expenses,H23,AED,AVERAGE,35.20425
2026-04,NIGERIA,240,I25193,Conference Attended by Us,Income Statement-Expenses,E23,NGN,AVERAGE,0.0942828488225026
2026-04,RWANDA,240,I25193,Conference Attended by Us,Income Statement-Expenses,B23,RWF,AVERAGE,0.08871231637927174
2026-04,DRC,240,I25193,Conference Attended by Us,Income Statement-Expenses,G23,USD,AVERAGE,129.2875
2026-04,MALAWI,241,3510/200,Management expenses,Income Statement-Expenses,C23,MWK,AVERAGE,0.07452151916027985
2026-04,MENA,241,3510/200,Management expenses,Income Statement-Expenses,H23,AED,AVERAGE,35.20425
2026-04,RWANDA,241,3510/200,Management expenses,Income Statement-Expenses,B23,RWF,AVERAGE,0.08871231637927174
2026-04,DRC,241,3510/200,Management expenses,Income Statement-Expenses,G23,USD,AVERAGE,129.2875
2026-04,MALAWI,242,I25203,Bus.Advert-General,Income Statement-Expenses,C23,MWK,AVERAGE,0.07452151916027985
2026-04,MENA,242,I25203,Bus.Advert-General,Income Statement-Expenses,H23,AED,AVERAGE,35.20425
2026-04,NIGERIA,242,I25203,Bus.Advert-General,Income Statement-Expenses,E23,NGN,AVERAGE,0.0942828488225026
2026-04,RWANDA,242,I25203,Bus.Advert-General,Income Statement-Expenses,B23,RWF,AVERAGE,0.08871231637927174
2026-04,DRC,242,I25203,Bus.Advert-General,Income Statement-Expenses,G23,USD,AVERAGE,129.2875
2026-04,MALAWI,243,I25204,Bus.Advert-PR Material,Income Statement-Expenses,C23,MWK,AVERAGE,0.07452151916027985
2026-04,MENA,243,I25204,Bus.Advert-PR Material,Income Statement-Expenses,H23,AED,AVERAGE,35.20425
2026-04,RWANDA,243,I25204,Bus.Advert-PR Material,Income Statement-Expenses,B23,RWF,AVERAGE,0.08871231637927174
2026-04,MALAWI,244,I25205,Sponsorships-General,Income Statement-Expenses,C23,MWK,AVERAGE,0.07452151916027985
2026-04,MENA,244,I25205,Sponsorships-General,Income Statement-Expenses,H23,AED,AVERAGE,35.20425
2026-04,RWANDA,244,I25205,Sponsorships-General,Income Statement-Expenses,B23,RWF,AVERAGE,0.08871231637927174
2026-04,DRC,244,I25205,Sponsorships-General,Income Statement-Expenses,G23,USD,AVERAGE,129.2875
2026-04,MALAWI,245,I25232,Telephone-Variable,Income Statement-Expenses,C23,MWK,AVERAGE,0.07452151916027985
2026-04,MENA,245,I25232,Telephone-Variable,Income Statement-Expenses,H23,AED,AVERAGE,35.20425
2026-04,NIGERIA,245,I25232,Telephone-Variable,Income Statement-Expenses,E23,NGN,AVERAGE,0.0942828488225026
2026-04,RWANDA,245,I25232,Telephone-Variable,Income Statement-Expenses,B23,RWF,AVERAGE,0.08871231637927174
2026-04,DRC,245,I25232,Telephone-Variable,Income Statement-Expenses,G23,USD,AVERAGE,129.2875
2026-04,MALAWI,246,I25236,Courier Services Cost,Income Statement-Expenses,C23,MWK,AVERAGE,0.07452151916027985
2026-04,MENA,246,I25236,Courier Services Cost,Income Statement-Expenses,H23,AED,AVERAGE,35.20425
2026-04,NIGERIA,246,I25236,Courier Services Cost,Income Statement-Expenses,E23,NGN,AVERAGE,0.0942828488225026
2026-04,RWANDA,246,I25236,Courier Services Cost,Income Statement-Expenses,B23,RWF,AVERAGE,0.08871231637927174
2026-04,DRC,246,I25236,Courier Services Cost,Income Statement-Expenses,G23,USD,AVERAGE,129.2875
2026-04,MALAWI,247,I25262,S/ware Depreciation,Income Statement-Expenses,C23,MWK,AVERAGE,0.07452151916027985
2026-04,MENA,247,I25262,S/ware Depreciation,Income Statement-Expenses,H23,AED,AVERAGE,35.20425
2026-04,RWANDA,247,I25262,S/ware Depreciation,Income Statement-Expenses,B23,RWF,AVERAGE,0.08871231637927174
2026-04,MALAWI,248,I25264,Furn-Depreciation,Income Statement-Expenses,C23,MWK,AVERAGE,0.07452151916027985
2026-04,MENA,248,I25264,Furn-Depreciation,Income Statement-Expenses,H23,AED,AVERAGE,35.20425
2026-04,NIGERIA,248,I25264,Furn-Depreciation,Income Statement-Expenses,E23,NGN,AVERAGE,0.0942828488225026
2026-04,RWANDA,248,I25264,Furn-Depreciation,Income Statement-Expenses,B23,RWF,AVERAGE,0.08871231637927174
2026-04,DRC,248,I25264,Furn-Depreciation,Income Statement-Expenses,G23,USD,AVERAGE,129.2875
2026-04,MALAWI,249,4000/000,VALUE ADDS,Income Statement-Expenses,C23,MWK,AVERAGE,0.07452151916027985
2026-04,MENA,249,4000/000,VALUE ADDS,Income Statement-Expenses,H23,AED,AVERAGE,35.20425
2026-04,RWANDA,249,4000/000,VALUE ADDS,Income Statement-Expenses,B23,RWF,AVERAGE,0.08871231637927174
2026-04,MALAWI,250,I25265,Equip-Depreciation,Income Statement-Expenses,C23,MWK,AVERAGE,0.07452151916027985
2026-04,MENA,250,I25265,Equip-Depreciation,Income Statement-Expenses,H23,AED,AVERAGE,35.20425
2026-04,NIGERIA,250,I25265,Equip-Depreciation,Income Statement-Expenses,E23,NGN,AVERAGE,0.0942828488225026
2026-04,RWANDA,250,I25265,Equip-Depreciation,Income Statement-Expenses,B23,RWF,AVERAGE,0.08871231637927174
2026-04,DRC,250,I25265,Equip-Depreciation,Income Statement-Expenses,G23,USD,AVERAGE,129.2875
2026-04,MALAWI,251,I25268,Goodwill amortisation,Income Statement-Expenses,C23,MWK,AVERAGE,0.07452151916027985
2026-04,MENA,251,I25268,Goodwill amortisation,Income Statement-Expenses,H23,AED,AVERAGE,35.20425
2026-04,RWANDA,251,I25268,Goodwill amortisation,Income Statement-Expenses,B23,RWF,AVERAGE,0.08871231637927174
2026-04,MALAWI,252,I25291,Entertainment-(IN TOWN),Income Statement-Expenses,C23,MWK,AVERAGE,0.07452151916027985
2026-04,MENA,252,I25291,Entertainment-(IN TOWN),Income Statement-Expenses,H23,AED,AVERAGE,35.20425
2026-04,RWANDA,252,I25291,Entertainment-(IN TOWN),Income Statement-Expenses,B23,RWF,AVERAGE,0.08871231637927174
2026-04,DRC,252,I25291,Entertainment-(IN TOWN),Income Statement-Expenses,G23,USD,AVERAGE,129.2875
2026-04,MALAWI,253,3490/000,Entertainment-(OUT OF TOWN),Income Statement-Expenses,C23,MWK,AVERAGE,0.07452151916027985
2026-04,MENA,253,3490/000,Entertainment-(OUT OF TOWN),Income Statement-Expenses,H23,AED,AVERAGE,35.20425
2026-04,RWANDA,253,3490/000,Entertainment-(OUT OF TOWN),Income Statement-Expenses,B23,RWF,AVERAGE,0.08871231637927174
2026-04,MALAWI,254,I25292,ENTERTAINMENT LUNCH,Income Statement-Expenses,C23,MWK,AVERAGE,0.07452151916027985
2026-04,MENA,254,I25292,ENTERTAINMENT LUNCH,Income Statement-Expenses,H23,AED,AVERAGE,35.20425
2026-04,RWANDA,254,I25292,ENTERTAINMENT LUNCH,Income Statement-Expenses,B23,RWF,AVERAGE,0.08871231637927174
2026-04,MALAWI,255,I25294,Christmas Party,Income Statement-Expenses,C23,MWK,AVERAGE,0.07452151916027985
2026-04,MENA,255,I25294,Christmas Party,Income Statement-Expenses,H23,AED,AVERAGE,35.20425
2026-04,NIGERIA,255,I25294,Christmas Party,Income Statement-Expenses,E23,NGN,AVERAGE,0.0942828488225026
2026-04,RWANDA,255,I25294,Christmas Party,Income Statement-Expenses,B23,RWF,AVERAGE,0.08871231637927174
2026-04,DRC,255,I25294,Christmas Party,Income Statement-Expenses,G23,USD,AVERAGE,129.2875
2026-04,MALAWI,256,,Flowers and Gifts,Income Statement-Expenses,C23,MWK,AVERAGE,0.07452151916027985
2026-04,MALAWI,257,I25326,Int.Paid-Other,Income Statement-Expenses,C23,MWK,AVERAGE,0.07452151916027985
2026-04,MENA,257,I25326,Int.Paid-Other,Income Statement-Expenses,H23,AED,AVERAGE,35.20425
2026-04,RWANDA,257,I25326,Int.Paid-Other,Income Statement-Expenses,B23,RWF,AVERAGE,0.08871231637927174
2026-04,MALAWI,258,I25327,Fin Charges Paid,Income Statement-Expenses,C23,MWK,AVERAGE,0.07452151916027985
2026-04,MENA,258,I25327,Fin Charges Paid,Income Statement-Expenses,H23,AED,AVERAGE,35.20425
2026-04,RWANDA,258,I25327,Fin Charges Paid,Income Statement-Expenses,B23,RWF,AVERAGE,0.08871231637927174
2026-04,MALAWI,259,I25329,Unrealised Currency gain/loss,Income Statement-Expenses,C23,MWK,AVERAGE,0.07452151916027985
2026-04,MENA,259,I25329,Unrealised Currency gain/loss,Income Statement-Expenses,H23,AED,AVERAGE,35.20425
2026-04,RWANDA,259,I25329,Unrealised Currency gain/loss,Income Statement-Expenses,B23,RWF,AVERAGE,0.08871231637927174
2026-04,MALAWI,260,I25354,Equip-Maintenance,Income Statement-Expenses,C23,MWK,AVERAGE,0.07452151916027985
2026-04,MENA,260,I25354,Equip-Maintenance,Income Statement-Expenses,H23,AED,AVERAGE,35.20425
2026-04,NIGERIA,260,I25354,Equip-Maintenance,Income Statement-Expenses,E23,NGN,AVERAGE,0.0942828488225026
2026-04,RWANDA,260,I25354,Equip-Maintenance,Income Statement-Expenses,B23,RWF,AVERAGE,0.08871231637927174
2026-04,MALAWI,261,I25355,Equip Lease charges,Income Statement-Expenses,C23,MWK,AVERAGE,0.07452151916027985
2026-04,MENA,261,I25355,Equip Lease charges,Income Statement-Expenses,H23,AED,AVERAGE,35.20425
2026-04,RWANDA,261,I25355,Equip Lease charges,Income Statement-Expenses,B23,RWF,AVERAGE,0.08871231637927174
2026-04,MALAWI,262,I25358,Subscriptions General,Income Statement-Expenses,C23,MWK,AVERAGE,0.07452151916027985
2026-04,MENA,262,I25358,Subscriptions General,Income Statement-Expenses,H23,AED,AVERAGE,35.20425
2026-04,RWANDA,262,I25358,Subscriptions General,Income Statement-Expenses,B23,RWF,AVERAGE,0.08871231637927174
2026-04,DRC,262,I25358,Subscriptions General,Income Statement-Expenses,G23,USD,AVERAGE,129.2875
2026-04,MALAWI,263,I25360,Bank Charges,Income Statement-Expenses,C23,MWK,AVERAGE,0.07452151916027985
2026-04,MENA,263,I25360,Bank Charges,Income Statement-Expenses,H23,AED,AVERAGE,35.20425
2026-04,NIGERIA,263,I25360,Bank Charges,Income Statement-Expenses,E23,NGN,AVERAGE,0.0942828488225026
2026-04,RWANDA,263,I25360,Bank Charges,Income Statement-Expenses,B23,RWF,AVERAGE,0.08871231637927174
2026-04,DRC,263,I25360,Bank Charges,Income Statement-Expenses,G23,USD,AVERAGE,129.2875
2026-04,MALAWI,264,I25361,Books & Periodicals,Income Statement-Expenses,C23,MWK,AVERAGE,0.07452151916027985
2026-04,MENA,264,I25361,Books & Periodicals,Income Statement-Expenses,H23,AED,AVERAGE,35.20425
2026-04,RWANDA,264,I25361,Books & Periodicals,Income Statement-Expenses,B23,RWF,AVERAGE,0.08871231637927174
2026-04,MALAWI,265,I25362,STAFF WELFARE,Income Statement-Expenses,C23,MWK,AVERAGE,0.07452151916027985
2026-04,MENA,265,I25362,STAFF WELFARE,Income Statement-Expenses,H23,AED,AVERAGE,35.20425
2026-04,RWANDA,265,I25362,STAFF WELFARE,Income Statement-Expenses,B23,RWF,AVERAGE,0.08871231637927174
2026-04,MALAWI,266,I25363,CLIENT GIFTS AND REWARDS,Income Statement-Expenses,C23,MWK,AVERAGE,0.07452151916027985
2026-04,MENA,266,I25363,CLIENT GIFTS AND REWARDS,Income Statement-Expenses,H23,AED,AVERAGE,35.20425
2026-04,RWANDA,266,I25363,CLIENT GIFTS AND REWARDS,Income Statement-Expenses,B23,RWF,AVERAGE,0.08871231637927174
2026-04,MALAWI,267,I25365,Donations-Charitable,Income Statement-Expenses,C23,MWK,AVERAGE,0.07452151916027985
2026-04,MENA,267,I25365,Donations-Charitable,Income Statement-Expenses,H23,AED,AVERAGE,35.20425
2026-04,RWANDA,267,I25365,Donations-Charitable,Income Statement-Expenses,B23,RWF,AVERAGE,0.08871231637927174
2026-04,MALAWI,268,I25367,Summary:Gen Exp Other,Income Statement-Expenses,C23,MWK,AVERAGE,0.07452151916027985
2026-04,MENA,268,I25367,Summary:Gen Exp Other,Income Statement-Expenses,H23,AED,AVERAGE,35.20425
2026-04,NIGERIA,268,I25367,Summary:Gen Exp Other,Income Statement-Expenses,E23,NGN,AVERAGE,0.0942828488225026
2026-04,RWANDA,268,I25367,Summary:Gen Exp Other,Income Statement-Expenses,B23,RWF,AVERAGE,0.08871231637927174
2026-04,DRC,268,I25367,Summary:Gen Exp Other,Income Statement-Expenses,G23,USD,AVERAGE,129.2875
2026-04,MALAWI,269,I25401,Insurance-P.I.,Income Statement-Expenses,C23,MWK,AVERAGE,0.07452151916027985
2026-04,MENA,269,I25401,Insurance-P.I.,Income Statement-Expenses,H23,AED,AVERAGE,35.20425
2026-04,NIGERIA,269,I25401,Insurance-P.I.,Income Statement-Expenses,E23,NGN,AVERAGE,0.0942828488225026
2026-04,RWANDA,269,I25401,Insurance-P.I.,Income Statement-Expenses,B23,RWF,AVERAGE,0.08871231637927174
2026-04,DRC,269,I25401,Insurance-P.I.,Income Statement-Expenses,G23,USD,AVERAGE,129.2875
2026-04,MALAWI,270,3980/080,Insurance- Other,Income Statement-Expenses,C23,MWK,AVERAGE,0.07452151916027985
2026-04,MENA,270,3980/080,Insurance- Other,Income Statement-Expenses,H23,AED,AVERAGE,35.20425
2026-04,NIGERIA,270,3980/080,Insurance- Other,Income Statement-Expenses,E23,NGN,AVERAGE,0.0942828488225026
2026-04,RWANDA,270,3980/080,Insurance- Other,Income Statement-Expenses,B23,RWF,AVERAGE,0.08871231637927174
2026-04,DRC,270,3980/080,Insurance- Other,Income Statement-Expenses,G23,USD,AVERAGE,129.2875
2026-04,MALAWI,271,,Inter Company Expenses,Income Statement-Expenses,C23,MWK,AVERAGE,0.07452151916027985
2026-04,MENA,271,,Inter Company Expenses,Income Statement-Expenses,H23,AED,AVERAGE,35.20425
2026-04,RWANDA,271,,Inter Company Expenses,Income Statement-Expenses,B23,RWF,AVERAGE,0.08871231637927174
2026-04,DRC,271,,Inter Company Expenses,Income Statement-Expenses,G24,?,?,
2026-04,MALAWI,272,I25421,Toner,Income Statement-Expenses,C23,MWK,AVERAGE,0.07452151916027985
2026-04,MENA,272,I25421,Toner,Income Statement-Expenses,H23,AED,AVERAGE,35.20425
2026-04,NIGERIA,272,I25421,Toner,Income Statement-Expenses,E23,NGN,AVERAGE,0.0942828488225026
2026-04,RWANDA,272,I25421,Toner,Income Statement-Expenses,B23,RWF,AVERAGE,0.08871231637927174
2026-04,DRC,272,I25421,Toner,Income Statement-Expenses,G23,USD,AVERAGE,129.2875
2026-04,MALAWI,273,I25422,PC Supplies,Income Statement-Expenses,C23,MWK,AVERAGE,0.07452151916027985
2026-04,MENA,273,I25422,PC Supplies,Income Statement-Expenses,H23,AED,AVERAGE,35.20425
2026-04,RWANDA,273,I25422,PC Supplies,Income Statement-Expenses,B23,RWF,AVERAGE,0.08871231637927174
2026-04,DRC,273,I25422,PC Supplies,Income Statement-Expenses,G23,USD,AVERAGE,129.2875
2026-04,MALAWI,274,I25423,Comp-Depreciation,Income Statement-Expenses,C23,MWK,AVERAGE,0.07452151916027985
2026-04,MENA,274,I25423,Comp-Depreciation,Income Statement-Expenses,H23,AED,AVERAGE,35.20425
2026-04,RWANDA,274,I25423,Comp-Depreciation,Income Statement-Expenses,B23,RWF,AVERAGE,0.08871231637927174
2026-04,DRC,274,I25423,Comp-Depreciation,Income Statement-Expenses,G23,USD,AVERAGE,129.2875
2026-04,MALAWI,275,I25426,Software Installation,Income Statement-Expenses,C23,MWK,AVERAGE,0.07452151916027985
2026-04,MENA,275,I25426,Software Installation,Income Statement-Expenses,H23,AED,AVERAGE,35.20425
2026-04,RWANDA,275,I25426,Software Installation,Income Statement-Expenses,B23,RWF,AVERAGE,0.08871231637927174
2026-04,MALAWI,276,I25427,Software Implemantation,Income Statement-Expenses,C23,MWK,AVERAGE,0.07452151916027985
2026-04,MENA,276,I25427,Software Implemantation,Income Statement-Expenses,H23,AED,AVERAGE,35.20425
2026-04,RWANDA,276,I25427,Software Implemantation,Income Statement-Expenses,B23,RWF,AVERAGE,0.08871231637927174
2026-04,MALAWI,277,I25428,Software Maintenance,Income Statement-Expenses,C23,MWK,AVERAGE,0.07452151916027985
2026-04,MENA,277,I25428,Software Maintenance,Income Statement-Expenses,H23,AED,AVERAGE,35.20425
2026-04,RWANDA,277,I25428,Software Maintenance,Income Statement-Expenses,B23,RWF,AVERAGE,0.08871231637927174
2026-04,MALAWI,278,I25429,Software Licence Fees,Income Statement-Expenses,C23,MWK,AVERAGE,0.07452151916027985
2026-04,MENA,278,I25429,Software Licence Fees,Income Statement-Expenses,H23,AED,AVERAGE,35.20425
2026-04,RWANDA,278,I25429,Software Licence Fees,Income Statement-Expenses,B23,RWF,AVERAGE,0.08871231637927174
2026-04,DRC,278,I25429,Software Licence Fees,Income Statement-Expenses,G23,USD,AVERAGE,129.2875
2026-04,MALAWI,279,I25452,MV-Leasing Costs,Income Statement-Expenses,C23,MWK,AVERAGE,0.07452151916027985
2026-04,MENA,279,I25452,MV-Leasing Costs,Income Statement-Expenses,H23,AED,AVERAGE,35.20425
2026-04,RWANDA,279,I25452,MV-Leasing Costs,Income Statement-Expenses,B23,RWF,AVERAGE,0.08871231637927174
2026-04,DRC,279,I25452,MV-Leasing Costs,Income Statement-Expenses,G23,USD,AVERAGE,129.2875
2026-04,MALAWI,280,I25455,MV - Leasing Costs (non personnel),Income Statement-Expenses,C23,MWK,AVERAGE,0.07452151916027985
2026-04,MENA,280,I25455,MV - Leasing Costs (non personnel),Income Statement-Expenses,H23,AED,AVERAGE,35.20425
2026-04,RWANDA,280,I25455,MV - Leasing Costs (non personnel),Income Statement-Expenses,B23,RWF,AVERAGE,0.08871231637927174
2026-04,DRC,280,I25455,MV - Leasing Costs (non personnel),Income Statement-Expenses,G23,USD,AVERAGE,129.2875
2026-04,MALAWI,281,I25456,MV - Fuel Costs (non personnel),Income Statement-Expenses,C23,MWK,AVERAGE,0.07452151916027985
2026-04,MENA,281,I25456,MV - Fuel Costs (non personnel),Income Statement-Expenses,H23,AED,AVERAGE,35.20425
2026-04,NIGERIA,281,I25456,MV - Fuel Costs (non personnel),Income Statement-Expenses,E23,NGN,AVERAGE,0.0942828488225026
2026-04,RWANDA,281,I25456,MV - Fuel Costs (non personnel),Income Statement-Expenses,B23,RWF,AVERAGE,0.08871231637927174
2026-04,DRC,281,I25456,MV - Fuel Costs (non personnel),Income Statement-Expenses,G23,USD,AVERAGE,129.2875
2026-04,MALAWI,282,3350/000,MV-Depreciation,Income Statement-Expenses,C23,MWK,AVERAGE,0.07452151916027985
2026-04,MENA,282,3350/000,MV-Depreciation,Income Statement-Expenses,H23,AED,AVERAGE,35.20425
2026-04,NIGERIA,282,3350/000,MV-Depreciation,Income Statement-Expenses,E23,NGN,AVERAGE,0.0942828488225026
2026-04,RWANDA,282,3350/000,MV-Depreciation,Income Statement-Expenses,B23,RWF,AVERAGE,0.08871231637927174
2026-04,DRC,282,3350/000,MV-Depreciation,Income Statement-Expenses,G23,USD,AVERAGE,129.2875
2026-04,MALAWI,283,4000/000,Leasehold-Depreciation,Income Statement-Expenses,C23,MWK,AVERAGE,0.07452151916027985
2026-04,MENA,283,4000/000,Leasehold-Depreciation,Income Statement-Expenses,H23,AED,AVERAGE,35.20425
2026-04,RWANDA,283,4000/000,Leasehold-Depreciation,Income Statement-Expenses,B23,RWF,AVERAGE,0.08871231637927174
2026-04,DRC,283,4000/000,Leasehold-Depreciation,Income Statement-Expenses,G23,USD,AVERAGE,129.2875
2026-04,MALAWI,284,4650/200,Taxation expense,Income Statement-Expenses,C23,MWK,AVERAGE,0.07452151916027985
2026-04,NIGERIA,284,4650/200,Taxation expense,Income Statement-Expenses,E23,NGN,AVERAGE,0.0942828488225026
2026-04,RWANDA,284,4650/200,Taxation expense,Income Statement-Expenses,B23,RWF,AVERAGE,0.08871231637927174
2026-05,MALAWI,7,B10120,Ord.Share Capital,Share capital,C12,MWK,2026-05,0.07459569135286746
2026-05,MENA,7,B10120,Ord.Share Capital,Share capital,H12,AED,2026-05,35.0208
2026-05,NIGERIA,7,B10120,Ord.Share Capital,Share capital,E12,NGN,2026-05,0.09436989222958307
2026-05,RWANDA,7,B10120,Ord.Share Capital,Share capital,B12,RWF,2026-05,0.08857395925597875
2026-05,DRC,7,B10120,Ord.Share Capital,Share capital,G12,USD,2026-05,129.55
2026-05,MALAWI,8,7610/000,Funds Awaiting Capitalisation,Translation reserve,C12,MWK,2026-05,0.07459569135286746
2026-05,MENA,8,7610/000,Funds Awaiting Capitalisation,Translation reserve,H12,AED,2026-05,35.0208
2026-05,RWANDA,8,7610/000,Funds Awaiting Capitalisation,Translation reserve,B12,RWF,2026-05,0.08857395925597875
2026-05,MALAWI,9,7630/000,Share Premium,Translation reserve,C12,MWK,2026-05,0.07459569135286746
2026-05,MENA,9,7630/000,Share Premium,Translation reserve,H12,AED,2026-05,35.0208
2026-05,RWANDA,9,7630/000,Share Premium,Translation reserve,B12,RWF,2026-05,0.08857395925597875
2026-05,MALAWI,10,B15110,Distr.Reser-RetainedInc,Retained earnings,C12,MWK,2026-05,0.07459569135286746
2026-05,MENA,10,B15110,Distr.Reser-RetainedInc,Retained earnings,H12,AED,2026-05,35.0208
2026-05,NIGERIA,10,B15110,Distr.Reser-RetainedInc,Retained earnings,E12,NGN,2026-05,0.09436989222958307
2026-05,RWANDA,10,B15110,Distr.Reser-RetainedInc,Retained earnings,B12,RWF,2026-05,0.08857395925597875
2026-05,DRC,10,B15110,Distr.Reser-RetainedInc,Retained earnings,G12,USD,2026-05,129.55
2026-05,MALAWI,11,7620/000,Revaluation Reserve,Translation reserve,C12,MWK,2026-05,0.07459569135286746
2026-05,MENA,11,7620/000,Revaluation Reserve,Translation reserve,H12,AED,2026-05,35.0208
2026-05,RWANDA,11,7620/000,Revaluation Reserve,Translation reserve,B12,RWF,2026-05,0.08857395925597875
2026-05,MALAWI,12,xxxx,Translation reserve,Translation reserve,C11,MWK,2026-04,0.07448123817610344
2026-05,MALAWI,13,XXX,Non controlling interest,Non-controlling interests,C11,MWK,2026-04,0.07448123817610344
2026-05,MENA,13,XXX,Non controlling interest,Non-controlling interests,H12,AED,2026-05,35.0208
2026-05,MALAWI,14,B30110,Head Office Receivable Account,"Property, plant and equipment",C11,MWK,2026-04,0.07448123817610344
2026-05,MENA,14,B30110,Head Office Receivable Account,"Property, plant and equipment",H12,AED,2026-05,35.0208
2026-05,RWANDA,14,B30110,Head Office Receivable Account,"Property, plant and equipment",B12,RWF,2026-05,0.08857395925597875
2026-05,MALAWI,15,B35130,Equipments-TZ Branch,"Property, plant and equipment",C11,MWK,2026-04,0.07448123817610344
2026-05,MENA,15,B35130,Equipments-TZ Branch,"Property, plant and equipment",H12,AED,2026-05,35.0208
2026-05,RWANDA,15,B35130,Equipments-TZ Branch,"Property, plant and equipment",B12,RWF,2026-05,0.08857395925597875
2026-05,MALAWI,16,B35140,MV-Cost Opening Balance,"Property, plant and equipment",C12,MWK,2026-05,0.07459569135286746
2026-05,MENA,16,B35140,MV-Cost Opening Balance,"Property, plant and equipment",H12,AED,2026-05,35.0208
2026-05,NIGERIA,16,B35140,MV-Cost Opening Balance,"Property, plant and equipment",E12,NGN,2026-05,0.09436989222958307
2026-05,RWANDA,16,B35140,MV-Cost Opening Balance,"Property, plant and equipment",B12,RWF,2026-05,0.08857395925597875
2026-05,DRC,16,B35140,MV-Cost Opening Balance,"Property, plant and equipment",G12,USD,2026-05,129.55
2026-05,MALAWI,17,B35160,MV Accum-Depr Open Balance,"Property, plant and equipment",C12,MWK,2026-05,0.07459569135286746
2026-05,MENA,17,B35160,MV Accum-Depr Open Balance,"Property, plant and equipment",H12,AED,2026-05,35.0208
2026-05,NIGERIA,17,B35160,MV Accum-Depr Open Balance,"Property, plant and equipment",E12,NGN,2026-05,0.09436989222958307
2026-05,RWANDA,17,B35160,MV Accum-Depr Open Balance,"Property, plant and equipment",B12,RWF,2026-05,0.08857395925597875
2026-05,DRC,17,B35160,MV Accum-Depr Open Balance,"Property, plant and equipment",G12,USD,2026-05,129.55
2026-05,MALAWI,18,B35170,Furn-Cost Open Balance,"Property, plant and equipment",C12,MWK,2026-05,0.07459569135286746
2026-05,MENA,18,B35170,Furn-Cost Open Balance,"Property, plant and equipment",H12,AED,2026-05,35.0208
2026-05,NIGERIA,18,B35170,Furn-Cost Open Balance,"Property, plant and equipment",E12,NGN,2026-05,0.09436989222958307
2026-05,RWANDA,18,B35170,Furn-Cost Open Balance,"Property, plant and equipment",B12,RWF,2026-05,0.08857395925597875
2026-05,DRC,18,B35170,Furn-Cost Open Balance,"Property, plant and equipment",G12,USD,2026-05,129.55
2026-05,MALAWI,19,B35180,Furn-Additions this year,"Property, plant and equipment",C12,MWK,2026-05,0.07459569135286746
2026-05,MENA,19,B35180,Furn-Additions this year,"Property, plant and equipment",H12,AED,2026-05,35.0208
2026-05,RWANDA,19,B35180,Furn-Additions this year,"Property, plant and equipment",B12,RWF,2026-05,0.08857395925597875
2026-05,DRC,19,B35180,Furn-Additions this year,"Property, plant and equipment",G12,USD,2026-05,129.55
2026-05,MALAWI,20,B35190,Furn-Depr Prov.,"Property, plant and equipment",C12,MWK,2026-05,0.07459569135286746
2026-05,MENA,20,B35190,Furn-Depr Prov.,"Property, plant and equipment",H12,AED,2026-05,35.0208
2026-05,RWANDA,20,B35190,Furn-Depr Prov.,"Property, plant and equipment",B12,RWF,2026-05,0.08857395925597875
2026-05,DRC,20,B35190,Furn-Depr Prov.,"Property, plant and equipment",G12,USD,2026-05,129.55
2026-05,MALAWI,21,B35200,Furn Accum-Depreciation,"Property, plant and equipment",C12,MWK,2026-05,0.07459569135286746
2026-05,MENA,21,B35200,Furn Accum-Depreciation,"Property, plant and equipment",H12,AED,2026-05,35.0208
2026-05,NIGERIA,21,B35200,Furn Accum-Depreciation,"Property, plant and equipment",E12,NGN,2026-05,0.09436989222958307
2026-05,RWANDA,21,B35200,Furn Accum-Depreciation,"Property, plant and equipment",B12,RWF,2026-05,0.08857395925597875
2026-05,DRC,21,B35200,Furn Accum-Depreciation,"Property, plant and equipment",G12,USD,2026-05,129.55
2026-05,MALAWI,22,B35210,Equip-Cost Open Balance,"Property, plant and equipment",C11,MWK,2026-04,0.07448123817610344
2026-05,MENA,22,B35210,Equip-Cost Open Balance,"Property, plant and equipment",H12,AED,2026-05,35.0208
2026-05,NIGERIA,22,B35210,Equip-Cost Open Balance,"Property, plant and equipment",E12,NGN,2026-05,0.09436989222958307
2026-05,RWANDA,22,B35210,Equip-Cost Open Balance,"Property, plant and equipment",B12,RWF,2026-05,0.08857395925597875
2026-05,DRC,22,B35210,Equip-Cost Open Balance,"Property, plant and equipment",G12,USD,2026-05,129.55
2026-05,MALAWI,23,B35220,Equip-Additions This Year,"Property, plant and equipment",C12,MWK,2026-05,0.07459569135286746
2026-05,MENA,23,B35220,Equip-Additions This Year,"Property, plant and equipment",H12,AED,2026-05,35.0208
2026-05,RWANDA,23,B35220,Equip-Additions This Year,"Property, plant and equipment",B12,RWF,2026-05,0.08857395925597875
2026-05,DRC,23,B35220,Equip-Additions This Year,"Property, plant and equipment",G12,USD,2026-05,129.55
2026-05,MALAWI,24,B35230,Equip-Depr.Prov.,"Property, plant and equipment",C12,MWK,2026-05,0.07459569135286746
2026-05,MENA,24,B35230,Equip-Depr.Prov.,"Property, plant and equipment",H12,AED,2026-05,35.0208
2026-05,RWANDA,24,B35230,Equip-Depr.Prov.,"Property, plant and equipment",B12,RWF,2026-05,0.08857395925597875
2026-05,DRC,24,B35230,Equip-Depr.Prov.,"Property, plant and equipment",G12,USD,2026-05,129.55
2026-05,MALAWI,25,B35240,Equip Accum-Depr,"Property, plant and equipment",C12,MWK,2026-05,0.07459569135286746
2026-05,MENA,25,B35240,Equip Accum-Depr,"Property, plant and equipment",H11,AED,2026-04,35.12
2026-05,NIGERIA,25,B35240,Equip Accum-Depr,"Property, plant and equipment",E12,NGN,2026-05,0.09436989222958307
2026-05,RWANDA,25,B35240,Equip Accum-Depr,"Property, plant and equipment",B12,RWF,2026-05,0.08857395925597875
2026-05,DRC,25,B35240,Equip Accum-Depr,"Property, plant and equipment",G12,USD,2026-05,129.55
2026-05,MALAWI,26,B35250,Comp Equip-Cost Open Balance,"Property, plant and equipment",C12,MWK,2026-05,0.07459569135286746
2026-05,MENA,26,B35250,Comp Equip-Cost Open Balance,"Property, plant and equipment",H12,AED,2026-05,35.0208
2026-05,RWANDA,26,B35250,Comp Equip-Cost Open Balance,"Property, plant and equipment",B12,RWF,2026-05,0.08857395925597875
2026-05,DRC,26,B35250,Comp Equip-Cost Open Balance,"Property, plant and equipment",G12,USD,2026-05,129.55
2026-05,MALAWI,27,B35280,Comp Equip-Additions,"Property, plant and equipment",C12,MWK,2026-05,0.07459569135286746
2026-05,MENA,27,B35280,Comp Equip-Additions,"Property, plant and equipment",H11,AED,2026-04,35.12
2026-05,RWANDA,27,B35280,Comp Equip-Additions,"Property, plant and equipment",B12,RWF,2026-05,0.08857395925597875
2026-05,DRC,27,B35280,Comp Equip-Additions,"Property, plant and equipment",G12,USD,2026-05,129.55
2026-05,MALAWI,28,B35290,Comp Equip- Accum Depreciation,"Property, plant and equipment",C12,MWK,2026-05,0.07459569135286746
2026-05,MENA,28,B35290,Comp Equip- Accum Depreciation,"Property, plant and equipment",H11,AED,2026-04,35.12
2026-05,RWANDA,28,B35290,Comp Equip- Accum Depreciation,"Property, plant and equipment",B12,RWF,2026-05,0.08857395925597875
2026-05,DRC,28,B35290,Comp Equip- Accum Depreciation,"Property, plant and equipment",G12,USD,2026-05,129.55
2026-05,MALAWI,29,6300/000,Work In Progress,Intangible assets - computer software,C12,MWK,2026-05,0.07459569135286746
2026-05,MENA,29,6300/000,Work In Progress,Intangible assets - computer software,H11,AED,2026-04,35.12
2026-05,RWANDA,29,6300/000,Work In Progress,Intangible assets - computer software,B12,RWF,2026-05,0.08857395925597875
2026-05,MALAWI,30,B35310,Comp SW-Cost Open Balance,Intangible assets - computer software,C11,MWK,2026-04,0.07448123817610344
2026-05,MENA,30,B35310,Comp SW-Cost Open Balance,Intangible assets - computer software,H11,AED,2026-04,35.12
2026-05,RWANDA,30,B35310,Comp SW-Cost Open Balance,Intangible assets - computer software,B12,RWF,2026-05,0.08857395925597875
2026-05,MALAWI,31,B35320,Computer Software,Intangible assets - computer software,C12,MWK,2026-05,0.07459569135286746
2026-05,MENA,31,B35320,Computer Software,Intangible assets - computer software,H11,AED,2026-04,35.12
2026-05,RWANDA,31,B35320,Computer Software,Intangible assets - computer software,B12,RWF,2026-05,0.08857395925597875
2026-05,MALAWI,32,B35340,Comp S/Ware Acc -Write Off,Intangible assets - computer software,C11,MWK,2026-04,0.07448123817610344
2026-05,MENA,32,B35340,Comp S/Ware Acc -Write Off,Intangible assets - computer software,H11,AED,2026-04,35.12
2026-05,RWANDA,32,B35340,Comp S/Ware Acc -Write Off,Intangible assets - computer software,B12,RWF,2026-05,0.08857395925597875
2026-05,MALAWI,33,B35350,Leased Prem-Improvements,"Property, plant and equipment",C11,MWK,2026-04,0.07448123817610344
2026-05,MENA,33,B35350,Leased Prem-Improvements,"Property, plant and equipment",H11,AED,2026-04,35.12
2026-05,NIGERIA,33,B35350,Leased Prem-Improvements,"Property, plant and equipment",E12,NGN,2026-05,0.09436989222958307
2026-05,RWANDA,33,B35350,Leased Prem-Improvements,"Property, plant and equipment",B12,RWF,2026-05,0.08857395925597875
2026-05,DRC,33,B35350,Leased Prem-Improvements,"Property, plant and equipment",G12,USD,2026-05,129.55
2026-05,MALAWI,34,B35370,Lease Improv - Accum Ammortization,"Property, plant and equipment",C11,MWK,2026-04,0.07448123817610344
2026-05,MENA,34,B35370,Lease Improv - Accum Ammortization,"Property, plant and equipment",H11,AED,2026-04,35.12
2026-05,NIGERIA,34,B35370,Lease Improv - Accum Ammortization,"Property, plant and equipment",E12,NGN,2026-05,0.09436989222958307
2026-05,RWANDA,34,B35370,Lease Improv - Accum Ammortization,"Property, plant and equipment",B12,RWF,2026-05,0.08857395925597875
2026-05,DRC,34,B35370,Lease Improv - Accum Ammortization,"Property, plant and equipment",G12,USD,2026-05,129.55
2026-05,MALAWI,35,B35420,Deferred Tax,Deferred Tax,C12,MWK,2026-05,0.07459569135286746
2026-05,MENA,35,B35420,Deferred Tax,Deferred Tax,H11,AED,2026-04,35.12
2026-05,NIGERIA,35,B35420,Deferred Tax,Deferred Tax,E12,NGN,2026-05,0.09436989222958307
2026-05,RWANDA,35,B35420,Deferred Tax,Deferred Tax,B12,RWF,2026-05,0.08857395925597875
2026-05,MALAWI,36,B40110,Investment in subsidiary - RWANDA,Investment in subsidiary,C11,MWK,2026-04,0.07448123817610344
2026-05,MENA,36,B40110,Investment in subsidiary - RWANDA,Investment in subsidiary,H11,AED,2026-04,35.12
2026-05,RWANDA,36,B40110,Investment in subsidiary - RWANDA,Investment in subsidiary,B12,RWF,2026-05,0.08857395925597875
2026-05,MALAWI,37,6285/000,Investment in ZAAC Kenya,Investment in subsidiary,C11,MWK,2026-04,0.07448123817610344
2026-05,MALAWI,38,6290/000,Investment in ZAAC Nigeria,Investment in subsidiary,C11,MWK,2026-04,0.07448123817610344
2026-05,MALAWI,42,6460/000,Investment in Malawi,Investment in subsidiary,C11,MWK,2026-04,0.07448123817610344
2026-05,MENA,44,6366/000,Investment In Subsidiaries,Investment in subsidiary,H11,AED,2026-04,35.12
2026-05,RWANDA,44,6366/000,Investment In Subsidiaries,Investment in subsidiary,B12,RWF,2026-05,0.08857395925597875
2026-05,MALAWI,45,B45110,Goodwill-at Cost,Intangible assets - goodwill,C11,MWK,2026-04,0.07448123817610344
2026-05,MENA,45,B45110,Goodwill-at Cost,Intangible assets - goodwill,H11,AED,2026-04,35.12
2026-05,RWANDA,45,B45110,Goodwill-at Cost,Intangible assets - goodwill,B12,RWF,2026-05,0.08857395925597875
2026-05,MALAWI,46,B55110,Other Receivable,Other receivables,C12,MWK,2026-05,0.07459569135286746
2026-05,MENA,46,B55110,Other Receivable,Other receivables,H12,AED,2026-05,35.0208
2026-05,NIGERIA,46,B55110,Other Receivable,Other receivables,E12,NGN,2026-05,0.09436989222958307
2026-05,RWANDA,46,B55110,Other Receivable,Other receivables,B12,RWF,2026-05,0.08857395925597875
2026-05,MALAWI,47,B55130,Accrued Income,Other receivables,C11,MWK,2026-04,0.07448123817610344
2026-05,MENA,47,B55130,Accrued Income,Other receivables,H11,AED,2026-04,35.12
2026-05,RWANDA,47,B55130,Accrued Income,Other receivables,B12,RWF,2026-05,0.08857395925597875
2026-05,MALAWI,48,B55140,Other Debtor - Claims Receivab,Other receivables,C12,MWK,2026-05,0.07459569135286746
2026-05,MENA,48,B55140,Other Debtor - Claims Receivab,Other receivables,H11,AED,2026-04,35.12
2026-05,RWANDA,48,B55140,Other Debtor - Claims Receivab,Other receivables,B12,RWF,2026-05,0.08857395925597875
2026-05,MALAWI,49,B55150,Drs-Gen.Bad Debt Prov.,Other receivables,C11,MWK,2026-04,0.07448123817610344
2026-05,MENA,49,B55150,Drs-Gen.Bad Debt Prov.,Other receivables,H11,AED,2026-04,35.12
2026-05,RWANDA,49,B55150,Drs-Gen.Bad Debt Prov.,Other receivables,B12,RWF,2026-05,0.08857395925597875
2026-05,MENA,50,B55210,Investment in Malawi,Investment in subsidiary,H11,AED,2026-04,35.12
2026-05,RWANDA,50,B55210,Investment in Malawi,Investment in subsidiary,B12,RWF,2026-05,0.08857395925597875
2026-05,MALAWI,51,,Investment in Subsidiary- Stonebridge,Investment in unquoted equity securities,C11,MWK,2026-04,0.07448123817610344
2026-05,MENA,51,,Investment in Subsidiary- Stonebridge,Investment in unquoted equity securities,H11,AED,2026-04,35.12
2026-05,NIGERIA,51,,Investment in Subsidiary- Stonebridge,Investment in unquoted equity securities,E12,NGN,2026-05,0.09436989222958307
2026-05,RWANDA,51,,Investment in Subsidiary- Stonebridge,Investment in unquoted equity securities,B12,RWF,2026-05,0.08857395925597875
2026-05,MALAWI,52,B55250,Conferences - Control  A/c,Other receivables,C11,MWK,2026-04,0.07448123817610344
2026-05,MENA,52,B55250,Conferences - Control  A/c,Other receivables,H11,AED,2026-04,35.12
2026-05,RWANDA,52,B55250,Conferences - Control  A/c,Other receivables,B12,RWF,2026-05,0.08857395925597875
2026-05,MENA,53,B55360,Rent Deposits,Other receivables,H11,AED,2026-04,35.12
2026-05,RWANDA,53,B55360,Rent Deposits,Other receivables,B12,RWF,2026-05,0.08857395925597875
2026-05,DRC,53,B55360,Rent Deposits,Other receivables,G12,USD,2026-05,129.55
2026-05,MALAWI,54,B55420,Due to/from Malawi,Other receivables - Related parties,C11,MWK,2026-04,0.07448123817610344
2026-05,MENA,54,B55420,Due to/from Malawi,Other receivables - Related parties,H11,AED,2026-04,35.12
2026-05,RWANDA,54,B55420,Due to/from Malawi,Other receivables - Related parties,B12,RWF,2026-05,0.08857395925597875
2026-05,MALAWI,55,B55480,Drs-Income Control,Trade receivables,C12,MWK,2026-05,0.07459569135286746
2026-05,MENA,55,B55480,Drs-Income Control,Trade receivables,H12,AED,2026-05,35.0208
2026-05,NIGERIA,55,B55480,Drs-Income Control,Trade receivables,E12,NGN,2026-05,0.09436989222958307
2026-05,RWANDA,55,B55480,Drs-Income Control,Trade receivables,B12,RWF,2026-05,0.08857395925597875
2026-05,DRC,55,B55480,Drs-Income Control,Trade receivables,G12,USD,2026-05,129.55
2026-05,MALAWI,56,B55490,DUE TO/FROM ZAMARA HOLDING CO.,Other receivables - Related parties,C11,MWK,2026-04,0.07448123817610344
2026-05,MENA,56,B55490,DUE TO/FROM ZAMARA HOLDING CO.,Other receivables - Related parties,H11,AED,2026-04,35.12
2026-05,NIGERIA,56,B55490,DUE TO/FROM ZAMARA HOLDING CO.,Other receivables - Related parties,E12,NGN,2026-05,0.09436989222958307
2026-05,RWANDA,56,B55490,DUE TO/FROM ZAMARA HOLDING CO.,Other receivables - Related parties,B12,RWF,2026-05,0.08857395925597875
2026-05,MALAWI,57,B55520,DUE TO/FROM UGANDA,Other receivables - Related parties,C11,MWK,2026-04,0.07448123817610344
2026-05,MENA,57,B55520,DUE TO/FROM UGANDA,Other receivables - Related parties,H11,AED,2026-04,35.12
2026-05,RWANDA,57,B55520,DUE TO/FROM UGANDA,Other receivables - Related parties,B12,RWF,2026-05,0.08857395925597875
2026-05,MALAWI,58,B55570,Due to/from ZAAC,Other receivables - Related parties,C12,MWK,2026-05,0.07459569135286746
2026-05,MENA,58,B55570,Due to/from ZAAC,Other receivables - Related parties,H11,AED,2026-04,35.12
2026-05,NIGERIA,58,B55570,Due to/from ZAAC,Other receivables - Related parties,E12,NGN,2026-05,0.09436989222958307
2026-05,RWANDA,58,B55570,Due to/from ZAAC,Other receivables - Related parties,B12,RWF,2026-05,0.08857395925597875
2026-05,DRC,58,B55570,Due to/from ZAAC,Other receivables - Related parties,G12,USD,2026-05,129.55
2026-05,MALAWI,67,4015,Bank account- ZAAIB,Cash and cash equivalents,C11,MWK,2026-04,0.07448123817610344
2026-05,MENA,67,4015,Bank account- ZAAIB,Cash and cash equivalents,H11,AED,2026-04,35.12
2026-05,RWANDA,67,4015,Bank account- ZAAIB,Cash and cash equivalents,B12,RWF,2026-05,0.08857395925597875
2026-05,MENA,68,4016,Bank account NCBA,Cash and cash equivalents,H11,AED,2026-04,35.12
2026-05,RWANDA,68,4016,Bank account NCBA,Cash and cash equivalents,B12,RWF,2026-05,0.08857395925597875
2026-05,MALAWI,69,4017,Bank Account (ZAMARA AAIB LTD),Cash and cash equivalents,C11,MWK,2026-04,0.07448123817610344
2026-05,MENA,69,4017,Bank Account (ZAMARA AAIB LTD),Cash and cash equivalents,H11,AED,2026-04,35.12
2026-05,RWANDA,69,4017,Bank Account (ZAMARA AAIB LTD),Cash and cash equivalents,B12,RWF,2026-05,0.08857395925597875
2026-05,MALAWI,70,4018,AMIFA Account,Cash and cash equivalents,C11,MWK,2026-04,0.07448123817610344
2026-05,MENA,70,4018,AMIFA Account,Cash and cash equivalents,H11,AED,2026-04,35.12
2026-05,RWANDA,70,4018,AMIFA Account,Cash and cash equivalents,B12,RWF,2026-05,0.08857395925597875
2026-05,MALAWI,71,4019,NCBA Account USD,Cash and cash equivalents,C11,MWK,2026-04,0.07448123817610344
2026-05,MENA,71,4019,NCBA Account USD,Cash and cash equivalents,H11,AED,2026-04,35.12
2026-05,RWANDA,71,4019,NCBA Account USD,Cash and cash equivalents,B12,RWF,2026-05,0.08857395925597875
2026-05,MALAWI,72,4021,Bank account-Equity Bank,Cash and cash equivalents,C11,MWK,2026-04,0.07448123817610344
2026-05,MENA,72,4021,Bank account-Equity Bank,Cash and cash equivalents,H11,AED,2026-04,35.12
2026-05,RWANDA,72,4021,Bank account-Equity Bank,Cash and cash equivalents,B12,RWF,2026-05,0.08857395925597875
2026-05,MALAWI,73,6821/000,ECOBANK -KWACHA A/C,Cash and cash equivalents,C12,MWK,2026-05,0.07459569135286746
2026-05,MENA,73,6821/000,ECOBANK -KWACHA A/C,Cash and cash equivalents,H11,AED,2026-04,35.12
2026-05,RWANDA,73,6821/000,ECOBANK -KWACHA A/C,Cash and cash equivalents,B12,RWF,2026-05,0.08857395925597875
2026-05,MALAWI,74,6822/000,ECOBANK FCD-US$,Cash and cash equivalents,C12,MWK,2026-05,0.07459569135286746
2026-05,MENA,74,6822/000,ECOBANK FCD-US$,Cash and cash equivalents,H11,AED,2026-04,35.12
2026-05,RWANDA,74,6822/000,ECOBANK FCD-US$,Cash and cash equivalents,B12,RWF,2026-05,0.08857395925597875
2026-05,MENA,75,,RAK Bank AED,Cash and cash equivalents,H12,AED,2026-05,35.0208
2026-05,RWANDA,75,,RAK Bank AED,Cash and cash equivalents,B12,RWF,2026-05,0.08857395925597875
2026-05,MENA,76,B60090,EQUITY BANK,Cash and cash equivalents,H11,AED,2026-04,35.12
2026-05,RWANDA,76,B60090,EQUITY BANK,Cash and cash equivalents,B12,RWF,2026-05,0.08857395925597875
2026-05,DRC,76,B60090,EQUITY BANK,Cash and cash equivalents,G12,USD,2026-05,129.55
2026-05,DRC,77,8410/000,RAW BANK,Cash and cash equivalents,G12,USD,2026-05,129.55
2026-05,MALAWI,78,B60110,KENYA COMMERCIAL BANK,Cash and cash equivalents,C11,MWK,2026-04,0.07448123817610344
2026-05,MENA,78,B60110,KENYA COMMERCIAL BANK,Cash and cash equivalents,H11,AED,2026-04,35.12
2026-05,RWANDA,78,B60110,KENYA COMMERCIAL BANK,Cash and cash equivalents,B12,RWF,2026-05,0.08857395925597875
2026-05,MALAWI,79,0001/000,EQUITY BANK-Office,Cash and cash equivalents,C11,MWK,2026-04,0.07448123817610344
2026-05,MENA,79,0001/000,EQUITY BANK-Office,Cash and cash equivalents,H11,AED,2026-04,35.12
2026-05,RWANDA,79,0001/000,EQUITY BANK-Office,Cash and cash equivalents,B12,RWF,2026-05,0.08857395925597875
2026-05,MALAWI,80,0068/000,KCB CLIENT-Client,Cash and cash equivalents,C11,MWK,2026-04,0.07448123817610344
2026-05,MENA,80,0068/000,KCB CLIENT-Client,Cash and cash equivalents,H11,AED,2026-04,35.12
2026-05,RWANDA,80,0068/000,KCB CLIENT-Client,Cash and cash equivalents,B12,RWF,2026-05,0.08857395925597875
2026-05,MALAWI,81,0068/000,KCB CLIENT(KES)-Client,Cash and cash equivalents,C11,MWK,2026-04,0.07448123817610344
2026-05,MENA,81,0068/000,KCB CLIENT(KES)-Client,Cash and cash equivalents,H11,AED,2026-04,35.12
2026-05,RWANDA,81,0068/000,KCB CLIENT(KES)-Client,Cash and cash equivalents,B12,RWF,2026-05,0.08857395925597875
2026-05,MALAWI,82,0068/001,KCB CLIENT(USD)-Client,Cash and cash equivalents,C11,MWK,2026-04,0.07448123817610344
2026-05,MENA,82,0068/001,KCB CLIENT(USD)-Client,Cash and cash equivalents,H11,AED,2026-04,35.12
2026-05,RWANDA,82,0068/001,KCB CLIENT(USD)-Client,Cash and cash equivalents,B12,RWF,2026-05,0.08857395925597875
2026-05,MENA,83,0068/002,KCB OFFICE(KES)-Office,Cash and cash equivalents,H11,AED,2026-04,35.12
2026-05,RWANDA,83,0068/002,KCB OFFICE(KES)-Office,Cash and cash equivalents,B12,RWF,2026-05,0.08857395925597875
2026-05,MALAWI,84,0068/003,KCB OFFICE(USD)-Office,Cash and cash equivalents,C11,MWK,2026-04,0.07448123817610344
2026-05,MENA,84,0068/003,KCB OFFICE(USD)-Office,Cash and cash equivalents,H11,AED,2026-04,35.12
2026-05,RWANDA,84,0068/003,KCB OFFICE(USD)-Office,Cash and cash equivalents,B12,RWF,2026-05,0.08857395925597875
2026-05,MENA,85,0068/004,KCB -FIXED DEPOSIT,Cash and cash equivalents,H11,AED,2026-04,35.12
2026-05,RWANDA,85,0068/004,KCB -FIXED DEPOSIT,Cash and cash equivalents,B12,RWF,2026-05,0.08857395925597875
2026-05,MENA,86,6801/000,KCB USD CLIENT-Client,Cash and cash equivalents,H11,AED,2026-04,35.12
2026-05,RWANDA,86,6801/000,KCB USD CLIENT-Client,Cash and cash equivalents,B12,RWF,2026-05,0.08857395925597875
2026-05,MENA,87,6804/000,KCB USD OFFICE-Office,Cash and cash equivalents,H11,AED,2026-04,35.12
2026-05,RWANDA,87,6804/000,KCB USD OFFICE-Office,Cash and cash equivalents,B12,RWF,2026-05,0.08857395925597875
2026-05,MENA,88,6820/000,MPESA ACCOUNT-Client,Cash and cash equivalents,H11,AED,2026-04,35.12
2026-05,RWANDA,88,6820/000,MPESA ACCOUNT-Client,Cash and cash equivalents,B12,RWF,2026-05,0.08857395925597875
2026-05,MENA,89,6821/000,CBA Office Bank Account-Office,Cash and cash equivalents,H11,AED,2026-04,35.12
2026-05,RWANDA,89,6821/000,CBA Office Bank Account-Office,Cash and cash equivalents,B12,RWF,2026-05,0.08857395925597875
2026-05,MENA,90,6822/000,SBM USD $-Office,Cash and cash equivalents,H11,AED,2026-04,35.12
2026-05,RWANDA,90,6822/000,SBM USD $-Office,Cash and cash equivalents,B12,RWF,2026-05,0.08857395925597875
2026-05,MALAWI,91,6823/000,Summary: cash at bank & on hand-Office,Cash and cash equivalents,C12,MWK,2026-05,0.07459569135286746
2026-05,MENA,91,6823/000,Summary: cash at bank & on hand-Office,Cash and cash equivalents,H11,AED,2026-04,35.12
2026-05,NIGERIA,91,6823/000,Summary: cash at bank & on hand-Office,Cash and cash equivalents,E12,NGN,2026-05,0.09436989222958307
2026-05,RWANDA,91,6823/000,Summary: cash at bank & on hand-Office,Cash and cash equivalents,B12,RWF,2026-05,0.08857395925597875
2026-05,DRC,91,6823/000,Summary: cash at bank & on hand-Office,Cash and cash equivalents,G12,USD,2026-05,129.55
2026-05,MENA,92,6824/000,CBA Client Bank Account-Client,Cash and cash equivalents,H11,AED,2026-04,35.12
2026-05,RWANDA,92,6824/000,CBA Client Bank Account-Client,Cash and cash equivalents,B12,RWF,2026-05,0.08857395925597875
2026-05,MENA,93,6825/000,CFCSTANBIC-OFFICE A/C-Office,Cash and cash equivalents,H11,AED,2026-04,35.12
2026-05,RWANDA,93,6825/000,CFCSTANBIC-OFFICE A/C-Office,Cash and cash equivalents,B12,RWF,2026-05,0.08857395925597875
2026-05,MENA,94,6826/000,CFCSTANBIC-CLIENT A/C-Client,Cash and cash equivalents,H11,AED,2026-04,35.12
2026-05,RWANDA,94,6826/000,CFCSTANBIC-CLIENT A/C-Client,Cash and cash equivalents,B12,RWF,2026-05,0.08857395925597875
2026-05,MENA,95,6827/000,Chase Bank Account-Client,Cash and cash equivalents,H11,AED,2026-04,35.12
2026-05,RWANDA,95,6827/000,Chase Bank Account-Client,Cash and cash equivalents,B12,RWF,2026-05,0.08857395925597875
2026-05,MENA,96,6828/000,COMMERCIAL BANK OF AFRICA-US$ OFFICE-Office,Cash and cash equivalents,H11,AED,2026-04,35.12
2026-05,RWANDA,96,6828/000,COMMERCIAL BANK OF AFRICA-US$ OFFICE-Office,Cash and cash equivalents,B12,RWF,2026-05,0.08857395925597875
2026-05,MENA,97,6829/000,COMMERCIAL BANK OF AFRICA-US$ CLIENT-Client,Cash and cash equivalents,H11,AED,2026-04,35.12
2026-05,RWANDA,97,6829/000,COMMERCIAL BANK OF AFRICA-US$ CLIENT-Client,Cash and cash equivalents,B12,RWF,2026-05,0.08857395925597875
2026-05,MENA,98,6830/000,UBA Client Account-Client,Cash and cash equivalents,H11,AED,2026-04,35.12
2026-05,RWANDA,98,6830/000,UBA Client Account-Client,Cash and cash equivalents,B12,RWF,2026-05,0.08857395925597875
2026-05,MENA,99,6832/000,SBM BANK FIXED DEPOSIT ACCOUNT-Office,Cash and cash equivalents,H11,AED,2026-04,35.12
2026-05,RWANDA,99,6832/000,SBM BANK FIXED DEPOSIT ACCOUNT-Office,Cash and cash equivalents,B12,RWF,2026-05,0.08857395925597875
2026-05,MENA,100,6833/000,CFC STANBIC(US$) -0000230847(CLIENT)-Client,Cash and cash equivalents,H11,AED,2026-04,35.12
2026-05,RWANDA,100,6833/000,CFC STANBIC(US$) -0000230847(CLIENT)-Client,Cash and cash equivalents,B12,RWF,2026-05,0.08857395925597875
2026-05,MENA,101,6839/000,SBM BANK BID BONDS-Office,Cash and cash equivalents,H11,AED,2026-04,35.12
2026-05,RWANDA,101,6839/000,SBM BANK BID BONDS-Office,Cash and cash equivalents,B12,RWF,2026-05,0.08857395925597875
2026-05,MENA,102,6840/000,Commecial Bank of Africa-Prem. Fin.-Office,Cash and cash equivalents,H11,AED,2026-04,35.12
2026-05,RWANDA,102,6840/000,Commecial Bank of Africa-Prem. Fin.-Office,Cash and cash equivalents,B12,RWF,2026-05,0.08857395925597875
2026-05,MENA,103,6843/000,Mayfair CIB Bank-Client,Cash and cash equivalents,H11,AED,2026-04,35.12
2026-05,RWANDA,103,6843/000,Mayfair CIB Bank-Client,Cash and cash equivalents,B12,RWF,2026-05,0.08857395925597875
2026-05,MENA,104,6850/000,FAULU MICROFINANCE BANK-Office,Cash and cash equivalents,H11,AED,2026-04,35.12
2026-05,RWANDA,104,6850/000,FAULU MICROFINANCE BANK-Office,Cash and cash equivalents,B12,RWF,2026-05,0.08857395925597875
2026-05,MENA,105,6860/000,ABSA BANK KENYA-Client,Cash and cash equivalents,H11,AED,2026-04,35.12
2026-05,RWANDA,105,6860/000,ABSA BANK KENYA-Client,Cash and cash equivalents,B12,RWF,2026-05,0.08857395925597875
2026-05,MENA,106,6880/000,KCB BANK-Office,Cash and cash equivalents,H11,AED,2026-04,35.12
2026-05,RWANDA,106,6880/000,KCB BANK-Office,Cash and cash equivalents,B12,RWF,2026-05,0.08857395925597875
2026-05,MENA,107,6890/000,MAYFAIR CIB USD-Client,Cash and cash equivalents,H11,AED,2026-04,35.12
2026-05,RWANDA,107,6890/000,MAYFAIR CIB USD-Client,Cash and cash equivalents,B12,RWF,2026-05,0.08857395925597875
2026-05,MENA,108,6900/000,SIDIAN BANK-Office,Cash and cash equivalents,H11,AED,2026-04,35.12
2026-05,RWANDA,108,6900/000,SIDIAN BANK-Office,Cash and cash equivalents,B12,RWF,2026-05,0.08857395925597875
2026-05,MENA,109,6920/000,GULF AFRICAN BANK-Client,Cash and cash equivalents,H11,AED,2026-04,35.12
2026-05,RWANDA,109,6920/000,GULF AFRICAN BANK-Client,Cash and cash equivalents,B1,?,?,
2026-05,MENA,110,6930/000,GUARANTY TRUST BANK-Client,Cash and cash equivalents,H11,AED,2026-04,35.12
2026-05,RWANDA,110,6930/000,GUARANTY TRUST BANK-Client,Cash and cash equivalents,B12,RWF,2026-05,0.08857395925597875
2026-05,MENA,111,6940/000,FREDRICK MUCHINA-Office,Cash and cash equivalents,H11,AED,2026-04,35.12
2026-05,RWANDA,111,6940/000,FREDRICK MUCHINA-Office,Cash and cash equivalents,B12,RWF,2026-05,0.08857395925597875
2026-05,MENA,112,6950/000,LIZA NYAGA-Office,Cash and cash equivalents,H11,AED,2026-04,35.12
2026-05,RWANDA,112,6950/000,LIZA NYAGA-Office,Cash and cash equivalents,B12,RWF,2026-05,0.08857395925597875
2026-05,MENA,113,6960/000,ALEEM AKBARALI-Office,Cash and cash equivalents,H11,AED,2026-04,35.12
2026-05,RWANDA,113,6960/000,ALEEM AKBARALI-Office,Cash and cash equivalents,B12,RWF,2026-05,0.08857395925597875
2026-05,MENA,114,6990/000,MWIHAKI KABURA-Office,Cash and cash equivalents,H11,AED,2026-04,35.12
2026-05,RWANDA,114,6990/000,MWIHAKI KABURA-Office,Cash and cash equivalents,B12,RWF,2026-05,0.08857395925597875
2026-05,MENA,115,7030/000,JAMES OLUBAYI-Office,Cash and cash equivalents,H11,AED,2026-04,35.12
2026-05,RWANDA,115,7030/000,JAMES OLUBAYI-Office,Cash and cash equivalents,B12,RWF,2026-05,0.08857395925597875
2026-05,MENA,116,B60160,NCBA Bank-US$ OFFICE,Cash and cash equivalents,H11,AED,2026-04,35.12
2026-05,RWANDA,116,B60160,NCBA Bank-US$ OFFICE,Cash and cash equivalents,B12,RWF,2026-05,0.08857395925597875
2026-05,MENA,117,B60180,NCBA Office Bank Account-Office,Cash and cash equivalents,H11,AED,2026-04,35.12
2026-05,RWANDA,117,B60180,NCBA Office Bank Account-Office,Cash and cash equivalents,B1,?,?,
2026-05,MENA,118,B60190,PETTY CASH - OFFICE,Cash and cash equivalents,H11,AED,2026-04,35.12
2026-05,RWANDA,118,B60190,PETTY CASH - OFFICE,Cash and cash equivalents,B12,RWF,2026-05,0.08857395925597875
2026-05,DRC,118,B60190,PETTY CASH - OFFICE,Cash and cash equivalents,G12,USD,2026-05,129.55
2026-05,MENA,119,B60210,SBM Bank Account-Office Account,Cash and cash equivalents,H11,AED,2026-04,35.12
2026-05,RWANDA,119,B60210,SBM Bank Account-Office Account,Cash and cash equivalents,B12,RWF,2026-05,0.08857395925597875
2026-05,MENA,120,B60260,UBA Office Account,Cash and cash equivalents,H11,AED,2026-04,35.12
2026-05,NIGERIA,120,B60260,UBA Office Account,Cash and cash equivalents,E11,NGN,2026-04,0.09386146048432514
2026-05,RWANDA,120,B60260,UBA Office Account,Cash and cash equivalents,B12,RWF,2026-05,0.08857395925597875
2026-05,MENA,121,B60170,NATIONAL BANK OF KENYA,Cash and cash equivalents,H11,AED,2026-04,35.12
2026-05,RWANDA,121,B60170,NATIONAL BANK OF KENYA,Cash and cash equivalents,B12,RWF,2026-05,0.08857395925597875
2026-05,MENA,122,B60310,SUNDEEP RAICHURA PREPAID CARD,Cash and cash equivalents,H11,AED,2026-04,35.12
2026-05,RWANDA,122,B60310,SUNDEEP RAICHURA PREPAID CARD,Cash and cash equivalents,B12,RWF,2026-05,0.08857395925597875
2026-05,MENA,123,B60320,ROBERT NJOROGE PREPAID CARD,Cash and cash equivalents,H11,AED,2026-04,35.12
2026-05,RWANDA,123,B60320,ROBERT NJOROGE PREPAID CARD,Cash and cash equivalents,B12,RWF,2026-05,0.08857395925597875
2026-05,MENA,124,B60330,JAY KOSGEI PREPAID CARD,Cash and cash equivalents,H11,AED,2026-04,35.12
2026-05,RWANDA,124,B60330,JAY KOSGEI PREPAID CARD,Cash and cash equivalents,B12,RWF,2026-05,0.08857395925597875
2026-05,MENA,125,B60340,NIKHIL DODHIA PREPARD CARD,Cash and cash equivalents,H11,AED,2026-04,35.12
2026-05,RWANDA,125,B60340,NIKHIL DODHIA PREPARD CARD,Cash and cash equivalents,B12,RWF,2026-05,0.08857395925597875
2026-05,MENA,126,B60350,ADIL SULEMAN PREPAID CARD,Cash and cash equivalents,H11,AED,2026-04,35.12
2026-05,RWANDA,126,B60350,ADIL SULEMAN PREPAID CARD,Cash and cash equivalents,B12,RWF,2026-05,0.08857395925597875
2026-05,MENA,127,B60360,ANTONY KILAVI PREPAID CARD,Cash and cash equivalents,H11,AED,2026-04,35.12
2026-05,RWANDA,127,B60360,ANTONY KILAVI PREPAID CARD,Cash and cash equivalents,B12,RWF,2026-05,0.08857395925597875
2026-05,MENA,128,B60370,PAUL KAMOCHE PREPAID CARD,Cash and cash equivalents,H11,AED,2026-04,35.12
2026-05,RWANDA,128,B60370,PAUL KAMOCHE PREPAID CARD,Cash and cash equivalents,B12,RWF,2026-05,0.08857395925597875
2026-05,MENA,129,B60380,MICHAEL VAATI PRPAID CARD,Cash and cash equivalents,H11,AED,2026-04,35.12
2026-05,RWANDA,129,B60380,MICHAEL VAATI PRPAID CARD,Cash and cash equivalents,B12,RWF,2026-05,0.08857395925597875
2026-05,MENA,130,B60390,RAYMOND MUTHAMA PREPAID CARD,Cash and cash equivalents,H11,AED,2026-04,35.12
2026-05,RWANDA,130,B60390,RAYMOND MUTHAMA PREPAID CARD,Cash and cash equivalents,B12,RWF,2026-05,0.08857395925597875
2026-05,MENA,131,B60400,KHALID OBULINJI PREPAID CARD,Cash and cash equivalents,H11,AED,2026-04,35.12
2026-05,RWANDA,131,B60400,KHALID OBULINJI PREPAID CARD,Cash and cash equivalents,B12,RWF,2026-05,0.08857395925597875
2026-05,MENA,132,B60410,JAMBO JET- AIRTICKETS,Other receivables,H11,AED,2026-04,35.12
2026-05,RWANDA,132,B60410,JAMBO JET- AIRTICKETS,Other receivables,B12,RWF,2026-05,0.08857395925597875
2026-05,MENA,133,B60420,Premium Finance A/C,Borrowings,H11,AED,2026-04,35.12
2026-05,RWANDA,133,B60420,Premium Finance A/C,Borrowings,B12,RWF,2026-05,0.08857395925597875
2026-05,MENA,134,7380/080,Premiums payable,Premiums payable,H11,AED,2026-04,35.12
2026-05,RWANDA,134,7380/080,Premiums payable,Premiums payable,B12,RWF,2026-05,0.08857395925597875
2026-05,DRC,134,7380/080,Premiums payable,Premiums payable,G12,USD,2026-05,129.55
2026-05,DRC,135,9100/000,Fund Receivable,Premium Receivable,G12,USD,2026-05,129.55
2026-05,MENA,136,,Deferred Revenue,Deferred Revenue,H12,AED,2026-05,35.0208
2026-05,MENA,137,7381/080,Premiums Receivable(GP),Premium Receivable,H11,AED,2026-04,35.12
2026-05,RWANDA,137,7381/080,Premiums Receivable(GP),Premium Receivable,B12,RWF,2026-05,0.08857395925597875
2026-05,MENA,138,7400/000,Commissions Payable,Trade and other payables,H11,AED,2026-04,35.12
2026-05,RWANDA,138,7400/000,Commissions Payable,Trade and other payables,B12,RWF,2026-05,0.08857395925597875
2026-05,MENA,139,6680/080,Interest Receivable,Other receivables,H11,AED,2026-04,35.12
2026-05,RWANDA,139,6680/080,Interest Receivable,Other receivables,B12,RWF,2026-05,0.08857395925597875
2026-05,MENA,140,B65110,Other Receivables - Disbursements,Other receivables,H11,AED,2026-04,35.12
2026-05,RWANDA,140,B65110,Other Receivables - Disbursements,Other receivables,B1,?,?,
2026-05,MENA,141,B65120,Due to/from Nigeria,Other receivables - Related parties,H11,AED,2026-04,35.12
2026-05,RWANDA,141,B65120,Due to/from Nigeria,Other receivables - Related parties,B1,?,?,
2026-05,MENA,142,B65130,Due from/to AFRIB Transactional,Other receivables - Related parties,H11,AED,2026-04,35.12
2026-05,RWANDA,142,B65130,Due from/to AFRIB Transactional,Other receivables - Related parties,B12,RWF,2026-05,0.08857395925597875
2026-05,DRC,142,B65130,Due from/to AFRIB Transactional,Other receivables - Related parties,G12,USD,2026-05,129.55
2026-05,MENA,143,6361/000,Due to/from Zamara Reinsurance,Other receivables - Related parties,H11,AED,2026-04,35.12
2026-05,RWANDA,143,6361/000,Due to/from Zamara Reinsurance,Other receivables - Related parties,B12,RWF,2026-05,0.08857395925597875
2026-05,MENA,144,6352/000,Due from/to AFFSEA - Transactional,Other receivables - Related parties,H11,AED,2026-04,35.12
2026-05,RWANDA,144,6352/000,Due from/to AFFSEA - Transactional,Other receivables - Related parties,B12,RWF,2026-05,0.08857395925597875
2026-05,MENA,145,B65140,Dues to/from Rwanda,Other receivables - Related parties,H11,AED,2026-04,35.12
2026-05,RWANDA,145,B65140,Dues to/from Rwanda,Other receivables - Related parties,B12,RWF,2026-05,0.08857395925597875
2026-05,MALAWI,146,B65150,Fixed Deposit Account,Cash and cash equivalents,C12,MWK,2026-05,0.07459569135286746
2026-05,MENA,146,B65150,Fixed Deposit Account,Cash and cash equivalents,H11,AED,2026-04,35.12
2026-05,RWANDA,146,B65150,Fixed Deposit Account,Cash and cash equivalents,B12,RWF,2026-05,0.08857395925597875
2026-05,MENA,147,B65160,Placements,Cash and cash equivalents,H11,AED,2026-04,35.12
2026-05,RWANDA,147,B65160,Placements,Cash and cash equivalents,B12,RWF,2026-05,0.08857395925597875
2026-05,DRC,147,B65160,Placements,Cash and cash equivalents,G12,USD,2026-05,129.55
2026-05,MALAWI,148,B65180,Debtors Prepaid other,Other receivables,C12,MWK,2026-05,0.07459569135286746
2026-05,MENA,148,B65180,Debtors Prepaid other,Other receivables,H11,AED,2026-04,35.12
2026-05,RWANDA,148,B65180,Debtors Prepaid other,Other receivables,B12,RWF,2026-05,0.08857395925597875
2026-05,MENA,149,B65230,Tax Recoverable,Tax recoverable,H11,AED,2026-04,35.12
2026-05,RWANDA,149,B65230,Tax Recoverable,Tax recoverable,B12,RWF,2026-05,0.08857395925597875
2026-05,MENA,150,B65240,VAT Receivable Debtor,Trade and other payables,H11,AED,2026-04,35.12
2026-05,RWANDA,150,B65240,VAT Receivable Debtor,Trade and other payables,B12,RWF,2026-05,0.08857395925597875
2026-05,MENA,151,B65260,DUE FROM TANZANIA,Other receivables - Related parties,H11,AED,2026-04,35.12
2026-05,RWANDA,151,B65260,DUE FROM TANZANIA,Other receivables - Related parties,B12,RWF,2026-05,0.08857395925597875
2026-05,MENA,152,B65280,Management Fees Receivable,Cash and cash equivalents,H11,AED,2026-04,35.12
2026-05,RWANDA,152,B65280,Management Fees Receivable,Cash and cash equivalents,B12,RWF,2026-05,0.08857395925597875
2026-05,MALAWI,153,B65290,Withholding IncomeTax,Tax recoverable,C12,MWK,2026-05,0.07459569135286746
2026-05,MENA,153,B65290,Withholding IncomeTax,Tax recoverable,H11,AED,2026-04,35.12
2026-05,NIGERIA,153,B65290,Withholding IncomeTax,Tax recoverable,E12,NGN,2026-05,0.09436989222958307
2026-05,RWANDA,153,B65290,Withholding IncomeTax,Tax recoverable,B12,RWF,2026-05,0.08857395925597875
2026-05,MALAWI,154,7400/000,Withholding Tax Payable,Trade and other payables,C12,MWK,2026-05,0.07459569135286746
2026-05,MENA,154,7400/000,Withholding Tax Payable,Trade and other payables,H11,AED,2026-04,35.12
2026-05,RWANDA,154,7400/000,Withholding Tax Payable,Trade and other payables,B12,RWF,2026-05,0.08857395925597875
2026-05,MENA,155,B65350,INVENTORY ACCOUNT,Other receivables,H11,AED,2026-04,35.12
2026-05,RWANDA,155,B65350,INVENTORY ACCOUNT,Other receivables,B12,RWF,2026-05,0.08857395925597875
2026-05,MENA,156,B65360,Drs- Control ZARINET,Other receivables,H11,AED,2026-04,35.12
2026-05,RWANDA,156,B65360,Drs- Control ZARINET,Other receivables,B12,RWF,2026-05,0.08857395925597875
2026-05,MENA,157,B70120,BCF KENYA,Trade and other payables,H11,AED,2026-04,35.12
2026-05,RWANDA,157,B70120,BCF KENYA,Trade and other payables,B12,RWF,2026-05,0.08857395925597875
2026-05,MENA,158,B70130,Due to/from Dubai,Other receivables - Related parties,H11,AED,2026-04,35.12
2026-05,RWANDA,158,B70130,Due to/from Dubai,Other receivables - Related parties,B12,RWF,2026-05,0.08857395925597875
2026-05,MENA,159,B70140,Zamara pension Scheme,Trade and other payables,H11,AED,2026-04,35.12
2026-05,RWANDA,159,B70140,Zamara pension Scheme,Trade and other payables,B12,RWF,2026-05,0.08857395925597875
2026-05,MENA,160,B70141,Post retirement medical fund,Trade and other payables,H11,AED,2026-04,35.12
2026-05,RWANDA,160,B70141,Post retirement medical fund,Trade and other payables,B12,RWF,2026-05,0.08857395925597875
2026-05,MENA,161,B70142,ABSA LIFE CHECK OFF,Trade and other payables,H11,AED,2026-04,35.12
2026-05,RWANDA,161,B70142,ABSA LIFE CHECK OFF,Trade and other payables,B12,RWF,2026-05,0.08857395925597875
2026-05,MENA,162,B70160,DUE TO /From DRC,Other receivables - Related parties,H11,AED,2026-04,35.12
2026-05,RWANDA,162,B70160,DUE TO /From DRC,Other receivables - Related parties,B12,RWF,2026-05,0.08857395925597875
2026-05,MENA,163,B70180,Due to/from C & P/AFFS,Other receivables - Related parties,H11,AED,2026-04,35.12
2026-05,RWANDA,163,B70180,Due to/from C & P/AFFS,Other receivables - Related parties,B12,RWF,2026-05,0.08857395925597875
2026-05,MENA,164,B70190,Withholding tax 5 %,Trade and other payables,H11,AED,2026-04,35.12
2026-05,RWANDA,164,B70190,Withholding tax 5 %,Trade and other payables,B12,RWF,2026-05,0.08857395925597875
2026-05,MENA,165,B70195,Withholding VAT 2%-Creditors,Trade and other payables,H11,AED,2026-04,35.12
2026-05,RWANDA,165,B70195,Withholding VAT 2%-Creditors,Trade and other payables,B12,RWF,2026-05,0.08857395925597875
2026-05,MENA,166,B70197,WithHolding Tax Other -20% International Creditors,Trade and other payables,H11,AED,2026-04,35.12
2026-05,RWANDA,166,B70197,WithHolding Tax Other -20% International Creditors,Trade and other payables,B12,RWF,2026-05,0.08857395925597875
2026-05,MENA,167,B70198,Withholding VAT 10%-Creditors,Trade and other payables,H11,AED,2026-04,35.12
2026-05,RWANDA,167,B70198,Withholding VAT 10%-Creditors,Trade and other payables,B12,RWF,2026-05,0.08857395925597875
2026-05,MENA,168,B70199,Withholding Tax 3%,Trade and other payables,H11,AED,2026-04,35.12
2026-05,RWANDA,168,B70199,Withholding Tax 3%,Trade and other payables,B12,RWF,2026-05,0.08857395925597875
2026-05,MENA,169,B70200,C&P Coop Sacco,Trade and other payables,H11,AED,2026-04,35.12
2026-05,RWANDA,169,B70200,C&P Coop Sacco,Trade and other payables,B12,RWF,2026-05,0.08857395925597875
2026-05,MENA,170,B70205,WithHolding Tax Other -20% International Creditors,Trade and other payables,H11,AED,2026-04,35.12
2026-05,RWANDA,170,B70205,WithHolding Tax Other -20% International Creditors,Trade and other payables,B12,RWF,2026-05,0.08857395925597875
2026-05,MENA,171,B70210,Social Health Insurance Fund,Trade and other payables,H11,AED,2026-04,35.12
2026-05,RWANDA,171,B70210,Social Health Insurance Fund,Trade and other payables,B12,RWF,2026-05,0.08857395925597875
2026-05,MENA,172,B70220,National Social Security Fund,Trade and other payables,H11,AED,2026-04,35.12
2026-05,RWANDA,172,B70220,National Social Security Fund,Trade and other payables,B12,RWF,2026-05,0.08857395925597875
2026-05,MENA,173,B70230,Paymaster General (PAYE,Trade and other payables,H11,AED,2026-04,35.12
2026-05,RWANDA,173,B70230,Paymaster General (PAYE,Trade and other payables,B12,RWF,2026-05,0.08857395925597875
2026-05,MENA,174,B70235,Salaries and Wages,Other receivables,H11,AED,2026-04,35.12
2026-05,RWANDA,174,B70235,Salaries and Wages,Other receivables,B12,RWF,2026-05,0.08857395925597875
2026-05,DRC,174,B70235,Salaries and Wages,Other receivables,G12,USD,2026-05,129.55
2026-05,MENA,175,B70240,STANBIC CHECK OFF,Trade and other payables,H11,AED,2026-04,35.12
2026-05,RWANDA,175,B70240,STANBIC CHECK OFF,Trade and other payables,B12,RWF,2026-05,0.08857395925597875
2026-05,MENA,176,B70260,Stanchart Check off,Trade and other payables,H11,AED,2026-04,35.12
2026-05,RWANDA,176,B70260,Stanchart Check off,Trade and other payables,B12,RWF,2026-05,0.08857395925597875
2026-05,MENA,177,B70270,Vuna Pension Plan,Trade and other payables,H11,AED,2026-04,35.12
2026-05,RWANDA,177,B70270,Vuna Pension Plan,Trade and other payables,B12,RWF,2026-05,0.08857395925597875
2026-05,MALAWI,178,B70280,Prov-Sundries,Trade and other payables,C12,MWK,2026-05,0.07459569135286746
2026-05,MENA,178,B70280,Prov-Sundries,Trade and other payables,H11,AED,2026-04,35.12
2026-05,RWANDA,178,B70280,Prov-Sundries,Trade and other payables,B12,RWF,2026-05,0.08857395925597875
2026-05,DRC,178,B70280,Prov-Sundries,Trade and other payables,G12,USD,2026-05,129.55
2026-05,MALAWI,180,B70281,Other Provisions,Trade and other payables,C12,MWK,2026-05,0.07459569135286746
2026-05,MENA,180,B70281,Other Provisions,Trade and other payables,H12,AED,2026-05,35.0208
2026-05,NIGERIA,180,B70281,Other Provisions,Trade and other payables,E12,NGN,2026-05,0.09436989222958307
2026-05,RWANDA,180,B70281,Other Provisions,Trade and other payables,B12,RWF,2026-05,0.08857395925597875
2026-05,DRC,180,B70281,Other Provisions,Trade and other payables,G12,USD,2026-05,129.55
2026-05,MENA,181,B70282,Prov-Sundries - SA (GrpIT Alex & PI),Trade and other payables,H11,AED,2026-04,35.12
2026-05,RWANDA,181,B70282,Prov-Sundries - SA (GrpIT Alex & PI),Trade and other payables,B12,RWF,2026-05,0.08857395925597875
2026-05,DRC,181,B70282,Prov-Sundries - SA (GrpIT Alex & PI),Trade and other payables,G12,USD,2026-05,129.55
2026-05,MENA,182,B70310,Higher education loan Board,Trade and other payables,H11,AED,2026-04,35.12
2026-05,RWANDA,182,B70310,Higher education loan Board,Trade and other payables,B12,RWF,2026-05,0.08857395925597875
2026-05,MALAWI,183,B70340,CRS-Trade (Operating),Trade and other payables,C12,MWK,2026-05,0.07459569135286746
2026-05,MENA,183,B70340,CRS-Trade (Operating),Trade and other payables,H12,AED,2026-05,35.0208
2026-05,RWANDA,183,B70340,CRS-Trade (Operating),Trade and other payables,B12,RWF,2026-05,0.08857395925597875
2026-05,MENA,184,B70360,Welfare Fund Contributons,Trade and other payables,H11,AED,2026-04,35.12
2026-05,RWANDA,184,B70360,Welfare Fund Contributons,Trade and other payables,B12,RWF,2026-05,0.08857395925597875
2026-05,MENA,185,B70390,Equity Check off,Trade and other payables,H11,AED,2026-04,35.12
2026-05,RWANDA,185,B70390,Equity Check off,Trade and other payables,B12,RWF,2026-05,0.08857395925597875
2026-05,MALAWI,186,B70400,Other Payables-Refunds,Trade and other payables,C12,MWK,2026-05,0.07459569135286746
2026-05,MENA,186,B70400,Other Payables-Refunds,Trade and other payables,H11,AED,2026-04,35.12
2026-05,RWANDA,186,B70400,Other Payables-Refunds,Trade and other payables,B12,RWF,2026-05,0.08857395925597875
2026-05,DRC,186,B70400,Other Payables-Refunds,Trade and other payables,G12,USD,2026-05,129.55
2026-05,MENA,187,B70410,Housing Levy,Trade and other payables,H11,AED,2026-04,35.12
2026-05,RWANDA,187,B70410,Housing Levy,Trade and other payables,B12,RWF,2026-05,0.08857395925597875
2026-05,MENA,188,B70420,Absa Check off,Trade and other payables,H11,AED,2026-04,35.12
2026-05,RWANDA,188,B70420,Absa Check off,Trade and other payables,B12,RWF,2026-05,0.08857395925597875
2026-05,MALAWI,189,B75120,Tax Provision-Other,Tax recoverable,C12,MWK,2026-05,0.07459569135286746
2026-05,NIGERIA,189,B75120,Tax Provision-Other,Tax recoverable,E12,NGN,2026-05,0.09436989222958307
2026-05,RWANDA,189,B75120,Tax Provision-Other,Tax recoverable,B12,RWF,2026-05,0.08857395925597875
2026-05,DRC,189,B75120,Tax Provision-Other,Tax recoverable,G12,USD,2026-05,129.55
2026-05,MALAWI,190,B80110,Bonus(General provision),Trade and other payables,C12,MWK,2026-05,0.07459569135286746
2026-05,MENA,190,B80110,Bonus(General provision),Trade and other payables,H11,AED,2026-04,35.12
2026-05,RWANDA,190,B80110,Bonus(General provision),Trade and other payables,B12,RWF,2026-05,0.08857395925597875
2026-05,MENA,191,B80120,Fees Suspense A/c,Other receivables,H11,AED,2026-04,35.12
2026-05,RWANDA,191,B80120,Fees Suspense A/c,Other receivables,B12,RWF,2026-05,0.08857395925597875
2026-05,MALAWI,192,B80170,VAT Control Account,Trade and other payables,C12,MWK,2026-05,0.07459569135286746
2026-05,MENA,192,B80170,VAT Control Account,Trade and other payables,H12,AED,2026-05,35.0208
2026-05,NIGERIA,192,B80170,VAT Control Account,Trade and other payables,E12,NGN,2026-05,0.09436989222958307
2026-05,RWANDA,192,B80170,VAT Control Account,Trade and other payables,B12,RWF,2026-05,0.08857395925597875
2026-05,DRC,192,B80170,VAT Control Account,Trade and other payables,G12,USD,2026-05,129.55
2026-05,MENA,193,7460/000,VAT(REVERSE VAT),Other receivables,H11,AED,2026-04,35.12
2026-05,RWANDA,193,7460/000,VAT(REVERSE VAT),Other receivables,B12,RWF,2026-05,0.08857395925597875
2026-05,MENA,194,B80140,Current Tax,Tax recoverable,H11,AED,2026-04,35.12
2026-05,RWANDA,194,B80140,Current Tax,Tax recoverable,B12,RWF,2026-05,0.08857395925597875
2026-05,MENA,195,B80151,Prepayments,Other receivables,H12,AED,2026-05,35.0208
2026-05,NIGERIA,195,B80151,Prepayments,Other receivables,E12,NGN,2026-05,0.09436989222958307
2026-05,RWANDA,195,B80151,Prepayments,Other receivables,B12,RWF,2026-05,0.08857395925597875
2026-05,MENA,196,B80152,Due from/(to) ZAAC Zanzibar,Trade and other payables,H11,AED,2026-04,35.12
2026-05,RWANDA,196,B80152,Due from/(to) ZAAC Zanzibar,Trade and other payables,B12,RWF,2026-05,0.08857395925597875
2026-05,MALAWI,197,I10035,Sundry Income,Income Statement-Revenue,C15,MWK,AVERAGE,0.07453635359879737
2026-05,RWANDA,197,I10035,Sundry Income,Income Statement-Revenue,B15,RWF,AVERAGE,0.08868464495461315
2026-05,MALAWI,198,I10058,Consulting-One-off,Income Statement-Revenue,C15,MWK,AVERAGE,0.07453635359879737
2026-05,MENA,198,I10058,Consulting-One-off,Income Statement-Revenue,H15,AED,AVERAGE,35.16756
2026-05,RWANDA,198,I10058,Consulting-One-off,Income Statement-Revenue,B15,RWF,AVERAGE,0.08868464495461315
2026-05,MALAWI,199,I10060,Actuarial - Once-off,Income Statement-Revenue,C15,MWK,AVERAGE,0.07453635359879737
2026-05,MENA,199,I10060,Actuarial - Once-off,Income Statement-Revenue,H15,AED,AVERAGE,35.16756
2026-05,NIGERIA,199,I10060,Actuarial - Once-off,Income Statement-Revenue,E15,NGN,AVERAGE,0.0943002575039187
2026-05,RWANDA,199,I10060,Actuarial - Once-off,Income Statement-Revenue,B15,RWF,AVERAGE,0.08868464495461315
2026-05,MALAWI,200,I10067,AF Trust Fund,Income Statement-Revenue,C15,MWK,AVERAGE,0.07453635359879737
2026-05,MENA,200,I10067,AF Trust Fund,Income Statement-Revenue,H15,AED,AVERAGE,35.16756
2026-05,RWANDA,200,I10067,AF Trust Fund,Income Statement-Revenue,B15,RWF,AVERAGE,0.08868464495461315
2026-05,MALAWI,201,I10068,Retirement plans - Income Draw Down,Income Statement-Revenue,C15,MWK,AVERAGE,0.07453635359879737
2026-05,MENA,201,I10068,Retirement plans - Income Draw Down,Income Statement-Revenue,H15,AED,AVERAGE,35.16756
2026-05,RWANDA,201,I10068,Retirement plans - Income Draw Down,Income Statement-Revenue,B15,RWF,AVERAGE,0.08868464495461315
2026-05,MALAWI,202,I10070,IPP - Vuna Retirement Plan,Income Statement-Revenue,C15,MWK,AVERAGE,0.07453635359879737
2026-05,MENA,202,I10070,IPP - Vuna Retirement Plan,Income Statement-Revenue,H15,AED,AVERAGE,35.16756
2026-05,RWANDA,202,I10070,IPP - Vuna Retirement Plan,Income Statement-Revenue,B15,RWF,AVERAGE,0.08868464495461315
2026-05,MALAWI,203,I10071,MC-ADMIN FEES,Income Statement-Revenue,C15,MWK,AVERAGE,0.07453635359879737
2026-05,MENA,203,I10071,MC-ADMIN FEES,Income Statement-Revenue,H15,AED,AVERAGE,35.16756
2026-05,NIGERIA,203,I10071,MC-ADMIN FEES,Income Statement-Revenue,E15,NGN,AVERAGE,0.0943002575039187
2026-05,RWANDA,203,I10071,MC-ADMIN FEES,Income Statement-Revenue,B15,RWF,AVERAGE,0.08868464495461315
2026-05,MALAWI,204,1940/500,IAC Fees,Income Statement-Revenue,C15,MWK,AVERAGE,0.07453635359879737
2026-05,MENA,204,1940/500,IAC Fees,Income Statement-Revenue,H15,AED,AVERAGE,35.16756
2026-05,RWANDA,204,1940/500,IAC Fees,Income Statement-Revenue,B15,RWF,AVERAGE,0.08868464495461315
2026-05,MALAWI,205,I10073,AFRF Admin Fees,Income Statement-Revenue,C15,MWK,AVERAGE,0.07453635359879737
2026-05,MENA,205,I10073,AFRF Admin Fees,Income Statement-Revenue,H15,AED,AVERAGE,35.16756
2026-05,RWANDA,205,I10073,AFRF Admin Fees,Income Statement-Revenue,B15,RWF,AVERAGE,0.08868464495461315
2026-05,MALAWI,206,I10122,Trustee Training/Workshops,Income Statement-Revenue,C15,MWK,AVERAGE,0.07453635359879737
2026-05,MENA,206,I10122,Trustee Training/Workshops,Income Statement-Revenue,H15,AED,AVERAGE,35.16756
2026-05,RWANDA,206,I10122,Trustee Training/Workshops,Income Statement-Revenue,B15,RWF,AVERAGE,0.08868464495461315
2026-05,MALAWI,207,,LOSS/GAIN ON DISPOSAL,Income Statement-Revenue,C15,MWK,AVERAGE,0.07453635359879737
2026-05,MALAWI,208,1020/080,Commission,Income Statement-Revenue,C15,MWK,AVERAGE,0.07453635359879737
2026-05,MENA,208,1020/080,Commission,Income Statement-Revenue,H15,AED,AVERAGE,35.16756
2026-05,RWANDA,208,1020/080,Commission,Income Statement-Revenue,B15,RWF,AVERAGE,0.08868464495461315
2026-05,DRC,208,1020/080,Commission,Income Statement-Revenue,G15,USD,AVERAGE,129.34
2026-05,MALAWI,209,1040/080,Interest Income,Income Statement-Revenue,C15,MWK,AVERAGE,0.07453635359879737
2026-05,MENA,209,1040/080,Interest Income,Income Statement-Revenue,H15,AED,AVERAGE,35.16756
2026-05,RWANDA,209,1040/080,Interest Income,Income Statement-Revenue,B15,RWF,AVERAGE,0.08868464495461315
2026-05,MENA,210,1080/000,Other Income,Income Statement-Revenue,H15,AED,AVERAGE,35.16756
2026-05,NIGERIA,210,1080/000,Other Income,Income Statement-Revenue,E15,NGN,AVERAGE,0.0943002575039187
2026-05,RWANDA,210,1080/000,Other Income,Income Statement-Revenue,B15,RWF,AVERAGE,0.08868464495461315
2026-05,MALAWI,211,I25001,Emol.Pack-Salaries,Income Statement-Expenses,C15,MWK,AVERAGE,0.07453635359879737
2026-05,MENA,211,I25001,Emol.Pack-Salaries,Income Statement-Expenses,H15,AED,AVERAGE,35.16756
2026-05,NIGERIA,211,I25001,Emol.Pack-Salaries,Income Statement-Expenses,E15,NGN,AVERAGE,0.0943002575039187
2026-05,RWANDA,211,I25001,Emol.Pack-Salaries,Income Statement-Expenses,B15,RWF,AVERAGE,0.08868464495461315
2026-05,DRC,211,I25001,Emol.Pack-Salaries,Income Statement-Expenses,G15,USD,AVERAGE,129.34
2026-05,MENA,212,I25002,Emol.Pack-Housing Subsid,Income Statement-Expenses,H15,AED,AVERAGE,35.16756
2026-05,RWANDA,212,I25002,Emol.Pack-Housing Subsid,Income Statement-Expenses,B15,RWF,AVERAGE,0.08868464495461315
2026-05,MALAWI,213,I25003,Emol.Pack-Med.Contribut.,Income Statement-Expenses,C15,MWK,AVERAGE,0.07453635359879737
2026-05,MENA,213,I25003,Emol.Pack-Med.Contribut.,Income Statement-Expenses,H15,AED,AVERAGE,35.16756
2026-05,NIGERIA,213,I25003,Emol.Pack-Med.Contribut.,Income Statement-Expenses,E15,NGN,AVERAGE,0.0943002575039187
2026-05,RWANDA,213,I25003,Emol.Pack-Med.Contribut.,Income Statement-Expenses,B15,RWF,AVERAGE,0.08868464495461315
2026-05,DRC,213,I25003,Emol.Pack-Med.Contribut.,Income Statement-Expenses,G15,USD,AVERAGE,129.34
2026-05,MALAWI,214,I25004,Emol.Pack-Pens.Contribut.,Income Statement-Expenses,C15,MWK,AVERAGE,0.07453635359879737
2026-05,MENA,214,I25004,Emol.Pack-Pens.Contribut.,Income Statement-Expenses,H15,AED,AVERAGE,35.16756
2026-05,NIGERIA,214,I25004,Emol.Pack-Pens.Contribut.,Income Statement-Expenses,E15,NGN,AVERAGE,0.0943002575039187
2026-05,RWANDA,214,I25004,Emol.Pack-Pens.Contribut.,Income Statement-Expenses,B15,RWF,AVERAGE,0.08868464495461315
2026-05,MALAWI,215,I25005,Emol.Pack-Other,Income Statement-Expenses,C15,MWK,AVERAGE,0.07453635359879737
2026-05,MENA,215,I25005,Emol.Pack-Other,Income Statement-Expenses,H15,AED,AVERAGE,35.16756
2026-05,NIGERIA,215,I25005,Emol.Pack-Other,Income Statement-Expenses,E15,NGN,AVERAGE,0.0943002575039187
2026-05,RWANDA,215,I25005,Emol.Pack-Other,Income Statement-Expenses,B15,RWF,AVERAGE,0.08868464495461315
2026-05,DRC,215,I25005,Emol.Pack-Other,Income Statement-Expenses,G15,USD,AVERAGE,129.34
2026-05,MALAWI,216,I25009,Co.Contrib-Life Assurance,Income Statement-Expenses,C15,MWK,AVERAGE,0.07453635359879737
2026-05,MENA,216,I25009,Co.Contrib-Life Assurance,Income Statement-Expenses,H15,AED,AVERAGE,35.16756
2026-05,NIGERIA,216,I25009,Co.Contrib-Life Assurance,Income Statement-Expenses,E15,NGN,AVERAGE,0.0943002575039187
2026-05,RWANDA,216,I25009,Co.Contrib-Life Assurance,Income Statement-Expenses,B15,RWF,AVERAGE,0.08868464495461315
2026-05,MALAWI,217,I25020,Temporary Staff-General,Income Statement-Expenses,C15,MWK,AVERAGE,0.07453635359879737
2026-05,MENA,217,I25020,Temporary Staff-General,Income Statement-Expenses,H15,AED,AVERAGE,35.16756
2026-05,RWANDA,217,I25020,Temporary Staff-General,Income Statement-Expenses,B15,RWF,AVERAGE,0.08868464495461315
2026-05,DRC,217,I25020,Temporary Staff-General,Income Statement-Expenses,G15,USD,AVERAGE,129.34
2026-05,MALAWI,218,I25024,Welfare-General,Income Statement-Expenses,C15,MWK,AVERAGE,0.07453635359879737
2026-05,MENA,218,I25024,Welfare-General,Income Statement-Expenses,H15,AED,AVERAGE,35.16756
2026-05,RWANDA,218,I25024,Welfare-General,Income Statement-Expenses,B15,RWF,AVERAGE,0.08868464495461315
2026-05,MALAWI,219,I25026,Training EXTERNAL,Income Statement-Expenses,C15,MWK,AVERAGE,0.07453635359879737
2026-05,MENA,219,I25026,Training EXTERNAL,Income Statement-Expenses,H15,AED,AVERAGE,35.16756
2026-05,NIGERIA,219,I25026,Training EXTERNAL,Income Statement-Expenses,E15,NGN,AVERAGE,0.0943002575039187
2026-05,RWANDA,219,I25026,Training EXTERNAL,Income Statement-Expenses,B15,RWF,AVERAGE,0.08868464495461315
2026-05,DRC,219,I25026,Training EXTERNAL,Income Statement-Expenses,G15,USD,AVERAGE,129.34
2026-05,MALAWI,220,I25027,Training INTERNAL,Income Statement-Expenses,C15,MWK,AVERAGE,0.07453635359879737
2026-05,MENA,220,I25027,Training INTERNAL,Income Statement-Expenses,H15,AED,AVERAGE,35.16756
2026-05,RWANDA,220,I25027,Training INTERNAL,Income Statement-Expenses,B15,RWF,AVERAGE,0.08868464495461315
2026-05,MALAWI,221,I25028,Other Staff Benefits,Income Statement-Expenses,C15,MWK,AVERAGE,0.07453635359879737
2026-05,MENA,221,I25028,Other Staff Benefits,Income Statement-Expenses,H15,AED,AVERAGE,35.16756
2026-05,RWANDA,221,I25028,Other Staff Benefits,Income Statement-Expenses,B15,RWF,AVERAGE,0.08868464495461315
2026-05,DRC,221,I25028,Other Staff Benefits,Income Statement-Expenses,G15,USD,AVERAGE,129.34
2026-05,MALAWI,222,I25029,Other Staff Costs,Income Statement-Expenses,C15,MWK,AVERAGE,0.07453635359879737
2026-05,MENA,222,I25029,Other Staff Costs,Income Statement-Expenses,H15,AED,AVERAGE,35.16756
2026-05,NIGERIA,222,I25029,Other Staff Costs,Income Statement-Expenses,E15,NGN,AVERAGE,0.0943002575039187
2026-05,RWANDA,222,I25029,Other Staff Costs,Income Statement-Expenses,B15,RWF,AVERAGE,0.08868464495461315
2026-05,DRC,222,I25029,Other Staff Costs,Income Statement-Expenses,G15,USD,AVERAGE,129.34
2026-05,MALAWI,223,I25032,Commissions - Lead,Income Statement-Expenses,C15,MWK,AVERAGE,0.07453635359879737
2026-05,MENA,223,I25032,Commissions - Lead,Income Statement-Expenses,H15,AED,AVERAGE,35.16756
2026-05,RWANDA,223,I25032,Commissions - Lead,Income Statement-Expenses,B15,RWF,AVERAGE,0.08868464495461315
2026-05,DRC,223,I25032,Commissions - Lead,Income Statement-Expenses,G15,USD,AVERAGE,129.34
2026-05,MALAWI,224,I25033,Commission Leads,Income Statement-Expenses,C15,MWK,AVERAGE,0.07453635359879737
2026-05,MENA,224,I25033,Commission Leads,Income Statement-Expenses,H15,AED,AVERAGE,35.16756
2026-05,RWANDA,224,I25033,Commission Leads,Income Statement-Expenses,B15,RWF,AVERAGE,0.08868464495461315
2026-05,MALAWI,225,I25071,Prem-Cleaning,Income Statement-Expenses,C15,MWK,AVERAGE,0.07453635359879737
2026-05,MENA,225,I25071,Prem-Cleaning,Income Statement-Expenses,H15,AED,AVERAGE,35.16756
2026-05,RWANDA,225,I25071,Prem-Cleaning,Income Statement-Expenses,B15,RWF,AVERAGE,0.08868464495461315
2026-05,MALAWI,226,I25072,Prem-Electricity,Income Statement-Expenses,C15,MWK,AVERAGE,0.07453635359879737
2026-05,MENA,226,I25072,Prem-Electricity,Income Statement-Expenses,H15,AED,AVERAGE,35.16756
2026-05,NIGERIA,226,I25072,Prem-Electricity,Income Statement-Expenses,E15,NGN,AVERAGE,0.0943002575039187
2026-05,RWANDA,226,I25072,Prem-Electricity,Income Statement-Expenses,B15,RWF,AVERAGE,0.08868464495461315
2026-05,DRC,226,I25072,Prem-Electricity,Income Statement-Expenses,G15,USD,AVERAGE,129.34
2026-05,MALAWI,227,I25073,Prem-Security,Income Statement-Expenses,C15,MWK,AVERAGE,0.07453635359879737
2026-05,MENA,227,I25073,Prem-Security,Income Statement-Expenses,H15,AED,AVERAGE,35.16756
2026-05,RWANDA,227,I25073,Prem-Security,Income Statement-Expenses,B15,RWF,AVERAGE,0.08868464495461315
2026-05,DRC,227,I25073,Prem-Security,Income Statement-Expenses,G15,USD,AVERAGE,129.34
2026-05,MALAWI,228,I25074,Prem-Rates,Income Statement-Expenses,C15,MWK,AVERAGE,0.07453635359879737
2026-05,MENA,228,I25074,Prem-Rates,Income Statement-Expenses,H15,AED,AVERAGE,35.16756
2026-05,RWANDA,228,I25074,Prem-Rates,Income Statement-Expenses,B15,RWF,AVERAGE,0.08868464495461315
2026-05,DRC,228,I25074,Prem-Rates,Income Statement-Expenses,G15,USD,AVERAGE,129.34
2026-05,MALAWI,229,I25079,Prem-Rental(EXTERNAL),Income Statement-Expenses,C15,MWK,AVERAGE,0.07453635359879737
2026-05,MENA,229,I25079,Prem-Rental(EXTERNAL),Income Statement-Expenses,H15,AED,AVERAGE,35.16756
2026-05,NIGERIA,229,I25079,Prem-Rental(EXTERNAL),Income Statement-Expenses,E15,NGN,AVERAGE,0.0943002575039187
2026-05,RWANDA,229,I25079,Prem-Rental(EXTERNAL),Income Statement-Expenses,B15,RWF,AVERAGE,0.08868464495461315
2026-05,DRC,229,I25079,Prem-Rental(EXTERNAL),Income Statement-Expenses,G15,USD,AVERAGE,129.34
2026-05,MALAWI,230,3890/080,Prem-Rental(INTERNAL),Income Statement-Expenses,C15,MWK,AVERAGE,0.07453635359879737
2026-05,MENA,230,3890/080,Prem-Rental(INTERNAL),Income Statement-Expenses,H15,AED,AVERAGE,35.16756
2026-05,RWANDA,230,3890/080,Prem-Rental(INTERNAL),Income Statement-Expenses,B15,RWF,AVERAGE,0.08868464495461315
2026-05,DRC,230,3890/080,Prem-Rental(INTERNAL),Income Statement-Expenses,G15,USD,AVERAGE,129.34
2026-05,MALAWI,231,I25080,Prem-Parking(EXTERNAL),Income Statement-Expenses,C15,MWK,AVERAGE,0.07453635359879737
2026-05,MENA,231,I25080,Prem-Parking(EXTERNAL),Income Statement-Expenses,H15,AED,AVERAGE,35.16756
2026-05,RWANDA,231,I25080,Prem-Parking(EXTERNAL),Income Statement-Expenses,B15,RWF,AVERAGE,0.08868464495461315
2026-05,DRC,231,I25080,Prem-Parking(EXTERNAL),Income Statement-Expenses,G15,USD,AVERAGE,129.34
2026-05,MALAWI,232,I25111,Printing-General,Income Statement-Expenses,C15,MWK,AVERAGE,0.07453635359879737
2026-05,MENA,232,I25111,Printing-General,Income Statement-Expenses,H15,AED,AVERAGE,35.16756
2026-05,NIGERIA,232,I25111,Printing-General,Income Statement-Expenses,E15,NGN,AVERAGE,0.0943002575039187
2026-05,RWANDA,232,I25111,Printing-General,Income Statement-Expenses,B15,RWF,AVERAGE,0.08868464495461315
2026-05,DRC,232,I25111,Printing-General,Income Statement-Expenses,G15,USD,AVERAGE,129.34
2026-05,MALAWI,233,I25114,Stationery-General,Income Statement-Expenses,C15,MWK,AVERAGE,0.07453635359879737
2026-05,MENA,233,I25114,Stationery-General,Income Statement-Expenses,H15,AED,AVERAGE,35.16756
2026-05,RWANDA,233,I25114,Stationery-General,Income Statement-Expenses,B15,RWF,AVERAGE,0.08868464495461315
2026-05,DRC,233,I25114,Stationery-General,Income Statement-Expenses,G15,USD,AVERAGE,129.34
2026-05,MALAWI,234,I25141,Prof.Fees-Audit Fees,Income Statement-Expenses,C15,MWK,AVERAGE,0.07453635359879737
2026-05,MENA,234,I25141,Prof.Fees-Audit Fees,Income Statement-Expenses,H15,AED,AVERAGE,35.16756
2026-05,NIGERIA,234,I25141,Prof.Fees-Audit Fees,Income Statement-Expenses,E15,NGN,AVERAGE,0.0943002575039187
2026-05,RWANDA,234,I25141,Prof.Fees-Audit Fees,Income Statement-Expenses,B15,RWF,AVERAGE,0.08868464495461315
2026-05,DRC,234,I25141,Prof.Fees-Audit Fees,Income Statement-Expenses,G15,USD,AVERAGE,129.34
2026-05,MALAWI,235,I25145,Prof.Fees-Other,Income Statement-Expenses,C15,MWK,AVERAGE,0.07453635359879737
2026-05,MENA,235,I25145,Prof.Fees-Other,Income Statement-Expenses,H15,AED,AVERAGE,35.16756
2026-05,NIGERIA,235,I25145,Prof.Fees-Other,Income Statement-Expenses,E15,NGN,AVERAGE,0.0943002575039187
2026-05,RWANDA,235,I25145,Prof.Fees-Other,Income Statement-Expenses,B15,RWF,AVERAGE,0.08868464495461315
2026-05,DRC,235,I25145,Prof.Fees-Other,Income Statement-Expenses,G15,USD,AVERAGE,129.34
2026-05,MALAWI,236,I25181,Trav. Air Fares,Income Statement-Expenses,C15,MWK,AVERAGE,0.07453635359879737
2026-05,MENA,236,I25181,Trav. Air Fares,Income Statement-Expenses,H15,AED,AVERAGE,35.16756
2026-05,NIGERIA,236,I25181,Trav. Air Fares,Income Statement-Expenses,E15,NGN,AVERAGE,0.0943002575039187
2026-05,RWANDA,236,I25181,Trav. Air Fares,Income Statement-Expenses,B15,RWF,AVERAGE,0.08868464495461315
2026-05,DRC,236,I25181,Trav. Air Fares,Income Statement-Expenses,G15,USD,AVERAGE,129.34
2026-05,MALAWI,237,I25182,Trav. Accom.,Income Statement-Expenses,C15,MWK,AVERAGE,0.07453635359879737
2026-05,MENA,237,I25182,Trav. Accom.,Income Statement-Expenses,H15,AED,AVERAGE,35.16756
2026-05,RWANDA,237,I25182,Trav. Accom.,Income Statement-Expenses,B15,RWF,AVERAGE,0.08868464495461315
2026-05,DRC,237,I25182,Trav. Accom.,Income Statement-Expenses,G15,USD,AVERAGE,129.34
2026-05,MALAWI,238,3400/200,Trav. Sundry exp.,Income Statement-Expenses,C15,MWK,AVERAGE,0.07453635359879737
2026-05,MENA,238,3400/200,Trav. Sundry exp.,Income Statement-Expenses,H15,AED,AVERAGE,35.16756
2026-05,NIGERIA,238,3400/200,Trav. Sundry exp.,Income Statement-Expenses,E15,NGN,AVERAGE,0.0943002575039187
2026-05,RWANDA,238,3400/200,Trav. Sundry exp.,Income Statement-Expenses,B15,RWF,AVERAGE,0.08868464495461315
2026-05,DRC,238,3400/200,Trav. Sundry exp.,Income Statement-Expenses,G15,USD,AVERAGE,129.34
2026-05,MALAWI,239,I25192,Conference Given By Us,Income Statement-Expenses,C15,MWK,AVERAGE,0.07453635359879737
2026-05,MENA,239,I25192,Conference Given By Us,Income Statement-Expenses,H15,AED,AVERAGE,35.16756
2026-05,RWANDA,239,I25192,Conference Given By Us,Income Statement-Expenses,B15,RWF,AVERAGE,0.08868464495461315
2026-05,MALAWI,240,I25193,Conference Attended by Us,Income Statement-Expenses,C15,MWK,AVERAGE,0.07453635359879737
2026-05,MENA,240,I25193,Conference Attended by Us,Income Statement-Expenses,H15,AED,AVERAGE,35.16756
2026-05,NIGERIA,240,I25193,Conference Attended by Us,Income Statement-Expenses,E15,NGN,AVERAGE,0.0943002575039187
2026-05,RWANDA,240,I25193,Conference Attended by Us,Income Statement-Expenses,B15,RWF,AVERAGE,0.08868464495461315
2026-05,DRC,240,I25193,Conference Attended by Us,Income Statement-Expenses,G15,USD,AVERAGE,129.34
2026-05,MALAWI,241,3510/200,Management expenses,Income Statement-Expenses,C15,MWK,AVERAGE,0.07453635359879737
2026-05,MENA,241,3510/200,Management expenses,Income Statement-Expenses,H15,AED,AVERAGE,35.16756
2026-05,RWANDA,241,3510/200,Management expenses,Income Statement-Expenses,B15,RWF,AVERAGE,0.08868464495461315
2026-05,DRC,241,3510/200,Management expenses,Income Statement-Expenses,G15,USD,AVERAGE,129.34
2026-05,MALAWI,242,I25203,Bus.Advert-General,Income Statement-Expenses,C15,MWK,AVERAGE,0.07453635359879737
2026-05,MENA,242,I25203,Bus.Advert-General,Income Statement-Expenses,H15,AED,AVERAGE,35.16756
2026-05,NIGERIA,242,I25203,Bus.Advert-General,Income Statement-Expenses,E15,NGN,AVERAGE,0.0943002575039187
2026-05,RWANDA,242,I25203,Bus.Advert-General,Income Statement-Expenses,B15,RWF,AVERAGE,0.08868464495461315
2026-05,DRC,242,I25203,Bus.Advert-General,Income Statement-Expenses,G15,USD,AVERAGE,129.34
2026-05,MALAWI,243,I25204,Bus.Advert-PR Material,Income Statement-Expenses,C15,MWK,AVERAGE,0.07453635359879737
2026-05,MENA,243,I25204,Bus.Advert-PR Material,Income Statement-Expenses,H15,AED,AVERAGE,35.16756
2026-05,RWANDA,243,I25204,Bus.Advert-PR Material,Income Statement-Expenses,B15,RWF,AVERAGE,0.08868464495461315
2026-05,MALAWI,244,I25205,Sponsorships-General,Income Statement-Expenses,C15,MWK,AVERAGE,0.07453635359879737
2026-05,MENA,244,I25205,Sponsorships-General,Income Statement-Expenses,H15,AED,AVERAGE,35.16756
2026-05,RWANDA,244,I25205,Sponsorships-General,Income Statement-Expenses,B15,RWF,AVERAGE,0.08868464495461315
2026-05,DRC,244,I25205,Sponsorships-General,Income Statement-Expenses,G15,USD,AVERAGE,129.34
2026-05,MALAWI,245,I25232,Telephone-Variable,Income Statement-Expenses,C15,MWK,AVERAGE,0.07453635359879737
2026-05,MENA,245,I25232,Telephone-Variable,Income Statement-Expenses,H15,AED,AVERAGE,35.16756
2026-05,NIGERIA,245,I25232,Telephone-Variable,Income Statement-Expenses,E15,NGN,AVERAGE,0.0943002575039187
2026-05,RWANDA,245,I25232,Telephone-Variable,Income Statement-Expenses,B15,RWF,AVERAGE,0.08868464495461315
2026-05,DRC,245,I25232,Telephone-Variable,Income Statement-Expenses,G15,USD,AVERAGE,129.34
2026-05,MALAWI,246,I25236,Courier Services Cost,Income Statement-Expenses,C15,MWK,AVERAGE,0.07453635359879737
2026-05,MENA,246,I25236,Courier Services Cost,Income Statement-Expenses,H15,AED,AVERAGE,35.16756
2026-05,NIGERIA,246,I25236,Courier Services Cost,Income Statement-Expenses,E15,NGN,AVERAGE,0.0943002575039187
2026-05,RWANDA,246,I25236,Courier Services Cost,Income Statement-Expenses,B15,RWF,AVERAGE,0.08868464495461315
2026-05,DRC,246,I25236,Courier Services Cost,Income Statement-Expenses,G15,USD,AVERAGE,129.34
2026-05,MALAWI,247,I25262,S/ware Depreciation,Income Statement-Expenses,C15,MWK,AVERAGE,0.07453635359879737
2026-05,MENA,247,I25262,S/ware Depreciation,Income Statement-Expenses,H15,AED,AVERAGE,35.16756
2026-05,RWANDA,247,I25262,S/ware Depreciation,Income Statement-Expenses,B15,RWF,AVERAGE,0.08868464495461315
2026-05,MALAWI,248,I25264,Furn-Depreciation,Income Statement-Expenses,C15,MWK,AVERAGE,0.07453635359879737
2026-05,MENA,248,I25264,Furn-Depreciation,Income Statement-Expenses,H15,AED,AVERAGE,35.16756
2026-05,NIGERIA,248,I25264,Furn-Depreciation,Income Statement-Expenses,E15,NGN,AVERAGE,0.0943002575039187
2026-05,RWANDA,248,I25264,Furn-Depreciation,Income Statement-Expenses,B15,RWF,AVERAGE,0.08868464495461315
2026-05,DRC,248,I25264,Furn-Depreciation,Income Statement-Expenses,G15,USD,AVERAGE,129.34
2026-05,MALAWI,249,4000/000,VALUE ADDS,Income Statement-Expenses,C15,MWK,AVERAGE,0.07453635359879737
2026-05,MENA,249,4000/000,VALUE ADDS,Income Statement-Expenses,H15,AED,AVERAGE,35.16756
2026-05,RWANDA,249,4000/000,VALUE ADDS,Income Statement-Expenses,B15,RWF,AVERAGE,0.08868464495461315
2026-05,MALAWI,250,I25265,Equip-Depreciation,Income Statement-Expenses,C15,MWK,AVERAGE,0.07453635359879737
2026-05,MENA,250,I25265,Equip-Depreciation,Income Statement-Expenses,H15,AED,AVERAGE,35.16756
2026-05,NIGERIA,250,I25265,Equip-Depreciation,Income Statement-Expenses,E15,NGN,AVERAGE,0.0943002575039187
2026-05,RWANDA,250,I25265,Equip-Depreciation,Income Statement-Expenses,B15,RWF,AVERAGE,0.08868464495461315
2026-05,DRC,250,I25265,Equip-Depreciation,Income Statement-Expenses,G15,USD,AVERAGE,129.34
2026-05,MALAWI,251,I25268,Goodwill amortisation,Income Statement-Expenses,C15,MWK,AVERAGE,0.07453635359879737
2026-05,MENA,251,I25268,Goodwill amortisation,Income Statement-Expenses,H15,AED,AVERAGE,35.16756
2026-05,RWANDA,251,I25268,Goodwill amortisation,Income Statement-Expenses,B15,RWF,AVERAGE,0.08868464495461315
2026-05,MALAWI,252,I25291,Entertainment-(IN TOWN),Income Statement-Expenses,C15,MWK,AVERAGE,0.07453635359879737
2026-05,MENA,252,I25291,Entertainment-(IN TOWN),Income Statement-Expenses,H15,AED,AVERAGE,35.16756
2026-05,RWANDA,252,I25291,Entertainment-(IN TOWN),Income Statement-Expenses,B15,RWF,AVERAGE,0.08868464495461315
2026-05,DRC,252,I25291,Entertainment-(IN TOWN),Income Statement-Expenses,G15,USD,AVERAGE,129.34
2026-05,MALAWI,253,3490/000,Entertainment-(OUT OF TOWN),Income Statement-Expenses,C15,MWK,AVERAGE,0.07453635359879737
2026-05,MENA,253,3490/000,Entertainment-(OUT OF TOWN),Income Statement-Expenses,H15,AED,AVERAGE,35.16756
2026-05,RWANDA,253,3490/000,Entertainment-(OUT OF TOWN),Income Statement-Expenses,B15,RWF,AVERAGE,0.08868464495461315
2026-05,MALAWI,254,I25292,ENTERTAINMENT LUNCH,Income Statement-Expenses,C15,MWK,AVERAGE,0.07453635359879737
2026-05,MENA,254,I25292,ENTERTAINMENT LUNCH,Income Statement-Expenses,H15,AED,AVERAGE,35.16756
2026-05,RWANDA,254,I25292,ENTERTAINMENT LUNCH,Income Statement-Expenses,B15,RWF,AVERAGE,0.08868464495461315
2026-05,MALAWI,255,I25294,Christmas Party,Income Statement-Expenses,C15,MWK,AVERAGE,0.07453635359879737
2026-05,MENA,255,I25294,Christmas Party,Income Statement-Expenses,H15,AED,AVERAGE,35.16756
2026-05,NIGERIA,255,I25294,Christmas Party,Income Statement-Expenses,E15,NGN,AVERAGE,0.0943002575039187
2026-05,RWANDA,255,I25294,Christmas Party,Income Statement-Expenses,B15,RWF,AVERAGE,0.08868464495461315
2026-05,DRC,255,I25294,Christmas Party,Income Statement-Expenses,G15,USD,AVERAGE,129.34
2026-05,MALAWI,256,,Flowers and Gifts,Income Statement-Expenses,C15,MWK,AVERAGE,0.07453635359879737
2026-05,MALAWI,257,I25326,Int.Paid-Other,Income Statement-Expenses,C15,MWK,AVERAGE,0.07453635359879737
2026-05,MENA,257,I25326,Int.Paid-Other,Income Statement-Expenses,H15,AED,AVERAGE,35.16756
2026-05,RWANDA,257,I25326,Int.Paid-Other,Income Statement-Expenses,B15,RWF,AVERAGE,0.08868464495461315
2026-05,MALAWI,258,I25327,Fin Charges Paid,Income Statement-Expenses,C15,MWK,AVERAGE,0.07453635359879737
2026-05,MENA,258,I25327,Fin Charges Paid,Income Statement-Expenses,H15,AED,AVERAGE,35.16756
2026-05,RWANDA,258,I25327,Fin Charges Paid,Income Statement-Expenses,B15,RWF,AVERAGE,0.08868464495461315
2026-05,MALAWI,259,I25329,Unrealised Currency gain/loss,Income Statement-Expenses,C15,MWK,AVERAGE,0.07453635359879737
2026-05,MENA,259,I25329,Unrealised Currency gain/loss,Income Statement-Expenses,H15,AED,AVERAGE,35.16756
2026-05,RWANDA,259,I25329,Unrealised Currency gain/loss,Income Statement-Expenses,B15,RWF,AVERAGE,0.08868464495461315
2026-05,MALAWI,260,I25354,Equip-Maintenance,Income Statement-Expenses,C15,MWK,AVERAGE,0.07453635359879737
2026-05,MENA,260,I25354,Equip-Maintenance,Income Statement-Expenses,H15,AED,AVERAGE,35.16756
2026-05,NIGERIA,260,I25354,Equip-Maintenance,Income Statement-Expenses,E15,NGN,AVERAGE,0.0943002575039187
2026-05,RWANDA,260,I25354,Equip-Maintenance,Income Statement-Expenses,B15,RWF,AVERAGE,0.08868464495461315
2026-05,MALAWI,261,I25355,Equip Lease charges,Income Statement-Expenses,C15,MWK,AVERAGE,0.07453635359879737
2026-05,MENA,261,I25355,Equip Lease charges,Income Statement-Expenses,H15,AED,AVERAGE,35.16756
2026-05,RWANDA,261,I25355,Equip Lease charges,Income Statement-Expenses,B15,RWF,AVERAGE,0.08868464495461315
2026-05,MALAWI,262,I25358,Subscriptions General,Income Statement-Expenses,C15,MWK,AVERAGE,0.07453635359879737
2026-05,MENA,262,I25358,Subscriptions General,Income Statement-Expenses,H15,AED,AVERAGE,35.16756
2026-05,RWANDA,262,I25358,Subscriptions General,Income Statement-Expenses,B15,RWF,AVERAGE,0.08868464495461315
2026-05,DRC,262,I25358,Subscriptions General,Income Statement-Expenses,G15,USD,AVERAGE,129.34
2026-05,MALAWI,263,I25360,Bank Charges,Income Statement-Expenses,C15,MWK,AVERAGE,0.07453635359879737
2026-05,MENA,263,I25360,Bank Charges,Income Statement-Expenses,H15,AED,AVERAGE,35.16756
2026-05,NIGERIA,263,I25360,Bank Charges,Income Statement-Expenses,E15,NGN,AVERAGE,0.0943002575039187
2026-05,RWANDA,263,I25360,Bank Charges,Income Statement-Expenses,B15,RWF,AVERAGE,0.08868464495461315
2026-05,DRC,263,I25360,Bank Charges,Income Statement-Expenses,G15,USD,AVERAGE,129.34
2026-05,MALAWI,264,I25361,Books & Periodicals,Income Statement-Expenses,C15,MWK,AVERAGE,0.07453635359879737
2026-05,MENA,264,I25361,Books & Periodicals,Income Statement-Expenses,H15,AED,AVERAGE,35.16756
2026-05,RWANDA,264,I25361,Books & Periodicals,Income Statement-Expenses,B15,RWF,AVERAGE,0.08868464495461315
2026-05,MALAWI,265,I25362,STAFF WELFARE,Income Statement-Expenses,C15,MWK,AVERAGE,0.07453635359879737
2026-05,MENA,265,I25362,STAFF WELFARE,Income Statement-Expenses,H15,AED,AVERAGE,35.16756
2026-05,RWANDA,265,I25362,STAFF WELFARE,Income Statement-Expenses,B15,RWF,AVERAGE,0.08868464495461315
2026-05,MALAWI,266,I25363,CLIENT GIFTS AND REWARDS,Income Statement-Expenses,C15,MWK,AVERAGE,0.07453635359879737
2026-05,MENA,266,I25363,CLIENT GIFTS AND REWARDS,Income Statement-Expenses,H15,AED,AVERAGE,35.16756
2026-05,RWANDA,266,I25363,CLIENT GIFTS AND REWARDS,Income Statement-Expenses,B15,RWF,AVERAGE,0.08868464495461315
2026-05,MALAWI,267,I25365,Donations-Charitable,Income Statement-Expenses,C15,MWK,AVERAGE,0.07453635359879737
2026-05,MENA,267,I25365,Donations-Charitable,Income Statement-Expenses,H15,AED,AVERAGE,35.16756
2026-05,RWANDA,267,I25365,Donations-Charitable,Income Statement-Expenses,B15,RWF,AVERAGE,0.08868464495461315
2026-05,MALAWI,268,I25367,Summary:Gen Exp Other,Income Statement-Expenses,C15,MWK,AVERAGE,0.07453635359879737
2026-05,MENA,268,I25367,Summary:Gen Exp Other,Income Statement-Expenses,H15,AED,AVERAGE,35.16756
2026-05,NIGERIA,268,I25367,Summary:Gen Exp Other,Income Statement-Expenses,E15,NGN,AVERAGE,0.0943002575039187
2026-05,RWANDA,268,I25367,Summary:Gen Exp Other,Income Statement-Expenses,B15,RWF,AVERAGE,0.08868464495461315
2026-05,DRC,268,I25367,Summary:Gen Exp Other,Income Statement-Expenses,G15,USD,AVERAGE,129.34
2026-05,MALAWI,269,I25401,Insurance-P.I.,Income Statement-Expenses,C15,MWK,AVERAGE,0.07453635359879737
2026-05,MENA,269,I25401,Insurance-P.I.,Income Statement-Expenses,H15,AED,AVERAGE,35.16756
2026-05,NIGERIA,269,I25401,Insurance-P.I.,Income Statement-Expenses,E15,NGN,AVERAGE,0.0943002575039187
2026-05,RWANDA,269,I25401,Insurance-P.I.,Income Statement-Expenses,B15,RWF,AVERAGE,0.08868464495461315
2026-05,DRC,269,I25401,Insurance-P.I.,Income Statement-Expenses,G15,USD,AVERAGE,129.34
2026-05,MALAWI,270,3980/080,Insurance- Other,Income Statement-Expenses,C15,MWK,AVERAGE,0.07453635359879737
2026-05,MENA,270,3980/080,Insurance- Other,Income Statement-Expenses,H15,AED,AVERAGE,35.16756
2026-05,NIGERIA,270,3980/080,Insurance- Other,Income Statement-Expenses,E15,NGN,AVERAGE,0.0943002575039187
2026-05,RWANDA,270,3980/080,Insurance- Other,Income Statement-Expenses,B15,RWF,AVERAGE,0.08868464495461315
2026-05,DRC,270,3980/080,Insurance- Other,Income Statement-Expenses,G15,USD,AVERAGE,129.34
2026-05,MALAWI,271,,Inter Company Expenses,Income Statement-Expenses,C15,MWK,AVERAGE,0.07453635359879737
2026-05,MENA,271,,Inter Company Expenses,Income Statement-Expenses,H15,AED,AVERAGE,35.16756
2026-05,RWANDA,271,,Inter Company Expenses,Income Statement-Expenses,B15,RWF,AVERAGE,0.08868464495461315
2026-05,DRC,271,,Inter Company Expenses,Income Statement-Expenses,G15,USD,AVERAGE,129.34
2026-05,MALAWI,272,I25421,Toner,Income Statement-Expenses,C15,MWK,AVERAGE,0.07453635359879737
2026-05,MENA,272,I25421,Toner,Income Statement-Expenses,H15,AED,AVERAGE,35.16756
2026-05,NIGERIA,272,I25421,Toner,Income Statement-Expenses,E15,NGN,AVERAGE,0.0943002575039187
2026-05,RWANDA,272,I25421,Toner,Income Statement-Expenses,B15,RWF,AVERAGE,0.08868464495461315
2026-05,DRC,272,I25421,Toner,Income Statement-Expenses,G15,USD,AVERAGE,129.34
2026-05,MALAWI,273,I25422,PC Supplies,Income Statement-Expenses,C15,MWK,AVERAGE,0.07453635359879737
2026-05,MENA,273,I25422,PC Supplies,Income Statement-Expenses,H15,AED,AVERAGE,35.16756
2026-05,RWANDA,273,I25422,PC Supplies,Income Statement-Expenses,B15,RWF,AVERAGE,0.08868464495461315
2026-05,DRC,273,I25422,PC Supplies,Income Statement-Expenses,G15,USD,AVERAGE,129.34
2026-05,MALAWI,274,I25423,Comp-Depreciation,Income Statement-Expenses,C15,MWK,AVERAGE,0.07453635359879737
2026-05,MENA,274,I25423,Comp-Depreciation,Income Statement-Expenses,H15,AED,AVERAGE,35.16756
2026-05,RWANDA,274,I25423,Comp-Depreciation,Income Statement-Expenses,B15,RWF,AVERAGE,0.08868464495461315
2026-05,DRC,274,I25423,Comp-Depreciation,Income Statement-Expenses,G15,USD,AVERAGE,129.34
2026-05,MALAWI,275,I25426,Software Installation,Income Statement-Expenses,C15,MWK,AVERAGE,0.07453635359879737
2026-05,MENA,275,I25426,Software Installation,Income Statement-Expenses,H15,AED,AVERAGE,35.16756
2026-05,RWANDA,275,I25426,Software Installation,Income Statement-Expenses,B15,RWF,AVERAGE,0.08868464495461315
2026-05,MALAWI,276,I25427,Software Implemantation,Income Statement-Expenses,C15,MWK,AVERAGE,0.07453635359879737
2026-05,MENA,276,I25427,Software Implemantation,Income Statement-Expenses,H15,AED,AVERAGE,35.16756
2026-05,RWANDA,276,I25427,Software Implemantation,Income Statement-Expenses,B15,RWF,AVERAGE,0.08868464495461315
2026-05,MALAWI,277,I25428,Software Maintenance,Income Statement-Expenses,C15,MWK,AVERAGE,0.07453635359879737
2026-05,MENA,277,I25428,Software Maintenance,Income Statement-Expenses,H15,AED,AVERAGE,35.16756
2026-05,RWANDA,277,I25428,Software Maintenance,Income Statement-Expenses,B15,RWF,AVERAGE,0.08868464495461315
2026-05,MALAWI,278,I25429,Software Licence Fees,Income Statement-Expenses,C15,MWK,AVERAGE,0.07453635359879737
2026-05,MENA,278,I25429,Software Licence Fees,Income Statement-Expenses,H15,AED,AVERAGE,35.16756
2026-05,RWANDA,278,I25429,Software Licence Fees,Income Statement-Expenses,B15,RWF,AVERAGE,0.08868464495461315
2026-05,DRC,278,I25429,Software Licence Fees,Income Statement-Expenses,G15,USD,AVERAGE,129.34
2026-05,MALAWI,279,I25452,MV-Leasing Costs,Income Statement-Expenses,C15,MWK,AVERAGE,0.07453635359879737
2026-05,MENA,279,I25452,MV-Leasing Costs,Income Statement-Expenses,H15,AED,AVERAGE,35.16756
2026-05,RWANDA,279,I25452,MV-Leasing Costs,Income Statement-Expenses,B15,RWF,AVERAGE,0.08868464495461315
2026-05,DRC,279,I25452,MV-Leasing Costs,Income Statement-Expenses,G15,USD,AVERAGE,129.34
2026-05,MALAWI,280,I25455,MV - Leasing Costs (non personnel),Income Statement-Expenses,C15,MWK,AVERAGE,0.07453635359879737
2026-05,MENA,280,I25455,MV - Leasing Costs (non personnel),Income Statement-Expenses,H15,AED,AVERAGE,35.16756
2026-05,RWANDA,280,I25455,MV - Leasing Costs (non personnel),Income Statement-Expenses,B15,RWF,AVERAGE,0.08868464495461315
2026-05,DRC,280,I25455,MV - Leasing Costs (non personnel),Income Statement-Expenses,G15,USD,AVERAGE,129.34
2026-05,MALAWI,281,I25456,MV - Fuel Costs (non personnel),Income Statement-Expenses,C15,MWK,AVERAGE,0.07453635359879737
2026-05,MENA,281,I25456,MV - Fuel Costs (non personnel),Income Statement-Expenses,H15,AED,AVERAGE,35.16756
2026-05,NIGERIA,281,I25456,MV - Fuel Costs (non personnel),Income Statement-Expenses,E15,NGN,AVERAGE,0.0943002575039187
2026-05,RWANDA,281,I25456,MV - Fuel Costs (non personnel),Income Statement-Expenses,B15,RWF,AVERAGE,0.08868464495461315
2026-05,DRC,281,I25456,MV - Fuel Costs (non personnel),Income Statement-Expenses,G15,USD,AVERAGE,129.34
2026-05,MALAWI,282,3350/000,MV-Depreciation,Income Statement-Expenses,C15,MWK,AVERAGE,0.07453635359879737
2026-05,MENA,282,3350/000,MV-Depreciation,Income Statement-Expenses,H15,AED,AVERAGE,35.16756
2026-05,NIGERIA,282,3350/000,MV-Depreciation,Income Statement-Expenses,E15,NGN,AVERAGE,0.0943002575039187
2026-05,RWANDA,282,3350/000,MV-Depreciation,Income Statement-Expenses,B15,RWF,AVERAGE,0.08868464495461315
2026-05,DRC,282,3350/000,MV-Depreciation,Income Statement-Expenses,G15,USD,AVERAGE,129.34
2026-05,MALAWI,283,4000/000,Leasehold-Depreciation,Income Statement-Expenses,C15,MWK,AVERAGE,0.07453635359879737
2026-05,MENA,283,4000/000,Leasehold-Depreciation,Income Statement-Expenses,H15,AED,AVERAGE,35.16756
2026-05,RWANDA,283,4000/000,Leasehold-Depreciation,Income Statement-Expenses,B15,RWF,AVERAGE,0.08868464495461315
2026-05,DRC,283,4000/000,Leasehold-Depreciation,Income Statement-Expenses,G15,USD,AVERAGE,129.34
2026-05,MALAWI,284,4650/200,Taxation expense,Income Statement-Expenses,C15,MWK,AVERAGE,0.07453635359879737
2026-05,NIGERIA,284,4650/200,Taxation expense,Income Statement-Expenses,E15,NGN,AVERAGE,0.0943002575039187
2026-05,RWANDA,284,4650/200,Taxation expense,Income Statement-Expenses,B15,RWF,AVERAGE,0.08868464495461315
2026-06,MALAWI,7,B10120,Ord.Share Capital,Share capital,C13,MWK,2026-06,0.07478928120021838
2026-06,MENA,7,B10120,Ord.Share Capital,Share capital,H13,AED,2026-06,35.13
2026-06,NIGERIA,7,B10120,Ord.Share Capital,Share capital,E13,NGN,2026-06,0.09383327703336712
2026-06,RWANDA,7,B10120,Ord.Share Capital,Share capital,B13,RWF,2026-06,0.08841732979664013
2026-06,DRC,7,B10120,Ord.Share Capital,Share capital,G13,USD,2026-06,129.5
2026-06,MALAWI,8,7610/000,Funds Awaiting Capitalisation,Translation reserve,C13,MWK,2026-06,0.07478928120021838
2026-06,MENA,8,7610/000,Funds Awaiting Capitalisation,Translation reserve,H13,AED,2026-06,35.13
2026-06,RWANDA,8,7610/000,Funds Awaiting Capitalisation,Translation reserve,B12,RWF,2026-05,0.08857395925597875
2026-06,MALAWI,9,7630/000,Share Premium,Translation reserve,C13,MWK,2026-06,0.07478928120021838
2026-06,MENA,9,7630/000,Share Premium,Translation reserve,H13,AED,2026-06,35.13
2026-06,RWANDA,9,7630/000,Share Premium,Translation reserve,B12,RWF,2026-05,0.08857395925597875
2026-06,MALAWI,10,B15110,Distr.Reser-RetainedInc,Retained earnings,C13,MWK,2026-06,0.07478928120021838
2026-06,MENA,10,B15110,Distr.Reser-RetainedInc,Retained earnings,H13,AED,2026-06,35.13
2026-06,NIGERIA,10,B15110,Distr.Reser-RetainedInc,Retained earnings,E13,NGN,2026-06,0.09383327703336712
2026-06,RWANDA,10,B15110,Distr.Reser-RetainedInc,Retained earnings,B13,RWF,2026-06,0.08841732979664013
2026-06,DRC,10,B15110,Distr.Reser-RetainedInc,Retained earnings,G13,USD,2026-06,129.5
2026-06,MALAWI,11,7620/000,Revaluation Reserve,Translation reserve,C13,MWK,2026-06,0.07478928120021838
2026-06,MENA,11,7620/000,Revaluation Reserve,Translation reserve,H12,AED,2026-05,35.0208
2026-06,RWANDA,11,7620/000,Revaluation Reserve,Translation reserve,B12,RWF,2026-05,0.08857395925597875
2026-06,MALAWI,12,xxxx,Translation reserve,Translation reserve,C13,MWK,2026-06,0.07478928120021838
2026-06,MALAWI,13,XXX,Non controlling interest,Non-controlling interests,C13,MWK,2026-06,0.07478928120021838
2026-06,MENA,13,XXX,Non controlling interest,Non-controlling interests,H13,AED,2026-06,35.13
2026-06,MENA,14,B30110,Head Office Receivable Account,"Property, plant and equipment",H12,AED,2026-05,35.0208
2026-06,RWANDA,14,B30110,Head Office Receivable Account,"Property, plant and equipment",B12,RWF,2026-05,0.08857395925597875
2026-06,MENA,15,B35130,Equipments-TZ Branch,"Property, plant and equipment",H12,AED,2026-05,35.0208
2026-06,RWANDA,15,B35130,Equipments-TZ Branch,"Property, plant and equipment",B12,RWF,2026-05,0.08857395925597875
2026-06,MALAWI,16,B35140,MV-Cost Opening Balance,"Property, plant and equipment",C13,MWK,2026-06,0.07478928120021838
2026-06,MENA,16,B35140,MV-Cost Opening Balance,"Property, plant and equipment",H12,AED,2026-05,35.0208
2026-06,NIGERIA,16,B35140,MV-Cost Opening Balance,"Property, plant and equipment",E13,NGN,2026-06,0.09383327703336712
2026-06,RWANDA,16,B35140,MV-Cost Opening Balance,"Property, plant and equipment",B13,RWF,2026-06,0.08841732979664013
2026-06,DRC,16,B35140,MV-Cost Opening Balance,"Property, plant and equipment",G13,USD,2026-06,129.5
2026-06,MALAWI,17,B35160,MV Accum-Depr Open Balance,"Property, plant and equipment",C13,MWK,2026-06,0.07478928120021838
2026-06,MENA,17,B35160,MV Accum-Depr Open Balance,"Property, plant and equipment",H12,AED,2026-05,35.0208
2026-06,NIGERIA,17,B35160,MV Accum-Depr Open Balance,"Property, plant and equipment",E13,NGN,2026-06,0.09383327703336712
2026-06,RWANDA,17,B35160,MV Accum-Depr Open Balance,"Property, plant and equipment",B13,RWF,2026-06,0.08841732979664013
2026-06,DRC,17,B35160,MV Accum-Depr Open Balance,"Property, plant and equipment",G13,USD,2026-06,129.5
2026-06,MALAWI,18,B35170,Furn-Cost Open Balance,"Property, plant and equipment",C13,MWK,2026-06,0.07478928120021838
2026-06,MENA,18,B35170,Furn-Cost Open Balance,"Property, plant and equipment",H12,AED,2026-05,35.0208
2026-06,NIGERIA,18,B35170,Furn-Cost Open Balance,"Property, plant and equipment",E13,NGN,2026-06,0.09383327703336712
2026-06,RWANDA,18,B35170,Furn-Cost Open Balance,"Property, plant and equipment",B13,RWF,2026-06,0.08841732979664013
2026-06,DRC,18,B35170,Furn-Cost Open Balance,"Property, plant and equipment",G13,USD,2026-06,129.5
2026-06,MALAWI,19,B35180,Furn-Additions this year,"Property, plant and equipment",C13,MWK,2026-06,0.07478928120021838
2026-06,MENA,19,B35180,Furn-Additions this year,"Property, plant and equipment",H13,AED,2026-06,35.13
2026-06,RWANDA,19,B35180,Furn-Additions this year,"Property, plant and equipment",B12,RWF,2026-05,0.08857395925597875
2026-06,DRC,19,B35180,Furn-Additions this year,"Property, plant and equipment",G13,USD,2026-06,129.5
2026-06,MALAWI,20,B35190,Furn-Depr Prov.,"Property, plant and equipment",C13,MWK,2026-06,0.07478928120021838
2026-06,MENA,20,B35190,Furn-Depr Prov.,"Property, plant and equipment",H12,AED,2026-05,35.0208
2026-06,RWANDA,20,B35190,Furn-Depr Prov.,"Property, plant and equipment",B12,RWF,2026-05,0.08857395925597875
2026-06,DRC,20,B35190,Furn-Depr Prov.,"Property, plant and equipment",G13,USD,2026-06,129.5
2026-06,MALAWI,21,B35200,Furn Accum-Depreciation,"Property, plant and equipment",C13,MWK,2026-06,0.07478928120021838
2026-06,MENA,21,B35200,Furn Accum-Depreciation,"Property, plant and equipment",H12,AED,2026-05,35.0208
2026-06,NIGERIA,21,B35200,Furn Accum-Depreciation,"Property, plant and equipment",E13,NGN,2026-06,0.09383327703336712
2026-06,RWANDA,21,B35200,Furn Accum-Depreciation,"Property, plant and equipment",B13,RWF,2026-06,0.08841732979664013
2026-06,DRC,21,B35200,Furn Accum-Depreciation,"Property, plant and equipment",G13,USD,2026-06,129.5
2026-06,MENA,22,B35210,Equip-Cost Open Balance,"Property, plant and equipment",H12,AED,2026-05,35.0208
2026-06,NIGERIA,22,B35210,Equip-Cost Open Balance,"Property, plant and equipment",E13,NGN,2026-06,0.09383327703336712
2026-06,RWANDA,22,B35210,Equip-Cost Open Balance,"Property, plant and equipment",B13,RWF,2026-06,0.08841732979664013
2026-06,DRC,22,B35210,Equip-Cost Open Balance,"Property, plant and equipment",G13,USD,2026-06,129.5
2026-06,MALAWI,23,B35220,Equip-Additions This Year,"Property, plant and equipment",C13,MWK,2026-06,0.07478928120021838
2026-06,MENA,23,B35220,Equip-Additions This Year,"Property, plant and equipment",H12,AED,2026-05,35.0208
2026-06,RWANDA,23,B35220,Equip-Additions This Year,"Property, plant and equipment",B12,RWF,2026-05,0.08857395925597875
2026-06,DRC,23,B35220,Equip-Additions This Year,"Property, plant and equipment",G13,USD,2026-06,129.5
2026-06,MALAWI,24,B35230,Equip-Depr.Prov.,"Property, plant and equipment",C13,MWK,2026-06,0.07478928120021838
2026-06,MENA,24,B35230,Equip-Depr.Prov.,"Property, plant and equipment",H12,AED,2026-05,35.0208
2026-06,RWANDA,24,B35230,Equip-Depr.Prov.,"Property, plant and equipment",B12,RWF,2026-05,0.08857395925597875
2026-06,DRC,24,B35230,Equip-Depr.Prov.,"Property, plant and equipment",G13,USD,2026-06,129.5
2026-06,MALAWI,25,B35240,Equip Accum-Depr,"Property, plant and equipment",C13,MWK,2026-06,0.07478928120021838
2026-06,MENA,25,B35240,Equip Accum-Depr,"Property, plant and equipment",H11,AED,2026-04,35.12
2026-06,NIGERIA,25,B35240,Equip Accum-Depr,"Property, plant and equipment",E13,NGN,2026-06,0.09383327703336712
2026-06,RWANDA,25,B35240,Equip Accum-Depr,"Property, plant and equipment",B13,RWF,2026-06,0.08841732979664013
2026-06,DRC,25,B35240,Equip Accum-Depr,"Property, plant and equipment",G13,USD,2026-06,129.5
2026-06,MALAWI,26,B35250,Comp Equip-Cost Open Balance,"Property, plant and equipment",C13,MWK,2026-06,0.07478928120021838
2026-06,MENA,26,B35250,Comp Equip-Cost Open Balance,"Property, plant and equipment",H13,AED,2026-06,35.13
2026-06,RWANDA,26,B35250,Comp Equip-Cost Open Balance,"Property, plant and equipment",B12,RWF,2026-05,0.08857395925597875
2026-06,DRC,26,B35250,Comp Equip-Cost Open Balance,"Property, plant and equipment",G13,USD,2026-06,129.5
2026-06,MALAWI,27,B35280,Comp Equip-Additions,"Property, plant and equipment",C13,MWK,2026-06,0.07478928120021838
2026-06,MENA,27,B35280,Comp Equip-Additions,"Property, plant and equipment",H11,AED,2026-04,35.12
2026-06,RWANDA,27,B35280,Comp Equip-Additions,"Property, plant and equipment",B12,RWF,2026-05,0.08857395925597875
2026-06,DRC,27,B35280,Comp Equip-Additions,"Property, plant and equipment",G13,USD,2026-06,129.5
2026-06,MALAWI,28,B35290,Comp Equip- Accum Depreciation,"Property, plant and equipment",C13,MWK,2026-06,0.07478928120021838
2026-06,MENA,28,B35290,Comp Equip- Accum Depreciation,"Property, plant and equipment",H11,AED,2026-04,35.12
2026-06,RWANDA,28,B35290,Comp Equip- Accum Depreciation,"Property, plant and equipment",B12,RWF,2026-05,0.08857395925597875
2026-06,DRC,28,B35290,Comp Equip- Accum Depreciation,"Property, plant and equipment",G13,USD,2026-06,129.5
2026-06,MALAWI,29,6300/000,Work In Progress,Intangible assets - computer software,C13,MWK,2026-06,0.07478928120021838
2026-06,MENA,29,6300/000,Work In Progress,Intangible assets - computer software,H11,AED,2026-04,35.12
2026-06,RWANDA,29,6300/000,Work In Progress,Intangible assets - computer software,B12,RWF,2026-05,0.08857395925597875
2026-06,MENA,30,B35310,Comp SW-Cost Open Balance,Intangible assets - computer software,H11,AED,2026-04,35.12
2026-06,RWANDA,30,B35310,Comp SW-Cost Open Balance,Intangible assets - computer software,B12,RWF,2026-05,0.08857395925597875
2026-06,MALAWI,31,B35320,Computer Software,Intangible assets - computer software,C13,MWK,2026-06,0.07478928120021838
2026-06,MENA,31,B35320,Computer Software,Intangible assets - computer software,H11,AED,2026-04,35.12
2026-06,RWANDA,31,B35320,Computer Software,Intangible assets - computer software,B13,RWF,2026-06,0.08841732979664013
2026-06,MENA,32,B35340,Comp S/Ware Acc -Write Off,Intangible assets - computer software,H11,AED,2026-04,35.12
2026-06,RWANDA,32,B35340,Comp S/Ware Acc -Write Off,Intangible assets - computer software,B13,RWF,2026-06,0.08841732979664013
2026-06,MENA,33,B35350,Leased Prem-Improvements,"Property, plant and equipment",H11,AED,2026-04,35.12
2026-06,NIGERIA,33,B35350,Leased Prem-Improvements,"Property, plant and equipment",E13,NGN,2026-06,0.09383327703336712
2026-06,RWANDA,33,B35350,Leased Prem-Improvements,"Property, plant and equipment",B12,RWF,2026-05,0.08857395925597875
2026-06,DRC,33,B35350,Leased Prem-Improvements,"Property, plant and equipment",G13,USD,2026-06,129.5
2026-06,MENA,34,B35370,Lease Improv - Accum Ammortization,"Property, plant and equipment",H11,AED,2026-04,35.12
2026-06,NIGERIA,34,B35370,Lease Improv - Accum Ammortization,"Property, plant and equipment",E13,NGN,2026-06,0.09383327703336712
2026-06,RWANDA,34,B35370,Lease Improv - Accum Ammortization,"Property, plant and equipment",B12,RWF,2026-05,0.08857395925597875
2026-06,DRC,34,B35370,Lease Improv - Accum Ammortization,"Property, plant and equipment",G13,USD,2026-06,129.5
2026-06,MALAWI,35,B35420,Deferred Tax,Deferred Tax,C13,MWK,2026-06,0.07478928120021838
2026-06,MENA,35,B35420,Deferred Tax,Deferred Tax,H11,AED,2026-04,35.12
2026-06,NIGERIA,35,B35420,Deferred Tax,Deferred Tax,E13,NGN,2026-06,0.09383327703336712
2026-06,RWANDA,35,B35420,Deferred Tax,Deferred Tax,B13,RWF,2026-06,0.08841732979664013
2026-06,MENA,36,B40110,Investment in subsidiary - RWANDA,Investment in subsidiary,H11,AED,2026-04,35.12
2026-06,RWANDA,36,B40110,Investment in subsidiary - RWANDA,Investment in subsidiary,B12,RWF,2026-05,0.08857395925597875
2026-06,MALAWI,37,6285/000,Investment in ZAAC Kenya,Investment in subsidiary,C11,MWK,2026-04,0.07448123817610344
2026-06,MALAWI,38,6290/000,Investment in ZAAC Nigeria,Investment in subsidiary,C11,MWK,2026-04,0.07448123817610344
2026-06,MALAWI,42,6460/000,Investment in Malawi,Investment in subsidiary,C11,MWK,2026-04,0.07448123817610344
2026-06,MENA,44,6366/000,Investment In Subsidiaries,Investment in subsidiary,H11,AED,2026-04,35.12
2026-06,RWANDA,44,6366/000,Investment In Subsidiaries,Investment in subsidiary,B12,RWF,2026-05,0.08857395925597875
2026-06,MALAWI,45,B45110,Goodwill-at Cost,Intangible assets - goodwill,C11,MWK,2026-04,0.07448123817610344
2026-06,MENA,45,B45110,Goodwill-at Cost,Intangible assets - goodwill,H11,AED,2026-04,35.12
2026-06,RWANDA,45,B45110,Goodwill-at Cost,Intangible assets - goodwill,B12,RWF,2026-05,0.08857395925597875
2026-06,MALAWI,46,B55110,Other Receivable,Other receivables,C13,MWK,2026-06,0.07478928120021838
2026-06,MENA,46,B55110,Other Receivable,Other receivables,H13,AED,2026-06,35.13
2026-06,NIGERIA,46,B55110,Other Receivable,Other receivables,E13,NGN,2026-06,0.09383327703336712
2026-06,RWANDA,46,B55110,Other Receivable,Other receivables,B13,RWF,2026-06,0.08841732979664013
2026-06,DRC,46,B55110,Other Receivable,Other receivables,G13,USD,2026-06,129.5
2026-06,MALAWI,47,B55130,Accrued Income,Other receivables,C11,MWK,2026-04,0.07448123817610344
2026-06,MENA,47,B55130,Accrued Income,Other receivables,H11,AED,2026-04,35.12
2026-06,RWANDA,47,B55130,Accrued Income,Other receivables,B12,RWF,2026-05,0.08857395925597875
2026-06,MALAWI,48,B55140,Other Debtor - Claims Receivab,Other receivables,C13,MWK,2026-06,0.07478928120021838
2026-06,MENA,48,B55140,Other Debtor - Claims Receivab,Other receivables,H11,AED,2026-04,35.12
2026-06,RWANDA,48,B55140,Other Debtor - Claims Receivab,Other receivables,B12,RWF,2026-05,0.08857395925597875
2026-06,MALAWI,49,B55150,Drs-Gen.Bad Debt Prov.,Other receivables,C11,MWK,2026-04,0.07448123817610344
2026-06,MENA,49,B55150,Drs-Gen.Bad Debt Prov.,Other receivables,H11,AED,2026-04,35.12
2026-06,RWANDA,49,B55150,Drs-Gen.Bad Debt Prov.,Other receivables,B13,RWF,2026-06,0.08841732979664013
2026-06,MENA,50,B55210,Investment in Malawi,Investment in subsidiary,H11,AED,2026-04,35.12
2026-06,RWANDA,50,B55210,Investment in Malawi,Investment in subsidiary,B12,RWF,2026-05,0.08857395925597875
2026-06,MALAWI,51,,Investment in Subsidiary- Stonebridge,Investment in unquoted equity securities,C11,MWK,2026-04,0.07448123817610344
2026-06,MENA,51,,Investment in Subsidiary- Stonebridge,Investment in unquoted equity securities,H11,AED,2026-04,35.12
2026-06,NIGERIA,51,,Investment in Subsidiary- Stonebridge,Investment in unquoted equity securities,E13,NGN,2026-06,0.09383327703336712
2026-06,RWANDA,51,,Investment in Subsidiary- Stonebridge,Investment in unquoted equity securities,B12,RWF,2026-05,0.08857395925597875
2026-06,MALAWI,52,B55250,Conferences - Control  A/c,Other receivables,C11,MWK,2026-04,0.07448123817610344
2026-06,MENA,52,B55250,Conferences - Control  A/c,Other receivables,H11,AED,2026-04,35.12
2026-06,RWANDA,52,B55250,Conferences - Control  A/c,Other receivables,B12,RWF,2026-05,0.08857395925597875
2026-06,MENA,53,B55360,Rent Deposits,Other receivables,H11,AED,2026-04,35.12
2026-06,RWANDA,53,B55360,Rent Deposits,Other receivables,B12,RWF,2026-05,0.08857395925597875
2026-06,DRC,53,B55360,Rent Deposits,Other receivables,G13,USD,2026-06,129.5
2026-06,MALAWI,54,B55420,Due to/from Malawi,Other receivables - Related parties,C11,MWK,2026-04,0.07448123817610344
2026-06,MENA,54,B55420,Due to/from Malawi,Other receivables - Related parties,H11,AED,2026-04,35.12
2026-06,RWANDA,54,B55420,Due to/from Malawi,Other receivables - Related parties,B12,RWF,2026-05,0.08857395925597875
2026-06,MALAWI,55,B55480,Drs-Income Control,Trade receivables,C13,MWK,2026-06,0.07478928120021838
2026-06,MENA,55,B55480,Drs-Income Control,Trade receivables,H13,AED,2026-06,35.13
2026-06,NIGERIA,55,B55480,Drs-Income Control,Trade receivables,E13,NGN,2026-06,0.09383327703336712
2026-06,RWANDA,55,B55480,Drs-Income Control,Trade receivables,B13,RWF,2026-06,0.08841732979664013
2026-06,DRC,55,B55480,Drs-Income Control,Trade receivables,G13,USD,2026-06,129.5
2026-06,MALAWI,56,B55490,DUE TO/FROM ZAMARA HOLDING CO.,Other receivables - Related parties,C11,MWK,2026-04,0.07448123817610344
2026-06,MENA,56,B55490,DUE TO/FROM ZAMARA HOLDING CO.,Other receivables - Related parties,H11,AED,2026-04,35.12
2026-06,NIGERIA,56,B55490,DUE TO/FROM ZAMARA HOLDING CO.,Other receivables - Related parties,E13,NGN,2026-06,0.09383327703336712
2026-06,RWANDA,56,B55490,DUE TO/FROM ZAMARA HOLDING CO.,Other receivables - Related parties,B13,RWF,2026-06,0.08841732979664013
2026-06,MALAWI,57,B55520,DUE TO/FROM UGANDA,Other receivables - Related parties,C11,MWK,2026-04,0.07448123817610344
2026-06,MENA,57,B55520,DUE TO/FROM UGANDA,Other receivables - Related parties,H11,AED,2026-04,35.12
2026-06,RWANDA,57,B55520,DUE TO/FROM UGANDA,Other receivables - Related parties,B12,RWF,2026-05,0.08857395925597875
2026-06,MALAWI,58,B55570,Due to/from ZAAC,Other receivables - Related parties,C13,MWK,2026-06,0.07478928120021838
2026-06,MENA,58,B55570,Due to/from ZAAC,Other receivables - Related parties,H11,AED,2026-04,35.12
2026-06,NIGERIA,58,B55570,Due to/from ZAAC,Other receivables - Related parties,E13,NGN,2026-06,0.09383327703336712
2026-06,RWANDA,58,B55570,Due to/from ZAAC,Other receivables - Related parties,B12,RWF,2026-05,0.08857395925597875
2026-06,DRC,58,B55570,Due to/from ZAAC,Other receivables - Related parties,G13,USD,2026-06,129.5
2026-06,MALAWI,67,4015,Bank account- ZAAIB,Cash and cash equivalents,C11,MWK,2026-04,0.07448123817610344
2026-06,MENA,67,4015,Bank account- ZAAIB,Cash and cash equivalents,H11,AED,2026-04,35.12
2026-06,RWANDA,67,4015,Bank account- ZAAIB,Cash and cash equivalents,B13,RWF,2026-06,0.08841732979664013
2026-06,MENA,68,4016,Bank account NCBA,Cash and cash equivalents,H11,AED,2026-04,35.12
2026-06,RWANDA,68,4016,Bank account NCBA,Cash and cash equivalents,B12,RWF,2026-05,0.08857395925597875
2026-06,MALAWI,69,4017,Bank Account (ZAMARA AAIB LTD),Cash and cash equivalents,C11,MWK,2026-04,0.07448123817610344
2026-06,MENA,69,4017,Bank Account (ZAMARA AAIB LTD),Cash and cash equivalents,H11,AED,2026-04,35.12
2026-06,RWANDA,69,4017,Bank Account (ZAMARA AAIB LTD),Cash and cash equivalents,B13,RWF,2026-06,0.08841732979664013
2026-06,MENA,70,4018,AMIFA Account,Cash and cash equivalents,H11,AED,2026-04,35.12
2026-06,RWANDA,70,4018,AMIFA Account,Cash and cash equivalents,B12,RWF,2026-05,0.08857395925597875
2026-06,MALAWI,71,4019,NCBA Account USD,Cash and cash equivalents,C11,MWK,2026-04,0.07448123817610344
2026-06,MENA,71,4019,NCBA Account USD,Cash and cash equivalents,H11,AED,2026-04,35.12
2026-06,RWANDA,71,4019,NCBA Account USD,Cash and cash equivalents,B13,RWF,2026-06,0.08841732979664013
2026-06,MALAWI,72,4021,Bank account-Equity Bank,Cash and cash equivalents,C11,MWK,2026-04,0.07448123817610344
2026-06,MENA,72,4021,Bank account-Equity Bank,Cash and cash equivalents,H11,AED,2026-04,35.12
2026-06,RWANDA,72,4021,Bank account-Equity Bank,Cash and cash equivalents,B13,RWF,2026-06,0.08841732979664013
2026-06,MALAWI,73,,FIRST CAPITAL CURRENT ACCOUNT,Cash and cash equivalents,C13,MWK,2026-06,0.07478928120021838
2026-06,MALAWI,74,6821/000,ECOBANK -KWACHA A/C,Cash and cash equivalents,C13,MWK,2026-06,0.07478928120021838
2026-06,MENA,74,6821/000,ECOBANK -KWACHA A/C,Cash and cash equivalents,H11,AED,2026-04,35.12
2026-06,RWANDA,74,6821/000,ECOBANK -KWACHA A/C,Cash and cash equivalents,B12,RWF,2026-05,0.08857395925597875
2026-06,MALAWI,75,6822/000,ECOBANK FCD-US$,Cash and cash equivalents,C13,MWK,2026-06,0.07478928120021838
2026-06,MENA,75,6822/000,ECOBANK FCD-US$,Cash and cash equivalents,H11,AED,2026-04,35.12
2026-06,RWANDA,75,6822/000,ECOBANK FCD-US$,Cash and cash equivalents,B12,RWF,2026-05,0.08857395925597875
2026-06,MENA,76,,RAK Bank AED,Cash and cash equivalents,H13,AED,2026-06,35.13
2026-06,RWANDA,76,,RAK Bank AED,Cash and cash equivalents,B12,RWF,2026-05,0.08857395925597875
2026-06,MENA,77,B60090,EQUITY BANK,Cash and cash equivalents,H11,AED,2026-04,35.12
2026-06,RWANDA,77,B60090,EQUITY BANK,Cash and cash equivalents,B12,RWF,2026-05,0.08857395925597875
2026-06,DRC,77,B60090,EQUITY BANK,Cash and cash equivalents,G13,USD,2026-06,129.5
2026-06,DRC,78,8410/000,RAW BANK,Cash and cash equivalents,G13,USD,2026-06,129.5
2026-06,MALAWI,79,B60110,KENYA COMMERCIAL BANK,Cash and cash equivalents,C11,MWK,2026-04,0.07448123817610344
2026-06,MENA,79,B60110,KENYA COMMERCIAL BANK,Cash and cash equivalents,H11,AED,2026-04,35.12
2026-06,RWANDA,79,B60110,KENYA COMMERCIAL BANK,Cash and cash equivalents,B12,RWF,2026-05,0.08857395925597875
2026-06,MALAWI,80,0001/000,EQUITY BANK-Office,Cash and cash equivalents,C11,MWK,2026-04,0.07448123817610344
2026-06,MENA,80,0001/000,EQUITY BANK-Office,Cash and cash equivalents,H11,AED,2026-04,35.12
2026-06,RWANDA,80,0001/000,EQUITY BANK-Office,Cash and cash equivalents,B12,RWF,2026-05,0.08857395925597875
2026-06,DRC,80,0001/000,EQUITY BANK-Office,Cash and cash equivalents,G13,USD,2026-06,129.5
2026-06,MALAWI,81,0068/000,KCB CLIENT-Client,Cash and cash equivalents,C11,MWK,2026-04,0.07448123817610344
2026-06,MENA,81,0068/000,KCB CLIENT-Client,Cash and cash equivalents,H11,AED,2026-04,35.12
2026-06,RWANDA,81,0068/000,KCB CLIENT-Client,Cash and cash equivalents,B12,RWF,2026-05,0.08857395925597875
2026-06,MALAWI,82,0068/000,KCB CLIENT(KES)-Client,Cash and cash equivalents,C11,MWK,2026-04,0.07448123817610344
2026-06,MENA,82,0068/000,KCB CLIENT(KES)-Client,Cash and cash equivalents,H11,AED,2026-04,35.12
2026-06,RWANDA,82,0068/000,KCB CLIENT(KES)-Client,Cash and cash equivalents,B12,RWF,2026-05,0.08857395925597875
2026-06,MALAWI,83,0068/001,KCB CLIENT(USD)-Client,Cash and cash equivalents,C11,MWK,2026-04,0.07448123817610344
2026-06,MENA,83,0068/001,KCB CLIENT(USD)-Client,Cash and cash equivalents,H11,AED,2026-04,35.12
2026-06,RWANDA,83,0068/001,KCB CLIENT(USD)-Client,Cash and cash equivalents,B12,RWF,2026-05,0.08857395925597875
2026-06,MENA,84,0068/002,KCB OFFICE(KES)-Office,Cash and cash equivalents,H11,AED,2026-04,35.12
2026-06,RWANDA,84,0068/002,KCB OFFICE(KES)-Office,Cash and cash equivalents,B12,RWF,2026-05,0.08857395925597875
2026-06,MALAWI,85,0068/003,KCB OFFICE(USD)-Office,Cash and cash equivalents,C11,MWK,2026-04,0.07448123817610344
2026-06,MENA,85,0068/003,KCB OFFICE(USD)-Office,Cash and cash equivalents,H11,AED,2026-04,35.12
2026-06,RWANDA,85,0068/003,KCB OFFICE(USD)-Office,Cash and cash equivalents,B12,RWF,2026-05,0.08857395925597875
2026-06,MENA,86,0068/004,KCB -FIXED DEPOSIT,Cash and cash equivalents,H11,AED,2026-04,35.12
2026-06,RWANDA,86,0068/004,KCB -FIXED DEPOSIT,Cash and cash equivalents,B12,RWF,2026-05,0.08857395925597875
2026-06,MENA,87,6801/000,KCB USD CLIENT-Client,Cash and cash equivalents,H11,AED,2026-04,35.12
2026-06,RWANDA,87,6801/000,KCB USD CLIENT-Client,Cash and cash equivalents,B12,RWF,2026-05,0.08857395925597875
2026-06,MENA,88,6804/000,KCB USD OFFICE-Office,Cash and cash equivalents,H11,AED,2026-04,35.12
2026-06,RWANDA,88,6804/000,KCB USD OFFICE-Office,Cash and cash equivalents,B12,RWF,2026-05,0.08857395925597875
2026-06,MENA,89,6820/000,MPESA ACCOUNT-Client,Cash and cash equivalents,H11,AED,2026-04,35.12
2026-06,RWANDA,89,6820/000,MPESA ACCOUNT-Client,Cash and cash equivalents,B12,RWF,2026-05,0.08857395925597875
2026-06,MENA,90,6821/000,CBA Office Bank Account-Office,Cash and cash equivalents,H11,AED,2026-04,35.12
2026-06,RWANDA,90,6821/000,CBA Office Bank Account-Office,Cash and cash equivalents,B12,RWF,2026-05,0.08857395925597875
2026-06,MENA,91,6822/000,SBM USD $-Office,Cash and cash equivalents,H11,AED,2026-04,35.12
2026-06,RWANDA,91,6822/000,SBM USD $-Office,Cash and cash equivalents,B12,RWF,2026-05,0.08857395925597875
2026-06,MALAWI,92,6823/000,Summary: cash at bank & on hand-Office,Cash and cash equivalents,C13,MWK,2026-06,0.07478928120021838
2026-06,MENA,92,6823/000,Summary: cash at bank & on hand-Office,Cash and cash equivalents,H11,AED,2026-04,35.12
2026-06,NIGERIA,92,6823/000,Summary: cash at bank & on hand-Office,Cash and cash equivalents,E13,NGN,2026-06,0.09383327703336712
2026-06,RWANDA,92,6823/000,Summary: cash at bank & on hand-Office,Cash and cash equivalents,B12,RWF,2026-05,0.08857395925597875
2026-06,DRC,92,6823/000,Summary: cash at bank & on hand-Office,Cash and cash equivalents,G13,USD,2026-06,129.5
2026-06,MENA,93,6824/000,CBA Client Bank Account-Client,Cash and cash equivalents,H11,AED,2026-04,35.12
2026-06,RWANDA,93,6824/000,CBA Client Bank Account-Client,Cash and cash equivalents,B12,RWF,2026-05,0.08857395925597875
2026-06,MENA,94,6825/000,CFCSTANBIC-OFFICE A/C-Office,Cash and cash equivalents,H11,AED,2026-04,35.12
2026-06,RWANDA,94,6825/000,CFCSTANBIC-OFFICE A/C-Office,Cash and cash equivalents,B12,RWF,2026-05,0.08857395925597875
2026-06,MENA,95,6826/000,CFCSTANBIC-CLIENT A/C-Client,Cash and cash equivalents,H11,AED,2026-04,35.12
2026-06,RWANDA,95,6826/000,CFCSTANBIC-CLIENT A/C-Client,Cash and cash equivalents,B12,RWF,2026-05,0.08857395925597875
2026-06,MENA,96,6827/000,Chase Bank Account-Client,Cash and cash equivalents,H11,AED,2026-04,35.12
2026-06,RWANDA,96,6827/000,Chase Bank Account-Client,Cash and cash equivalents,B12,RWF,2026-05,0.08857395925597875
2026-06,MENA,97,6828/000,COMMERCIAL BANK OF AFRICA-US$ OFFICE-Office,Cash and cash equivalents,H11,AED,2026-04,35.12
2026-06,RWANDA,97,6828/000,COMMERCIAL BANK OF AFRICA-US$ OFFICE-Office,Cash and cash equivalents,B12,RWF,2026-05,0.08857395925597875
2026-06,MENA,98,6829/000,COMMERCIAL BANK OF AFRICA-US$ CLIENT-Client,Cash and cash equivalents,H11,AED,2026-04,35.12
2026-06,RWANDA,98,6829/000,COMMERCIAL BANK OF AFRICA-US$ CLIENT-Client,Cash and cash equivalents,B12,RWF,2026-05,0.08857395925597875
2026-06,MENA,99,6830/000,UBA Client Account-Client,Cash and cash equivalents,H11,AED,2026-04,35.12
2026-06,RWANDA,99,6830/000,UBA Client Account-Client,Cash and cash equivalents,B12,RWF,2026-05,0.08857395925597875
2026-06,MENA,100,6832/000,SBM BANK FIXED DEPOSIT ACCOUNT-Office,Cash and cash equivalents,H11,AED,2026-04,35.12
2026-06,RWANDA,100,6832/000,SBM BANK FIXED DEPOSIT ACCOUNT-Office,Cash and cash equivalents,B12,RWF,2026-05,0.08857395925597875
2026-06,MENA,101,6833/000,CFC STANBIC(US$) -0000230847(CLIENT)-Client,Cash and cash equivalents,H11,AED,2026-04,35.12
2026-06,RWANDA,101,6833/000,CFC STANBIC(US$) -0000230847(CLIENT)-Client,Cash and cash equivalents,B12,RWF,2026-05,0.08857395925597875
2026-06,MENA,102,6839/000,SBM BANK BID BONDS-Office,Cash and cash equivalents,H11,AED,2026-04,35.12
2026-06,RWANDA,102,6839/000,SBM BANK BID BONDS-Office,Cash and cash equivalents,B12,RWF,2026-05,0.08857395925597875
2026-06,MENA,103,6840/000,Commecial Bank of Africa-Prem. Fin.-Office,Cash and cash equivalents,H11,AED,2026-04,35.12
2026-06,RWANDA,103,6840/000,Commecial Bank of Africa-Prem. Fin.-Office,Cash and cash equivalents,B12,RWF,2026-05,0.08857395925597875
2026-06,MENA,104,6843/000,Mayfair CIB Bank-Client,Cash and cash equivalents,H11,AED,2026-04,35.12
2026-06,RWANDA,104,6843/000,Mayfair CIB Bank-Client,Cash and cash equivalents,B12,RWF,2026-05,0.08857395925597875
2026-06,MENA,105,6850/000,FAULU MICROFINANCE BANK-Office,Cash and cash equivalents,H11,AED,2026-04,35.12
2026-06,RWANDA,105,6850/000,FAULU MICROFINANCE BANK-Office,Cash and cash equivalents,B12,RWF,2026-05,0.08857395925597875
2026-06,MENA,106,6860/000,ABSA BANK KENYA-Client,Cash and cash equivalents,H11,AED,2026-04,35.12
2026-06,RWANDA,106,6860/000,ABSA BANK KENYA-Client,Cash and cash equivalents,B12,RWF,2026-05,0.08857395925597875
2026-06,MENA,107,6880/000,KCB BANK-Office,Cash and cash equivalents,H11,AED,2026-04,35.12
2026-06,RWANDA,107,6880/000,KCB BANK-Office,Cash and cash equivalents,B12,RWF,2026-05,0.08857395925597875
2026-06,MENA,108,6890/000,MAYFAIR CIB USD-Client,Cash and cash equivalents,H11,AED,2026-04,35.12
2026-06,RWANDA,108,6890/000,MAYFAIR CIB USD-Client,Cash and cash equivalents,B12,RWF,2026-05,0.08857395925597875
2026-06,MENA,109,6900/000,SIDIAN BANK-Office,Cash and cash equivalents,H11,AED,2026-04,35.12
2026-06,RWANDA,109,6900/000,SIDIAN BANK-Office,Cash and cash equivalents,B12,RWF,2026-05,0.08857395925597875
2026-06,MENA,110,6920/000,GULF AFRICAN BANK-Client,Cash and cash equivalents,H11,AED,2026-04,35.12
2026-06,RWANDA,110,6920/000,GULF AFRICAN BANK-Client,Cash and cash equivalents,B1,?,?,
2026-06,MENA,111,6930/000,GUARANTY TRUST BANK-Client,Cash and cash equivalents,H11,AED,2026-04,35.12
2026-06,RWANDA,111,6930/000,GUARANTY TRUST BANK-Client,Cash and cash equivalents,B12,RWF,2026-05,0.08857395925597875
2026-06,MENA,112,6940/000,FREDRICK MUCHINA-Office,Cash and cash equivalents,H11,AED,2026-04,35.12
2026-06,RWANDA,112,6940/000,FREDRICK MUCHINA-Office,Cash and cash equivalents,B12,RWF,2026-05,0.08857395925597875
2026-06,MENA,113,6950/000,LIZA NYAGA-Office,Cash and cash equivalents,H11,AED,2026-04,35.12
2026-06,RWANDA,113,6950/000,LIZA NYAGA-Office,Cash and cash equivalents,B12,RWF,2026-05,0.08857395925597875
2026-06,MENA,114,6960/000,ALEEM AKBARALI-Office,Cash and cash equivalents,H11,AED,2026-04,35.12
2026-06,RWANDA,114,6960/000,ALEEM AKBARALI-Office,Cash and cash equivalents,B12,RWF,2026-05,0.08857395925597875
2026-06,MENA,115,6990/000,MWIHAKI KABURA-Office,Cash and cash equivalents,H11,AED,2026-04,35.12
2026-06,RWANDA,115,6990/000,MWIHAKI KABURA-Office,Cash and cash equivalents,B12,RWF,2026-05,0.08857395925597875
2026-06,MENA,116,7030/000,JAMES OLUBAYI-Office,Cash and cash equivalents,H11,AED,2026-04,35.12
2026-06,RWANDA,116,7030/000,JAMES OLUBAYI-Office,Cash and cash equivalents,B12,RWF,2026-05,0.08857395925597875
2026-06,MENA,117,B60160,NCBA Bank-US$ OFFICE,Cash and cash equivalents,H11,AED,2026-04,35.12
2026-06,RWANDA,117,B60160,NCBA Bank-US$ OFFICE,Cash and cash equivalents,B12,RWF,2026-05,0.08857395925597875
2026-06,MENA,118,B60180,NCBA Office Bank Account-Office,Cash and cash equivalents,H11,AED,2026-04,35.12
2026-06,RWANDA,118,B60180,NCBA Office Bank Account-Office,Cash and cash equivalents,B1,?,?,
2026-06,MENA,119,B60190,PETTY CASH - OFFICE,Cash and cash equivalents,H11,AED,2026-04,35.12
2026-06,RWANDA,119,B60190,PETTY CASH - OFFICE,Cash and cash equivalents,B13,RWF,2026-06,0.08841732979664013
2026-06,DRC,119,B60190,PETTY CASH - OFFICE,Cash and cash equivalents,G12,USD,2026-05,129.55
2026-06,MENA,120,B60210,SBM Bank Account-Office Account,Cash and cash equivalents,H11,AED,2026-04,35.12
2026-06,RWANDA,120,B60210,SBM Bank Account-Office Account,Cash and cash equivalents,B12,RWF,2026-05,0.08857395925597875
2026-06,MENA,121,B60260,UBA Office Account,Cash and cash equivalents,H11,AED,2026-04,35.12
2026-06,NIGERIA,121,B60260,UBA Office Account,Cash and cash equivalents,E13,NGN,2026-06,0.09383327703336712
2026-06,RWANDA,121,B60260,UBA Office Account,Cash and cash equivalents,B12,RWF,2026-05,0.08857395925597875
2026-06,MENA,122,B60170,NATIONAL BANK OF KENYA,Cash and cash equivalents,H11,AED,2026-04,35.12
2026-06,RWANDA,122,B60170,NATIONAL BANK OF KENYA,Cash and cash equivalents,B12,RWF,2026-05,0.08857395925597875
2026-06,MENA,123,B60310,SUNDEEP RAICHURA PREPAID CARD,Cash and cash equivalents,H11,AED,2026-04,35.12
2026-06,RWANDA,123,B60310,SUNDEEP RAICHURA PREPAID CARD,Cash and cash equivalents,B12,RWF,2026-05,0.08857395925597875
2026-06,MENA,124,B60320,ROBERT NJOROGE PREPAID CARD,Cash and cash equivalents,H11,AED,2026-04,35.12
2026-06,RWANDA,124,B60320,ROBERT NJOROGE PREPAID CARD,Cash and cash equivalents,B12,RWF,2026-05,0.08857395925597875
2026-06,MENA,125,B60330,JAY KOSGEI PREPAID CARD,Cash and cash equivalents,H11,AED,2026-04,35.12
2026-06,RWANDA,125,B60330,JAY KOSGEI PREPAID CARD,Cash and cash equivalents,B12,RWF,2026-05,0.08857395925597875
2026-06,MENA,126,B60340,NIKHIL DODHIA PREPARD CARD,Cash and cash equivalents,H11,AED,2026-04,35.12
2026-06,RWANDA,126,B60340,NIKHIL DODHIA PREPARD CARD,Cash and cash equivalents,B12,RWF,2026-05,0.08857395925597875
2026-06,MENA,127,B60350,ADIL SULEMAN PREPAID CARD,Cash and cash equivalents,H11,AED,2026-04,35.12
2026-06,RWANDA,127,B60350,ADIL SULEMAN PREPAID CARD,Cash and cash equivalents,B12,RWF,2026-05,0.08857395925597875
2026-06,MENA,128,B60360,ANTONY KILAVI PREPAID CARD,Cash and cash equivalents,H11,AED,2026-04,35.12
2026-06,RWANDA,128,B60360,ANTONY KILAVI PREPAID CARD,Cash and cash equivalents,B12,RWF,2026-05,0.08857395925597875
2026-06,MENA,129,B60370,PAUL KAMOCHE PREPAID CARD,Cash and cash equivalents,H11,AED,2026-04,35.12
2026-06,RWANDA,129,B60370,PAUL KAMOCHE PREPAID CARD,Cash and cash equivalents,B12,RWF,2026-05,0.08857395925597875
2026-06,MENA,130,B60380,MICHAEL VAATI PRPAID CARD,Cash and cash equivalents,H11,AED,2026-04,35.12
2026-06,RWANDA,130,B60380,MICHAEL VAATI PRPAID CARD,Cash and cash equivalents,B12,RWF,2026-05,0.08857395925597875
2026-06,MENA,131,B60390,RAYMOND MUTHAMA PREPAID CARD,Cash and cash equivalents,H11,AED,2026-04,35.12
2026-06,RWANDA,131,B60390,RAYMOND MUTHAMA PREPAID CARD,Cash and cash equivalents,B12,RWF,2026-05,0.08857395925597875
2026-06,MENA,132,B60400,KHALID OBULINJI PREPAID CARD,Cash and cash equivalents,H11,AED,2026-04,35.12
2026-06,RWANDA,132,B60400,KHALID OBULINJI PREPAID CARD,Cash and cash equivalents,B12,RWF,2026-05,0.08857395925597875
2026-06,MENA,133,B60410,JAMBO JET- AIRTICKETS,Other receivables,H11,AED,2026-04,35.12
2026-06,RWANDA,133,B60410,JAMBO JET- AIRTICKETS,Other receivables,B12,RWF,2026-05,0.08857395925597875
2026-06,MENA,134,B60420,Premium Finance A/C,Borrowings,H11,AED,2026-04,35.12
2026-06,RWANDA,134,B60420,Premium Finance A/C,Borrowings,B12,RWF,2026-05,0.08857395925597875
2026-06,MENA,135,7380/080,Premiums payable,Premiums payable,H11,AED,2026-04,35.12
2026-06,RWANDA,135,7380/080,Premiums payable,Premiums payable,B12,RWF,2026-05,0.08857395925597875
2026-06,DRC,135,7380/080,Premiums payable,Premiums payable,G13,USD,2026-06,129.5
2026-06,DRC,136,9100/000,Fund Receivable,Premium Receivable,G12,USD,2026-05,129.55
2026-06,MENA,137,,Deferred Revenue,Deferred Revenue,H13,AED,2026-06,35.13
2026-06,MENA,138,7381/080,Premiums Receivable(GP),Premium Receivable,H11,AED,2026-04,35.12
2026-06,RWANDA,138,7381/080,Premiums Receivable(GP),Premium Receivable,B12,RWF,2026-05,0.08857395925597875
2026-06,MENA,139,7400/000,Commissions Payable,Trade and other payables,H11,AED,2026-04,35.12
2026-06,RWANDA,139,7400/000,Commissions Payable,Trade and other payables,B12,RWF,2026-05,0.08857395925597875
2026-06,MENA,140,6680/080,Interest Receivable,Other receivables,H11,AED,2026-04,35.12
2026-06,RWANDA,140,6680/080,Interest Receivable,Other receivables,B12,RWF,2026-05,0.08857395925597875
2026-06,MENA,141,B65110,Other Receivables - Disbursements,Other receivables,H11,AED,2026-04,35.12
2026-06,RWANDA,141,B65110,Other Receivables - Disbursements,Other receivables,B1,?,?,
2026-06,MENA,142,B65120,Due to/from Nigeria,Other receivables - Related parties,H11,AED,2026-04,35.12
2026-06,RWANDA,142,B65120,Due to/from Nigeria,Other receivables - Related parties,B1,?,?,
2026-06,MENA,143,B65130,Due from/to AFRIB Transactional,Other receivables - Related parties,H11,AED,2026-04,35.12
2026-06,RWANDA,143,B65130,Due from/to AFRIB Transactional,Other receivables - Related parties,B12,RWF,2026-05,0.08857395925597875
2026-06,DRC,143,B65130,Due from/to AFRIB Transactional,Other receivables - Related parties,G13,USD,2026-06,129.5
2026-06,MENA,144,6361/000,Due to/from Zamara Reinsurance,Other receivables - Related parties,H11,AED,2026-04,35.12
2026-06,RWANDA,144,6361/000,Due to/from Zamara Reinsurance,Other receivables - Related parties,B12,RWF,2026-05,0.08857395925597875
2026-06,MENA,145,6352/000,Due from/to AFFSEA - Transactional,Other receivables - Related parties,H11,AED,2026-04,35.12
2026-06,RWANDA,145,6352/000,Due from/to AFFSEA - Transactional,Other receivables - Related parties,B12,RWF,2026-05,0.08857395925597875
2026-06,MENA,146,B65140,Dues to/from Rwanda,Other receivables - Related parties,H11,AED,2026-04,35.12
2026-06,RWANDA,146,B65140,Dues to/from Rwanda,Other receivables - Related parties,B12,RWF,2026-05,0.08857395925597875
2026-06,MALAWI,147,B65150,Fixed Deposit Account,Cash and cash equivalents,C13,MWK,2026-06,0.07478928120021838
2026-06,MENA,147,B65150,Fixed Deposit Account,Cash and cash equivalents,H11,AED,2026-04,35.12
2026-06,RWANDA,147,B65150,Fixed Deposit Account,Cash and cash equivalents,B13,RWF,2026-06,0.08841732979664013
2026-06,MENA,148,B65160,Placements,Cash and cash equivalents,H11,AED,2026-04,35.12
2026-06,RWANDA,148,B65160,Placements,Cash and cash equivalents,B12,RWF,2026-05,0.08857395925597875
2026-06,DRC,148,B65160,Placements,Cash and cash equivalents,G13,USD,2026-06,129.5
2026-06,MALAWI,149,B65180,Debtors Prepaid other,Other receivables,C13,MWK,2026-06,0.07478928120021838
2026-06,MENA,149,B65180,Debtors Prepaid other,Other receivables,H11,AED,2026-04,35.12
2026-06,RWANDA,149,B65180,Debtors Prepaid other,Other receivables,B12,RWF,2026-05,0.08857395925597875
2026-06,MENA,150,B65230,Tax Recoverable,Tax recoverable,H11,AED,2026-04,35.12
2026-06,RWANDA,150,B65230,Tax Recoverable,Tax recoverable,B12,RWF,2026-05,0.08857395925597875
2026-06,MENA,151,B65240,VAT Receivable Debtor,Trade and other payables,H11,AED,2026-04,35.12
2026-06,RWANDA,151,B65240,VAT Receivable Debtor,Trade and other payables,B12,RWF,2026-05,0.08857395925597875
2026-06,MENA,152,B65260,DUE FROM TANZANIA,Other receivables - Related parties,H11,AED,2026-04,35.12
2026-06,RWANDA,152,B65260,DUE FROM TANZANIA,Other receivables - Related parties,B12,RWF,2026-05,0.08857395925597875
2026-06,MENA,153,B65280,Management Fees Receivable,Cash and cash equivalents,H11,AED,2026-04,35.12
2026-06,RWANDA,153,B65280,Management Fees Receivable,Cash and cash equivalents,B12,RWF,2026-05,0.08857395925597875
2026-06,MALAWI,154,B65290,Withholding IncomeTax,Tax recoverable,C13,MWK,2026-06,0.07478928120021838
2026-06,MENA,154,B65290,Withholding IncomeTax,Tax recoverable,H11,AED,2026-04,35.12
2026-06,NIGERIA,154,B65290,Withholding IncomeTax,Tax recoverable,E13,NGN,2026-06,0.09383327703336712
2026-06,RWANDA,154,B65290,Withholding IncomeTax,Tax recoverable,B12,RWF,2026-05,0.08857395925597875
2026-06,MALAWI,155,7400/000,Withholding Tax Payable,Trade and other payables,C13,MWK,2026-06,0.07478928120021838
2026-06,MENA,155,7400/000,Withholding Tax Payable,Trade and other payables,H11,AED,2026-04,35.12
2026-06,RWANDA,155,7400/000,Withholding Tax Payable,Trade and other payables,B13,RWF,2026-06,0.08841732979664013
2026-06,MENA,156,B65350,INVENTORY ACCOUNT,Other receivables,H11,AED,2026-04,35.12
2026-06,RWANDA,156,B65350,INVENTORY ACCOUNT,Other receivables,B12,RWF,2026-05,0.08857395925597875
2026-06,MENA,157,B65360,Drs- Control ZARINET,Other receivables,H11,AED,2026-04,35.12
2026-06,RWANDA,157,B65360,Drs- Control ZARINET,Other receivables,B12,RWF,2026-05,0.08857395925597875
2026-06,MENA,158,B70120,BCF KENYA,Trade and other payables,H11,AED,2026-04,35.12
2026-06,RWANDA,158,B70120,BCF KENYA,Trade and other payables,B12,RWF,2026-05,0.08857395925597875
2026-06,MENA,159,B70130,Due to/from Dubai,Other receivables - Related parties,H11,AED,2026-04,35.12
2026-06,RWANDA,159,B70130,Due to/from Dubai,Other receivables - Related parties,B12,RWF,2026-05,0.08857395925597875
2026-06,MENA,160,B70140,Zamara pension Scheme,Trade and other payables,H11,AED,2026-04,35.12
2026-06,RWANDA,160,B70140,Zamara pension Scheme,Trade and other payables,B12,RWF,2026-05,0.08857395925597875
2026-06,MENA,161,B70141,Post retirement medical fund,Trade and other payables,H11,AED,2026-04,35.12
2026-06,RWANDA,161,B70141,Post retirement medical fund,Trade and other payables,B12,RWF,2026-05,0.08857395925597875
2026-06,MENA,162,B70142,ABSA LIFE CHECK OFF,Trade and other payables,H11,AED,2026-04,35.12
2026-06,RWANDA,162,B70142,ABSA LIFE CHECK OFF,Trade and other payables,B12,RWF,2026-05,0.08857395925597875
2026-06,MENA,163,B70160,DUE TO /From DRC,Other receivables - Related parties,H11,AED,2026-04,35.12
2026-06,RWANDA,163,B70160,DUE TO /From DRC,Other receivables - Related parties,B12,RWF,2026-05,0.08857395925597875
2026-06,MENA,164,B70180,Due to/from C & P/AFFS,Other receivables - Related parties,H11,AED,2026-04,35.12
2026-06,RWANDA,164,B70180,Due to/from C & P/AFFS,Other receivables - Related parties,B12,RWF,2026-05,0.08857395925597875
2026-06,MENA,165,B70190,Withholding tax 5 %,Trade and other payables,H11,AED,2026-04,35.12
2026-06,RWANDA,165,B70190,Withholding tax 5 %,Trade and other payables,B12,RWF,2026-05,0.08857395925597875
2026-06,MENA,166,B70195,Withholding VAT 2%-Creditors,Trade and other payables,H11,AED,2026-04,35.12
2026-06,RWANDA,166,B70195,Withholding VAT 2%-Creditors,Trade and other payables,B12,RWF,2026-05,0.08857395925597875
2026-06,MENA,167,B70197,WithHolding Tax Other -20% International Creditors,Trade and other payables,H11,AED,2026-04,35.12
2026-06,RWANDA,167,B70197,WithHolding Tax Other -20% International Creditors,Trade and other payables,B12,RWF,2026-05,0.08857395925597875
2026-06,MENA,168,B70198,Withholding VAT 10%-Creditors,Trade and other payables,H11,AED,2026-04,35.12
2026-06,RWANDA,168,B70198,Withholding VAT 10%-Creditors,Trade and other payables,B12,RWF,2026-05,0.08857395925597875
2026-06,MENA,169,B70199,Withholding Tax 3%,Trade and other payables,H11,AED,2026-04,35.12
2026-06,RWANDA,169,B70199,Withholding Tax 3%,Trade and other payables,B12,RWF,2026-05,0.08857395925597875
2026-06,MENA,170,B70200,C&P Coop Sacco,Trade and other payables,H11,AED,2026-04,35.12
2026-06,RWANDA,170,B70200,C&P Coop Sacco,Trade and other payables,B12,RWF,2026-05,0.08857395925597875
2026-06,MENA,171,B70205,WithHolding Tax Other -20% International Creditors,Trade and other payables,H11,AED,2026-04,35.12
2026-06,RWANDA,171,B70205,WithHolding Tax Other -20% International Creditors,Trade and other payables,B12,RWF,2026-05,0.08857395925597875
2026-06,MENA,172,B70210,Social Health Insurance Fund,Trade and other payables,H11,AED,2026-04,35.12
2026-06,RWANDA,172,B70210,Social Health Insurance Fund,Trade and other payables,B12,RWF,2026-05,0.08857395925597875
2026-06,MENA,173,B70220,National Social Security Fund,Trade and other payables,H11,AED,2026-04,35.12
2026-06,RWANDA,173,B70220,National Social Security Fund,Trade and other payables,B12,RWF,2026-05,0.08857395925597875
2026-06,MENA,174,B70230,Paymaster General (PAYE,Trade and other payables,H11,AED,2026-04,35.12
2026-06,NIGERIA,174,B70230,Paymaster General (PAYE,Trade and other payables,E13,NGN,2026-06,0.09383327703336712
2026-06,RWANDA,174,B70230,Paymaster General (PAYE,Trade and other payables,B12,RWF,2026-05,0.08857395925597875
2026-06,MENA,175,B70235,Salaries and Wages,Other receivables,H11,AED,2026-04,35.12
2026-06,RWANDA,175,B70235,Salaries and Wages,Other receivables,B12,RWF,2026-05,0.08857395925597875
2026-06,DRC,175,B70235,Salaries and Wages,Other receivables,G13,USD,2026-06,129.5
2026-06,MENA,176,B70240,STANBIC CHECK OFF,Trade and other payables,H11,AED,2026-04,35.12
2026-06,RWANDA,176,B70240,STANBIC CHECK OFF,Trade and other payables,B12,RWF,2026-05,0.08857395925597875
2026-06,MENA,177,B70260,Stanchart Check off,Trade and other payables,H11,AED,2026-04,35.12
2026-06,RWANDA,177,B70260,Stanchart Check off,Trade and other payables,B12,RWF,2026-05,0.08857395925597875
2026-06,MENA,178,B70270,Vuna Pension Plan,Trade and other payables,H11,AED,2026-04,35.12
2026-06,RWANDA,178,B70270,Vuna Pension Plan,Trade and other payables,B12,RWF,2026-05,0.08857395925597875
2026-06,MALAWI,179,B70280,Prov-Sundries,Trade and other payables,C13,MWK,2026-06,0.07478928120021838
2026-06,MENA,179,B70280,Prov-Sundries,Trade and other payables,H11,AED,2026-04,35.12
2026-06,NIGERIA,179,B70280,Prov-Sundries,Trade and other payables,E13,NGN,2026-06,0.09383327703336712
2026-06,RWANDA,179,B70280,Prov-Sundries,Trade and other payables,B12,RWF,2026-05,0.08857395925597875
2026-06,DRC,179,B70280,Prov-Sundries,Trade and other payables,G13,USD,2026-06,129.5
2026-06,MALAWI,181,B70281,Other Provisions,Trade and other payables,C13,MWK,2026-06,0.07478928120021838
2026-06,MENA,181,B70281,Other Provisions,Trade and other payables,H13,AED,2026-06,35.13
2026-06,NIGERIA,181,B70281,Other Provisions,Trade and other payables,E13,NGN,2026-06,0.09383327703336712
2026-06,RWANDA,181,B70281,Other Provisions,Trade and other payables,B13,RWF,2026-06,0.08841732979664013
2026-06,DRC,181,B70281,Other Provisions,Trade and other payables,G13,USD,2026-06,129.5
2026-06,MENA,182,B70282,Prov-Sundries - SA (GrpIT Alex & PI),Trade and other payables,H11,AED,2026-04,35.12
2026-06,RWANDA,182,B70282,Prov-Sundries - SA (GrpIT Alex & PI),Trade and other payables,B12,RWF,2026-05,0.08857395925597875
2026-06,DRC,182,B70282,Prov-Sundries - SA (GrpIT Alex & PI),Trade and other payables,G12,USD,2026-05,129.55
2026-06,MENA,183,B70310,Higher education loan Board,Trade and other payables,H11,AED,2026-04,35.12
2026-06,RWANDA,183,B70310,Higher education loan Board,Trade and other payables,B12,RWF,2026-05,0.08857395925597875
2026-06,MALAWI,184,B70340,CRS-Trade (Operating),Trade and other payables,C13,MWK,2026-06,0.07478928120021838
2026-06,MENA,184,B70340,CRS-Trade (Operating),Trade and other payables,H13,AED,2026-06,35.13
2026-06,RWANDA,184,B70340,CRS-Trade (Operating),Trade and other payables,B13,RWF,2026-06,0.08841732979664013
2026-06,MENA,185,B70360,Welfare Fund Contributons,Trade and other payables,H11,AED,2026-04,35.12
2026-06,RWANDA,185,B70360,Welfare Fund Contributons,Trade and other payables,B12,RWF,2026-05,0.08857395925597875
2026-06,MENA,186,B70390,Equity Check off,Trade and other payables,H11,AED,2026-04,35.12
2026-06,RWANDA,186,B70390,Equity Check off,Trade and other payables,B12,RWF,2026-05,0.08857395925597875
2026-06,MALAWI,187,B70400,Other Payables-Refunds,Trade and other payables,C13,MWK,2026-06,0.07478928120021838
2026-06,MENA,187,B70400,Other Payables-Refunds,Trade and other payables,H11,AED,2026-04,35.12
2026-06,RWANDA,187,B70400,Other Payables-Refunds,Trade and other payables,B12,RWF,2026-05,0.08857395925597875
2026-06,DRC,187,B70400,Other Payables-Refunds,Trade and other payables,G13,USD,2026-06,129.5
2026-06,MENA,188,B70410,Housing Levy,Trade and other payables,H11,AED,2026-04,35.12
2026-06,RWANDA,188,B70410,Housing Levy,Trade and other payables,B12,RWF,2026-05,0.08857395925597875
2026-06,MENA,189,B70420,Absa Check off,Trade and other payables,H11,AED,2026-04,35.12
2026-06,RWANDA,189,B70420,Absa Check off,Trade and other payables,B12,RWF,2026-05,0.08857395925597875
2026-06,MALAWI,190,B75120,Tax Provision-Other,Tax recoverable,C13,MWK,2026-06,0.07478928120021838
2026-06,NIGERIA,190,B75120,Tax Provision-Other,Tax recoverable,E13,NGN,2026-06,0.09383327703336712
2026-06,RWANDA,190,B75120,Tax Provision-Other,Tax recoverable,B13,RWF,2026-06,0.08841732979664013
2026-06,DRC,190,B75120,Tax Provision-Other,Tax recoverable,G13,USD,2026-06,129.5
2026-06,MALAWI,191,B80110,Bonus(General provision),Trade and other payables,C13,MWK,2026-06,0.07478928120021838
2026-06,MENA,191,B80110,Bonus(General provision),Trade and other payables,H11,AED,2026-04,35.12
2026-06,RWANDA,191,B80110,Bonus(General provision),Trade and other payables,B12,RWF,2026-05,0.08857395925597875
2026-06,MENA,192,B80120,Fees Suspense A/c,Other receivables,H11,AED,2026-04,35.12
2026-06,RWANDA,192,B80120,Fees Suspense A/c,Other receivables,B12,RWF,2026-05,0.08857395925597875
2026-06,MALAWI,193,B80170,VAT Control Account,Trade and other payables,C13,MWK,2026-06,0.07478928120021838
2026-06,MENA,193,B80170,VAT Control Account,Trade and other payables,H13,AED,2026-06,35.13
2026-06,NIGERIA,193,B80170,VAT Control Account,Trade and other payables,E13,NGN,2026-06,0.09383327703336712
2026-06,RWANDA,193,B80170,VAT Control Account,Trade and other payables,B13,RWF,2026-06,0.08841732979664013
2026-06,DRC,193,B80170,VAT Control Account,Trade and other payables,G13,USD,2026-06,129.5
2026-06,MENA,194,7460/000,VAT(REVERSE VAT),Other receivables,H11,AED,2026-04,35.12
2026-06,RWANDA,194,7460/000,VAT(REVERSE VAT),Other receivables,B12,RWF,2026-05,0.08857395925597875
2026-06,MENA,195,B80140,Current Tax,Tax recoverable,H11,AED,2026-04,35.12
2026-06,RWANDA,195,B80140,Current Tax,Tax recoverable,B12,RWF,2026-05,0.08857395925597875
2026-06,MENA,196,B80151,Prepayments,Other receivables,H13,AED,2026-06,35.13
2026-06,NIGERIA,196,B80151,Prepayments,Other receivables,E13,NGN,2026-06,0.09383327703336712
2026-06,RWANDA,196,B80151,Prepayments,Other receivables,B13,RWF,2026-06,0.08841732979664013
2026-06,MENA,197,B80152,Due from/(to) ZAAC Zanzibar,Trade and other payables,H11,AED,2026-04,35.12
2026-06,RWANDA,197,B80152,Due from/(to) ZAAC Zanzibar,Trade and other payables,B12,RWF,2026-05,0.08857395925597875
2026-06,MALAWI,198,I10035,Sundry Income,Income Statement-Revenue,C15,MWK,AVERAGE,0.07457850819903421
2026-06,RWANDA,198,I10035,Sundry Income,Income Statement-Revenue,B15,RWF,AVERAGE,0.0886400924282843
2026-06,MALAWI,199,I10058,Consulting-One-off,Income Statement-Revenue,C15,MWK,AVERAGE,0.07457850819903421
2026-06,MENA,199,I10058,Consulting-One-off,Income Statement-Revenue,H15,AED,AVERAGE,35.161300000000004
2026-06,RWANDA,199,I10058,Consulting-One-off,Income Statement-Revenue,B15,RWF,AVERAGE,0.0886400924282843
2026-06,MALAWI,200,I10060,Actuarial - Once-off,Income Statement-Revenue,C15,MWK,AVERAGE,0.07457850819903421
2026-06,MENA,200,I10060,Actuarial - Once-off,Income Statement-Revenue,H15,AED,AVERAGE,35.161300000000004
2026-06,NIGERIA,200,I10060,Actuarial - Once-off,Income Statement-Revenue,E15,NGN,AVERAGE,0.09422242742549343
2026-06,RWANDA,200,I10060,Actuarial - Once-off,Income Statement-Revenue,B15,RWF,AVERAGE,0.0886400924282843
2026-06,MALAWI,201,I10067,AF Trust Fund,Income Statement-Revenue,C15,MWK,AVERAGE,0.07457850819903421
2026-06,MENA,201,I10067,AF Trust Fund,Income Statement-Revenue,H15,AED,AVERAGE,35.161300000000004
2026-06,RWANDA,201,I10067,AF Trust Fund,Income Statement-Revenue,B15,RWF,AVERAGE,0.0886400924282843
2026-06,MALAWI,202,I10068,Retirement plans - Income Draw Down,Income Statement-Revenue,C15,MWK,AVERAGE,0.07457850819903421
2026-06,MENA,202,I10068,Retirement plans - Income Draw Down,Income Statement-Revenue,H15,AED,AVERAGE,35.161300000000004
2026-06,RWANDA,202,I10068,Retirement plans - Income Draw Down,Income Statement-Revenue,B15,RWF,AVERAGE,0.0886400924282843
2026-06,MALAWI,203,I10070,IPP - Vuna Retirement Plan,Income Statement-Revenue,C15,MWK,AVERAGE,0.07457850819903421
2026-06,MENA,203,I10070,IPP - Vuna Retirement Plan,Income Statement-Revenue,H15,AED,AVERAGE,35.161300000000004
2026-06,RWANDA,203,I10070,IPP - Vuna Retirement Plan,Income Statement-Revenue,B15,RWF,AVERAGE,0.0886400924282843
2026-06,MALAWI,204,I10071,MC-ADMIN FEES,Income Statement-Revenue,C15,MWK,AVERAGE,0.07457850819903421
2026-06,MENA,204,I10071,MC-ADMIN FEES,Income Statement-Revenue,H15,AED,AVERAGE,35.161300000000004
2026-06,NIGERIA,204,I10071,MC-ADMIN FEES,Income Statement-Revenue,E15,NGN,AVERAGE,0.09422242742549343
2026-06,RWANDA,204,I10071,MC-ADMIN FEES,Income Statement-Revenue,B15,RWF,AVERAGE,0.0886400924282843
2026-06,MALAWI,205,1940/500,IAC Fees,Income Statement-Revenue,C15,MWK,AVERAGE,0.07457850819903421
2026-06,MENA,205,1940/500,IAC Fees,Income Statement-Revenue,H15,AED,AVERAGE,35.161300000000004
2026-06,RWANDA,205,1940/500,IAC Fees,Income Statement-Revenue,B15,RWF,AVERAGE,0.0886400924282843
2026-06,MALAWI,206,I10073,AFRF Admin Fees,Income Statement-Revenue,C15,MWK,AVERAGE,0.07457850819903421
2026-06,MENA,206,I10073,AFRF Admin Fees,Income Statement-Revenue,H15,AED,AVERAGE,35.161300000000004
2026-06,RWANDA,206,I10073,AFRF Admin Fees,Income Statement-Revenue,B15,RWF,AVERAGE,0.0886400924282843
2026-06,MALAWI,207,I10122,Trustee Training/Workshops,Income Statement-Revenue,C15,MWK,AVERAGE,0.07457850819903421
2026-06,MENA,207,I10122,Trustee Training/Workshops,Income Statement-Revenue,H15,AED,AVERAGE,35.161300000000004
2026-06,RWANDA,207,I10122,Trustee Training/Workshops,Income Statement-Revenue,B15,RWF,AVERAGE,0.0886400924282843
2026-06,MALAWI,208,,LOSS/GAIN ON DISPOSAL,Income Statement-Revenue,C15,MWK,AVERAGE,0.07457850819903421
2026-06,MALAWI,209,1020/080,Commission,Income Statement-Revenue,C15,MWK,AVERAGE,0.07457850819903421
2026-06,MENA,209,1020/080,Commission,Income Statement-Revenue,H15,AED,AVERAGE,35.161300000000004
2026-06,RWANDA,209,1020/080,Commission,Income Statement-Revenue,B15,RWF,AVERAGE,0.0886400924282843
2026-06,DRC,209,1020/080,Commission,Income Statement-Revenue,G15,USD,AVERAGE,129.36666666666667
2026-06,MALAWI,210,1040/080,Interest Income,Income Statement-Revenue,C15,MWK,AVERAGE,0.07457850819903421
2026-06,MENA,210,1040/080,Interest Income,Income Statement-Revenue,H15,AED,AVERAGE,35.161300000000004
2026-06,NIGERIA,210,1040/080,Interest Income,Income Statement-Revenue,E15,NGN,AVERAGE,0.09422242742549343
2026-06,RWANDA,210,1040/080,Interest Income,Income Statement-Revenue,B15,RWF,AVERAGE,0.0886400924282843
2026-06,MENA,211,1080/000,Other Income,Income Statement-Revenue,H15,AED,AVERAGE,35.161300000000004
2026-06,RWANDA,211,1080/000,Other Income,Income Statement-Revenue,B15,RWF,AVERAGE,0.0886400924282843
2026-06,MALAWI,212,I25001,Emol.Pack-Salaries,Income Statement-Expenses,C15,MWK,AVERAGE,0.07457850819903421
2026-06,MENA,212,I25001,Emol.Pack-Salaries,Income Statement-Expenses,H15,AED,AVERAGE,35.161300000000004
2026-06,NIGERIA,212,I25001,Emol.Pack-Salaries,Income Statement-Expenses,E15,NGN,AVERAGE,0.09422242742549343
2026-06,RWANDA,212,I25001,Emol.Pack-Salaries,Income Statement-Expenses,B15,RWF,AVERAGE,0.0886400924282843
2026-06,DRC,212,I25001,Emol.Pack-Salaries,Income Statement-Expenses,G15,USD,AVERAGE,129.36666666666667
2026-06,MENA,213,I25002,Emol.Pack-Housing Subsid,Income Statement-Expenses,H15,AED,AVERAGE,35.161300000000004
2026-06,RWANDA,213,I25002,Emol.Pack-Housing Subsid,Income Statement-Expenses,B15,RWF,AVERAGE,0.0886400924282843
2026-06,MALAWI,214,I25003,Emol.Pack-Med.Contribut.,Income Statement-Expenses,C15,MWK,AVERAGE,0.07457850819903421
2026-06,MENA,214,I25003,Emol.Pack-Med.Contribut.,Income Statement-Expenses,H15,AED,AVERAGE,35.161300000000004
2026-06,NIGERIA,214,I25003,Emol.Pack-Med.Contribut.,Income Statement-Expenses,E15,NGN,AVERAGE,0.09422242742549343
2026-06,RWANDA,214,I25003,Emol.Pack-Med.Contribut.,Income Statement-Expenses,B15,RWF,AVERAGE,0.0886400924282843
2026-06,DRC,214,I25003,Emol.Pack-Med.Contribut.,Income Statement-Expenses,G15,USD,AVERAGE,129.36666666666667
2026-06,MALAWI,215,I25004,Emol.Pack-Pens.Contribut.,Income Statement-Expenses,C15,MWK,AVERAGE,0.07457850819903421
2026-06,MENA,215,I25004,Emol.Pack-Pens.Contribut.,Income Statement-Expenses,H15,AED,AVERAGE,35.161300000000004
2026-06,NIGERIA,215,I25004,Emol.Pack-Pens.Contribut.,Income Statement-Expenses,E15,NGN,AVERAGE,0.09422242742549343
2026-06,RWANDA,215,I25004,Emol.Pack-Pens.Contribut.,Income Statement-Expenses,B15,RWF,AVERAGE,0.0886400924282843
2026-06,MALAWI,216,I25005,Emol.Pack-Other,Income Statement-Expenses,C15,MWK,AVERAGE,0.07457850819903421
2026-06,MENA,216,I25005,Emol.Pack-Other,Income Statement-Expenses,H15,AED,AVERAGE,35.161300000000004
2026-06,NIGERIA,216,I25005,Emol.Pack-Other,Income Statement-Expenses,E15,NGN,AVERAGE,0.09422242742549343
2026-06,RWANDA,216,I25005,Emol.Pack-Other,Income Statement-Expenses,B15,RWF,AVERAGE,0.0886400924282843
2026-06,DRC,216,I25005,Emol.Pack-Other,Income Statement-Expenses,G15,USD,AVERAGE,129.36666666666667
2026-06,MALAWI,217,I25009,Co.Contrib-Life Assurance,Income Statement-Expenses,C15,MWK,AVERAGE,0.07457850819903421
2026-06,MENA,217,I25009,Co.Contrib-Life Assurance,Income Statement-Expenses,H15,AED,AVERAGE,35.161300000000004
2026-06,NIGERIA,217,I25009,Co.Contrib-Life Assurance,Income Statement-Expenses,E15,NGN,AVERAGE,0.09422242742549343
2026-06,RWANDA,217,I25009,Co.Contrib-Life Assurance,Income Statement-Expenses,B15,RWF,AVERAGE,0.0886400924282843
2026-06,MALAWI,218,I25020,Temporary Staff-General,Income Statement-Expenses,C15,MWK,AVERAGE,0.07457850819903421
2026-06,MENA,218,I25020,Temporary Staff-General,Income Statement-Expenses,H15,AED,AVERAGE,35.161300000000004
2026-06,NIGERIA,218,I25020,Temporary Staff-General,Income Statement-Expenses,E15,NGN,AVERAGE,0.09422242742549343
2026-06,RWANDA,218,I25020,Temporary Staff-General,Income Statement-Expenses,B15,RWF,AVERAGE,0.0886400924282843
2026-06,DRC,218,I25020,Temporary Staff-General,Income Statement-Expenses,G15,USD,AVERAGE,129.36666666666667
2026-06,MALAWI,219,I25024,Welfare-General,Income Statement-Expenses,C15,MWK,AVERAGE,0.07457850819903421
2026-06,MENA,219,I25024,Welfare-General,Income Statement-Expenses,H15,AED,AVERAGE,35.161300000000004
2026-06,RWANDA,219,I25024,Welfare-General,Income Statement-Expenses,B15,RWF,AVERAGE,0.0886400924282843
2026-06,MALAWI,220,I25026,Training EXTERNAL,Income Statement-Expenses,C15,MWK,AVERAGE,0.07457850819903421
2026-06,MENA,220,I25026,Training EXTERNAL,Income Statement-Expenses,H15,AED,AVERAGE,35.161300000000004
2026-06,NIGERIA,220,I25026,Training EXTERNAL,Income Statement-Expenses,E15,NGN,AVERAGE,0.09422242742549343
2026-06,RWANDA,220,I25026,Training EXTERNAL,Income Statement-Expenses,B15,RWF,AVERAGE,0.0886400924282843
2026-06,DRC,220,I25026,Training EXTERNAL,Income Statement-Expenses,G15,USD,AVERAGE,129.36666666666667
2026-06,MALAWI,221,I25027,Training INTERNAL,Income Statement-Expenses,C15,MWK,AVERAGE,0.07457850819903421
2026-06,MENA,221,I25027,Training INTERNAL,Income Statement-Expenses,H15,AED,AVERAGE,35.161300000000004
2026-06,RWANDA,221,I25027,Training INTERNAL,Income Statement-Expenses,B15,RWF,AVERAGE,0.0886400924282843
2026-06,MALAWI,222,I25028,Other Staff Benefits,Income Statement-Expenses,C15,MWK,AVERAGE,0.07457850819903421
2026-06,MENA,222,I25028,Other Staff Benefits,Income Statement-Expenses,H15,AED,AVERAGE,35.161300000000004
2026-06,RWANDA,222,I25028,Other Staff Benefits,Income Statement-Expenses,B15,RWF,AVERAGE,0.0886400924282843
2026-06,DRC,222,I25028,Other Staff Benefits,Income Statement-Expenses,G15,USD,AVERAGE,129.36666666666667
2026-06,MALAWI,223,I25029,Other Staff Costs,Income Statement-Expenses,C15,MWK,AVERAGE,0.07457850819903421
2026-06,MENA,223,I25029,Other Staff Costs,Income Statement-Expenses,H15,AED,AVERAGE,35.161300000000004
2026-06,NIGERIA,223,I25029,Other Staff Costs,Income Statement-Expenses,E15,NGN,AVERAGE,0.09422242742549343
2026-06,RWANDA,223,I25029,Other Staff Costs,Income Statement-Expenses,B15,RWF,AVERAGE,0.0886400924282843
2026-06,DRC,223,I25029,Other Staff Costs,Income Statement-Expenses,G15,USD,AVERAGE,129.36666666666667
2026-06,MALAWI,224,I25032,Commissions - Lead,Income Statement-Expenses,C15,MWK,AVERAGE,0.07457850819903421
2026-06,MENA,224,I25032,Commissions - Lead,Income Statement-Expenses,H15,AED,AVERAGE,35.161300000000004
2026-06,RWANDA,224,I25032,Commissions - Lead,Income Statement-Expenses,B15,RWF,AVERAGE,0.0886400924282843
2026-06,DRC,224,I25032,Commissions - Lead,Income Statement-Expenses,G15,USD,AVERAGE,129.36666666666667
2026-06,MALAWI,225,I25033,Commission Leads,Income Statement-Expenses,C15,MWK,AVERAGE,0.07457850819903421
2026-06,MENA,225,I25033,Commission Leads,Income Statement-Expenses,H15,AED,AVERAGE,35.161300000000004
2026-06,RWANDA,225,I25033,Commission Leads,Income Statement-Expenses,B15,RWF,AVERAGE,0.0886400924282843
2026-06,MALAWI,226,I25071,Prem-Cleaning,Income Statement-Expenses,C15,MWK,AVERAGE,0.07457850819903421
2026-06,MENA,226,I25071,Prem-Cleaning,Income Statement-Expenses,H15,AED,AVERAGE,35.161300000000004
2026-06,RWANDA,226,I25071,Prem-Cleaning,Income Statement-Expenses,B15,RWF,AVERAGE,0.0886400924282843
2026-06,MALAWI,227,I25072,Prem-Electricity,Income Statement-Expenses,C15,MWK,AVERAGE,0.07457850819903421
2026-06,MENA,227,I25072,Prem-Electricity,Income Statement-Expenses,H15,AED,AVERAGE,35.161300000000004
2026-06,NIGERIA,227,I25072,Prem-Electricity,Income Statement-Expenses,E15,NGN,AVERAGE,0.09422242742549343
2026-06,RWANDA,227,I25072,Prem-Electricity,Income Statement-Expenses,B15,RWF,AVERAGE,0.0886400924282843
2026-06,DRC,227,I25072,Prem-Electricity,Income Statement-Expenses,G15,USD,AVERAGE,129.36666666666667
2026-06,MALAWI,228,I25073,Prem-Security,Income Statement-Expenses,C15,MWK,AVERAGE,0.07457850819903421
2026-06,MENA,228,I25073,Prem-Security,Income Statement-Expenses,H15,AED,AVERAGE,35.161300000000004
2026-06,RWANDA,228,I25073,Prem-Security,Income Statement-Expenses,B15,RWF,AVERAGE,0.0886400924282843
2026-06,DRC,228,I25073,Prem-Security,Income Statement-Expenses,G15,USD,AVERAGE,129.36666666666667
2026-06,MALAWI,229,I25074,Prem-Rates,Income Statement-Expenses,C15,MWK,AVERAGE,0.07457850819903421
2026-06,MENA,229,I25074,Prem-Rates,Income Statement-Expenses,H15,AED,AVERAGE,35.161300000000004
2026-06,RWANDA,229,I25074,Prem-Rates,Income Statement-Expenses,B15,RWF,AVERAGE,0.0886400924282843
2026-06,DRC,229,I25074,Prem-Rates,Income Statement-Expenses,G15,USD,AVERAGE,129.36666666666667
2026-06,MALAWI,230,I25079,Prem-Rental(EXTERNAL),Income Statement-Expenses,C15,MWK,AVERAGE,0.07457850819903421
2026-06,MENA,230,I25079,Prem-Rental(EXTERNAL),Income Statement-Expenses,H15,AED,AVERAGE,35.161300000000004
2026-06,NIGERIA,230,I25079,Prem-Rental(EXTERNAL),Income Statement-Expenses,E15,NGN,AVERAGE,0.09422242742549343
2026-06,RWANDA,230,I25079,Prem-Rental(EXTERNAL),Income Statement-Expenses,B15,RWF,AVERAGE,0.0886400924282843
2026-06,DRC,230,I25079,Prem-Rental(EXTERNAL),Income Statement-Expenses,G15,USD,AVERAGE,129.36666666666667
2026-06,MALAWI,231,3890/080,Prem-Rental(INTERNAL),Income Statement-Expenses,C15,MWK,AVERAGE,0.07457850819903421
2026-06,MENA,231,3890/080,Prem-Rental(INTERNAL),Income Statement-Expenses,H15,AED,AVERAGE,35.161300000000004
2026-06,RWANDA,231,3890/080,Prem-Rental(INTERNAL),Income Statement-Expenses,B15,RWF,AVERAGE,0.0886400924282843
2026-06,DRC,231,3890/080,Prem-Rental(INTERNAL),Income Statement-Expenses,G15,USD,AVERAGE,129.36666666666667
2026-06,MALAWI,232,I25080,Prem-Parking(EXTERNAL),Income Statement-Expenses,C15,MWK,AVERAGE,0.07457850819903421
2026-06,MENA,232,I25080,Prem-Parking(EXTERNAL),Income Statement-Expenses,H15,AED,AVERAGE,35.161300000000004
2026-06,RWANDA,232,I25080,Prem-Parking(EXTERNAL),Income Statement-Expenses,B15,RWF,AVERAGE,0.0886400924282843
2026-06,DRC,232,I25080,Prem-Parking(EXTERNAL),Income Statement-Expenses,G15,USD,AVERAGE,129.36666666666667
2026-06,MALAWI,233,I25111,Printing-General,Income Statement-Expenses,C15,MWK,AVERAGE,0.07457850819903421
2026-06,MENA,233,I25111,Printing-General,Income Statement-Expenses,H15,AED,AVERAGE,35.161300000000004
2026-06,NIGERIA,233,I25111,Printing-General,Income Statement-Expenses,E15,NGN,AVERAGE,0.09422242742549343
2026-06,RWANDA,233,I25111,Printing-General,Income Statement-Expenses,B15,RWF,AVERAGE,0.0886400924282843
2026-06,DRC,233,I25111,Printing-General,Income Statement-Expenses,G15,USD,AVERAGE,129.36666666666667
2026-06,MALAWI,234,I25114,Stationery-General,Income Statement-Expenses,C15,MWK,AVERAGE,0.07457850819903421
2026-06,MENA,234,I25114,Stationery-General,Income Statement-Expenses,H15,AED,AVERAGE,35.161300000000004
2026-06,RWANDA,234,I25114,Stationery-General,Income Statement-Expenses,B15,RWF,AVERAGE,0.0886400924282843
2026-06,DRC,234,I25114,Stationery-General,Income Statement-Expenses,G15,USD,AVERAGE,129.36666666666667
2026-06,MALAWI,235,I25141,Prof.Fees-Audit Fees,Income Statement-Expenses,C15,MWK,AVERAGE,0.07457850819903421
2026-06,MENA,235,I25141,Prof.Fees-Audit Fees,Income Statement-Expenses,H15,AED,AVERAGE,35.161300000000004
2026-06,NIGERIA,235,I25141,Prof.Fees-Audit Fees,Income Statement-Expenses,E15,NGN,AVERAGE,0.09422242742549343
2026-06,RWANDA,235,I25141,Prof.Fees-Audit Fees,Income Statement-Expenses,B15,RWF,AVERAGE,0.0886400924282843
2026-06,DRC,235,I25141,Prof.Fees-Audit Fees,Income Statement-Expenses,G15,USD,AVERAGE,129.36666666666667
2026-06,MALAWI,236,I25145,Prof.Fees-Other,Income Statement-Expenses,C15,MWK,AVERAGE,0.07457850819903421
2026-06,MENA,236,I25145,Prof.Fees-Other,Income Statement-Expenses,H15,AED,AVERAGE,35.161300000000004
2026-06,NIGERIA,236,I25145,Prof.Fees-Other,Income Statement-Expenses,E15,NGN,AVERAGE,0.09422242742549343
2026-06,RWANDA,236,I25145,Prof.Fees-Other,Income Statement-Expenses,B15,RWF,AVERAGE,0.0886400924282843
2026-06,DRC,236,I25145,Prof.Fees-Other,Income Statement-Expenses,G15,USD,AVERAGE,129.36666666666667
2026-06,MALAWI,237,I25181,Trav. Air Fares,Income Statement-Expenses,C15,MWK,AVERAGE,0.07457850819903421
2026-06,MENA,237,I25181,Trav. Air Fares,Income Statement-Expenses,H15,AED,AVERAGE,35.161300000000004
2026-06,NIGERIA,237,I25181,Trav. Air Fares,Income Statement-Expenses,E15,NGN,AVERAGE,0.09422242742549343
2026-06,RWANDA,237,I25181,Trav. Air Fares,Income Statement-Expenses,B15,RWF,AVERAGE,0.0886400924282843
2026-06,DRC,237,I25181,Trav. Air Fares,Income Statement-Expenses,G15,USD,AVERAGE,129.36666666666667
2026-06,MALAWI,238,I25182,Trav. Accom.,Income Statement-Expenses,C15,MWK,AVERAGE,0.07457850819903421
2026-06,MENA,238,I25182,Trav. Accom.,Income Statement-Expenses,H15,AED,AVERAGE,35.161300000000004
2026-06,RWANDA,238,I25182,Trav. Accom.,Income Statement-Expenses,B15,RWF,AVERAGE,0.0886400924282843
2026-06,DRC,238,I25182,Trav. Accom.,Income Statement-Expenses,G15,USD,AVERAGE,129.36666666666667
2026-06,MALAWI,239,3400/200,Trav. Sundry exp.,Income Statement-Expenses,C15,MWK,AVERAGE,0.07457850819903421
2026-06,MENA,239,3400/200,Trav. Sundry exp.,Income Statement-Expenses,H15,AED,AVERAGE,35.161300000000004
2026-06,NIGERIA,239,3400/200,Trav. Sundry exp.,Income Statement-Expenses,E15,NGN,AVERAGE,0.09422242742549343
2026-06,RWANDA,239,3400/200,Trav. Sundry exp.,Income Statement-Expenses,B15,RWF,AVERAGE,0.0886400924282843
2026-06,DRC,239,3400/200,Trav. Sundry exp.,Income Statement-Expenses,G15,USD,AVERAGE,129.36666666666667
2026-06,MALAWI,240,I25192,Conference Given By Us,Income Statement-Expenses,C15,MWK,AVERAGE,0.07457850819903421
2026-06,MENA,240,I25192,Conference Given By Us,Income Statement-Expenses,H15,AED,AVERAGE,35.161300000000004
2026-06,RWANDA,240,I25192,Conference Given By Us,Income Statement-Expenses,B15,RWF,AVERAGE,0.0886400924282843
2026-06,MALAWI,241,I25193,Conference Attended by Us,Income Statement-Expenses,C15,MWK,AVERAGE,0.07457850819903421
2026-06,MENA,241,I25193,Conference Attended by Us,Income Statement-Expenses,H15,AED,AVERAGE,35.161300000000004
2026-06,NIGERIA,241,I25193,Conference Attended by Us,Income Statement-Expenses,E15,NGN,AVERAGE,0.09422242742549343
2026-06,RWANDA,241,I25193,Conference Attended by Us,Income Statement-Expenses,B15,RWF,AVERAGE,0.0886400924282843
2026-06,DRC,241,I25193,Conference Attended by Us,Income Statement-Expenses,G15,USD,AVERAGE,129.36666666666667
2026-06,MALAWI,242,3510/200,Management expenses,Income Statement-Expenses,C15,MWK,AVERAGE,0.07457850819903421
2026-06,MENA,242,3510/200,Management expenses,Income Statement-Expenses,H15,AED,AVERAGE,35.161300000000004
2026-06,NIGERIA,242,3510/200,Management expenses,Income Statement-Expenses,E15,NGN,AVERAGE,0.09422242742549343
2026-06,RWANDA,242,3510/200,Management expenses,Income Statement-Expenses,B15,RWF,AVERAGE,0.0886400924282843
2026-06,DRC,242,3510/200,Management expenses,Income Statement-Expenses,G15,USD,AVERAGE,129.36666666666667
2026-06,MALAWI,243,I25203,Bus.Advert-General,Income Statement-Expenses,C15,MWK,AVERAGE,0.07457850819903421
2026-06,MENA,243,I25203,Bus.Advert-General,Income Statement-Expenses,H15,AED,AVERAGE,35.161300000000004
2026-06,NIGERIA,243,I25203,Bus.Advert-General,Income Statement-Expenses,E15,NGN,AVERAGE,0.09422242742549343
2026-06,RWANDA,243,I25203,Bus.Advert-General,Income Statement-Expenses,B15,RWF,AVERAGE,0.0886400924282843
2026-06,DRC,243,I25203,Bus.Advert-General,Income Statement-Expenses,G15,USD,AVERAGE,129.36666666666667
2026-06,MALAWI,244,I25204,Bus.Advert-PR Material,Income Statement-Expenses,C15,MWK,AVERAGE,0.07457850819903421
2026-06,MENA,244,I25204,Bus.Advert-PR Material,Income Statement-Expenses,H15,AED,AVERAGE,35.161300000000004
2026-06,RWANDA,244,I25204,Bus.Advert-PR Material,Income Statement-Expenses,B15,RWF,AVERAGE,0.0886400924282843
2026-06,MALAWI,245,I25205,Sponsorships-General,Income Statement-Expenses,C15,MWK,AVERAGE,0.07457850819903421
2026-06,MENA,245,I25205,Sponsorships-General,Income Statement-Expenses,H15,AED,AVERAGE,35.161300000000004
2026-06,RWANDA,245,I25205,Sponsorships-General,Income Statement-Expenses,B15,RWF,AVERAGE,0.0886400924282843
2026-06,DRC,245,I25205,Sponsorships-General,Income Statement-Expenses,G15,USD,AVERAGE,129.36666666666667
2026-06,MALAWI,246,I25232,Telephone-Variable,Income Statement-Expenses,C15,MWK,AVERAGE,0.07457850819903421
2026-06,MENA,246,I25232,Telephone-Variable,Income Statement-Expenses,H15,AED,AVERAGE,35.161300000000004
2026-06,NIGERIA,246,I25232,Telephone-Variable,Income Statement-Expenses,E15,NGN,AVERAGE,0.09422242742549343
2026-06,RWANDA,246,I25232,Telephone-Variable,Income Statement-Expenses,B15,RWF,AVERAGE,0.0886400924282843
2026-06,DRC,246,I25232,Telephone-Variable,Income Statement-Expenses,G15,USD,AVERAGE,129.36666666666667
2026-06,MALAWI,247,I25236,Courier Services Cost,Income Statement-Expenses,C15,MWK,AVERAGE,0.07457850819903421
2026-06,MENA,247,I25236,Courier Services Cost,Income Statement-Expenses,H15,AED,AVERAGE,35.161300000000004
2026-06,NIGERIA,247,I25236,Courier Services Cost,Income Statement-Expenses,E15,NGN,AVERAGE,0.09422242742549343
2026-06,RWANDA,247,I25236,Courier Services Cost,Income Statement-Expenses,B15,RWF,AVERAGE,0.0886400924282843
2026-06,DRC,247,I25236,Courier Services Cost,Income Statement-Expenses,G15,USD,AVERAGE,129.36666666666667
2026-06,MALAWI,248,I25262,S/ware Depreciation,Income Statement-Expenses,C15,MWK,AVERAGE,0.07457850819903421
2026-06,MENA,248,I25262,S/ware Depreciation,Income Statement-Expenses,H15,AED,AVERAGE,35.161300000000004
2026-06,RWANDA,248,I25262,S/ware Depreciation,Income Statement-Expenses,B15,RWF,AVERAGE,0.0886400924282843
2026-06,MALAWI,249,I25264,Furn-Depreciation,Income Statement-Expenses,C15,MWK,AVERAGE,0.07457850819903421
2026-06,MENA,249,I25264,Furn-Depreciation,Income Statement-Expenses,H15,AED,AVERAGE,35.161300000000004
2026-06,NIGERIA,249,I25264,Furn-Depreciation,Income Statement-Expenses,E15,NGN,AVERAGE,0.09422242742549343
2026-06,RWANDA,249,I25264,Furn-Depreciation,Income Statement-Expenses,B15,RWF,AVERAGE,0.0886400924282843
2026-06,DRC,249,I25264,Furn-Depreciation,Income Statement-Expenses,G15,USD,AVERAGE,129.36666666666667
2026-06,MALAWI,250,4000/000,VALUE ADDS,Income Statement-Expenses,C15,MWK,AVERAGE,0.07457850819903421
2026-06,MENA,250,4000/000,VALUE ADDS,Income Statement-Expenses,H15,AED,AVERAGE,35.161300000000004
2026-06,RWANDA,250,4000/000,VALUE ADDS,Income Statement-Expenses,B15,RWF,AVERAGE,0.0886400924282843
2026-06,MALAWI,251,I25265,Equip-Depreciation,Income Statement-Expenses,C15,MWK,AVERAGE,0.07457850819903421
2026-06,MENA,251,I25265,Equip-Depreciation,Income Statement-Expenses,H15,AED,AVERAGE,35.161300000000004
2026-06,NIGERIA,251,I25265,Equip-Depreciation,Income Statement-Expenses,E15,NGN,AVERAGE,0.09422242742549343
2026-06,RWANDA,251,I25265,Equip-Depreciation,Income Statement-Expenses,B15,RWF,AVERAGE,0.0886400924282843
2026-06,DRC,251,I25265,Equip-Depreciation,Income Statement-Expenses,G15,USD,AVERAGE,129.36666666666667
2026-06,MALAWI,252,I25268,Goodwill amortisation,Income Statement-Expenses,C15,MWK,AVERAGE,0.07457850819903421
2026-06,MENA,252,I25268,Goodwill amortisation,Income Statement-Expenses,H15,AED,AVERAGE,35.161300000000004
2026-06,RWANDA,252,I25268,Goodwill amortisation,Income Statement-Expenses,B15,RWF,AVERAGE,0.0886400924282843
2026-06,MALAWI,253,I25291,Entertainment-(IN TOWN),Income Statement-Expenses,C15,MWK,AVERAGE,0.07457850819903421
2026-06,MENA,253,I25291,Entertainment-(IN TOWN),Income Statement-Expenses,H15,AED,AVERAGE,35.161300000000004
2026-06,RWANDA,253,I25291,Entertainment-(IN TOWN),Income Statement-Expenses,B15,RWF,AVERAGE,0.0886400924282843
2026-06,DRC,253,I25291,Entertainment-(IN TOWN),Income Statement-Expenses,G15,USD,AVERAGE,129.36666666666667
2026-06,MALAWI,254,3490/000,Entertainment-(OUT OF TOWN),Income Statement-Expenses,C15,MWK,AVERAGE,0.07457850819903421
2026-06,MENA,254,3490/000,Entertainment-(OUT OF TOWN),Income Statement-Expenses,H15,AED,AVERAGE,35.161300000000004
2026-06,RWANDA,254,3490/000,Entertainment-(OUT OF TOWN),Income Statement-Expenses,B15,RWF,AVERAGE,0.0886400924282843
2026-06,MALAWI,255,I25292,ENTERTAINMENT LUNCH,Income Statement-Expenses,C15,MWK,AVERAGE,0.07457850819903421
2026-06,MENA,255,I25292,ENTERTAINMENT LUNCH,Income Statement-Expenses,H15,AED,AVERAGE,35.161300000000004
2026-06,RWANDA,255,I25292,ENTERTAINMENT LUNCH,Income Statement-Expenses,B15,RWF,AVERAGE,0.0886400924282843
2026-06,MALAWI,256,I25294,Christmas Party,Income Statement-Expenses,C15,MWK,AVERAGE,0.07457850819903421
2026-06,MENA,256,I25294,Christmas Party,Income Statement-Expenses,H15,AED,AVERAGE,35.161300000000004
2026-06,NIGERIA,256,I25294,Christmas Party,Income Statement-Expenses,E15,NGN,AVERAGE,0.09422242742549343
2026-06,RWANDA,256,I25294,Christmas Party,Income Statement-Expenses,B15,RWF,AVERAGE,0.0886400924282843
2026-06,DRC,256,I25294,Christmas Party,Income Statement-Expenses,G15,USD,AVERAGE,129.36666666666667
2026-06,MALAWI,257,,Flowers and Gifts,Income Statement-Expenses,C15,MWK,AVERAGE,0.07457850819903421
2026-06,MALAWI,258,I25326,Int.Paid-Other,Income Statement-Expenses,C15,MWK,AVERAGE,0.07457850819903421
2026-06,MENA,258,I25326,Int.Paid-Other,Income Statement-Expenses,H15,AED,AVERAGE,35.161300000000004
2026-06,RWANDA,258,I25326,Int.Paid-Other,Income Statement-Expenses,B15,RWF,AVERAGE,0.0886400924282843
2026-06,MALAWI,259,I25327,Fin Charges Paid,Income Statement-Expenses,C15,MWK,AVERAGE,0.07457850819903421
2026-06,MENA,259,I25327,Fin Charges Paid,Income Statement-Expenses,H15,AED,AVERAGE,35.161300000000004
2026-06,RWANDA,259,I25327,Fin Charges Paid,Income Statement-Expenses,B15,RWF,AVERAGE,0.0886400924282843
2026-06,MALAWI,260,I25329,Unrealised Currency gain/loss,Income Statement-Expenses,C15,MWK,AVERAGE,0.07457850819903421
2026-06,MENA,260,I25329,Unrealised Currency gain/loss,Income Statement-Expenses,H15,AED,AVERAGE,35.161300000000004
2026-06,RWANDA,260,I25329,Unrealised Currency gain/loss,Income Statement-Expenses,B15,RWF,AVERAGE,0.0886400924282843
2026-06,MALAWI,261,I25354,Equip-Maintenance,Income Statement-Expenses,C15,MWK,AVERAGE,0.07457850819903421
2026-06,MENA,261,I25354,Equip-Maintenance,Income Statement-Expenses,H15,AED,AVERAGE,35.161300000000004
2026-06,NIGERIA,261,I25354,Equip-Maintenance,Income Statement-Expenses,E15,NGN,AVERAGE,0.09422242742549343
2026-06,RWANDA,261,I25354,Equip-Maintenance,Income Statement-Expenses,B15,RWF,AVERAGE,0.0886400924282843
2026-06,MALAWI,262,I25355,Equip Lease charges,Income Statement-Expenses,C15,MWK,AVERAGE,0.07457850819903421
2026-06,MENA,262,I25355,Equip Lease charges,Income Statement-Expenses,H15,AED,AVERAGE,35.161300000000004
2026-06,RWANDA,262,I25355,Equip Lease charges,Income Statement-Expenses,B15,RWF,AVERAGE,0.0886400924282843
2026-06,MALAWI,263,I25358,Subscriptions General,Income Statement-Expenses,C15,MWK,AVERAGE,0.07457850819903421
2026-06,MENA,263,I25358,Subscriptions General,Income Statement-Expenses,H15,AED,AVERAGE,35.161300000000004
2026-06,RWANDA,263,I25358,Subscriptions General,Income Statement-Expenses,B15,RWF,AVERAGE,0.0886400924282843
2026-06,DRC,263,I25358,Subscriptions General,Income Statement-Expenses,G15,USD,AVERAGE,129.36666666666667
2026-06,MALAWI,264,I25360,Bank Charges,Income Statement-Expenses,C15,MWK,AVERAGE,0.07457850819903421
2026-06,MENA,264,I25360,Bank Charges,Income Statement-Expenses,H15,AED,AVERAGE,35.161300000000004
2026-06,NIGERIA,264,I25360,Bank Charges,Income Statement-Expenses,E15,NGN,AVERAGE,0.09422242742549343
2026-06,RWANDA,264,I25360,Bank Charges,Income Statement-Expenses,B15,RWF,AVERAGE,0.0886400924282843
2026-06,DRC,264,I25360,Bank Charges,Income Statement-Expenses,G15,USD,AVERAGE,129.36666666666667
2026-06,MALAWI,265,I25361,Books & Periodicals,Income Statement-Expenses,C15,MWK,AVERAGE,0.07457850819903421
2026-06,MENA,265,I25361,Books & Periodicals,Income Statement-Expenses,H15,AED,AVERAGE,35.161300000000004
2026-06,RWANDA,265,I25361,Books & Periodicals,Income Statement-Expenses,B15,RWF,AVERAGE,0.0886400924282843
2026-06,MALAWI,266,I25362,STAFF WELFARE,Income Statement-Expenses,C15,MWK,AVERAGE,0.07457850819903421
2026-06,MENA,266,I25362,STAFF WELFARE,Income Statement-Expenses,H15,AED,AVERAGE,35.161300000000004
2026-06,RWANDA,266,I25362,STAFF WELFARE,Income Statement-Expenses,B15,RWF,AVERAGE,0.0886400924282843
2026-06,MALAWI,267,I25363,CLIENT GIFTS AND REWARDS,Income Statement-Expenses,C15,MWK,AVERAGE,0.07457850819903421
2026-06,MENA,267,I25363,CLIENT GIFTS AND REWARDS,Income Statement-Expenses,H15,AED,AVERAGE,35.161300000000004
2026-06,RWANDA,267,I25363,CLIENT GIFTS AND REWARDS,Income Statement-Expenses,B15,RWF,AVERAGE,0.0886400924282843
2026-06,MALAWI,268,I25365,Donations-Charitable,Income Statement-Expenses,C15,MWK,AVERAGE,0.07457850819903421
2026-06,MENA,268,I25365,Donations-Charitable,Income Statement-Expenses,H15,AED,AVERAGE,35.161300000000004
2026-06,RWANDA,268,I25365,Donations-Charitable,Income Statement-Expenses,B15,RWF,AVERAGE,0.0886400924282843
2026-06,DRC,268,I25365,Donations-Charitable,Income Statement-Expenses,G15,USD,AVERAGE,129.36666666666667
2026-06,MALAWI,269,I25367,Summary:Gen Exp Other,Income Statement-Expenses,C15,MWK,AVERAGE,0.07457850819903421
2026-06,MENA,269,I25367,Summary:Gen Exp Other,Income Statement-Expenses,H15,AED,AVERAGE,35.161300000000004
2026-06,NIGERIA,269,I25367,Summary:Gen Exp Other,Income Statement-Expenses,E15,NGN,AVERAGE,0.09422242742549343
2026-06,RWANDA,269,I25367,Summary:Gen Exp Other,Income Statement-Expenses,B15,RWF,AVERAGE,0.0886400924282843
2026-06,DRC,269,I25367,Summary:Gen Exp Other,Income Statement-Expenses,G15,USD,AVERAGE,129.36666666666667
2026-06,MALAWI,270,I25401,Insurance-P.I.,Income Statement-Expenses,C15,MWK,AVERAGE,0.07457850819903421
2026-06,MENA,270,I25401,Insurance-P.I.,Income Statement-Expenses,H15,AED,AVERAGE,35.161300000000004
2026-06,NIGERIA,270,I25401,Insurance-P.I.,Income Statement-Expenses,E15,NGN,AVERAGE,0.09422242742549343
2026-06,RWANDA,270,I25401,Insurance-P.I.,Income Statement-Expenses,B15,RWF,AVERAGE,0.0886400924282843
2026-06,DRC,270,I25401,Insurance-P.I.,Income Statement-Expenses,G15,USD,AVERAGE,129.36666666666667
2026-06,MALAWI,271,3980/080,Insurance- Other,Income Statement-Expenses,C15,MWK,AVERAGE,0.07457850819903421
2026-06,MENA,271,3980/080,Insurance- Other,Income Statement-Expenses,H15,AED,AVERAGE,35.161300000000004
2026-06,NIGERIA,271,3980/080,Insurance- Other,Income Statement-Expenses,E15,NGN,AVERAGE,0.09422242742549343
2026-06,RWANDA,271,3980/080,Insurance- Other,Income Statement-Expenses,B15,RWF,AVERAGE,0.0886400924282843
2026-06,DRC,271,3980/080,Insurance- Other,Income Statement-Expenses,G15,USD,AVERAGE,129.36666666666667
2026-06,MALAWI,272,,Inter Company Expenses,Income Statement-Expenses,C15,MWK,AVERAGE,0.07457850819903421
2026-06,MENA,272,,Inter Company Expenses,Income Statement-Expenses,H15,AED,AVERAGE,35.161300000000004
2026-06,RWANDA,272,,Inter Company Expenses,Income Statement-Expenses,B15,RWF,AVERAGE,0.0886400924282843
2026-06,DRC,272,,Inter Company Expenses,Income Statement-Expenses,G15,USD,AVERAGE,129.36666666666667
2026-06,MALAWI,273,I25421,Toner,Income Statement-Expenses,C15,MWK,AVERAGE,0.07457850819903421
2026-06,MENA,273,I25421,Toner,Income Statement-Expenses,H15,AED,AVERAGE,35.161300000000004
2026-06,NIGERIA,273,I25421,Toner,Income Statement-Expenses,E15,NGN,AVERAGE,0.09422242742549343
2026-06,RWANDA,273,I25421,Toner,Income Statement-Expenses,B15,RWF,AVERAGE,0.0886400924282843
2026-06,DRC,273,I25421,Toner,Income Statement-Expenses,G15,USD,AVERAGE,129.36666666666667
2026-06,MALAWI,274,I25422,PC Supplies,Income Statement-Expenses,C15,MWK,AVERAGE,0.07457850819903421
2026-06,MENA,274,I25422,PC Supplies,Income Statement-Expenses,H15,AED,AVERAGE,35.161300000000004
2026-06,RWANDA,274,I25422,PC Supplies,Income Statement-Expenses,B15,RWF,AVERAGE,0.0886400924282843
2026-06,DRC,274,I25422,PC Supplies,Income Statement-Expenses,G15,USD,AVERAGE,129.36666666666667
2026-06,MALAWI,275,I25423,Comp-Depreciation,Income Statement-Expenses,C15,MWK,AVERAGE,0.07457850819903421
2026-06,MENA,275,I25423,Comp-Depreciation,Income Statement-Expenses,H15,AED,AVERAGE,35.161300000000004
2026-06,RWANDA,275,I25423,Comp-Depreciation,Income Statement-Expenses,B15,RWF,AVERAGE,0.0886400924282843
2026-06,DRC,275,I25423,Comp-Depreciation,Income Statement-Expenses,G15,USD,AVERAGE,129.36666666666667
2026-06,MALAWI,276,I25426,Software Installation,Income Statement-Expenses,C15,MWK,AVERAGE,0.07457850819903421
2026-06,MENA,276,I25426,Software Installation,Income Statement-Expenses,H15,AED,AVERAGE,35.161300000000004
2026-06,RWANDA,276,I25426,Software Installation,Income Statement-Expenses,B15,RWF,AVERAGE,0.0886400924282843
2026-06,MALAWI,277,I25427,Software Implemantation,Income Statement-Expenses,C15,MWK,AVERAGE,0.07457850819903421
2026-06,MENA,277,I25427,Software Implemantation,Income Statement-Expenses,H15,AED,AVERAGE,35.161300000000004
2026-06,RWANDA,277,I25427,Software Implemantation,Income Statement-Expenses,B15,RWF,AVERAGE,0.0886400924282843
2026-06,MALAWI,278,I25428,Software Maintenance,Income Statement-Expenses,C15,MWK,AVERAGE,0.07457850819903421
2026-06,MENA,278,I25428,Software Maintenance,Income Statement-Expenses,H15,AED,AVERAGE,35.161300000000004
2026-06,RWANDA,278,I25428,Software Maintenance,Income Statement-Expenses,B15,RWF,AVERAGE,0.0886400924282843
2026-06,MALAWI,279,I25429,Software Licence Fees,Income Statement-Expenses,C15,MWK,AVERAGE,0.07457850819903421
2026-06,MENA,279,I25429,Software Licence Fees,Income Statement-Expenses,H15,AED,AVERAGE,35.161300000000004
2026-06,RWANDA,279,I25429,Software Licence Fees,Income Statement-Expenses,B15,RWF,AVERAGE,0.0886400924282843
2026-06,DRC,279,I25429,Software Licence Fees,Income Statement-Expenses,G15,USD,AVERAGE,129.36666666666667
2026-06,MALAWI,280,I25452,MV-Leasing Costs,Income Statement-Expenses,C15,MWK,AVERAGE,0.07457850819903421
2026-06,MENA,280,I25452,MV-Leasing Costs,Income Statement-Expenses,H15,AED,AVERAGE,35.161300000000004
2026-06,RWANDA,280,I25452,MV-Leasing Costs,Income Statement-Expenses,B15,RWF,AVERAGE,0.0886400924282843
2026-06,DRC,280,I25452,MV-Leasing Costs,Income Statement-Expenses,G15,USD,AVERAGE,129.36666666666667
2026-06,MALAWI,281,I25455,MV - Leasing Costs (non personnel),Income Statement-Expenses,C15,MWK,AVERAGE,0.07457850819903421
2026-06,MENA,281,I25455,MV - Leasing Costs (non personnel),Income Statement-Expenses,H15,AED,AVERAGE,35.161300000000004
2026-06,RWANDA,281,I25455,MV - Leasing Costs (non personnel),Income Statement-Expenses,B15,RWF,AVERAGE,0.0886400924282843
2026-06,DRC,281,I25455,MV - Leasing Costs (non personnel),Income Statement-Expenses,G15,USD,AVERAGE,129.36666666666667
2026-06,MALAWI,282,I25456,MV - Fuel Costs (non personnel),Income Statement-Expenses,C15,MWK,AVERAGE,0.07457850819903421
2026-06,MENA,282,I25456,MV - Fuel Costs (non personnel),Income Statement-Expenses,H15,AED,AVERAGE,35.161300000000004
2026-06,NIGERIA,282,I25456,MV - Fuel Costs (non personnel),Income Statement-Expenses,E15,NGN,AVERAGE,0.09422242742549343
2026-06,RWANDA,282,I25456,MV - Fuel Costs (non personnel),Income Statement-Expenses,B15,RWF,AVERAGE,0.0886400924282843
2026-06,DRC,282,I25456,MV - Fuel Costs (non personnel),Income Statement-Expenses,G15,USD,AVERAGE,129.36666666666667
2026-06,MALAWI,283,3350/000,MV-Depreciation,Income Statement-Expenses,C15,MWK,AVERAGE,0.07457850819903421
2026-06,MENA,283,3350/000,MV-Depreciation,Income Statement-Expenses,H15,AED,AVERAGE,35.161300000000004
2026-06,NIGERIA,283,3350/000,MV-Depreciation,Income Statement-Expenses,E15,NGN,AVERAGE,0.09422242742549343
2026-06,RWANDA,283,3350/000,MV-Depreciation,Income Statement-Expenses,B15,RWF,AVERAGE,0.0886400924282843
2026-06,DRC,283,3350/000,MV-Depreciation,Income Statement-Expenses,G15,USD,AVERAGE,129.36666666666667
2026-06,MENA,284,4000/000,Leasehold-Depreciation,Income Statement-Expenses,H15,AED,AVERAGE,35.161300000000004
2026-06,NIGERIA,284,4000/000,Leasehold-Depreciation,Income Statement-Expenses,E15,NGN,AVERAGE,0.09422242742549343
2026-06,RWANDA,284,4000/000,Leasehold-Depreciation,Income Statement-Expenses,B15,RWF,AVERAGE,0.0886400924282843
2026-06,DRC,284,4000/000,Leasehold-Depreciation,Income Statement-Expenses,G15,USD,AVERAGE,129.36666666666667
2026-06,MALAWI,285,4650/200,Taxation expense,Income Statement-Expenses,C15,MWK,AVERAGE,0.07457850819903421
2026-06,NIGERIA,285,4650/200,Taxation expense,Income Statement-Expenses,E15,NGN,AVERAGE,0.09422242742549343
2026-06,RWANDA,285,4650/200,Taxation expense,Income Statement-Expenses,B13,RWF,2026-06,0.08841732979664013
