entity,period,statement,category_l1,category_l2,statement_line_code,line_label,line_order,dbt_kes,client_kes,difference,difference_pct,status,reason,note,client_as_stated_kes
C&P,2026-02,SCI,INCOME,Revenue,actuarial_fees,Actuarial Fees,10,0.0,0.0,0.0,,tie,,,0.0
C&P,2026-02,SCI,INCOME,Revenue,pension_admin_fee,Pension Admin Fee,20,8122126.83,8122126.83,0.0,0.0,tie,,,-8122126.83
C&P,2026-02,SCI,INCOME,Revenue,insurance_commissions,Insurance Commissions,40,0.0,0.0,0.0,,tie,,,0.0
C&P,2026-02,SCI,INCOME,Revenue,saas_income,SAAS (Software as a Service),50,0.0,0.0,0.0,,tie,,,0.0
C&P,2026-02,SCI,INCOME,Other income,other_income,Other Income,70,0.0,0.0,0.0,,tie,,,0.0
C&P,2026-02,SCI,EXPENSES,Operating expenses,personnel_costs,Personnel Costs,80,0.0,0.0,0.0,,tie,,,0.0
C&P,2026-02,SCI,EXPENSES,Operating expenses,travelling,Travelling,90,0.0,0.0,0.0,,tie,,,0.0
C&P,2026-02,SCI,EXPENSES,Operating expenses,entertainment,Entertainment,100,0.0,0.0,0.0,,tie,,,0.0
C&P,2026-02,SCI,EXPENSES,Operating expenses,it_costs,IT Costs,110,0.0,0.0,0.0,,tie,,,0.0
C&P,2026-02,SCI,EXPENSES,Operating expenses,communications,Communications,120,0.0,0.0,0.0,,tie,,,0.0
C&P,2026-02,SCI,EXPENSES,Operating expenses,printing_stationery,Printing & Stationery,130,0.0,0.0,0.0,,tie,,,0.0
C&P,2026-02,SCI,EXPENSES,Operating expenses,premises,Premises,140,0.0,0.0,0.0,,tie,,,0.0
C&P,2026-02,SCI,EXPENSES,Operating expenses,advertising_pr,Advertising & PR,150,0.0,0.0,0.0,,tie,,,0.0
C&P,2026-02,SCI,EXPENSES,Operating expenses,insurance,Insurance,160,695590.16,695590.16,0.0,0.0,tie,,,695590.16
C&P,2026-02,SCI,EXPENSES,Operating expenses,professional_fees,Professional Fees,170,232166.66,232166.66,0.0,0.0,tie,,,232166.66
C&P,2026-02,SCI,EXPENSES,Operating expenses,depreciation,Depreciation,180,0.0,0.0,0.0,,tie,,,0.0
C&P,2026-02,SCI,EXPENSES,Operating expenses,motor_vehicle_expenses,Motor Vehicle Expenses,190,0.0,0.0,0.0,,tie,,,0.0
C&P,2026-02,SCI,EXPENSES,Operating expenses,general_expenses,General Expenses,200,797345.0,797345.0,0.0,0.0,tie,,,797345.0
C&P,2026-02,SCI,EXPENSES,Operating expenses,management_expense,Management Expense,210,0.0,0.0,0.0,,tie,,,0.0
C&P,2026-02,SCI,EXPENSES,Finance costs,finance_costs,Finance cost,220,0.0,0.0,0.0,,tie,,,0.0
C&P,2026-02,SCI,EXPENSES,Taxation,taxation,Taxation,230,1919107.5,1919107.5,0.0,0.0,tie,,,1919107.5
C&P,2026-02,SFP,ASSETS,Non-Current Assets,ppe,"Property, Plant and Equipment",240,0.0,0.0,0.0,,tie,,,0.0
C&P,2026-02,SFP,ASSETS,Non-Current Assets,computer_software,Intangible - computer software,250,0.0,0.0,0.0,,tie,,,0.0
C&P,2026-02,SFP,ASSETS,Non-Current Assets,goodwill,Intangible - goodwill,260,0.0,0.0,0.0,,tie,,,0.0
C&P,2026-02,SFP,ASSETS,Non-Current Assets,investment_in_associate,Investment in associate,270,0.0,0.0,0.0,,tie,,,0.0
C&P,2026-02,SFP,ASSETS,Non-Current Assets,investment_unquoted_equity,Investment in unquoted equity securities,280,0.0,0.0,0.0,,tie,,,0.0
C&P,2026-02,SFP,ASSETS,Non-Current Assets,deposit_for_investment_in_subsidiary,Deposit for investment in subsidiary,290,0.0,0.0,0.0,,tie,,,0.0
C&P,2026-02,SFP,ASSETS,Non-Current Assets,deferred_tax,Deferred tax,310,4287361.0,4287361.0,0.0,0.0,tie,,,4287361.0
C&P,2026-02,SFP,ASSETS,Current Assets,trade_receivables,Trade Receivables (Debtors),320,32146903.84,32146903.84,0.0,0.0,tie,,,32146903.84
C&P,2026-02,SFP,ASSETS,Current Assets,premium_receivables,Premium Receivables,330,0.0,0.0,0.0,,tie,,,0.0
C&P,2026-02,SFP,ASSETS,Current Assets,other_receivables,Other Receivables,340,8492024.08,7448638.4,1043385.68,14.01,DIFFERENCE,classification,offset by Cash - Placements,7448638.4
C&P,2026-02,SFP,ASSETS,Current Assets,due_from_to_related_parties,Due from/to related parties,350,95000791.58,95000791.58,0.0,0.0,tie,,,95000791.58
C&P,2026-02,SFP,ASSETS,Current Assets,office_cash,Cash - Office Cash,360,14812687.23,14812687.23,0.0,0.0,tie,,,14812687.23
C&P,2026-02,SFP,ASSETS,Current Assets,deposits,Cash - Deposits,380,7784303.0,7784303.0,0.0,0.0,tie,,,7784303.0
C&P,2026-02,SFP,ASSETS,Current Assets,placements,Cash - Placements,390,0.0,1043385.68,-1043385.68,-100.0,DIFFERENCE,we show nothing,,1043385.68
C&P,2026-02,SFP,ASSETS,Current Assets,tax_recoverable,Tax recoverable,400,-1033941.5,-1033941.5,0.0,-0.0,tie,,,-1033941.5
C&P,2026-02,SFP,ASSETS,Current Assets,accrued_income,Accrued Income,410,8122126.83,8122126.83,0.0,0.0,tie,,,8122126.83
C&P,2026-02,SFP,EQUITY AND LIABILITIES,Equity,share_capital,Share capital,420,25000000.0,25000000.0,0.0,0.0,tie,,,-25000000.0
C&P,2026-02,SFP,EQUITY AND LIABILITIES,Equity,translation_reserve,Translation reserve,430,0.0,0.0,0.0,,tie,,,0.0
C&P,2026-02,SFP,EQUITY AND LIABILITIES,Equity,proposed_dividend,Proposed dividend,440,0.0,0.0,0.0,,tie,,,0.0
C&P,2026-02,SFP,EQUITY AND LIABILITIES,Equity,retained_earnings,Retained earnings,450,133494468.71,133494469.71,-1.0,-0.0,tie,,,-133494469.71
C&P,2026-02,SFP,EQUITY AND LIABILITIES,Equity,net_profit,Net Profit (derived),460,4477917.51,4477917.5,0.01,0.0,tie,,,-4477917.5
C&P,2026-02,SFP,EQUITY AND LIABILITIES,Equity,non_controlling_interests,Non-controlling interests,470,0.0,0.0,0.0,,tie,,,0.0
C&P,2026-02,SFP,EQUITY AND LIABILITIES,Current Liabilities,trade_and_other_payables,Trade and other payables,480,6639868.84,6639868.84,0.0,0.0,tie,,,-6639868.84
C&P,2026-02,SFP,EQUITY AND LIABILITIES,Current Liabilities,premium_payable,Premium payable,500,0.0,0.0,0.0,,tie,,,0.0
C&P,2026-02,SFP,EQUITY AND LIABILITIES,Current Liabilities,borrowings,Borrowings,510,0.0,0.0,0.0,,tie,,,0.0
C&P,2026-03,SCI,INCOME,Revenue,actuarial_fees,Actuarial Fees,10,0.0,0.0,0.0,,tie,,,0.0
C&P,2026-03,SCI,INCOME,Revenue,pension_admin_fee,Pension Admin Fee,20,12183190.24,12183190.24,0.0,0.0,tie,,,-12183190.24
C&P,2026-03,SCI,INCOME,Revenue,insurance_commissions,Insurance Commissions,40,0.0,49812.2,-49812.2,-100.0,DIFFERENCE,we show nothing,,-49812.2
C&P,2026-03,SCI,INCOME,Revenue,saas_income,SAAS (Software as a Service),50,0.0,0.0,0.0,,tie,,,0.0
C&P,2026-03,SCI,INCOME,Other income,other_income,Other Income,70,49812.2,0.0,49812.2,,DIFFERENCE,client shows nothing,,0.0
C&P,2026-03,SCI,EXPENSES,Operating expenses,personnel_costs,Personnel Costs,80,0.0,0.0,0.0,,tie,,,0.0
C&P,2026-03,SCI,EXPENSES,Operating expenses,travelling,Travelling,90,0.0,0.0,0.0,,tie,,,0.0
C&P,2026-03,SCI,EXPENSES,Operating expenses,entertainment,Entertainment,100,0.0,0.0,0.0,,tie,,,0.0
C&P,2026-03,SCI,EXPENSES,Operating expenses,it_costs,IT Costs,110,0.0,0.0,0.0,,tie,,,0.0
C&P,2026-03,SCI,EXPENSES,Operating expenses,communications,Communications,120,0.0,0.0,0.0,,tie,,,0.0
C&P,2026-03,SCI,EXPENSES,Operating expenses,printing_stationery,Printing & Stationery,130,0.0,0.0,0.0,,tie,,,0.0
C&P,2026-03,SCI,EXPENSES,Operating expenses,premises,Premises,140,0.0,0.0,0.0,,tie,,,0.0
C&P,2026-03,SCI,EXPENSES,Operating expenses,advertising_pr,Advertising & PR,150,0.0,0.0,0.0,,tie,,,0.0
C&P,2026-03,SCI,EXPENSES,Operating expenses,insurance,Insurance,160,1043385.24,1043385.24,0.0,0.0,tie,,,1043385.24
C&P,2026-03,SCI,EXPENSES,Operating expenses,professional_fees,Professional Fees,170,859649.99,859649.99,0.0,0.0,tie,,,859649.99
C&P,2026-03,SCI,EXPENSES,Operating expenses,depreciation,Depreciation,180,0.0,0.0,0.0,,tie,,,0.0
C&P,2026-03,SCI,EXPENSES,Operating expenses,motor_vehicle_expenses,Motor Vehicle Expenses,190,0.0,0.0,0.0,,tie,,,0.0
C&P,2026-03,SCI,EXPENSES,Operating expenses,general_expenses,General Expenses,200,1751734.01,1751734.01,0.0,0.0,tie,,,1751734.01
C&P,2026-03,SCI,EXPENSES,Operating expenses,management_expense,Management Expense,210,0.0,0.0,0.0,,tie,,,0.0
C&P,2026-03,SCI,EXPENSES,Finance costs,finance_costs,Finance cost,220,0.0,0.0,0.0,,tie,,,0.0
C&P,2026-03,SCI,EXPENSES,Taxation,taxation,Taxation,230,2573469.96,2573469.96,0.0,0.0,tie,,,2573469.96
C&P,2026-03,SFP,ASSETS,Non-Current Assets,ppe,"Property, Plant and Equipment",240,0.0,0.0,0.0,,tie,,,0.0
C&P,2026-03,SFP,ASSETS,Non-Current Assets,computer_software,Intangible - computer software,250,0.0,0.0,0.0,,tie,,,0.0
C&P,2026-03,SFP,ASSETS,Non-Current Assets,goodwill,Intangible - goodwill,260,0.0,0.0,0.0,,tie,,,0.0
C&P,2026-03,SFP,ASSETS,Non-Current Assets,investment_in_associate,Investment in associate,270,0.0,0.0,0.0,,tie,,,0.0
C&P,2026-03,SFP,ASSETS,Non-Current Assets,investment_unquoted_equity,Investment in unquoted equity securities,280,0.0,0.0,0.0,,tie,,,0.0
C&P,2026-03,SFP,ASSETS,Non-Current Assets,deposit_for_investment_in_subsidiary,Deposit for investment in subsidiary,290,0.0,0.0,0.0,,tie,,,0.0
C&P,2026-03,SFP,ASSETS,Non-Current Assets,deferred_tax,Deferred tax,310,4287361.0,4287361.0,0.0,0.0,tie,,,4287361.0
C&P,2026-03,SFP,ASSETS,Current Assets,trade_receivables,Trade Receivables (Debtors),320,45425713.42,45425713.42,0.0,0.0,tie,,,45425713.42
C&P,2026-03,SFP,ASSETS,Current Assets,premium_receivables,Premium Receivables,330,0.0,0.0,0.0,,tie,,,0.0
C&P,2026-03,SFP,ASSETS,Current Assets,other_receivables,Other Receivables,340,-7455174.98,-8150765.58,695590.6,-8.53,DIFFERENCE,classification,offset by Cash - Placements,-8150765.58
C&P,2026-03,SFP,ASSETS,Current Assets,due_from_to_related_parties,Due from/to related parties,350,94390230.57,94390230.57,0.0,0.0,tie,,,94390230.57
C&P,2026-03,SFP,ASSETS,Current Assets,office_cash,Cash - Office Cash,360,1455540.83,1455540.83,0.0,0.0,tie,,,1455540.83
C&P,2026-03,SFP,ASSETS,Current Assets,deposits,Cash - Deposits,380,22284303.0,22284303.0,0.0,0.0,tie,,,22284303.0
C&P,2026-03,SFP,ASSETS,Current Assets,placements,Cash - Placements,390,0.0,695590.6,-695590.6,-100.0,DIFFERENCE,we show nothing,,695590.6
C&P,2026-03,SFP,ASSETS,Current Assets,tax_recoverable,Tax recoverable,400,-1688303.96,-1688303.96,0.0,-0.0,tie,,,-1688303.96
C&P,2026-03,SFP,ASSETS,Current Assets,accrued_income,Accrued Income,410,12183190.24,12183190.24,0.0,0.0,tie,,,12183190.24
C&P,2026-03,SFP,EQUITY AND LIABILITIES,Equity,share_capital,Share capital,420,25000000.0,25000000.0,0.0,0.0,tie,,,-25000000.0
C&P,2026-03,SFP,EQUITY AND LIABILITIES,Equity,translation_reserve,Translation reserve,430,0.0,0.0,0.0,,tie,,,0.0
C&P,2026-03,SFP,EQUITY AND LIABILITIES,Equity,proposed_dividend,Proposed dividend,440,0.0,0.0,0.0,,tie,,,0.0
C&P,2026-03,SFP,EQUITY AND LIABILITIES,Equity,retained_earnings,Retained earnings,450,133494468.71,133494469.71,-1.0,-0.0,tie,,,-133494469.71
C&P,2026-03,SFP,EQUITY AND LIABILITIES,Equity,net_profit,Net Profit (derived),460,6004763.24,6004763.24,0.0,0.0,tie,,,-6004763.24
C&P,2026-03,SFP,EQUITY AND LIABILITIES,Equity,non_controlling_interests,Non-controlling interests,470,0.0,0.0,0.0,,tie,,,0.0
C&P,2026-03,SFP,EQUITY AND LIABILITIES,Current Liabilities,trade_and_other_payables,Trade and other payables,480,6383627.17,6383627.17,0.0,0.0,tie,,,-6383627.17
C&P,2026-03,SFP,EQUITY AND LIABILITIES,Current Liabilities,premium_payable,Premium payable,500,0.0,0.0,0.0,,tie,,,0.0
C&P,2026-03,SFP,EQUITY AND LIABILITIES,Current Liabilities,borrowings,Borrowings,510,0.0,0.0,0.0,,tie,,,0.0
C&P,2026-04,SCI,INCOME,Revenue,actuarial_fees,Actuarial Fees,10,0.0,0.0,0.0,,tie,,,0.0
C&P,2026-04,SCI,INCOME,Revenue,pension_admin_fee,Pension Admin Fee,20,16660920.32,16660920.32,0.0,0.0,tie,,,-16660920.32
C&P,2026-04,SCI,INCOME,Revenue,insurance_commissions,Insurance Commissions,40,0.0,111488.75,-111488.75,-100.0,DIFFERENCE,we show nothing,,-111488.75
C&P,2026-04,SCI,INCOME,Revenue,saas_income,SAAS (Software as a Service),50,0.0,0.0,0.0,,tie,,,0.0
C&P,2026-04,SCI,INCOME,Other income,other_income,Other Income,70,111488.75,0.0,111488.75,,DIFFERENCE,client shows nothing,,0.0
C&P,2026-04,SCI,EXPENSES,Operating expenses,personnel_costs,Personnel Costs,80,0.0,0.0,0.0,,tie,,,0.0
C&P,2026-04,SCI,EXPENSES,Operating expenses,travelling,Travelling,90,0.0,0.0,0.0,,tie,,,0.0
C&P,2026-04,SCI,EXPENSES,Operating expenses,entertainment,Entertainment,100,0.0,0.0,0.0,,tie,,,0.0
C&P,2026-04,SCI,EXPENSES,Operating expenses,it_costs,IT Costs,110,0.0,0.0,0.0,,tie,,,0.0
C&P,2026-04,SCI,EXPENSES,Operating expenses,communications,Communications,120,0.0,0.0,0.0,,tie,,,0.0
C&P,2026-04,SCI,EXPENSES,Operating expenses,printing_stationery,Printing & Stationery,130,0.0,0.0,0.0,,tie,,,0.0
C&P,2026-04,SCI,EXPENSES,Operating expenses,premises,Premises,140,0.0,0.0,0.0,,tie,,,0.0
C&P,2026-04,SCI,EXPENSES,Operating expenses,advertising_pr,Advertising & PR,150,0.0,0.0,0.0,,tie,,,0.0
C&P,2026-04,SCI,EXPENSES,Operating expenses,insurance,Insurance,160,1391180.32,1391180.32,0.0,0.0,tie,,,1391180.32
C&P,2026-04,SCI,EXPENSES,Operating expenses,professional_fees,Professional Fees,170,1056733.32,1056733.32,0.0,0.0,tie,,,1056733.32
C&P,2026-04,SCI,EXPENSES,Operating expenses,depreciation,Depreciation,180,0.0,0.0,0.0,,tie,,,0.0
C&P,2026-04,SCI,EXPENSES,Operating expenses,motor_vehicle_expenses,Motor Vehicle Expenses,190,0.0,0.0,0.0,,tie,,,0.0
C&P,2026-04,SCI,EXPENSES,Operating expenses,general_expenses,General Expenses,200,2319422.18,2319422.18,0.0,0.0,tie,,,2319422.18
C&P,2026-04,SCI,EXPENSES,Operating expenses,management_expense,Management Expense,210,0.0,0.0,0.0,,tie,,,0.0
C&P,2026-04,SCI,EXPENSES,Finance costs,finance_costs,Finance cost,220,0.0,0.0,0.0,,tie,,,0.0
C&P,2026-04,SCI,EXPENSES,Taxation,taxation,Taxation,230,3601521.98,3601521.98,-0.0,-0.0,tie,,,3601521.98
C&P,2026-04,SFP,ASSETS,Non-Current Assets,ppe,"Property, Plant and Equipment",240,0.0,0.0,0.0,,tie,,,0.0
C&P,2026-04,SFP,ASSETS,Non-Current Assets,computer_software,Intangible - computer software,250,0.0,0.0,0.0,,tie,,,0.0
C&P,2026-04,SFP,ASSETS,Non-Current Assets,goodwill,Intangible - goodwill,260,0.0,0.0,0.0,,tie,,,0.0
C&P,2026-04,SFP,ASSETS,Non-Current Assets,investment_in_associate,Investment in associate,270,0.0,0.0,0.0,,tie,,,0.0
C&P,2026-04,SFP,ASSETS,Non-Current Assets,investment_unquoted_equity,Investment in unquoted equity securities,280,0.0,0.0,0.0,,tie,,,0.0
C&P,2026-04,SFP,ASSETS,Non-Current Assets,deposit_for_investment_in_subsidiary,Deposit for investment in subsidiary,290,0.0,0.0,0.0,,tie,,,0.0
C&P,2026-04,SFP,ASSETS,Non-Current Assets,deferred_tax,Deferred tax,310,4287361.0,4287361.0,0.0,0.0,tie,,,4287361.0
C&P,2026-04,SFP,ASSETS,Current Assets,trade_receivables,Trade Receivables (Debtors),320,40891706.67,40891706.67,0.0,0.0,tie,,,40891706.67
C&P,2026-04,SFP,ASSETS,Current Assets,premium_receivables,Premium Receivables,330,0.0,0.0,0.0,,tie,,,0.0
C&P,2026-04,SFP,ASSETS,Current Assets,other_receivables,Other Receivables,340,-7814075.31,-8161870.83,347795.52,-4.26,DIFFERENCE,classification,offset by Cash - Placements,-8161870.83
C&P,2026-04,SFP,ASSETS,Current Assets,due_from_to_related_parties,Due from/to related parties,350,92114182.15,92114182.15,-0.0,-0.0,tie,,,92114182.15
C&P,2026-04,SFP,ASSETS,Current Assets,office_cash,Cash - Office Cash,360,6023667.38,6023667.38,0.0,0.0,tie,,,6023667.38
C&P,2026-04,SFP,ASSETS,Current Assets,deposits,Cash - Deposits,380,22284303.0,22284303.0,0.0,0.0,tie,,,22284303.0
C&P,2026-04,SFP,ASSETS,Current Assets,placements,Cash - Placements,390,0.0,347795.52,-347795.52,-100.0,DIFFERENCE,we show nothing,,347795.52
C&P,2026-04,SFP,ASSETS,Current Assets,tax_recoverable,Tax recoverable,400,-993355.98,-993355.97,-0.01,0.0,tie,,,-993355.97
C&P,2026-04,SFP,ASSETS,Current Assets,accrued_income,Accrued Income,410,16660920.32,16660920.32,0.0,0.0,tie,,,16660920.32
C&P,2026-04,SFP,EQUITY AND LIABILITIES,Equity,share_capital,Share capital,420,25000000.0,25000000.0,0.0,0.0,tie,,,-25000000.0
C&P,2026-04,SFP,EQUITY AND LIABILITIES,Equity,translation_reserve,Translation reserve,430,0.0,0.0,0.0,,tie,,,0.0
C&P,2026-04,SFP,EQUITY AND LIABILITIES,Equity,proposed_dividend,Proposed dividend,440,0.0,0.0,0.0,,tie,,,0.0
C&P,2026-04,SFP,EQUITY AND LIABILITIES,Equity,retained_earnings,Retained earnings,450,133494468.71,133494469.71,-1.0,-0.0,tie,,,-133494469.71
C&P,2026-04,SFP,EQUITY AND LIABILITIES,Equity,net_profit,Net Profit (derived),460,8403551.28,8403551.28,-0.0,-0.0,tie,,,-8403551.28
C&P,2026-04,SFP,EQUITY AND LIABILITIES,Equity,non_controlling_interests,Non-controlling interests,470,0.0,0.0,0.0,,tie,,,0.0
C&P,2026-04,SFP,EQUITY AND LIABILITIES,Current Liabilities,trade_and_other_payables,Trade and other payables,480,6556688.25,6556688.25,0.0,0.0,tie,,,-6556688.25
C&P,2026-04,SFP,EQUITY AND LIABILITIES,Current Liabilities,premium_payable,Premium payable,500,0.0,0.0,0.0,,tie,,,0.0
C&P,2026-04,SFP,EQUITY AND LIABILITIES,Current Liabilities,borrowings,Borrowings,510,0.0,0.0,0.0,,tie,,,0.0
C&P,2026-05,SCI,INCOME,Revenue,actuarial_fees,Actuarial Fees,10,0.0,0.0,0.0,,tie,,,0.0
C&P,2026-05,SCI,INCOME,Revenue,pension_admin_fee,Pension Admin Fee,20,21132702.22,21132702.22,0.0,0.0,tie,,,-21132702.22
C&P,2026-05,SCI,INCOME,Revenue,insurance_commissions,Insurance Commissions,40,0.0,0.0,0.0,,tie,,,0.0
C&P,2026-05,SCI,INCOME,Revenue,saas_income,SAAS (Software as a Service),50,0.0,0.0,0.0,,tie,,,0.0
C&P,2026-05,SCI,INCOME,Other income,other_income,Other Income,70,179954.3,179954.3,0.0,0.0,tie,,,-179954.3
C&P,2026-05,SCI,EXPENSES,Operating expenses,personnel_costs,Personnel Costs,80,0.0,0.0,0.0,,tie,,,0.0
C&P,2026-05,SCI,EXPENSES,Operating expenses,travelling,Travelling,90,0.0,0.0,0.0,,tie,,,0.0
C&P,2026-05,SCI,EXPENSES,Operating expenses,entertainment,Entertainment,100,0.0,0.0,0.0,,tie,,,0.0
C&P,2026-05,SCI,EXPENSES,Operating expenses,it_costs,IT Costs,110,0.0,0.0,0.0,,tie,,,0.0
C&P,2026-05,SCI,EXPENSES,Operating expenses,communications,Communications,120,0.0,0.0,0.0,,tie,,,0.0
C&P,2026-05,SCI,EXPENSES,Operating expenses,printing_stationery,Printing & Stationery,130,0.0,0.0,0.0,,tie,,,0.0
C&P,2026-05,SCI,EXPENSES,Operating expenses,premises,Premises,140,0.0,0.0,0.0,,tie,,,0.0
C&P,2026-05,SCI,EXPENSES,Operating expenses,advertising_pr,Advertising & PR,150,0.0,0.0,0.0,,tie,,,0.0
C&P,2026-05,SCI,EXPENSES,Operating expenses,insurance,Insurance,160,1738975.4,1738975.4,0.0,0.0,tie,,,1738975.4
C&P,2026-05,SCI,EXPENSES,Operating expenses,professional_fees,Professional Fees,170,753316.65,753316.65,0.0,0.0,tie,,,753316.65
C&P,2026-05,SCI,EXPENSES,Operating expenses,depreciation,Depreciation,180,0.0,0.0,0.0,,tie,,,0.0
C&P,2026-05,SCI,EXPENSES,Operating expenses,motor_vehicle_expenses,Motor Vehicle Expenses,190,0.0,0.0,0.0,,tie,,,0.0
C&P,2026-05,SCI,EXPENSES,Operating expenses,general_expenses,General Expenses,200,2885655.85,2885655.85,-0.0,-0.0,tie,,,2885655.85
C&P,2026-05,SCI,EXPENSES,Operating expenses,management_expense,Management Expense,210,0.0,0.0,0.0,,tie,,,0.0
C&P,2026-05,SCI,EXPENSES,Finance costs,finance_costs,Finance cost,220,0.0,0.0,0.0,,tie,,,0.0
C&P,2026-05,SCI,EXPENSES,Taxation,taxation,Taxation,230,4780412.59,4780412.59,-0.0,-0.0,tie,,,4780412.59
C&P,2026-05,SFP,ASSETS,Non-Current Assets,ppe,"Property, Plant and Equipment",240,0.0,0.0,0.0,,tie,,,0.0
C&P,2026-05,SFP,ASSETS,Non-Current Assets,computer_software,Intangible - computer software,250,0.0,0.0,0.0,,tie,,,0.0
C&P,2026-05,SFP,ASSETS,Non-Current Assets,goodwill,Intangible - goodwill,260,0.0,0.0,0.0,,tie,,,0.0
C&P,2026-05,SFP,ASSETS,Non-Current Assets,investment_in_associate,Investment in associate,270,0.0,0.0,0.0,,tie,,,0.0
C&P,2026-05,SFP,ASSETS,Non-Current Assets,investment_unquoted_equity,Investment in unquoted equity securities,280,0.0,0.0,0.0,,tie,,,0.0
C&P,2026-05,SFP,ASSETS,Non-Current Assets,deposit_for_investment_in_subsidiary,Deposit for investment in subsidiary,290,0.0,0.0,0.0,,tie,,,0.0
C&P,2026-05,SFP,ASSETS,Non-Current Assets,deferred_tax,Deferred tax,310,4287361.0,4287361.0,0.0,0.0,tie,,,4287361.0
C&P,2026-05,SFP,ASSETS,Current Assets,trade_receivables,Trade Receivables (Debtors),320,51949586.47,51949586.47,0.0,0.0,tie,,,51949586.47
C&P,2026-05,SFP,ASSETS,Current Assets,premium_receivables,Premium Receivables,330,0.0,0.0,0.0,,tie,,,0.0
C&P,2026-05,SFP,ASSETS,Current Assets,other_receivables,Other Receivables,340,-8300765.14,-8300765.58,0.44,-0.0,tie,,,-8300765.58
C&P,2026-05,SFP,ASSETS,Current Assets,due_from_to_related_parties,Due from/to related parties,350,91376423.23,91376423.23,-0.0,-0.0,tie,,,91376423.23
C&P,2026-05,SFP,ASSETS,Current Assets,office_cash,Cash - Office Cash,360,6994261.83,6994261.83,0.0,0.0,tie,,,6994261.83
C&P,2026-05,SFP,ASSETS,Current Assets,deposits,Cash - Deposits,380,22284303.0,22284303.0,0.0,0.0,tie,,,22284303.0
C&P,2026-05,SFP,ASSETS,Current Assets,placements,Cash - Placements,390,0.0,0.44,-0.44,,tie,,,0.44
C&P,2026-05,SFP,ASSETS,Current Assets,tax_recoverable,Tax recoverable,400,-2172246.59,-2172246.59,0.0,-0.0,tie,,,-2172246.59
C&P,2026-05,SFP,ASSETS,Current Assets,accrued_income,Accrued Income,410,11077486.33,11077486.33,0.0,0.0,tie,,,11077486.33
C&P,2026-05,SFP,EQUITY AND LIABILITIES,Equity,share_capital,Share capital,420,25000000.0,25000000.0,0.0,0.0,tie,,,-25000000.0
C&P,2026-05,SFP,EQUITY AND LIABILITIES,Equity,translation_reserve,Translation reserve,430,0.0,0.0,0.0,,tie,,,0.0
C&P,2026-05,SFP,EQUITY AND LIABILITIES,Equity,proposed_dividend,Proposed dividend,440,0.0,0.0,0.0,,tie,,,0.0
C&P,2026-05,SFP,EQUITY AND LIABILITIES,Equity,retained_earnings,Retained earnings,450,133494468.71,133494469.71,-1.0,-0.0,tie,,,-133494469.71
C&P,2026-05,SFP,EQUITY AND LIABILITIES,Equity,net_profit,Net Profit (derived),460,11154296.03,11154296.03,0.0,0.0,tie,,,-11154296.03
C&P,2026-05,SFP,EQUITY AND LIABILITIES,Equity,non_controlling_interests,Non-controlling interests,470,0.0,0.0,0.0,,tie,,,0.0
C&P,2026-05,SFP,EQUITY AND LIABILITIES,Current Liabilities,trade_and_other_payables,Trade and other payables,480,7847644.39,7847644.39,0.0,0.0,tie,,,-7847644.39
C&P,2026-05,SFP,EQUITY AND LIABILITIES,Current Liabilities,premium_payable,Premium payable,500,0.0,0.0,0.0,,tie,,,0.0
C&P,2026-05,SFP,EQUITY AND LIABILITIES,Current Liabilities,borrowings,Borrowings,510,0.0,0.0,0.0,,tie,,,0.0
C&P,2026-06,SCI,INCOME,Revenue,actuarial_fees,Actuarial Fees,10,0.0,0.0,0.0,,tie,,,0.0
C&P,2026-06,SCI,INCOME,Revenue,pension_admin_fee,Pension Admin Fee,20,25197334.54,25197334.54,0.0,0.0,tie,,,-25197334.54
C&P,2026-06,SCI,INCOME,Revenue,insurance_commissions,Insurance Commissions,40,0.0,0.0,0.0,,tie,,,0.0
C&P,2026-06,SCI,INCOME,Revenue,saas_income,SAAS (Software as a Service),50,0.0,0.0,0.0,,tie,,,0.0
C&P,2026-06,SCI,INCOME,Other income,other_income,Other Income,70,239128.1,239128.1,-0.0,-0.0,tie,,,-239128.1
C&P,2026-06,SCI,EXPENSES,Operating expenses,personnel_costs,Personnel Costs,80,0.0,0.0,0.0,,tie,,,0.0
C&P,2026-06,SCI,EXPENSES,Operating expenses,travelling,Travelling,90,0.0,0.0,0.0,,tie,,,0.0
C&P,2026-06,SCI,EXPENSES,Operating expenses,entertainment,Entertainment,100,2626573.05,0.0,2626573.05,,DIFFERENCE,client shows nothing,,0.0
C&P,2026-06,SCI,EXPENSES,Operating expenses,it_costs,IT Costs,110,0.0,0.0,0.0,,tie,,,0.0
C&P,2026-06,SCI,EXPENSES,Operating expenses,communications,Communications,120,0.0,0.0,0.0,,tie,,,0.0
C&P,2026-06,SCI,EXPENSES,Operating expenses,printing_stationery,Printing & Stationery,130,0.0,0.0,0.0,,tie,,,0.0
C&P,2026-06,SCI,EXPENSES,Operating expenses,premises,Premises,140,0.0,0.0,0.0,,tie,,,0.0
C&P,2026-06,SCI,EXPENSES,Operating expenses,advertising_pr,Advertising & PR,150,0.0,0.0,0.0,,tie,,,0.0
C&P,2026-06,SCI,EXPENSES,Operating expenses,insurance,Insurance,160,2086770.48,2086770.48,0.0,0.0,tie,,,2086770.48
C&P,2026-06,SCI,EXPENSES,Operating expenses,professional_fees,Professional Fees,170,857199.98,857199.98,-0.0,-0.0,tie,,,857199.98
C&P,2026-06,SCI,EXPENSES,Operating expenses,depreciation,Depreciation,180,0.0,0.0,0.0,,tie,,,0.0
C&P,2026-06,SCI,EXPENSES,Operating expenses,motor_vehicle_expenses,Motor Vehicle Expenses,190,0.0,0.0,0.0,,tie,,,0.0
C&P,2026-06,SCI,EXPENSES,Operating expenses,general_expenses,General Expenses,200,75247.5,75247.5,0.0,0.0,tie,,,75247.5
C&P,2026-06,SCI,EXPENSES,Operating expenses,management_expense,Management Expense,210,3384922.02,3384922.02,0.0,0.0,tie,,,3384922.02
C&P,2026-06,SCI,EXPENSES,Finance costs,finance_costs,Finance cost,220,0.0,0.0,0.0,,tie,,,0.0
C&P,2026-06,SCI,EXPENSES,Taxation,taxation,Taxation,230,4921724.88,4921724.88,0.0,0.0,tie,,,4921724.88
C&P,2026-06,SFP,ASSETS,Non-Current Assets,ppe,"Property, Plant and Equipment",240,0.0,0.0,0.0,,tie,,,0.0
C&P,2026-06,SFP,ASSETS,Non-Current Assets,computer_software,Intangible - computer software,250,0.0,0.0,0.0,,tie,,,0.0
C&P,2026-06,SFP,ASSETS,Non-Current Assets,goodwill,Intangible - goodwill,260,0.0,0.0,0.0,,tie,,,0.0
C&P,2026-06,SFP,ASSETS,Non-Current Assets,investment_in_associate,Investment in associate,270,0.0,0.0,0.0,,tie,,,0.0
C&P,2026-06,SFP,ASSETS,Non-Current Assets,investment_unquoted_equity,Investment in unquoted equity securities,280,0.0,0.0,0.0,,tie,,,0.0
C&P,2026-06,SFP,ASSETS,Non-Current Assets,deposit_for_investment_in_subsidiary,Deposit for investment in subsidiary,290,0.0,0.0,0.0,,tie,,,0.0
C&P,2026-06,SFP,ASSETS,Non-Current Assets,deferred_tax,Deferred tax,310,4287361.0,4287361.0,0.0,0.0,tie,,,4287361.0
C&P,2026-06,SFP,ASSETS,Current Assets,trade_receivables,Trade Receivables (Debtors),320,45629603.0,45629603.0,0.0,0.0,tie,,,45629603.0
C&P,2026-06,SFP,ASSETS,Current Assets,premium_receivables,Premium Receivables,330,0.0,0.0,0.0,,tie,,,0.0
C&P,2026-06,SFP,ASSETS,Current Assets,other_receivables,Other Receivables,340,7341367.2,7341367.2,-0.0,-0.0,tie,,,7341367.2
C&P,2026-06,SFP,ASSETS,Current Assets,due_from_to_related_parties,Due from/to related parties,350,87712683.56,87712683.56,-0.0,-0.0,tie,,,87712683.56
C&P,2026-06,SFP,ASSETS,Current Assets,office_cash,Cash - Office Cash,360,12646453.33,12646453.33,0.0,0.0,tie,,,12646453.33
C&P,2026-06,SFP,ASSETS,Current Assets,deposits,Cash - Deposits,380,22284303.0,22284303.0,0.0,0.0,tie,,,22284303.0
C&P,2026-06,SFP,ASSETS,Current Assets,placements,Cash - Placements,390,0.0,0.0,0.0,,tie,,,0.0
C&P,2026-06,SFP,ASSETS,Current Assets,tax_recoverable,Tax recoverable,400,4181233.12,4181233.12,-0.0,-0.0,tie,,,4181233.12
C&P,2026-06,SFP,ASSETS,Current Assets,accrued_income,Accrued Income,410,0.0,0.0,0.0,,tie,,,0.0
C&P,2026-06,SFP,EQUITY AND LIABILITIES,Equity,share_capital,Share capital,420,25000000.0,25000000.0,0.0,0.0,tie,,,-25000000.0
C&P,2026-06,SFP,EQUITY AND LIABILITIES,Equity,translation_reserve,Translation reserve,430,0.0,0.0,0.0,,tie,,,0.0
C&P,2026-06,SFP,EQUITY AND LIABILITIES,Equity,proposed_dividend,Proposed dividend,440,0.0,0.0,0.0,,tie,,,0.0
C&P,2026-06,SFP,EQUITY AND LIABILITIES,Equity,retained_earnings,Retained earnings,450,133494468.71,133494469.71,-1.0,-0.0,tie,,,-133494469.71
C&P,2026-06,SFP,EQUITY AND LIABILITIES,Equity,net_profit,Net Profit (derived),460,11484024.73,11484024.73,-0.0,-0.0,tie,,,-11484024.73
C&P,2026-06,SFP,EQUITY AND LIABILITIES,Equity,non_controlling_interests,Non-controlling interests,470,0.0,0.0,0.0,,tie,,,0.0
C&P,2026-06,SFP,EQUITY AND LIABILITIES,Current Liabilities,trade_and_other_payables,Trade and other payables,480,14104509.77,14104509.77,-0.0,-0.0,tie,,,-14104509.77
C&P,2026-06,SFP,EQUITY AND LIABILITIES,Current Liabilities,deferred_revenue,Deferred Revenue,490,0.0,0.0,0.0,,tie,,,0.0
C&P,2026-06,SFP,EQUITY AND LIABILITIES,Current Liabilities,premium_payable,Premium payable,500,0.0,0.0,0.0,,tie,,,0.0
C&P,2026-06,SFP,EQUITY AND LIABILITIES,Current Liabilities,borrowings,Borrowings,510,0.0,0.0,0.0,,tie,,,0.0
DRC,2026-02,SCI,INCOME,Revenue,actuarial_fees,Actuarial Fees,10,0.0,0.0,0.0,,tie,,,0.0
DRC,2026-02,SCI,INCOME,Revenue,insurance_commissions,Insurance Commissions,40,7598108.07,7598108.07,-0.0,-0.0,tie,,,-7598108.07
DRC,2026-02,SCI,INCOME,Revenue,saas_income,SAAS (Software as a Service),50,0.0,0.0,0.0,,tie,,,0.0
DRC,2026-02,SCI,INCOME,Other income,other_income,Other Income,70,0.0,0.0,0.0,,tie,,,0.0
DRC,2026-02,SCI,EXPENSES,Operating expenses,personnel_costs,Personnel Costs,80,3876538.06,3876538.08,-0.02,-0.0,tie,,,3876538.08
DRC,2026-02,SCI,EXPENSES,Operating expenses,travelling,Travelling,90,819308.75,819308.75,0.0,0.0,tie,,,819308.75
DRC,2026-02,SCI,EXPENSES,Operating expenses,entertainment,Entertainment,100,55514.3,55514.3,-0.0,-0.0,tie,,,55514.3
DRC,2026-02,SCI,EXPENSES,Operating expenses,it_costs,IT Costs,110,141611.39,141611.39,-0.0,-0.0,tie,,,141611.39
DRC,2026-02,SCI,EXPENSES,Operating expenses,communications,Communications,120,470941.25,470941.25,0.0,0.0,tie,,,470941.25
DRC,2026-02,SCI,EXPENSES,Operating expenses,printing_stationery,Printing & Stationery,130,116057.99,116057.99,-0.0,-0.0,tie,,,116057.99
DRC,2026-02,SCI,EXPENSES,Operating expenses,premises,Premises,140,2158612.76,2158612.76,0.0,0.0,tie,,,2158612.76
DRC,2026-02,SCI,EXPENSES,Operating expenses,advertising_pr,Advertising & PR,150,1416178.4,1416178.4,0.0,0.0,tie,,,1416178.4
DRC,2026-02,SCI,EXPENSES,Operating expenses,insurance,Insurance,160,0.0,0.0,0.0,,tie,,,0.0
DRC,2026-02,SCI,EXPENSES,Operating expenses,professional_fees,Professional Fees,170,1339005.97,1339005.96,0.01,0.0,tie,,,1339005.96
DRC,2026-02,SCI,EXPENSES,Operating expenses,depreciation,Depreciation,180,702912.72,702912.72,-0.0,-0.0,tie,,,702912.72
DRC,2026-02,SCI,EXPENSES,Operating expenses,motor_vehicle_expenses,Motor Vehicle Expenses,190,580622.82,580622.82,0.0,0.0,tie,,,580622.82
DRC,2026-02,SCI,EXPENSES,Operating expenses,general_expenses,General Expenses,200,1713103.63,1713103.63,0.0,0.0,tie,,,1713103.63
DRC,2026-02,SCI,EXPENSES,Operating expenses,management_expense,Management Expense,210,316155.12,316155.12,-0.0,-0.0,tie,,,316155.12
DRC,2026-02,SCI,EXPENSES,Finance costs,finance_costs,Finance cost,220,0.0,0.0,0.0,,tie,,,0.0
DRC,2026-02,SCI,EXPENSES,Taxation,taxation,Taxation,230,0.0,0.0,0.0,,tie,,,0.0
DRC,2026-02,SFP,ASSETS,Non-Current Assets,ppe,"Property, Plant and Equipment",240,12210286.36,12210284.85,1.51,0.0,DIFFERENCE,rounding / FX,,12210284.85
DRC,2026-02,SFP,ASSETS,Non-Current Assets,computer_software,Intangible - computer software,250,0.0,0.0,0.0,,tie,,,0.0
DRC,2026-02,SFP,ASSETS,Non-Current Assets,goodwill,Intangible - goodwill,260,0.0,0.0,0.0,,tie,,,0.0
DRC,2026-02,SFP,ASSETS,Non-Current Assets,investment_in_associate,Investment in associate,270,0.0,0.0,0.0,,tie,,,0.0
DRC,2026-02,SFP,ASSETS,Non-Current Assets,investment_unquoted_equity,Investment in unquoted equity securities,280,0.0,0.0,0.0,,tie,,,0.0
DRC,2026-02,SFP,ASSETS,Non-Current Assets,deposit_for_investment_in_subsidiary,Deposit for investment in subsidiary,290,0.0,0.0,0.0,,tie,,,0.0
DRC,2026-02,SFP,ASSETS,Non-Current Assets,deferred_tax,Deferred tax,310,0.0,0.0,0.0,,tie,,,0.0
DRC,2026-02,SFP,ASSETS,Current Assets,trade_receivables,Trade Receivables (Debtors),320,41178686.36,41178686.36,0.0,0.0,tie,,,41178686.36
DRC,2026-02,SFP,ASSETS,Current Assets,premium_receivables,Premium Receivables,330,0.0,0.0,0.0,,tie,,,0.0
DRC,2026-02,SFP,ASSETS,Current Assets,other_receivables,Other Receivables,340,11024867.38,11024875.26,-7.88,-0.0,DIFFERENCE,rounding / FX,,11024875.26
DRC,2026-02,SFP,ASSETS,Current Assets,due_from_to_related_parties,Due from/to related parties,350,-10058760.46,-10058760.46,0.0,-0.0,tie,,,-10058760.46
DRC,2026-02,SFP,ASSETS,Current Assets,office_cash,Cash - Office Cash,360,20831189.88,20831189.88,0.0,0.0,tie,,,20831189.88
DRC,2026-02,SFP,ASSETS,Current Assets,deposits,Cash - Deposits,380,0.0,0.0,0.0,,tie,,,0.0
DRC,2026-02,SFP,ASSETS,Current Assets,placements,Cash - Placements,390,533691.23,533691.23,0.0,0.0,tie,,,533691.23
DRC,2026-02,SFP,ASSETS,Current Assets,tax_recoverable,Tax recoverable,400,-142808.37,-142808.37,0.0,-0.0,tie,,,-142808.37
DRC,2026-02,SFP,EQUITY AND LIABILITIES,Equity,share_capital,Share capital,420,74207214.16,74207214.16,0.0,0.0,tie,,,-74207214.16
DRC,2026-02,SFP,EQUITY AND LIABILITIES,Equity,translation_reserve,Translation reserve,430,0.0,184.17,-184.17,-100.0,DIFFERENCE,we show nothing,,-184.17
DRC,2026-02,SFP,EQUITY AND LIABILITIES,Equity,proposed_dividend,Proposed dividend,440,0.0,0.0,0.0,,tie,,,0.0
DRC,2026-02,SFP,EQUITY AND LIABILITIES,Equity,retained_earnings,Retained earnings,450,-51352540.4,-51352540.4,-0.0,0.0,tie,,,51352540.4
DRC,2026-02,SFP,EQUITY AND LIABILITIES,Equity,net_profit,Net Profit (derived),460,-6108455.09,-6108455.09,0.0,-0.0,tie,,,6108455.09
DRC,2026-02,SFP,EQUITY AND LIABILITIES,Equity,non_controlling_interests,Non-controlling interests,470,0.0,0.0,0.0,,tie,,,0.0
DRC,2026-02,SFP,EQUITY AND LIABILITIES,Current Liabilities,trade_and_other_payables,Trade and other payables,480,-2480793.98,-2480735.07,-58.91,0.0,DIFFERENCE,rounding / FX,,2480735.07
DRC,2026-02,SFP,EQUITY AND LIABILITIES,Current Liabilities,premium_payable,Premium payable,500,61311490.98,61311490.98,0.0,0.0,tie,,,-61311490.98
DRC,2026-02,SFP,EQUITY AND LIABILITIES,Current Liabilities,borrowings,Borrowings,510,0.0,0.0,0.0,,tie,,,0.0
DRC,2026-03,SCI,INCOME,Revenue,actuarial_fees,Actuarial Fees,10,0.0,0.0,0.0,,tie,,,0.0
DRC,2026-03,SCI,INCOME,Revenue,insurance_commissions,Insurance Commissions,40,18090512.88,18090512.88,-0.0,-0.0,tie,,,-18090512.88
DRC,2026-03,SCI,INCOME,Revenue,saas_income,SAAS (Software as a Service),50,0.0,0.0,0.0,,tie,,,0.0
DRC,2026-03,SCI,INCOME,Other income,other_income,Other Income,70,0.0,0.0,0.0,,tie,,,0.0
DRC,2026-03,SCI,EXPENSES,Operating expenses,personnel_costs,Personnel Costs,80,5706452.52,5706452.53,-0.01,-0.0,tie,,,5706452.53
DRC,2026-03,SCI,EXPENSES,Operating expenses,travelling,Travelling,90,1493593.67,1493593.67,0.0,0.0,tie,,,1493593.67
DRC,2026-03,SCI,EXPENSES,Operating expenses,entertainment,Entertainment,100,163965.52,163965.52,0.0,0.0,tie,,,163965.52
DRC,2026-03,SCI,EXPENSES,Operating expenses,it_costs,IT Costs,110,360504.55,360504.55,-0.0,-0.0,tie,,,360504.55
DRC,2026-03,SCI,EXPENSES,Operating expenses,communications,Communications,120,531532.6,531532.6,0.0,0.0,tie,,,531532.6
DRC,2026-03,SCI,EXPENSES,Operating expenses,printing_stationery,Printing & Stationery,130,131853.71,131853.71,-0.0,-0.0,tie,,,131853.71
DRC,2026-03,SCI,EXPENSES,Operating expenses,premises,Premises,140,3204739.37,3204739.37,0.0,0.0,tie,,,3204739.37
DRC,2026-03,SCI,EXPENSES,Operating expenses,advertising_pr,Advertising & PR,150,2326069.43,2326069.43,-0.0,-0.0,tie,,,2326069.43
DRC,2026-03,SCI,EXPENSES,Operating expenses,insurance,Insurance,160,0.0,0.0,0.0,,tie,,,0.0
DRC,2026-03,SCI,EXPENSES,Operating expenses,professional_fees,Professional Fees,170,3053697.46,3053697.47,-0.01,-0.0,tie,,,3053697.47
DRC,2026-03,SCI,EXPENSES,Operating expenses,depreciation,Depreciation,180,1056834.24,1056834.24,0.0,0.0,tie,,,1056834.24
DRC,2026-03,SCI,EXPENSES,Operating expenses,motor_vehicle_expenses,Motor Vehicle Expenses,190,862350.21,862350.21,0.0,0.0,tie,,,862350.21
DRC,2026-03,SCI,EXPENSES,Operating expenses,general_expenses,General Expenses,200,2196288.82,2196288.82,0.0,0.0,tie,,,2196288.82
DRC,2026-03,SCI,EXPENSES,Operating expenses,management_expense,Management Expense,210,475341.46,475341.46,-0.0,-0.0,tie,,,475341.46
DRC,2026-03,SCI,EXPENSES,Finance costs,finance_costs,Finance cost,220,0.0,0.0,0.0,,tie,,,0.0
DRC,2026-03,SCI,EXPENSES,Taxation,taxation,Taxation,230,0.0,0.0,0.0,,tie,,,0.0
DRC,2026-03,SFP,ASSETS,Non-Current Assets,ppe,"Property, Plant and Equipment",240,11942486.07,11942486.07,-0.0,-0.0,tie,,,11942486.07
DRC,2026-03,SFP,ASSETS,Non-Current Assets,computer_software,Intangible - computer software,250,0.0,0.0,0.0,,tie,,,0.0
DRC,2026-03,SFP,ASSETS,Non-Current Assets,goodwill,Intangible - goodwill,260,0.0,0.0,0.0,,tie,,,0.0
DRC,2026-03,SFP,ASSETS,Non-Current Assets,investment_in_associate,Investment in associate,270,0.0,0.0,0.0,,tie,,,0.0
DRC,2026-03,SFP,ASSETS,Non-Current Assets,investment_unquoted_equity,Investment in unquoted equity securities,280,0.0,0.0,0.0,,tie,,,0.0
DRC,2026-03,SFP,ASSETS,Non-Current Assets,deposit_for_investment_in_subsidiary,Deposit for investment in subsidiary,290,0.0,0.0,0.0,,tie,,,0.0
DRC,2026-03,SFP,ASSETS,Non-Current Assets,deferred_tax,Deferred tax,310,0.0,0.0,0.0,,tie,,,0.0
DRC,2026-03,SFP,ASSETS,Current Assets,trade_receivables,Trade Receivables (Debtors),320,49340574.48,49340574.48,0.0,0.0,tie,,,49340574.48
DRC,2026-03,SFP,ASSETS,Current Assets,premium_receivables,Premium Receivables,330,0.0,0.0,0.0,,tie,,,0.0
DRC,2026-03,SFP,ASSETS,Current Assets,other_receivables,Other Receivables,340,10939721.41,10939721.41,-0.0,-0.0,tie,,,10939721.41
DRC,2026-03,SFP,ASSETS,Current Assets,due_from_to_related_parties,Due from/to related parties,350,-10129706.6,-10129706.6,-0.0,0.0,tie,,,-10129706.6
DRC,2026-03,SFP,ASSETS,Current Assets,office_cash,Cash - Office Cash,360,9625448.27,9625448.27,0.0,0.0,tie,,,9625448.27
DRC,2026-03,SFP,ASSETS,Current Assets,deposits,Cash - Deposits,380,0.0,0.0,0.0,,tie,,,0.0
DRC,2026-03,SFP,ASSETS,Current Assets,placements,Cash - Placements,390,537455.45,537455.45,-0.0,-0.0,tie,,,537455.45
DRC,2026-03,SFP,ASSETS,Current Assets,tax_recoverable,Tax recoverable,400,-143815.62,-143815.62,0.0,-0.0,tie,,,-143815.62
DRC,2026-03,SFP,EQUITY AND LIABILITIES,Equity,share_capital,Share capital,420,74730610.26,74730610.26,0.0,0.0,tie,,,-74730610.26
DRC,2026-03,SFP,EQUITY AND LIABILITIES,Equity,translation_reserve,Translation reserve,430,0.0,-16200.85,16200.85,-100.0,DIFFERENCE,we show nothing,,16200.85
DRC,2026-03,SFP,EQUITY AND LIABILITIES,Equity,proposed_dividend,Proposed dividend,440,0.0,0.0,0.0,,tie,,,0.0
DRC,2026-03,SFP,EQUITY AND LIABILITIES,Equity,retained_earnings,Retained earnings,450,-51467741.67,-51467741.67,0.0,-0.0,tie,,,51467741.67
DRC,2026-03,SFP,EQUITY AND LIABILITIES,Equity,net_profit,Net Profit (derived),460,-3472710.69,-3472710.69,-0.0,0.0,tie,,,3472710.69
DRC,2026-03,SFP,EQUITY AND LIABILITIES,Equity,non_controlling_interests,Non-controlling interests,470,0.0,0.0,0.0,,tie,,,0.0
DRC,2026-03,SFP,EQUITY AND LIABILITIES,Current Liabilities,trade_and_other_payables,Trade and other payables,480,-2202540.88,-2202540.88,0.0,-0.0,tie,,,2202540.88
DRC,2026-03,SFP,EQUITY AND LIABILITIES,Current Liabilities,premium_payable,Premium payable,500,54540747.28,54540747.28,0.0,0.0,tie,,,-54540747.28
DRC,2026-03,SFP,EQUITY AND LIABILITIES,Current Liabilities,borrowings,Borrowings,510,0.0,0.0,0.0,,tie,,,0.0
DRC,2026-04,SCI,INCOME,Revenue,actuarial_fees,Actuarial Fees,10,0.0,0.0,0.0,,tie,,,0.0
DRC,2026-04,SCI,INCOME,Revenue,insurance_commissions,Insurance Commissions,40,22791627.94,22791627.94,0.0,0.0,tie,,,-22791627.94
DRC,2026-04,SCI,INCOME,Revenue,saas_income,SAAS (Software as a Service),50,0.0,0.0,0.0,,tie,,,0.0
DRC,2026-04,SCI,INCOME,Other income,other_income,Other Income,70,0.0,0.0,0.0,,tie,,,0.0
DRC,2026-04,SCI,EXPENSES,Operating expenses,personnel_costs,Personnel Costs,80,7624466.57,7624466.57,-0.0,-0.0,tie,,,7624466.57
DRC,2026-04,SCI,EXPENSES,Operating expenses,travelling,Travelling,90,1909447.09,1909447.09,-0.0,-0.0,tie,,,1909447.09
DRC,2026-04,SCI,EXPENSES,Operating expenses,entertainment,Entertainment,100,274392.03,274392.03,0.0,0.0,tie,,,274392.03
DRC,2026-04,SCI,EXPENSES,Operating expenses,it_costs,IT Costs,110,384960.0,384960.0,-0.0,-0.0,tie,,,384960.0
DRC,2026-04,SCI,EXPENSES,Operating expenses,communications,Communications,120,731767.25,731767.25,0.0,0.0,tie,,,731767.25
DRC,2026-04,SCI,EXPENSES,Operating expenses,printing_stationery,Printing & Stationery,130,241708.15,241708.15,0.0,0.0,tie,,,241708.15
DRC,2026-04,SCI,EXPENSES,Operating expenses,premises,Premises,140,4442933.91,4442933.9,0.01,0.0,tie,,,4442933.9
DRC,2026-04,SCI,EXPENSES,Operating expenses,advertising_pr,Advertising & PR,150,2588852.9,2588852.9,0.0,0.0,tie,,,2588852.9
DRC,2026-04,SCI,EXPENSES,Operating expenses,insurance,Insurance,160,0.0,0.0,0.0,,tie,,,0.0
DRC,2026-04,SCI,EXPENSES,Operating expenses,professional_fees,Professional Fees,170,5463166.14,5463166.14,-0.0,-0.0,tie,,,5463166.14
DRC,2026-04,SCI,EXPENSES,Operating expenses,depreciation,Depreciation,180,1408685.57,1408685.57,0.0,0.0,tie,,,1408685.57
DRC,2026-04,SCI,EXPENSES,Operating expenses,motor_vehicle_expenses,Motor Vehicle Expenses,190,1035970.39,1035970.4,-0.01,-0.0,tie,,,1035970.4
DRC,2026-04,SCI,EXPENSES,Operating expenses,general_expenses,General Expenses,200,2602993.07,2602993.08,-0.01,-0.0,tie,,,2602993.08
DRC,2026-04,SCI,EXPENSES,Operating expenses,management_expense,Management Expense,210,633596.67,633596.67,-0.0,-0.0,tie,,,633596.67
DRC,2026-04,SCI,EXPENSES,Finance costs,finance_costs,Finance cost,220,0.0,0.0,0.0,,tie,,,0.0
DRC,2026-04,SCI,EXPENSES,Taxation,taxation,Taxation,230,0.0,0.0,0.0,,tie,,,0.0
DRC,2026-04,SFP,ASSETS,Non-Current Assets,ppe,"Property, Plant and Equipment",240,12040042.91,12040042.91,0.0,0.0,tie,,,12040042.91
DRC,2026-04,SFP,ASSETS,Non-Current Assets,computer_software,Intangible - computer software,250,0.0,0.0,0.0,,tie,,,0.0
DRC,2026-04,SFP,ASSETS,Non-Current Assets,goodwill,Intangible - goodwill,260,0.0,0.0,0.0,,tie,,,0.0
DRC,2026-04,SFP,ASSETS,Non-Current Assets,investment_in_associate,Investment in associate,270,0.0,0.0,0.0,,tie,,,0.0
DRC,2026-04,SFP,ASSETS,Non-Current Assets,investment_unquoted_equity,Investment in unquoted equity securities,280,0.0,0.0,0.0,,tie,,,0.0
DRC,2026-04,SFP,ASSETS,Non-Current Assets,deposit_for_investment_in_subsidiary,Deposit for investment in subsidiary,290,0.0,0.0,0.0,,tie,,,0.0
DRC,2026-04,SFP,ASSETS,Non-Current Assets,deferred_tax,Deferred tax,310,0.0,0.0,0.0,,tie,,,0.0
DRC,2026-04,SFP,ASSETS,Current Assets,trade_receivables,Trade Receivables (Debtors),320,43593875.22,43593875.22,0.0,0.0,tie,,,43593875.22
DRC,2026-04,SFP,ASSETS,Current Assets,premium_receivables,Premium Receivables,330,0.0,0.0,0.0,,tie,,,0.0
DRC,2026-04,SFP,ASSETS,Current Assets,other_receivables,Other Receivables,340,11442933.92,11442933.92,-0.0,-0.0,tie,,,11442933.92
DRC,2026-04,SFP,ASSETS,Current Assets,due_from_to_related_parties,Due from/to related parties,350,-10070454.88,-10070454.88,0.0,-0.0,tie,,,-10070454.88
DRC,2026-04,SFP,ASSETS,Current Assets,office_cash,Cash - Office Cash,360,12569986.09,12569986.09,-0.0,-0.0,tie,,,12569986.09
DRC,2026-04,SFP,ASSETS,Current Assets,deposits,Cash - Deposits,380,0.0,0.0,0.0,,tie,,,0.0
DRC,2026-04,SFP,ASSETS,Current Assets,placements,Cash - Placements,390,534311.7,534311.7,0.01,0.0,tie,,,534311.7
DRC,2026-04,SFP,ASSETS,Current Assets,tax_recoverable,Tax recoverable,400,12029.6,12029.6,0.0,0.0,tie,,,12029.6
DRC,2026-04,SFP,EQUITY AND LIABILITIES,Equity,share_capital,Share capital,420,74293488.24,74293488.24,0.0,0.0,tie,,,-74293488.24
DRC,2026-04,SFP,EQUITY AND LIABILITIES,Equity,translation_reserve,Translation reserve,430,0.0,5954.01,-5954.01,-100.0,DIFFERENCE,we show nothing,,-5954.01
DRC,2026-04,SFP,EQUITY AND LIABILITIES,Equity,proposed_dividend,Proposed dividend,440,0.0,0.0,0.0,,tie,,,0.0
DRC,2026-04,SFP,EQUITY AND LIABILITIES,Equity,retained_earnings,Retained earnings,450,-51166691.23,-51166691.23,0.0,-0.0,tie,,,51166691.23
DRC,2026-04,SFP,EQUITY AND LIABILITIES,Equity,net_profit,Net Profit (derived),460,-6551311.79,-6551311.79,-0.0,0.0,tie,,,6551311.79
DRC,2026-04,SFP,EQUITY AND LIABILITIES,Equity,non_controlling_interests,Non-controlling interests,470,0.0,0.0,0.0,,tie,,,0.0
DRC,2026-04,SFP,EQUITY AND LIABILITIES,Current Liabilities,trade_and_other_payables,Trade and other payables,480,-680436.56,-680436.56,0.0,-0.0,tie,,,680436.56
DRC,2026-04,SFP,EQUITY AND LIABILITIES,Current Liabilities,premium_payable,Premium payable,500,54221721.9,54221721.9,0.0,0.0,tie,,,-54221721.9
DRC,2026-04,SFP,EQUITY AND LIABILITIES,Current Liabilities,borrowings,Borrowings,510,0.0,0.0,0.0,,tie,,,0.0
DRC,2026-05,SCI,INCOME,Revenue,actuarial_fees,Actuarial Fees,10,0.0,0.0,0.0,,tie,,,0.0
DRC,2026-05,SCI,INCOME,Revenue,insurance_commissions,Insurance Commissions,40,25057589.19,25057589.19,-0.0,-0.0,tie,,,-25057589.19
DRC,2026-05,SCI,INCOME,Revenue,saas_income,SAAS (Software as a Service),50,0.0,0.0,0.0,,tie,,,0.0
DRC,2026-05,SCI,INCOME,Other income,other_income,Other Income,70,0.0,0.0,0.0,,tie,,,0.0
DRC,2026-05,SCI,EXPENSES,Operating expenses,personnel_costs,Personnel Costs,80,9404193.7,9404193.7,0.0,0.0,tie,,,9404193.7
DRC,2026-05,SCI,EXPENSES,Operating expenses,travelling,Travelling,90,2757140.78,2757140.78,0.0,0.0,tie,,,2757140.78
DRC,2026-05,SCI,EXPENSES,Operating expenses,entertainment,Entertainment,100,322652.86,322652.86,-0.0,-0.0,tie,,,322652.86
DRC,2026-05,SCI,EXPENSES,Operating expenses,it_costs,IT Costs,110,385116.32,385116.32,-0.0,-0.0,tie,,,385116.32
DRC,2026-05,SCI,EXPENSES,Operating expenses,communications,Communications,120,773453.2,773453.2,0.0,0.0,tie,,,773453.2
DRC,2026-05,SCI,EXPENSES,Operating expenses,printing_stationery,Printing & Stationery,130,337546.36,337546.35,0.01,0.0,tie,,,337546.35
DRC,2026-05,SCI,EXPENSES,Operating expenses,premises,Premises,140,5335890.66,5335890.66,-0.0,-0.0,tie,,,5335890.66
DRC,2026-05,SCI,EXPENSES,Operating expenses,advertising_pr,Advertising & PR,150,2597664.56,2597664.56,0.0,0.0,tie,,,2597664.56
DRC,2026-05,SCI,EXPENSES,Operating expenses,insurance,Insurance,160,0.0,0.0,0.0,,tie,,,0.0
DRC,2026-05,SCI,EXPENSES,Operating expenses,professional_fees,Professional Fees,170,6262981.67,6262981.67,0.0,0.0,tie,,,6262981.67
DRC,2026-05,SCI,EXPENSES,Operating expenses,depreciation,Depreciation,180,1761572.0,1761571.99,0.01,0.0,tie,,,1761571.99
DRC,2026-05,SCI,EXPENSES,Operating expenses,motor_vehicle_expenses,Motor Vehicle Expenses,190,1133376.67,1133376.67,0.0,0.0,tie,,,1133376.67
DRC,2026-05,SCI,EXPENSES,Operating expenses,general_expenses,General Expenses,200,3616007.53,3616007.53,-0.0,-0.0,tie,,,3616007.53
DRC,2026-05,SCI,EXPENSES,Operating expenses,management_expense,Management Expense,210,792317.44,792317.44,-0.0,-0.0,tie,,,792317.44
DRC,2026-05,SCI,EXPENSES,Finance costs,finance_costs,Finance cost,220,0.0,0.0,0.0,,tie,,,0.0
DRC,2026-05,SCI,EXPENSES,Taxation,taxation,Taxation,230,0.0,0.0,0.0,,tie,,,0.0
DRC,2026-05,SFP,ASSETS,Non-Current Assets,ppe,"Property, Plant and Equipment",240,11889696.1,11889696.1,-0.0,-0.0,tie,,,11889696.1
DRC,2026-05,SFP,ASSETS,Non-Current Assets,computer_software,Intangible - computer software,250,0.0,0.0,0.0,,tie,,,0.0
DRC,2026-05,SFP,ASSETS,Non-Current Assets,goodwill,Intangible - goodwill,260,0.0,0.0,0.0,,tie,,,0.0
DRC,2026-05,SFP,ASSETS,Non-Current Assets,investment_in_associate,Investment in associate,270,0.0,0.0,0.0,,tie,,,0.0
DRC,2026-05,SFP,ASSETS,Non-Current Assets,investment_unquoted_equity,Investment in unquoted equity securities,280,0.0,0.0,0.0,,tie,,,0.0
DRC,2026-05,SFP,ASSETS,Non-Current Assets,deposit_for_investment_in_subsidiary,Deposit for investment in subsidiary,290,0.0,0.0,0.0,,tie,,,0.0
DRC,2026-05,SFP,ASSETS,Non-Current Assets,deferred_tax,Deferred tax,310,0.0,0.0,0.0,,tie,,,0.0
DRC,2026-05,SFP,ASSETS,Current Assets,trade_receivables,Trade Receivables (Debtors),320,38904940.27,38904940.27,-0.0,-0.0,tie,,,38904940.27
DRC,2026-05,SFP,ASSETS,Current Assets,premium_receivables,Premium Receivables,330,0.0,0.0,0.0,,tie,,,0.0
DRC,2026-05,SFP,ASSETS,Current Assets,other_receivables,Other Receivables,340,11589120.67,11589120.67,-0.0,-0.0,tie,,,11589120.67
DRC,2026-05,SFP,ASSETS,Current Assets,due_from_to_related_parties,Due from/to related parties,350,-10100080.74,-10100080.74,-0.0,0.0,tie,,,-10100080.74
DRC,2026-05,SFP,ASSETS,Current Assets,office_cash,Cash - Office Cash,360,10082525.42,10082525.42,-0.0,-0.0,tie,,,10082525.42
DRC,2026-05,SFP,ASSETS,Current Assets,deposits,Cash - Deposits,380,0.0,0.0,0.0,,tie,,,0.0
DRC,2026-05,SFP,ASSETS,Current Assets,placements,Cash - Placements,390,646788.74,646788.74,-0.0,-0.0,tie,,,646788.74
DRC,2026-05,SFP,ASSETS,Current Assets,tax_recoverable,Tax recoverable,400,12064.99,12064.99,0.0,0.0,tie,,,12064.99
DRC,2026-05,SFP,EQUITY AND LIABILITIES,Equity,share_capital,Share capital,420,74512049.25,74512049.25,0.0,0.0,tie,,,-74512049.25
DRC,2026-05,SFP,EQUITY AND LIABILITIES,Equity,translation_reserve,Translation reserve,430,0.0,-16921.97,16921.97,-100.0,DIFFERENCE,we show nothing,,16921.97
DRC,2026-05,SFP,EQUITY AND LIABILITIES,Equity,proposed_dividend,Proposed dividend,440,0.0,0.0,0.0,,tie,,,0.0
DRC,2026-05,SFP,EQUITY AND LIABILITIES,Equity,retained_earnings,Retained earnings,450,-51317216.45,-51317216.45,0.0,-0.0,tie,,,51317216.45
DRC,2026-05,SFP,EQUITY AND LIABILITIES,Equity,net_profit,Net Profit (derived),460,-10422324.55,-10422324.55,-0.0,0.0,tie,,,10422324.55
DRC,2026-05,SFP,EQUITY AND LIABILITIES,Equity,non_controlling_interests,Non-controlling interests,470,0.0,0.0,0.0,,tie,,,0.0
DRC,2026-05,SFP,EQUITY AND LIABILITIES,Current Liabilities,trade_and_other_payables,Trade and other payables,480,-1371782.93,-1371782.93,0.0,-0.0,tie,,,1371782.93
DRC,2026-05,SFP,EQUITY AND LIABILITIES,Current Liabilities,premium_payable,Premium payable,500,51641252.09,51641252.09,0.0,0.0,tie,,,-51641252.09
DRC,2026-05,SFP,EQUITY AND LIABILITIES,Current Liabilities,borrowings,Borrowings,510,0.0,0.0,0.0,,tie,,,0.0
DRC,2026-06,SCI,INCOME,Revenue,actuarial_fees,Actuarial Fees,10,0.0,0.0,0.0,,tie,,,0.0
DRC,2026-06,SCI,INCOME,Revenue,insurance_commissions,Insurance Commissions,40,41801336.38,41801336.38,-0.0,-0.0,tie,,,-41801336.38
DRC,2026-06,SCI,INCOME,Revenue,saas_income,SAAS (Software as a Service),50,0.0,0.0,0.0,,tie,,,0.0
DRC,2026-06,SCI,INCOME,Other income,other_income,Other Income,70,0.0,0.0,0.0,,tie,,,0.0
DRC,2026-06,SCI,EXPENSES,Operating expenses,personnel_costs,Personnel Costs,80,11113105.08,11113105.08,-0.0,-0.0,tie,,,11113105.08
DRC,2026-06,SCI,EXPENSES,Operating expenses,travelling,Travelling,90,3249949.4,3249949.4,0.0,0.0,tie,,,3249949.4
DRC,2026-06,SCI,EXPENSES,Operating expenses,entertainment,Entertainment,100,346640.57,346640.57,0.0,0.0,tie,,,346640.57
DRC,2026-06,SCI,EXPENSES,Operating expenses,it_costs,IT Costs,110,385195.72,385195.72,-0.0,-0.0,tie,,,385195.72
DRC,2026-06,SCI,EXPENSES,Operating expenses,communications,Communications,120,965075.33,965075.33,0.0,0.0,tie,,,965075.33
DRC,2026-06,SCI,EXPENSES,Operating expenses,printing_stationery,Printing & Stationery,130,424291.62,424291.62,-0.0,-0.0,tie,,,424291.62
DRC,2026-06,SCI,EXPENSES,Operating expenses,premises,Premises,140,6257160.36,6257160.36,0.0,0.0,tie,,,6257160.36
DRC,2026-06,SCI,EXPENSES,Operating expenses,advertising_pr,Advertising & PR,150,2598200.13,2598200.14,-0.01,-0.0,tie,,,2598200.14
DRC,2026-06,SCI,EXPENSES,Operating expenses,insurance,Insurance,160,0.0,0.0,0.0,,tie,,,0.0
DRC,2026-06,SCI,EXPENSES,Operating expenses,professional_fees,Professional Fees,170,7516451.72,7516451.72,-0.0,-0.0,tie,,,7516451.72
DRC,2026-06,SCI,EXPENSES,Operating expenses,depreciation,Depreciation,180,2114322.23,2114322.23,-0.0,-0.0,tie,,,2114322.23
DRC,2026-06,SCI,EXPENSES,Operating expenses,motor_vehicle_expenses,Motor Vehicle Expenses,190,1514991.04,1514991.04,0.0,0.0,tie,,,1514991.04
DRC,2026-06,SCI,EXPENSES,Operating expenses,general_expenses,General Expenses,200,4345871.35,4345871.36,-0.01,-0.0,tie,,,4345871.36
DRC,2026-06,SCI,EXPENSES,Operating expenses,management_expense,Management Expense,210,950976.95,950976.95,0.0,0.0,tie,,,950976.95
DRC,2026-06,SCI,EXPENSES,Finance costs,finance_costs,Finance cost,220,0.0,0.0,0.0,,tie,,,0.0
DRC,2026-06,SCI,EXPENSES,Taxation,taxation,Taxation,230,0.0,0.0,0.0,,tie,,,0.0
DRC,2026-06,SFP,ASSETS,Non-Current Assets,ppe,"Property, Plant and Equipment",240,11532357.02,11532357.02,0.0,0.0,tie,,,11532357.02
DRC,2026-06,SFP,ASSETS,Non-Current Assets,computer_software,Intangible - computer software,250,0.0,0.0,0.0,,tie,,,0.0
DRC,2026-06,SFP,ASSETS,Non-Current Assets,goodwill,Intangible - goodwill,260,0.0,0.0,0.0,,tie,,,0.0
DRC,2026-06,SFP,ASSETS,Non-Current Assets,investment_in_associate,Investment in associate,270,0.0,0.0,0.0,,tie,,,0.0
DRC,2026-06,SFP,ASSETS,Non-Current Assets,investment_unquoted_equity,Investment in unquoted equity securities,280,0.0,0.0,0.0,,tie,,,0.0
DRC,2026-06,SFP,ASSETS,Non-Current Assets,deposit_for_investment_in_subsidiary,Deposit for investment in subsidiary,290,0.0,0.0,0.0,,tie,,,0.0
DRC,2026-06,SFP,ASSETS,Non-Current Assets,deferred_tax,Deferred tax,310,0.0,0.0,0.0,,tie,,,0.0
DRC,2026-06,SFP,ASSETS,Current Assets,trade_receivables,Trade Receivables (Debtors),320,49111064.59,49111065.06,-0.47,-0.0,tie,,,49111065.06
DRC,2026-06,SFP,ASSETS,Current Assets,premium_receivables,Premium Receivables,330,0.0,0.0,0.0,,tie,,,0.0
DRC,2026-06,SFP,ASSETS,Current Assets,other_receivables,Other Receivables,340,5106494.51,5106494.51,-0.0,-0.0,tie,,,5106494.51
DRC,2026-06,SFP,ASSETS,Current Assets,due_from_to_related_parties,Due from/to related parties,350,-10096182.6,-10096182.6,-0.0,0.0,tie,,,-10096182.6
DRC,2026-06,SFP,ASSETS,Current Assets,office_cash,Cash - Office Cash,360,3227997.29,3227997.29,-0.0,-0.0,tie,,,3227997.29
DRC,2026-06,SFP,ASSETS,Current Assets,client_cash,Cash - Client Cash,370,7184040.99,7184040.99,0.0,0.0,tie,,,7184040.99
DRC,2026-06,SFP,ASSETS,Current Assets,deposits,Cash - Deposits,380,0.0,0.0,0.0,,tie,,,0.0
DRC,2026-06,SFP,ASSETS,Current Assets,placements,Cash - Placements,390,646539.11,646539.11,0.0,0.0,tie,,,646539.11
DRC,2026-06,SFP,ASSETS,Current Assets,tax_recoverable,Tax recoverable,400,12060.34,12060.33,0.01,0.0,tie,,,12060.33
DRC,2026-06,SFP,EQUITY AND LIABILITIES,Equity,share_capital,Share capital,420,74483291.23,74483291.23,-0.0,-0.0,tie,,,-74483291.23
DRC,2026-06,SFP,EQUITY AND LIABILITIES,Equity,translation_reserve,Translation reserve,430,0.0,20.16,-20.16,-100.0,DIFFERENCE,we show nothing,,-20.16
DRC,2026-06,SFP,EQUITY AND LIABILITIES,Equity,proposed_dividend,Proposed dividend,440,0.0,0.0,0.0,,tie,,,0.0
DRC,2026-06,SFP,EQUITY AND LIABILITIES,Equity,retained_earnings,Retained earnings,450,-51297410.5,-51297410.5,0.0,-0.0,tie,,,51297410.5
DRC,2026-06,SFP,EQUITY AND LIABILITIES,Equity,net_profit,Net Profit (derived),460,19104.87,19104.87,-0.0,-0.0,tie,,,-19104.87
DRC,2026-06,SFP,EQUITY AND LIABILITIES,Equity,non_controlling_interests,Non-controlling interests,470,0.0,0.0,0.0,,tie,,,0.0
DRC,2026-06,SFP,EQUITY AND LIABILITIES,Current Liabilities,trade_and_other_payables,Trade and other payables,480,37197410.36,37197409.89,0.47,0.0,tie,,,-37197409.89
DRC,2026-06,SFP,EQUITY AND LIABILITIES,Current Liabilities,premium_payable,Premium payable,500,6321955.6,6321956.07,-0.47,-0.0,tie,,,-6321956.07
DRC,2026-06,SFP,EQUITY AND LIABILITIES,Current Liabilities,borrowings,Borrowings,510,0.0,0.0,0.0,,tie,,,0.0
MALAWI,2026-02,SCI,INCOME,Revenue,actuarial_fees,Actuarial Fees,10,0.0,0.0,0.0,,tie,,,0.0
MALAWI,2026-02,SCI,INCOME,Revenue,pension_admin_fee,Pension Admin Fee,20,36130002.87,36130002.85,0.02,0.0,tie,,,-36130002.85
MALAWI,2026-02,SCI,INCOME,Revenue,insurance_commissions,Insurance Commissions,40,0.0,0.0,0.0,,tie,,,0.0
MALAWI,2026-02,SCI,INCOME,Revenue,saas_income,SAAS (Software as a Service),50,0.0,0.0,0.0,,tie,,,0.0
MALAWI,2026-02,SCI,INCOME,Other income,other_income,Other Income,70,2062952.21,2062952.21,0.0,0.0,tie,,,-2062952.21
MALAWI,2026-02,SCI,EXPENSES,Operating expenses,personnel_costs,Personnel Costs,80,8980617.11,8980617.11,0.0,0.0,tie,,,8980617.11
MALAWI,2026-02,SCI,EXPENSES,Operating expenses,travelling,Travelling,90,144213.72,144213.72,-0.0,-0.0,tie,,,144213.72
MALAWI,2026-02,SCI,EXPENSES,Operating expenses,entertainment,Entertainment,100,0.0,0.0,0.0,,tie,,,0.0
MALAWI,2026-02,SCI,EXPENSES,Operating expenses,it_costs,IT Costs,110,0.0,0.0,0.0,,tie,,,0.0
MALAWI,2026-02,SCI,EXPENSES,Operating expenses,communications,Communications,120,153649.65,153649.65,-0.0,-0.0,tie,,,153649.65
MALAWI,2026-02,SCI,EXPENSES,Operating expenses,printing_stationery,Printing & Stationery,130,250690.95,250690.95,-0.0,-0.0,tie,,,250690.95
MALAWI,2026-02,SCI,EXPENSES,Operating expenses,premises,Premises,140,706449.57,706449.57,0.0,0.0,tie,,,706449.57
MALAWI,2026-02,SCI,EXPENSES,Operating expenses,advertising_pr,Advertising & PR,150,477814.74,477814.74,-0.0,-0.0,tie,,,477814.74
MALAWI,2026-02,SCI,EXPENSES,Operating expenses,insurance,Insurance,160,577697.97,577697.97,0.0,0.0,tie,,,577697.97
MALAWI,2026-02,SCI,EXPENSES,Operating expenses,professional_fees,Professional Fees,170,772396.58,772396.57,0.01,0.0,tie,,,772396.57
MALAWI,2026-02,SCI,EXPENSES,Operating expenses,depreciation,Depreciation,180,2617967.17,2617967.16,0.01,0.0,tie,,,2617967.16
MALAWI,2026-02,SCI,EXPENSES,Operating expenses,motor_vehicle_expenses,Motor Vehicle Expenses,190,312565.21,312565.21,0.0,0.0,tie,,,312565.21
MALAWI,2026-02,SCI,EXPENSES,Operating expenses,general_expenses,General Expenses,200,358255.31,358255.31,0.0,0.0,tie,,,358255.31
MALAWI,2026-02,SCI,EXPENSES,Operating expenses,management_expense,Management Expense,210,2829088.69,2829088.69,0.0,0.0,tie,,,2829088.69
MALAWI,2026-02,SCI,EXPENSES,Finance costs,finance_costs,Finance cost,220,0.0,0.0,0.0,,tie,,,0.0
MALAWI,2026-02,SCI,EXPENSES,Taxation,taxation,Taxation,230,6875326.88,6875326.87,0.01,0.0,tie,,,6875326.87
MALAWI,2026-02,SFP,ASSETS,Non-Current Assets,ppe,"Property, Plant and Equipment",240,13749387.61,13749387.61,-0.0,-0.0,tie,,,13749387.61
MALAWI,2026-02,SFP,ASSETS,Non-Current Assets,computer_software,Intangible - computer software,250,10148233.5,10148233.49,0.01,0.0,tie,,,10148233.49
MALAWI,2026-02,SFP,ASSETS,Non-Current Assets,goodwill,Intangible - goodwill,260,0.0,0.0,0.0,,tie,,,0.0
MALAWI,2026-02,SFP,ASSETS,Non-Current Assets,investment_in_associate,Investment in associate,270,0.0,0.0,0.0,,tie,,,0.0
MALAWI,2026-02,SFP,ASSETS,Non-Current Assets,investment_unquoted_equity,Investment in unquoted equity securities,280,0.0,0.0,0.0,,tie,,,0.0
MALAWI,2026-02,SFP,ASSETS,Non-Current Assets,deposit_for_investment_in_subsidiary,Deposit for investment in subsidiary,290,0.0,0.0,0.0,,tie,,,0.0
MALAWI,2026-02,SFP,ASSETS,Non-Current Assets,deferred_tax,Deferred tax,310,281393.09,281393.09,0.0,0.0,tie,,,281393.09
MALAWI,2026-02,SFP,ASSETS,Current Assets,trade_receivables,Trade Receivables (Debtors),320,138770734.57,138770734.52,0.05,0.0,tie,,,138770734.52
MALAWI,2026-02,SFP,ASSETS,Current Assets,premium_receivables,Premium Receivables,330,0.0,0.0,0.0,,tie,,,0.0
MALAWI,2026-02,SFP,ASSETS,Current Assets,other_receivables,Other Receivables,340,8160388.41,8160388.4,0.01,0.0,tie,,,8160388.4
MALAWI,2026-02,SFP,ASSETS,Current Assets,due_from_to_related_parties,Due from/to related parties,350,-45942147.8,-45942147.78,-0.02,0.0,tie,,,-45942147.78
MALAWI,2026-02,SFP,ASSETS,Current Assets,office_cash,Cash - Office Cash,360,3115542.84,3115542.84,0.0,0.0,tie,,,3115542.84
MALAWI,2026-02,SFP,ASSETS,Current Assets,deposits,Cash - Deposits,380,42636623.93,42636623.92,0.01,0.0,tie,,,42636623.92
MALAWI,2026-02,SFP,ASSETS,Current Assets,placements,Cash - Placements,390,0.0,0.0,0.0,,tie,,,0.0
MALAWI,2026-02,SFP,ASSETS,Current Assets,tax_recoverable,Tax recoverable,400,2020081.93,2020081.93,0.0,0.0,tie,,,2020081.93
MALAWI,2026-02,SFP,EQUITY AND LIABILITIES,Equity,share_capital,Share capital,420,824892.23,824892.23,0.0,0.0,tie,,,-824892.23
MALAWI,2026-02,SFP,EQUITY AND LIABILITIES,Equity,translation_reserve,Translation reserve,430,29818285.83,29828826.65,-10540.82,-0.04,DIFFERENCE,rounding / FX,,-29828826.65
MALAWI,2026-02,SFP,EQUITY AND LIABILITIES,Equity,proposed_dividend,Proposed dividend,440,0.0,0.0,0.0,,tie,,,0.0
MALAWI,2026-02,SFP,EQUITY AND LIABILITIES,Equity,retained_earnings,Retained earnings,450,99312718.38,99312718.35,0.03,0.0,tie,,,-99312718.35
MALAWI,2026-02,SFP,EQUITY AND LIABILITIES,Equity,net_profit,Net Profit (derived),460,13136221.53,13136221.52,0.01,0.0,tie,,,-13136221.52
MALAWI,2026-02,SFP,EQUITY AND LIABILITIES,Equity,non_controlling_interests,Non-controlling interests,470,0.0,0.0,0.0,,tie,,,0.0
MALAWI,2026-02,SFP,EQUITY AND LIABILITIES,Current Liabilities,trade_and_other_payables,Trade and other payables,480,29837579.27,29837579.26,0.01,0.0,tie,,,-29837579.26
MALAWI,2026-02,SFP,EQUITY AND LIABILITIES,Current Liabilities,premium_payable,Premium payable,500,0.0,0.0,0.0,,tie,,,0.0
MALAWI,2026-02,SFP,EQUITY AND LIABILITIES,Current Liabilities,borrowings,Borrowings,510,0.0,0.0,0.0,,tie,,,0.0
MALAWI,2026-03,SCI,INCOME,Revenue,actuarial_fees,Actuarial Fees,10,0.0,0.0,0.0,,tie,,,0.0
MALAWI,2026-03,SCI,INCOME,Revenue,pension_admin_fee,Pension Admin Fee,20,53169578.94,53169578.91,0.03,0.0,tie,,,-53169578.91
MALAWI,2026-03,SCI,INCOME,Revenue,insurance_commissions,Insurance Commissions,40,0.0,0.0,0.0,,tie,,,0.0
MALAWI,2026-03,SCI,INCOME,Revenue,saas_income,SAAS (Software as a Service),50,0.0,0.0,0.0,,tie,,,0.0
MALAWI,2026-03,SCI,INCOME,Other income,other_income,Other Income,70,3004714.48,3004714.48,0.0,0.0,tie,,,-3004714.48
MALAWI,2026-03,SCI,EXPENSES,Operating expenses,personnel_costs,Personnel Costs,80,11376846.04,11376846.03,0.01,0.0,tie,,,11376846.03
MALAWI,2026-03,SCI,EXPENSES,Operating expenses,travelling,Travelling,90,977285.35,977285.35,0.0,0.0,tie,,,977285.35
MALAWI,2026-03,SCI,EXPENSES,Operating expenses,entertainment,Entertainment,100,22360.48,22360.48,0.0,0.0,tie,,,22360.48
MALAWI,2026-03,SCI,EXPENSES,Operating expenses,it_costs,IT Costs,110,0.0,0.0,0.0,,tie,,,0.0
MALAWI,2026-03,SCI,EXPENSES,Operating expenses,communications,Communications,120,231207.4,231207.4,0.0,0.0,tie,,,231207.4
MALAWI,2026-03,SCI,EXPENSES,Operating expenses,printing_stationery,Printing & Stationery,130,375368.23,375368.23,0.0,0.0,tie,,,375368.23
MALAWI,2026-03,SCI,EXPENSES,Operating expenses,premises,Premises,140,1021996.35,1021996.35,-0.0,-0.0,tie,,,1021996.35
MALAWI,2026-03,SCI,EXPENSES,Operating expenses,advertising_pr,Advertising & PR,150,593596.31,593596.31,0.0,0.0,tie,,,593596.31
MALAWI,2026-03,SCI,EXPENSES,Operating expenses,insurance,Insurance,160,852958.29,852958.29,0.0,0.0,tie,,,852958.29
MALAWI,2026-03,SCI,EXPENSES,Operating expenses,professional_fees,Professional Fees,170,1513901.65,1513901.65,0.0,0.0,tie,,,1513901.65
MALAWI,2026-03,SCI,EXPENSES,Operating expenses,depreciation,Depreciation,180,3865452.83,3865452.82,0.01,0.0,tie,,,3865452.82
MALAWI,2026-03,SCI,EXPENSES,Operating expenses,motor_vehicle_expenses,Motor Vehicle Expenses,190,332789.22,332789.22,-0.0,-0.0,tie,,,332789.22
MALAWI,2026-03,SCI,EXPENSES,Operating expenses,general_expenses,General Expenses,200,400346.33,400346.33,-0.0,-0.0,tie,,,400346.33
MALAWI,2026-03,SCI,EXPENSES,Operating expenses,management_expense,Management Expense,210,4257128.22,4257128.22,0.0,0.0,tie,,,4257128.22
MALAWI,2026-03,SCI,EXPENSES,Finance costs,finance_costs,Finance cost,220,0.0,0.0,0.0,,tie,,,0.0
MALAWI,2026-03,SCI,EXPENSES,Taxation,taxation,Taxation,230,9737758.03,9737758.03,0.0,0.0,tie,,,9737758.03
MALAWI,2026-03,SFP,ASSETS,Non-Current Assets,ppe,"Property, Plant and Equipment",240,13237534.72,13237534.71,0.01,0.0,tie,,,13237534.71
MALAWI,2026-03,SFP,ASSETS,Non-Current Assets,computer_software,Intangible - computer software,250,10236836.44,10236836.43,0.01,0.0,tie,,,10236836.43
MALAWI,2026-03,SFP,ASSETS,Non-Current Assets,goodwill,Intangible - goodwill,260,0.0,0.0,0.0,,tie,,,0.0
MALAWI,2026-03,SFP,ASSETS,Non-Current Assets,investment_in_associate,Investment in associate,270,0.0,0.0,0.0,,tie,,,0.0
MALAWI,2026-03,SFP,ASSETS,Non-Current Assets,investment_unquoted_equity,Investment in unquoted equity securities,280,0.0,0.0,0.0,,tie,,,0.0
MALAWI,2026-03,SFP,ASSETS,Non-Current Assets,deposit_for_investment_in_subsidiary,Deposit for investment in subsidiary,290,0.0,0.0,0.0,,tie,,,0.0
MALAWI,2026-03,SFP,ASSETS,Non-Current Assets,deferred_tax,Deferred tax,310,10911075.63,10911075.62,0.01,0.0,tie,,,10911075.62
MALAWI,2026-03,SFP,ASSETS,Current Assets,trade_receivables,Trade Receivables (Debtors),320,95396037.07,95396037.01,0.06,0.0,tie,,,95396037.01
MALAWI,2026-03,SFP,ASSETS,Current Assets,premium_receivables,Premium Receivables,330,0.0,0.0,0.0,,tie,,,0.0
MALAWI,2026-03,SFP,ASSETS,Current Assets,other_receivables,Other Receivables,340,6966146.96,6966146.95,0.01,0.0,tie,,,6966146.95
MALAWI,2026-03,SFP,ASSETS,Current Assets,due_from_to_related_parties,Due from/to related parties,350,-47771302.41,-47771302.37,-0.04,0.0,tie,,,-47771302.37
MALAWI,2026-03,SFP,ASSETS,Current Assets,office_cash,Cash - Office Cash,360,29698941.82,29698941.8,0.02,0.0,tie,,,29698941.8
MALAWI,2026-03,SFP,ASSETS,Current Assets,deposits,Cash - Deposits,380,73386418.4,73386418.36,0.04,0.0,tie,,,73386418.36
MALAWI,2026-03,SFP,ASSETS,Current Assets,placements,Cash - Placements,390,0.0,0.0,0.0,,tie,,,0.0
MALAWI,2026-03,SFP,ASSETS,Current Assets,tax_recoverable,Tax recoverable,400,-727222.42,-727222.42,0.0,-0.0,tie,,,-727222.42
MALAWI,2026-03,SFP,EQUITY AND LIABILITIES,Equity,share_capital,Share capital,420,832094.26,832094.26,0.0,0.0,tie,,,-832094.26
MALAWI,2026-03,SFP,EQUITY AND LIABILITIES,Equity,translation_reserve,Translation reserve,430,30078625.51,30209327.33,-130701.82,-0.43,DIFFERENCE,rounding / FX,,-30209327.33
MALAWI,2026-03,SFP,EQUITY AND LIABILITIES,Equity,proposed_dividend,Proposed dividend,440,0.0,0.0,0.0,,tie,,,0.0
MALAWI,2026-03,SFP,EQUITY AND LIABILITIES,Equity,retained_earnings,Retained earnings,450,110807030.89,110807030.82,0.07,0.0,tie,,,-110807030.82
MALAWI,2026-03,SFP,EQUITY AND LIABILITIES,Equity,net_profit,Net Profit (derived),460,20615298.67,20615298.66,0.01,0.0,tie,,,-20615298.66
MALAWI,2026-03,SFP,EQUITY AND LIABILITIES,Equity,non_controlling_interests,Non-controlling interests,470,0.0,0.0,0.0,,tie,,,0.0
MALAWI,2026-03,SFP,EQUITY AND LIABILITIES,Current Liabilities,trade_and_other_payables,Trade and other payables,480,28870715.06,28870715.04,0.02,0.0,tie,,,-28870715.04
MALAWI,2026-03,SFP,EQUITY AND LIABILITIES,Current Liabilities,premium_payable,Premium payable,500,0.0,0.0,0.0,,tie,,,0.0
MALAWI,2026-03,SFP,EQUITY AND LIABILITIES,Current Liabilities,borrowings,Borrowings,510,0.0,0.0,0.0,,tie,,,0.0
MALAWI,2026-04,SCI,INCOME,Revenue,actuarial_fees,Actuarial Fees,10,0.0,0.0,0.0,,tie,,,0.0
MALAWI,2026-04,SCI,INCOME,Revenue,pension_admin_fee,Pension Admin Fee,20,70452993.25,70452993.21,0.04,0.0,tie,,,-70452993.21
MALAWI,2026-04,SCI,INCOME,Revenue,insurance_commissions,Insurance Commissions,40,0.0,0.0,0.0,,tie,,,0.0
MALAWI,2026-04,SCI,INCOME,Revenue,saas_income,SAAS (Software as a Service),50,0.0,0.0,0.0,,tie,,,0.0
MALAWI,2026-04,SCI,INCOME,Other income,other_income,Other Income,70,4300392.01,4300392.0,0.01,0.0,tie,,,-4300392.0
MALAWI,2026-04,SCI,EXPENSES,Operating expenses,personnel_costs,Personnel Costs,80,14795797.0,14795796.99,0.01,0.0,tie,,,14795796.99
MALAWI,2026-04,SCI,EXPENSES,Operating expenses,travelling,Travelling,90,1053320.29,1053320.29,0.0,0.0,tie,,,1053320.29
MALAWI,2026-04,SCI,EXPENSES,Operating expenses,entertainment,Entertainment,100,877207.9,877207.89,0.01,0.0,tie,,,877207.89
MALAWI,2026-04,SCI,EXPENSES,Operating expenses,it_costs,IT Costs,110,0.0,0.0,0.0,,tie,,,0.0
MALAWI,2026-04,SCI,EXPENSES,Operating expenses,communications,Communications,120,306059.88,306059.88,-0.0,-0.0,tie,,,306059.88
MALAWI,2026-04,SCI,EXPENSES,Operating expenses,printing_stationery,Printing & Stationery,130,584397.08,584397.08,0.0,0.0,tie,,,584397.08
MALAWI,2026-04,SCI,EXPENSES,Operating expenses,premises,Premises,140,1346547.21,1346547.21,0.0,0.0,tie,,,1346547.21
MALAWI,2026-04,SCI,EXPENSES,Operating expenses,advertising_pr,Advertising & PR,150,1719087.67,1719087.67,-0.0,-0.0,tie,,,1719087.67
MALAWI,2026-04,SCI,EXPENSES,Operating expenses,insurance,Insurance,160,1126178.56,1126178.56,0.0,0.0,tie,,,1126178.56
MALAWI,2026-04,SCI,EXPENSES,Operating expenses,professional_fees,Professional Fees,170,1708664.17,1708664.17,-0.0,-0.0,tie,,,1708664.17
MALAWI,2026-04,SCI,EXPENSES,Operating expenses,depreciation,Depreciation,180,5564649.98,5564649.98,0.0,0.0,tie,,,5564649.98
MALAWI,2026-04,SCI,EXPENSES,Operating expenses,motor_vehicle_expenses,Motor Vehicle Expenses,190,332729.27,332729.27,-0.0,-0.0,tie,,,332729.27
MALAWI,2026-04,SCI,EXPENSES,Operating expenses,general_expenses,General Expenses,200,436746.08,436746.08,-0.0,-0.0,tie,,,436746.08
MALAWI,2026-04,SCI,EXPENSES,Operating expenses,management_expense,Management Expense,210,5675148.44,5675148.43,0.01,0.0,tie,,,5675148.43
MALAWI,2026-04,SCI,EXPENSES,Finance costs,finance_costs,Finance cost,220,0.0,0.0,0.0,,tie,,,0.0
MALAWI,2026-04,SCI,EXPENSES,Taxation,taxation,Taxation,230,12381364.96,12381364.95,0.01,0.0,tie,,,12381364.95
MALAWI,2026-04,SFP,ASSETS,Non-Current Assets,ppe,"Property, Plant and Equipment",240,12526030.29,12526030.29,-0.0,-0.0,tie,,,12526030.29
MALAWI,2026-04,SFP,ASSETS,Non-Current Assets,computer_software,Intangible - computer software,250,10165013.43,10165013.43,0.0,0.0,tie,,,10165013.43
MALAWI,2026-04,SFP,ASSETS,Non-Current Assets,goodwill,Intangible - goodwill,260,0.0,0.0,0.0,,tie,,,0.0
MALAWI,2026-04,SFP,ASSETS,Non-Current Assets,investment_in_associate,Investment in associate,270,0.0,0.0,0.0,,tie,,,0.0
MALAWI,2026-04,SFP,ASSETS,Non-Current Assets,investment_unquoted_equity,Investment in unquoted equity securities,280,0.0,0.0,0.0,,tie,,,0.0
MALAWI,2026-04,SFP,ASSETS,Non-Current Assets,deposit_for_investment_in_subsidiary,Deposit for investment in subsidiary,290,0.0,0.0,0.0,,tie,,,0.0
MALAWI,2026-04,SFP,ASSETS,Non-Current Assets,deferred_tax,Deferred tax,310,10834522.07,10834522.07,0.0,0.0,tie,,,10834522.07
MALAWI,2026-04,SFP,ASSETS,Current Assets,trade_receivables,Trade Receivables (Debtors),320,79968131.75,79968131.73,0.02,0.0,tie,,,79968131.73
MALAWI,2026-04,SFP,ASSETS,Current Assets,premium_receivables,Premium Receivables,330,0.0,0.0,0.0,,tie,,,0.0
MALAWI,2026-04,SFP,ASSETS,Current Assets,other_receivables,Other Receivables,340,7357301.51,7357301.51,0.0,0.0,tie,,,7357301.51
MALAWI,2026-04,SFP,ASSETS,Current Assets,due_from_to_related_parties,Due from/to related parties,350,-48854152.81,-48854152.79,-0.02,0.0,tie,,,-48854152.79
MALAWI,2026-04,SFP,ASSETS,Current Assets,office_cash,Cash - Office Cash,360,1312783.51,1312783.51,0.0,0.0,tie,,,1312783.51
MALAWI,2026-04,SFP,ASSETS,Current Assets,deposits,Cash - Deposits,380,114953975.24,114953975.2,0.04,0.0,tie,,,114953975.2
MALAWI,2026-04,SFP,ASSETS,Current Assets,placements,Cash - Placements,390,0.0,0.0,0.0,,tie,,,0.0
MALAWI,2026-04,SFP,ASSETS,Current Assets,tax_recoverable,Tax recoverable,400,2942094.55,2942094.55,0.0,0.0,tie,,,2942094.55
MALAWI,2026-04,SFP,EQUITY AND LIABILITIES,Equity,share_capital,Share capital,420,826256.18,826256.18,-0.0,-0.0,tie,,,-826256.18
MALAWI,2026-04,SFP,EQUITY AND LIABILITIES,Equity,translation_reserve,Translation reserve,430,29867589.88,29853079.12,14510.76,0.05,DIFFERENCE,rounding / FX,,-29853079.12
MALAWI,2026-04,SFP,EQUITY AND LIABILITIES,Equity,proposed_dividend,Proposed dividend,440,0.0,0.0,0.0,,tie,,,0.0
MALAWI,2026-04,SFP,EQUITY AND LIABILITIES,Equity,retained_earnings,Retained earnings,450,110029594.03,110029593.99,0.04,0.0,tie,,,-110029593.99
MALAWI,2026-04,SFP,EQUITY AND LIABILITIES,Equity,net_profit,Net Profit (derived),460,26845486.77,26845486.75,0.02,0.0,tie,,,-26845486.75
MALAWI,2026-04,SFP,EQUITY AND LIABILITIES,Equity,non_controlling_interests,Non-controlling interests,470,0.0,0.0,0.0,,tie,,,0.0
MALAWI,2026-04,SFP,EQUITY AND LIABILITIES,Current Liabilities,trade_and_other_payables,Trade and other payables,480,23651283.46,23651283.45,0.01,0.0,tie,,,-23651283.45
MALAWI,2026-04,SFP,EQUITY AND LIABILITIES,Current Liabilities,premium_payable,Premium payable,500,0.0,0.0,0.0,,tie,,,0.0
MALAWI,2026-04,SFP,EQUITY AND LIABILITIES,Current Liabilities,borrowings,Borrowings,510,0.0,0.0,0.0,,tie,,,0.0
MALAWI,2026-05,SCI,INCOME,Revenue,actuarial_fees,Actuarial Fees,10,0.0,0.0,0.0,,tie,,,0.0
MALAWI,2026-05,SCI,INCOME,Revenue,pension_admin_fee,Pension Admin Fee,20,90938418.73,90938418.73,-0.0,-0.0,tie,,,-90938418.73
MALAWI,2026-05,SCI,INCOME,Revenue,insurance_commissions,Insurance Commissions,40,0.0,0.0,0.0,,tie,,,0.0
MALAWI,2026-05,SCI,INCOME,Revenue,saas_income,SAAS (Software as a Service),50,0.0,0.0,0.0,,tie,,,0.0
MALAWI,2026-05,SCI,INCOME,Other income,other_income,Other Income,70,5783284.61,5783284.61,0.0,0.0,tie,,,-5783284.61
MALAWI,2026-05,SCI,EXPENSES,Operating expenses,personnel_costs,Personnel Costs,80,18707974.83,18707974.83,0.0,0.0,tie,,,18707974.83
MALAWI,2026-05,SCI,EXPENSES,Operating expenses,travelling,Travelling,90,2178482.55,2178482.56,-0.01,-0.0,tie,,,2178482.56
MALAWI,2026-05,SCI,EXPENSES,Operating expenses,entertainment,Entertainment,100,1040557.31,1040557.31,0.0,0.0,tie,,,1040557.31
MALAWI,2026-05,SCI,EXPENSES,Operating expenses,it_costs,IT Costs,110,0.0,0.0,0.0,,tie,,,0.0
MALAWI,2026-05,SCI,EXPENSES,Operating expenses,communications,Communications,120,384905.73,384905.73,-0.0,-0.0,tie,,,384905.73
MALAWI,2026-05,SCI,EXPENSES,Operating expenses,printing_stationery,Printing & Stationery,130,1017041.99,1017041.99,0.0,0.0,tie,,,1017041.99
MALAWI,2026-05,SCI,EXPENSES,Operating expenses,premises,Premises,140,2031998.14,2031998.15,-0.01,-0.0,tie,,,2031998.15
MALAWI,2026-05,SCI,EXPENSES,Operating expenses,advertising_pr,Advertising & PR,150,1719429.87,1719429.87,0.0,0.0,tie,,,1719429.87
MALAWI,2026-05,SCI,EXPENSES,Operating expenses,insurance,Insurance,160,1399831.09,1399831.09,-0.0,-0.0,tie,,,1399831.09
MALAWI,2026-05,SCI,EXPENSES,Operating expenses,professional_fees,Professional Fees,170,2035534.15,2035534.15,0.0,0.0,tie,,,2035534.15
MALAWI,2026-05,SCI,EXPENSES,Operating expenses,depreciation,Depreciation,180,6692725.29,6692725.3,-0.01,-0.0,tie,,,6692725.3
MALAWI,2026-05,SCI,EXPENSES,Operating expenses,motor_vehicle_expenses,Motor Vehicle Expenses,190,382765.14,382765.14,-0.0,-0.0,tie,,,382765.14
MALAWI,2026-05,SCI,EXPENSES,Operating expenses,general_expenses,General Expenses,200,470581.61,470581.62,-0.01,-0.0,tie,,,470581.62
MALAWI,2026-05,SCI,EXPENSES,Operating expenses,management_expense,Management Expense,210,7095347.68,7095347.68,-0.0,-0.0,tie,,,7095347.68
MALAWI,2026-05,SCI,EXPENSES,Finance costs,finance_costs,Finance cost,220,0.0,0.0,0.0,,tie,,,0.0
MALAWI,2026-05,SCI,EXPENSES,Taxation,taxation,Taxation,230,16453747.77,16453747.77,-0.0,-0.0,tie,,,16453747.77
MALAWI,2026-05,SFP,ASSETS,Non-Current Assets,ppe,"Property, Plant and Equipment",240,11871203.34,11871203.33,0.01,0.0,tie,,,11871203.33
MALAWI,2026-05,SFP,ASSETS,Non-Current Assets,computer_software,Intangible - computer software,250,10180633.72,10180633.72,0.0,0.0,tie,,,10180633.72
MALAWI,2026-05,SFP,ASSETS,Non-Current Assets,goodwill,Intangible - goodwill,260,0.0,0.0,0.0,,tie,,,0.0
MALAWI,2026-05,SFP,ASSETS,Non-Current Assets,investment_in_associate,Investment in associate,270,0.0,0.0,0.0,,tie,,,0.0
MALAWI,2026-05,SFP,ASSETS,Non-Current Assets,investment_unquoted_equity,Investment in unquoted equity securities,280,0.0,0.0,0.0,,tie,,,0.0
MALAWI,2026-05,SFP,ASSETS,Non-Current Assets,deposit_for_investment_in_subsidiary,Deposit for investment in subsidiary,290,0.0,0.0,0.0,,tie,,,0.0
MALAWI,2026-05,SFP,ASSETS,Non-Current Assets,deferred_tax,Deferred tax,310,10851171.18,10851171.17,0.01,0.0,tie,,,10851171.17
MALAWI,2026-05,SFP,ASSETS,Current Assets,trade_receivables,Trade Receivables (Debtors),320,99339636.55,99339636.49,0.06,0.0,tie,,,99339636.49
MALAWI,2026-05,SFP,ASSETS,Current Assets,premium_receivables,Premium Receivables,330,0.0,0.0,0.0,,tie,,,0.0
MALAWI,2026-05,SFP,ASSETS,Current Assets,other_receivables,Other Receivables,340,6551360.6,6551360.6,-0.0,-0.0,tie,,,6551360.6
MALAWI,2026-05,SFP,ASSETS,Current Assets,due_from_to_related_parties,Due from/to related parties,350,-50349424.84,-50349424.81,-0.03,0.0,tie,,,-50349424.81
MALAWI,2026-05,SFP,ASSETS,Current Assets,office_cash,Cash - Office Cash,360,5027953.61,5027953.61,0.0,0.0,tie,,,5027953.61
MALAWI,2026-05,SFP,ASSETS,Current Assets,deposits,Cash - Deposits,380,106132109.13,106132109.06,0.07,0.0,tie,,,106132109.06
MALAWI,2026-05,SFP,ASSETS,Current Assets,placements,Cash - Placements,390,0.0,0.0,0.0,,tie,,,0.0
MALAWI,2026-05,SFP,ASSETS,Current Assets,tax_recoverable,Tax recoverable,400,810571.7,810571.7,-0.0,-0.0,tie,,,810571.7
MALAWI,2026-05,SFP,EQUITY AND LIABILITIES,Equity,share_capital,Share capital,420,827525.86,827525.86,0.0,0.0,tie,,,-827525.86
MALAWI,2026-05,SFP,EQUITY AND LIABILITIES,Equity,translation_reserve,Translation reserve,430,29507685.99,29535637.36,-27951.37,-0.09,DIFFERENCE,rounding / FX,,-29535637.36
MALAWI,2026-05,SFP,EQUITY AND LIABILITIES,Equity,proposed_dividend,Proposed dividend,440,0.0,0.0,0.0,,tie,,,0.0
MALAWI,2026-05,SFP,EQUITY AND LIABILITIES,Equity,retained_earnings,Retained earnings,450,112067687.4,112067687.32,0.08,0.0,tie,,,-112067687.32
MALAWI,2026-05,SFP,EQUITY AND LIABILITIES,Equity,net_profit,Net Profit (derived),460,35110780.17,35110780.17,0.0,0.0,tie,,,-35110780.17
MALAWI,2026-05,SFP,EQUITY AND LIABILITIES,Equity,non_controlling_interests,Non-controlling interests,470,0.0,0.0,0.0,,tie,,,0.0
MALAWI,2026-05,SFP,EQUITY AND LIABILITIES,Current Liabilities,trade_and_other_payables,Trade and other payables,480,22873584.15,22873584.14,0.01,0.0,tie,,,-22873584.14
MALAWI,2026-05,SFP,EQUITY AND LIABILITIES,Current Liabilities,premium_payable,Premium payable,500,0.0,0.0,0.0,,tie,,,0.0
MALAWI,2026-05,SFP,EQUITY AND LIABILITIES,Current Liabilities,borrowings,Borrowings,510,0.0,0.0,0.0,,tie,,,0.0
MALAWI,2026-06,SCI,INCOME,Revenue,actuarial_fees,Actuarial Fees,10,0.0,0.0,0.0,,tie,,,0.0
MALAWI,2026-06,SCI,INCOME,Revenue,pension_admin_fee,Pension Admin Fee,20,114072021.13,114072021.13,0.0,0.0,tie,,,-114072021.13
MALAWI,2026-06,SCI,INCOME,Revenue,insurance_commissions,Insurance Commissions,40,0.0,0.0,0.0,,tie,,,0.0
MALAWI,2026-06,SCI,INCOME,Revenue,saas_income,SAAS (Software as a Service),50,0.0,0.0,0.0,,tie,,,0.0
MALAWI,2026-06,SCI,INCOME,Other income,other_income,Other Income,70,6894834.78,6894834.78,0.0,0.0,tie,,,-6894834.78
MALAWI,2026-06,SCI,EXPENSES,Operating expenses,personnel_costs,Personnel Costs,80,22721413.35,22721413.34,0.01,0.0,tie,,,22721413.34
MALAWI,2026-06,SCI,EXPENSES,Operating expenses,travelling,Travelling,90,2520351.95,2520351.95,-0.0,-0.0,tie,,,2520351.95
MALAWI,2026-06,SCI,EXPENSES,Operating expenses,entertainment,Entertainment,100,1041145.81,1041145.81,-0.0,-0.0,tie,,,1041145.81
MALAWI,2026-06,SCI,EXPENSES,Operating expenses,it_costs,IT Costs,110,0.0,0.0,0.0,,tie,,,0.0
MALAWI,2026-06,SCI,EXPENSES,Operating expenses,communications,Communications,120,462237.59,462237.59,0.0,0.0,tie,,,462237.59
MALAWI,2026-06,SCI,EXPENSES,Operating expenses,printing_stationery,Printing & Stationery,130,1109446.95,1109446.95,-0.0,-0.0,tie,,,1109446.95
MALAWI,2026-06,SCI,EXPENSES,Operating expenses,premises,Premises,140,2452397.37,2452397.37,0.0,0.0,tie,,,2452397.37
MALAWI,2026-06,SCI,EXPENSES,Operating expenses,advertising_pr,Advertising & PR,150,1757691.56,1757691.56,0.0,0.0,tie,,,1757691.56
MALAWI,2026-06,SCI,EXPENSES,Operating expenses,insurance,Insurance,160,1674205.76,1674205.76,-0.0,-0.0,tie,,,1674205.76
MALAWI,2026-06,SCI,EXPENSES,Operating expenses,professional_fees,Professional Fees,170,2201379.57,2201379.57,-0.0,-0.0,tie,,,2201379.57
MALAWI,2026-06,SCI,EXPENSES,Operating expenses,depreciation,Depreciation,180,7010751.38,7010751.38,0.0,0.0,tie,,,7010751.38
MALAWI,2026-06,SCI,EXPENSES,Operating expenses,motor_vehicle_expenses,Motor Vehicle Expenses,190,1729628.28,1729628.28,0.0,0.0,tie,,,1729628.28
MALAWI,2026-06,SCI,EXPENSES,Operating expenses,general_expenses,General Expenses,200,739254.22,739254.23,-0.01,-0.0,tie,,,739254.23
MALAWI,2026-06,SCI,EXPENSES,Operating expenses,management_expense,Management Expense,210,8519232.61,8519232.61,-0.0,-0.0,tie,,,8519232.61
MALAWI,2026-06,SCI,EXPENSES,Finance costs,finance_costs,Finance cost,220,0.0,0.0,0.0,,tie,,,0.0
MALAWI,2026-06,SCI,EXPENSES,Taxation,taxation,Taxation,230,21270805.09,21270805.09,-0.0,-0.0,tie,,,21270805.09
MALAWI,2026-06,SFP,ASSETS,Non-Current Assets,ppe,"Property, Plant and Equipment",240,11295376.49,11295376.49,-0.0,-0.0,tie,,,11295376.49
MALAWI,2026-06,SFP,ASSETS,Non-Current Assets,computer_software,Intangible - computer software,250,10207054.37,10207054.37,0.0,0.0,tie,,,10207054.37
MALAWI,2026-06,SFP,ASSETS,Non-Current Assets,goodwill,Intangible - goodwill,260,0.0,0.0,0.0,,tie,,,0.0
MALAWI,2026-06,SFP,ASSETS,Non-Current Assets,investment_in_associate,Investment in associate,270,0.0,0.0,0.0,,tie,,,0.0
MALAWI,2026-06,SFP,ASSETS,Non-Current Assets,investment_unquoted_equity,Investment in unquoted equity securities,280,0.0,0.0,0.0,,tie,,,0.0
MALAWI,2026-06,SFP,ASSETS,Non-Current Assets,deposit_for_investment_in_subsidiary,Deposit for investment in subsidiary,290,0.0,0.0,0.0,,tie,,,0.0
MALAWI,2026-06,SFP,ASSETS,Non-Current Assets,deferred_tax,Deferred tax,310,10879332.0,10879332.0,-0.0,-0.0,tie,,,10879332.0
MALAWI,2026-06,SFP,ASSETS,Current Assets,trade_receivables,Trade Receivables (Debtors),320,122988010.49,122988010.49,0.0,0.0,tie,,,122988010.49
MALAWI,2026-06,SFP,ASSETS,Current Assets,premium_receivables,Premium Receivables,330,0.0,0.0,0.0,,tie,,,0.0
MALAWI,2026-06,SFP,ASSETS,Current Assets,other_receivables,Other Receivables,340,6104662.42,6104662.42,-0.0,-0.0,tie,,,6104662.42
MALAWI,2026-06,SFP,ASSETS,Current Assets,due_from_to_related_parties,Due from/to related parties,350,-51903975.97,-51903975.97,0.0,-0.0,tie,,,-51903975.97
MALAWI,2026-06,SFP,ASSETS,Current Assets,office_cash,Cash - Office Cash,360,20319170.1,20319170.1,0.0,0.0,tie,,,20319170.1
MALAWI,2026-06,SFP,ASSETS,Current Assets,deposits,Cash - Deposits,380,84597623.54,84597623.54,0.0,0.0,tie,,,84597623.54
MALAWI,2026-06,SFP,ASSETS,Current Assets,placements,Cash - Placements,390,0.0,0.0,0.0,,tie,,,0.0
MALAWI,2026-06,SFP,ASSETS,Current Assets,tax_recoverable,Tax recoverable,400,-3801498.94,-3801498.94,-0.0,0.0,tie,,,-3801498.94
MALAWI,2026-06,SFP,EQUITY AND LIABILITIES,Equity,share_capital,Share capital,420,829673.45,829673.45,-0.0,-0.0,tie,,,-829673.45
MALAWI,2026-06,SFP,EQUITY AND LIABILITIES,Equity,translation_reserve,Translation reserve,430,29584263.97,29713581.68,-129317.71,-0.44,DIFFERENCE,rounding / FX,,-29713581.68
MALAWI,2026-06,SFP,EQUITY AND LIABILITIES,Equity,proposed_dividend,Proposed dividend,440,0.0,0.0,0.0,,tie,,,0.0
MALAWI,2026-06,SFP,EQUITY AND LIABILITIES,Equity,retained_earnings,Retained earnings,450,112358524.05,112358524.05,-0.0,-0.0,tie,,,-112358524.05
MALAWI,2026-06,SFP,EQUITY AND LIABILITIES,Equity,net_profit,Net Profit (derived),460,45756914.42,45756914.42,0.0,0.0,tie,,,-45756914.42
MALAWI,2026-06,SFP,EQUITY AND LIABILITIES,Equity,non_controlling_interests,Non-controlling interests,470,0.0,0.0,0.0,,tie,,,0.0
MALAWI,2026-06,SFP,EQUITY AND LIABILITIES,Current Liabilities,trade_and_other_payables,Trade and other payables,480,22027060.92,22027060.92,-0.0,-0.0,tie,,,-22027060.92
MALAWI,2026-06,SFP,EQUITY AND LIABILITIES,Current Liabilities,premium_payable,Premium payable,500,0.0,0.0,0.0,,tie,,,0.0
MALAWI,2026-06,SFP,EQUITY AND LIABILITIES,Current Liabilities,borrowings,Borrowings,510,0.0,0.0,0.0,,tie,,,0.0
MENA,2026-02,SCI,INCOME,Revenue,actuarial_fees,Actuarial Fees,10,0.0,0.0,0.0,,tie,,,0.0
MENA,2026-02,SCI,INCOME,Revenue,pension_admin_fee,Pension Admin Fee,20,14546799.73,14538518.03,8281.7,0.06,DIFFERENCE,rounding / FX,,-14538518.03
MENA,2026-02,SCI,INCOME,Revenue,insurance_commissions,Insurance Commissions,40,0.0,0.0,0.0,,tie,,,0.0
MENA,2026-02,SCI,INCOME,Revenue,saas_income,SAAS (Software as a Service),50,0.0,0.0,0.0,,tie,,,0.0
MENA,2026-02,SCI,INCOME,Other income,other_income,Other Income,70,0.0,0.0,0.0,,tie,,,0.0
MENA,2026-02,SCI,EXPENSES,Operating expenses,personnel_costs,Personnel Costs,80,10677166.29,10671087.63,6078.66,0.06,DIFFERENCE,rounding / FX,,10671087.63
MENA,2026-02,SCI,EXPENSES,Operating expenses,travelling,Travelling,90,91996.69,91944.31,52.38,0.06,DIFFERENCE,rounding / FX,,91944.31
MENA,2026-02,SCI,EXPENSES,Operating expenses,entertainment,Entertainment,100,0.0,0.0,0.0,,tie,,,0.0
MENA,2026-02,SCI,EXPENSES,Operating expenses,it_costs,IT Costs,110,383338.56,383120.32,218.24,0.06,DIFFERENCE,rounding / FX,,383120.32
MENA,2026-02,SCI,EXPENSES,Operating expenses,communications,Communications,120,0.0,0.0,0.0,,tie,,,0.0
MENA,2026-02,SCI,EXPENSES,Operating expenses,printing_stationery,Printing & Stationery,130,0.0,0.0,0.0,,tie,,,0.0
MENA,2026-02,SCI,EXPENSES,Operating expenses,premises,Premises,140,1960780.95,1959664.65,1116.3,0.06,DIFFERENCE,rounding / FX,,1959664.65
MENA,2026-02,SCI,EXPENSES,Operating expenses,advertising_pr,Advertising & PR,150,645513.75,645146.25,367.5,0.06,DIFFERENCE,rounding / FX,,645146.25
MENA,2026-02,SCI,EXPENSES,Operating expenses,insurance,Insurance,160,0.0,0.0,0.0,,tie,,,0.0
MENA,2026-02,SCI,EXPENSES,Operating expenses,professional_fees,Professional Fees,170,810870.66,810409.02,461.64,0.06,DIFFERENCE,rounding / FX,,810409.02
MENA,2026-02,SCI,EXPENSES,Operating expenses,depreciation,Depreciation,180,0.0,0.0,0.0,,tie,,,0.0
MENA,2026-02,SCI,EXPENSES,Operating expenses,motor_vehicle_expenses,Motor Vehicle Expenses,190,0.0,0.0,0.0,,tie,,,0.0
MENA,2026-02,SCI,EXPENSES,Operating expenses,general_expenses,General Expenses,200,11656.13,11649.5,6.63,0.06,DIFFERENCE,rounding / FX,,11649.5
MENA,2026-02,SCI,EXPENSES,Operating expenses,management_expense,Management Expense,210,0.0,0.0,0.0,,tie,,,0.0
MENA,2026-02,SCI,EXPENSES,Finance costs,finance_costs,Finance cost,220,0.0,0.0,0.0,,tie,,,0.0
MENA,2026-02,SCI,EXPENSES,Taxation,taxation,Taxation,230,0.0,0.0,0.0,,tie,,,0.0
MENA,2026-02,SFP,ASSETS,Non-Current Assets,ppe,"Property, Plant and Equipment",240,1310508.14,1310508.14,0.0,0.0,tie,,,1310508.14
MENA,2026-02,SFP,ASSETS,Non-Current Assets,computer_software,Intangible - computer software,250,0.0,0.0,0.0,,tie,,,0.0
MENA,2026-02,SFP,ASSETS,Non-Current Assets,goodwill,Intangible - goodwill,260,0.0,0.0,0.0,,tie,,,0.0
MENA,2026-02,SFP,ASSETS,Non-Current Assets,investment_in_associate,Investment in associate,270,0.0,0.0,0.0,,tie,,,0.0
MENA,2026-02,SFP,ASSETS,Non-Current Assets,investment_unquoted_equity,Investment in unquoted equity securities,280,0.0,0.0,0.0,,tie,,,0.0
MENA,2026-02,SFP,ASSETS,Non-Current Assets,deposit_for_investment_in_subsidiary,Deposit for investment in subsidiary,290,0.0,0.0,0.0,,tie,,,0.0
MENA,2026-02,SFP,ASSETS,Non-Current Assets,deferred_tax,Deferred tax,310,0.0,0.0,0.0,,tie,,,0.0
MENA,2026-02,SFP,ASSETS,Current Assets,trade_receivables,Trade Receivables (Debtors),320,91943873.41,91943873.41,0.0,0.0,tie,,,91943873.41
MENA,2026-02,SFP,ASSETS,Current Assets,premium_receivables,Premium Receivables,330,0.0,0.0,0.0,,tie,,,0.0
MENA,2026-02,SFP,ASSETS,Current Assets,other_receivables,Other Receivables,340,7895466.79,7895466.8,-0.01,-0.0,tie,,,7895466.8
MENA,2026-02,SFP,ASSETS,Current Assets,due_from_to_related_parties,Due from/to related parties,350,0.0,0.0,0.0,,tie,,,0.0
MENA,2026-02,SFP,ASSETS,Current Assets,office_cash,Cash - Office Cash,360,8314946.05,8314946.05,0.0,0.0,tie,,,8314946.05
MENA,2026-02,SFP,ASSETS,Current Assets,deposits,Cash - Deposits,380,0.0,0.0,0.0,,tie,,,0.0
MENA,2026-02,SFP,ASSETS,Current Assets,placements,Cash - Placements,390,0.0,0.0,0.0,,tie,,,0.0
MENA,2026-02,SFP,ASSETS,Current Assets,tax_recoverable,Tax recoverable,400,0.0,0.0,0.0,,tie,,,0.0
MENA,2026-02,SFP,EQUITY AND LIABILITIES,Equity,share_capital,Share capital,420,69493036.22,69493036.22,0.0,0.0,tie,,,-69493036.22
MENA,2026-02,SFP,EQUITY AND LIABILITIES,Equity,translation_reserve,Translation reserve,430,0.0,-19.65,19.65,-100.0,DIFFERENCE,we show nothing,,19.65
MENA,2026-02,SFP,EQUITY AND LIABILITIES,Equity,proposed_dividend,Proposed dividend,440,0.0,0.0,0.0,,tie,,,0.0
MENA,2026-02,SFP,EQUITY AND LIABILITIES,Equity,retained_earnings,Retained earnings,450,-38435171.97,-38435171.97,0.0,-0.0,tie,,,38435171.97
MENA,2026-02,SFP,EQUITY AND LIABILITIES,Equity,net_profit,Net Profit (derived),460,-34523.3,-34503.65,-19.65,0.06,DIFFERENCE,rounding / FX,,34503.65
MENA,2026-02,SFP,EQUITY AND LIABILITIES,Equity,non_controlling_interests,Non-controlling interests,470,66562352.15,66562352.15,0.0,0.0,tie,,,-66562352.15
MENA,2026-02,SFP,EQUITY AND LIABILITIES,Current Liabilities,trade_and_other_payables,Trade and other payables,480,11879101.29,11879101.3,-0.01,-0.0,tie,,,-11879101.3
MENA,2026-02,SFP,EQUITY AND LIABILITIES,Current Liabilities,premium_payable,Premium payable,500,0.0,0.0,0.0,,tie,,,0.0
MENA,2026-02,SFP,EQUITY AND LIABILITIES,Current Liabilities,borrowings,Borrowings,510,0.0,0.0,0.0,,tie,,,0.0
MENA,2026-03,SCI,INCOME,Revenue,actuarial_fees,Actuarial Fees,10,0.0,0.0,0.0,,tie,,,0.0
MENA,2026-03,SCI,INCOME,Revenue,pension_admin_fee,Pension Admin Fee,20,16711182.61,16711182.61,0.0,0.0,tie,,,-16711182.61
MENA,2026-03,SCI,INCOME,Revenue,insurance_commissions,Insurance Commissions,40,0.0,0.0,0.0,,tie,,,0.0
MENA,2026-03,SCI,INCOME,Revenue,saas_income,SAAS (Software as a Service),50,0.0,0.0,0.0,,tie,,,0.0
MENA,2026-03,SCI,INCOME,Other income,other_income,Other Income,70,0.0,0.0,0.0,,tie,,,0.0
MENA,2026-03,SCI,EXPENSES,Operating expenses,personnel_costs,Personnel Costs,80,16063583.43,16063583.43,0.0,0.0,tie,,,16063583.43
MENA,2026-03,SCI,EXPENSES,Operating expenses,travelling,Travelling,90,92264.68,92264.67,0.01,0.0,tie,,,92264.67
MENA,2026-03,SCI,EXPENSES,Operating expenses,entertainment,Entertainment,100,0.0,0.0,0.0,,tie,,,0.0
MENA,2026-03,SCI,EXPENSES,Operating expenses,it_costs,IT Costs,110,562938.7,562938.7,0.0,0.0,tie,,,562938.7
MENA,2026-03,SCI,EXPENSES,Operating expenses,communications,Communications,120,0.0,0.0,0.0,,tie,,,0.0
MENA,2026-03,SCI,EXPENSES,Operating expenses,printing_stationery,Printing & Stationery,130,0.0,0.0,0.0,,tie,,,0.0
MENA,2026-03,SCI,EXPENSES,Operating expenses,premises,Premises,140,2466333.8,2466333.8,0.0,0.0,tie,,,2466333.8
MENA,2026-03,SCI,EXPENSES,Operating expenses,advertising_pr,Advertising & PR,150,680948.7,680948.69,0.01,0.0,tie,,,680948.69
MENA,2026-03,SCI,EXPENSES,Operating expenses,insurance,Insurance,160,0.0,0.0,0.0,,tie,,,0.0
MENA,2026-03,SCI,EXPENSES,Operating expenses,professional_fees,Professional Fees,170,1173025.3,1173025.3,0.0,0.0,tie,,,1173025.3
MENA,2026-03,SCI,EXPENSES,Operating expenses,depreciation,Depreciation,180,26254.43,26254.43,0.0,0.0,tie,,,26254.43
MENA,2026-03,SCI,EXPENSES,Operating expenses,motor_vehicle_expenses,Motor Vehicle Expenses,190,0.0,0.0,0.0,,tie,,,0.0
MENA,2026-03,SCI,EXPENSES,Operating expenses,general_expenses,General Expenses,200,17646.11,17646.11,0.0,0.0,tie,,,17646.11
MENA,2026-03,SCI,EXPENSES,Operating expenses,management_expense,Management Expense,210,0.0,0.0,0.0,,tie,,,0.0
MENA,2026-03,SCI,EXPENSES,Finance costs,finance_costs,Finance cost,220,0.0,0.0,0.0,,tie,,,0.0
MENA,2026-03,SCI,EXPENSES,Taxation,taxation,Taxation,230,0.0,0.0,0.0,,tie,,,0.0
MENA,2026-03,SFP,ASSETS,Non-Current Assets,ppe,"Property, Plant and Equipment",240,10355812.93,10355812.93,0.0,0.0,tie,,,10355812.93
MENA,2026-03,SFP,ASSETS,Non-Current Assets,computer_software,Intangible - computer software,250,0.0,0.0,0.0,,tie,,,0.0
MENA,2026-03,SFP,ASSETS,Non-Current Assets,goodwill,Intangible - goodwill,260,0.0,0.0,0.0,,tie,,,0.0
MENA,2026-03,SFP,ASSETS,Non-Current Assets,investment_in_associate,Investment in associate,270,0.0,0.0,0.0,,tie,,,0.0
MENA,2026-03,SFP,ASSETS,Non-Current Assets,investment_unquoted_equity,Investment in unquoted equity securities,280,0.0,0.0,0.0,,tie,,,0.0
MENA,2026-03,SFP,ASSETS,Non-Current Assets,deposit_for_investment_in_subsidiary,Deposit for investment in subsidiary,290,0.0,0.0,0.0,,tie,,,0.0
MENA,2026-03,SFP,ASSETS,Non-Current Assets,deferred_tax,Deferred tax,310,0.0,0.0,0.0,,tie,,,0.0
MENA,2026-03,SFP,ASSETS,Current Assets,trade_receivables,Trade Receivables (Debtors),320,89497142.49,89497142.48,0.01,0.0,tie,,,89497142.48
MENA,2026-03,SFP,ASSETS,Current Assets,premium_receivables,Premium Receivables,330,0.0,0.0,0.0,,tie,,,0.0
MENA,2026-03,SFP,ASSETS,Current Assets,other_receivables,Other Receivables,340,-29632022.71,-29632022.7,-0.01,0.0,tie,,,-29632022.7
MENA,2026-03,SFP,ASSETS,Current Assets,due_from_to_related_parties,Due from/to related parties,350,0.0,0.0,0.0,,tie,,,0.0
MENA,2026-03,SFP,ASSETS,Current Assets,office_cash,Cash - Office Cash,360,5146220.9,5146220.89,0.01,0.0,tie,,,5146220.89
MENA,2026-03,SFP,ASSETS,Current Assets,deposits,Cash - Deposits,380,0.0,0.0,0.0,,tie,,,0.0
MENA,2026-03,SFP,ASSETS,Current Assets,placements,Cash - Placements,390,0.0,0.0,0.0,,tie,,,0.0
MENA,2026-03,SFP,ASSETS,Current Assets,tax_recoverable,Tax recoverable,400,0.0,0.0,0.0,,tie,,,0.0
MENA,2026-03,SFP,EQUITY AND LIABILITIES,Equity,share_capital,Share capital,420,26562170.92,26562170.92,0.0,0.0,tie,,,-26562170.92
MENA,2026-03,SFP,EQUITY AND LIABILITIES,Equity,translation_reserve,Translation reserve,430,0.0,-30359.52,30359.52,-100.0,DIFFERENCE,we show nothing,,30359.52
MENA,2026-03,SFP,EQUITY AND LIABILITIES,Equity,proposed_dividend,Proposed dividend,440,0.0,0.0,0.0,,tie,,,0.0
MENA,2026-03,SFP,EQUITY AND LIABILITIES,Equity,retained_earnings,Retained earnings,450,7346803.15,7346803.15,0.0,0.0,tie,,,-7346803.15
MENA,2026-03,SFP,EQUITY AND LIABILITIES,Equity,net_profit,Net Profit (derived),460,-4371812.54,-4371812.54,0.0,-0.0,tie,,,4371812.54
MENA,2026-03,SFP,EQUITY AND LIABILITIES,Equity,non_controlling_interests,Non-controlling interests,470,37445654.91,37445654.92,-0.01,-0.0,tie,,,-37445654.92
MENA,2026-03,SFP,EQUITY AND LIABILITIES,Current Liabilities,trade_and_other_payables,Trade and other payables,480,8414693.13,8414693.13,-0.0,-0.0,tie,,,-8414693.13
MENA,2026-03,SFP,EQUITY AND LIABILITIES,Current Liabilities,deferred_revenue,Deferred Revenue,490,3.55,0.0,3.55,,DIFFERENCE,client shows nothing,,0.0
MENA,2026-03,SFP,EQUITY AND LIABILITIES,Current Liabilities,premium_payable,Premium payable,500,0.0,0.0,0.0,,tie,,,0.0
MENA,2026-03,SFP,EQUITY AND LIABILITIES,Current Liabilities,borrowings,Borrowings,510,0.0,0.0,0.0,,tie,,,0.0
MENA,2026-04,SCI,INCOME,Revenue,actuarial_fees,Actuarial Fees,10,25495883.85,25495883.85,-0.0,-0.0,tie,,,-25495883.85
MENA,2026-04,SCI,INCOME,Revenue,pension_admin_fee,Pension Admin Fee,20,0.0,0.0,0.0,,tie,,,0.0
MENA,2026-04,SCI,INCOME,Revenue,insurance_commissions,Insurance Commissions,40,0.0,0.0,0.0,,tie,,,0.0
MENA,2026-04,SCI,INCOME,Revenue,saas_income,SAAS (Software as a Service),50,0.0,0.0,0.0,,tie,,,0.0
MENA,2026-04,SCI,INCOME,Other income,other_income,Other Income,70,0.0,0.0,0.0,,tie,,,0.0
MENA,2026-04,SCI,EXPENSES,Operating expenses,personnel_costs,Personnel Costs,80,21401825.31,21401825.32,-0.01,-0.0,tie,,,21401825.32
MENA,2026-04,SCI,EXPENSES,Operating expenses,travelling,Travelling,90,1612319.46,1641879.4,-29559.94,-1.8,DIFFERENCE,classification,offset by Depreciation,1641879.4
MENA,2026-04,SCI,EXPENSES,Operating expenses,entertainment,Entertainment,100,0.0,0.0,0.0,,tie,,,0.0
MENA,2026-04,SCI,EXPENSES,Operating expenses,it_costs,IT Costs,110,704085.0,704085.0,-0.0,-0.0,tie,,,704085.0
MENA,2026-04,SCI,EXPENSES,Operating expenses,communications,Communications,120,0.0,0.0,0.0,,tie,,,0.0
MENA,2026-04,SCI,EXPENSES,Operating expenses,printing_stationery,Printing & Stationery,130,0.0,0.0,0.0,,tie,,,0.0
MENA,2026-04,SCI,EXPENSES,Operating expenses,premises,Premises,140,2639685.08,2639685.07,0.01,0.0,tie,,,2639685.07
MENA,2026-04,SCI,EXPENSES,Operating expenses,advertising_pr,Advertising & PR,150,-0.0,0.0,-0.0,,tie,,,0.0
MENA,2026-04,SCI,EXPENSES,Operating expenses,insurance,Insurance,160,0.0,0.0,0.0,,tie,,,0.0
MENA,2026-04,SCI,EXPENSES,Operating expenses,professional_fees,Professional Fees,170,18387402.61,18387402.62,-0.01,-0.0,tie,,,18387402.62
MENA,2026-04,SCI,EXPENSES,Operating expenses,depreciation,Depreciation,180,29559.95,0.0,29559.95,,DIFFERENCE,client shows nothing,,0.0
MENA,2026-04,SCI,EXPENSES,Operating expenses,motor_vehicle_expenses,Motor Vehicle Expenses,190,0.0,0.0,0.0,,tie,,,0.0
MENA,2026-04,SCI,EXPENSES,Operating expenses,general_expenses,General Expenses,200,1113983.22,1113983.22,0.0,0.0,tie,,,1113983.22
MENA,2026-04,SCI,EXPENSES,Operating expenses,management_expense,Management Expense,210,0.0,0.0,0.0,,tie,,,0.0
MENA,2026-04,SCI,EXPENSES,Finance costs,finance_costs,Finance cost,220,0.0,0.0,0.0,,tie,,,0.0
MENA,2026-04,SCI,EXPENSES,Taxation,taxation,Taxation,230,0.0,0.0,0.0,,tie,,,0.0
MENA,2026-04,SFP,ASSETS,Non-Current Assets,ppe,"Property, Plant and Equipment",240,10277774.58,10277774.58,0.0,0.0,tie,,,10277774.58
MENA,2026-04,SFP,ASSETS,Non-Current Assets,computer_software,Intangible - computer software,250,0.0,0.0,0.0,,tie,,,0.0
MENA,2026-04,SFP,ASSETS,Non-Current Assets,goodwill,Intangible - goodwill,260,0.0,0.0,0.0,,tie,,,0.0
MENA,2026-04,SFP,ASSETS,Non-Current Assets,investment_in_associate,Investment in associate,270,0.0,0.0,0.0,,tie,,,0.0
MENA,2026-04,SFP,ASSETS,Non-Current Assets,investment_unquoted_equity,Investment in unquoted equity securities,280,0.0,0.0,0.0,,tie,,,0.0
MENA,2026-04,SFP,ASSETS,Non-Current Assets,deposit_for_investment_in_subsidiary,Deposit for investment in subsidiary,290,0.0,0.0,0.0,,tie,,,0.0
MENA,2026-04,SFP,ASSETS,Non-Current Assets,deferred_tax,Deferred tax,310,0.0,0.0,0.0,,tie,,,0.0
MENA,2026-04,SFP,ASSETS,Current Assets,trade_receivables,Trade Receivables (Debtors),320,92536827.21,92536827.21,0.0,0.0,tie,,,92536827.21
MENA,2026-04,SFP,ASSETS,Current Assets,premium_receivables,Premium Receivables,330,0.0,0.0,0.0,,tie,,,0.0
MENA,2026-04,SFP,ASSETS,Current Assets,other_receivables,Other Receivables,340,9089715.89,9089715.9,-0.01,-0.0,tie,,,9089715.9
MENA,2026-04,SFP,ASSETS,Current Assets,due_from_to_related_parties,Due from/to related parties,350,0.0,0.0,0.0,,tie,,,0.0
MENA,2026-04,SFP,ASSETS,Current Assets,office_cash,Cash - Office Cash,360,2517586.69,2517586.68,0.01,0.0,tie,,,2517586.68
MENA,2026-04,SFP,ASSETS,Current Assets,deposits,Cash - Deposits,380,0.0,0.0,0.0,,tie,,,0.0
MENA,2026-04,SFP,ASSETS,Current Assets,placements,Cash - Placements,390,0.0,0.0,0.0,,tie,,,0.0
MENA,2026-04,SFP,ASSETS,Current Assets,tax_recoverable,Tax recoverable,400,0.0,0.0,0.0,,tie,,,0.0
MENA,2026-04,SFP,EQUITY AND LIABILITIES,Equity,share_capital,Share capital,420,37758562.09,37758562.09,-0.0,-0.0,tie,,,-37758562.09
MENA,2026-04,SFP,EQUITY AND LIABILITIES,Equity,translation_reserve,Translation reserve,430,0.0,48804.0,-48804.0,-100.0,DIFFERENCE,we show nothing,,-48804.0
MENA,2026-04,SFP,EQUITY AND LIABILITIES,Equity,proposed_dividend,Proposed dividend,440,0.0,0.0,0.0,,tie,,,0.0
MENA,2026-04,SFP,EQUITY AND LIABILITIES,Equity,retained_earnings,Retained earnings,450,7272732.84,7272732.83,0.01,0.0,tie,,,-7272732.83
MENA,2026-04,SFP,EQUITY AND LIABILITIES,Equity,net_profit,Net Profit (derived),460,-20392976.78,-20392976.77,-0.01,0.0,tie,,,20392976.77
MENA,2026-04,SFP,EQUITY AND LIABILITIES,Equity,non_controlling_interests,Non-controlling interests,470,81573570.63,81573570.63,0.0,0.0,tie,,,-81573570.63
MENA,2026-04,SFP,EQUITY AND LIABILITIES,Current Liabilities,trade_and_other_payables,Trade and other payables,480,8161208.07,8161208.08,-0.01,-0.0,tie,,,-8161208.08
MENA,2026-04,SFP,EQUITY AND LIABILITIES,Current Liabilities,deferred_revenue,Deferred Revenue,490,3.51,0.0,3.51,,DIFFERENCE,client shows nothing,,0.0
MENA,2026-04,SFP,EQUITY AND LIABILITIES,Current Liabilities,premium_payable,Premium payable,500,0.0,0.0,0.0,,tie,,,0.0
MENA,2026-04,SFP,EQUITY AND LIABILITIES,Current Liabilities,borrowings,Borrowings,510,0.0,0.0,0.0,,tie,,,0.0
MENA,2026-05,SCI,INCOME,Revenue,actuarial_fees,Actuarial Fees,10,32696056.68,32696056.68,0.0,0.0,tie,,,-32696056.68
MENA,2026-05,SCI,INCOME,Revenue,pension_admin_fee,Pension Admin Fee,20,0.0,0.0,0.0,,tie,,,0.0
MENA,2026-05,SCI,INCOME,Revenue,insurance_commissions,Insurance Commissions,40,0.0,0.0,0.0,,tie,,,0.0
MENA,2026-05,SCI,INCOME,Revenue,saas_income,SAAS (Software as a Service),50,0.0,0.0,0.0,,tie,,,0.0
MENA,2026-05,SCI,INCOME,Other income,other_income,Other Income,70,0.0,0.0,0.0,,tie,,,0.0
MENA,2026-05,SCI,EXPENSES,Operating expenses,personnel_costs,Personnel Costs,80,23057179.92,23057179.91,0.01,0.0,tie,,,23057179.91
MENA,2026-05,SCI,EXPENSES,Operating expenses,travelling,Travelling,90,1664128.94,1664128.94,0.0,0.0,tie,,,1664128.94
MENA,2026-05,SCI,EXPENSES,Operating expenses,entertainment,Entertainment,100,0.0,0.0,0.0,,tie,,,0.0
MENA,2026-05,SCI,EXPENSES,Operating expenses,it_costs,IT Costs,110,1011729.55,1011729.56,-0.01,-0.0,tie,,,1011729.56
MENA,2026-05,SCI,EXPENSES,Operating expenses,communications,Communications,120,0.0,0.0,0.0,,tie,,,0.0
MENA,2026-05,SCI,EXPENSES,Operating expenses,printing_stationery,Printing & Stationery,130,0.0,0.0,0.0,,tie,,,0.0
MENA,2026-05,SCI,EXPENSES,Operating expenses,premises,Premises,140,3458237.19,3458237.18,0.01,0.0,tie,,,3458237.18
MENA,2026-05,SCI,EXPENSES,Operating expenses,advertising_pr,Advertising & PR,150,1674165.06,1674165.06,-0.0,-0.0,tie,,,1674165.06
MENA,2026-05,SCI,EXPENSES,Operating expenses,insurance,Insurance,160,0.0,0.0,0.0,,tie,,,0.0
MENA,2026-05,SCI,EXPENSES,Operating expenses,professional_fees,Professional Fees,170,18354406.72,18354406.74,-0.02,-0.0,tie,,,18354406.74
MENA,2026-05,SCI,EXPENSES,Operating expenses,depreciation,Depreciation,180,0.0,0.0,0.0,,tie,,,0.0
MENA,2026-05,SCI,EXPENSES,Operating expenses,motor_vehicle_expenses,Motor Vehicle Expenses,190,0.0,0.0,0.0,,tie,,,0.0
MENA,2026-05,SCI,EXPENSES,Operating expenses,general_expenses,General Expenses,200,1613242.54,1613242.53,0.01,0.0,tie,,,1613242.53
MENA,2026-05,SCI,EXPENSES,Operating expenses,management_expense,Management Expense,210,0.0,0.0,0.0,,tie,,,0.0
MENA,2026-05,SCI,EXPENSES,Finance costs,finance_costs,Finance cost,220,0.0,0.0,0.0,,tie,,,0.0
MENA,2026-05,SCI,EXPENSES,Taxation,taxation,Taxation,230,0.0,0.0,0.0,,tie,,,0.0
MENA,2026-05,SFP,ASSETS,Non-Current Assets,ppe,"Property, Plant and Equipment",240,10248743.97,10248743.96,0.01,0.0,tie,,,10248743.96
MENA,2026-05,SFP,ASSETS,Non-Current Assets,computer_software,Intangible - computer software,250,0.0,0.0,0.0,,tie,,,0.0
MENA,2026-05,SFP,ASSETS,Non-Current Assets,goodwill,Intangible - goodwill,260,0.0,0.0,0.0,,tie,,,0.0
MENA,2026-05,SFP,ASSETS,Non-Current Assets,investment_in_associate,Investment in associate,270,0.0,0.0,0.0,,tie,,,0.0
MENA,2026-05,SFP,ASSETS,Non-Current Assets,investment_unquoted_equity,Investment in unquoted equity securities,280,0.0,0.0,0.0,,tie,,,0.0
MENA,2026-05,SFP,ASSETS,Non-Current Assets,deposit_for_investment_in_subsidiary,Deposit for investment in subsidiary,290,0.0,0.0,0.0,,tie,,,0.0
MENA,2026-05,SFP,ASSETS,Non-Current Assets,deferred_tax,Deferred tax,310,0.0,0.0,0.0,,tie,,,0.0
MENA,2026-05,SFP,ASSETS,Current Assets,trade_receivables,Trade Receivables (Debtors),320,87073350.77,87073350.76,0.01,0.0,tie,,,87073350.76
MENA,2026-05,SFP,ASSETS,Current Assets,premium_receivables,Premium Receivables,330,0.0,0.0,0.0,,tie,,,0.0
MENA,2026-05,SFP,ASSETS,Current Assets,other_receivables,Other Receivables,340,9281539.85,9281539.86,-0.01,-0.0,tie,,,9281539.86
MENA,2026-05,SFP,ASSETS,Current Assets,due_from_to_related_parties,Due from/to related parties,350,0.0,0.0,0.0,,tie,,,0.0
MENA,2026-05,SFP,ASSETS,Current Assets,office_cash,Cash - Office Cash,360,13004484.85,13004484.84,0.01,0.0,tie,,,13004484.84
MENA,2026-05,SFP,ASSETS,Current Assets,deposits,Cash - Deposits,380,0.0,0.0,0.0,,tie,,,0.0
MENA,2026-05,SFP,ASSETS,Current Assets,placements,Cash - Placements,390,0.0,0.0,0.0,,tie,,,0.0
MENA,2026-05,SFP,ASSETS,Current Assets,tax_recoverable,Tax recoverable,400,0.0,0.0,0.0,,tie,,,0.0
MENA,2026-05,SFP,EQUITY AND LIABILITIES,Equity,share_capital,Share capital,420,32906953.27,32906953.27,-0.0,-0.0,tie,,,-32906953.27
MENA,2026-05,SFP,EQUITY AND LIABILITIES,Equity,translation_reserve,Translation reserve,430,0.0,75695.84,-75695.84,-100.0,DIFFERENCE,we show nothing,,-75695.84
MENA,2026-05,SFP,EQUITY AND LIABILITIES,Equity,proposed_dividend,Proposed dividend,440,0.0,0.0,0.0,,tie,,,0.0
MENA,2026-05,SFP,EQUITY AND LIABILITIES,Equity,retained_earnings,Retained earnings,450,7252190.27,7252190.26,0.01,0.0,tie,,,-7252190.26
MENA,2026-05,SFP,EQUITY AND LIABILITIES,Equity,net_profit,Net Profit (derived),460,-18137033.24,-18137033.24,0.0,-0.0,tie,,,18137033.24
MENA,2026-05,SFP,EQUITY AND LIABILITIES,Equity,non_controlling_interests,Non-controlling interests,470,41464061.61,41464061.61,0.0,0.0,tie,,,-41464061.61
MENA,2026-05,SFP,EQUITY AND LIABILITIES,Current Liabilities,trade_and_other_payables,Trade and other payables,480,43788975.19,43788975.21,-0.02,-0.0,tie,,,-43788975.21
MENA,2026-05,SFP,EQUITY AND LIABILITIES,Current Liabilities,deferred_revenue,Deferred Revenue,490,12257280.0,12257280.0,0.0,0.0,tie,,,-12257280.0
MENA,2026-05,SFP,EQUITY AND LIABILITIES,Current Liabilities,premium_payable,Premium payable,500,0.0,0.0,0.0,,tie,,,0.0
MENA,2026-05,SFP,EQUITY AND LIABILITIES,Current Liabilities,borrowings,Borrowings,510,0.0,0.0,0.0,,tie,,,0.0
MENA,2026-06,SCI,INCOME,Revenue,actuarial_fees,Actuarial Fees,10,49755666.68,49755666.68,0.0,0.0,tie,,,-49755666.68
MENA,2026-06,SCI,INCOME,Revenue,pension_admin_fee,Pension Admin Fee,20,0.0,0.0,0.0,,tie,,,0.0
MENA,2026-06,SCI,INCOME,Revenue,insurance_commissions,Insurance Commissions,40,0.0,0.0,0.0,,tie,,,0.0
MENA,2026-06,SCI,INCOME,Revenue,saas_income,SAAS (Software as a Service),50,0.0,0.0,0.0,,tie,,,0.0
MENA,2026-06,SCI,INCOME,Other income,other_income,Other Income,70,0.0,0.0,0.0,,tie,,,0.0
MENA,2026-06,SCI,EXPENSES,Operating expenses,personnel_costs,Personnel Costs,80,28346609.34,28346609.33,0.01,0.0,tie,,,28346609.33
MENA,2026-06,SCI,EXPENSES,Operating expenses,travelling,Travelling,90,1792070.55,1792070.55,0.0,0.0,tie,,,1792070.55
MENA,2026-06,SCI,EXPENSES,Operating expenses,entertainment,Entertainment,100,0.0,0.0,0.0,,tie,,,0.0
MENA,2026-06,SCI,EXPENSES,Operating expenses,it_costs,IT Costs,110,1230076.94,1230076.94,0.0,0.0,tie,,,1230076.94
MENA,2026-06,SCI,EXPENSES,Operating expenses,communications,Communications,120,0.0,0.0,0.0,,tie,,,0.0
MENA,2026-06,SCI,EXPENSES,Operating expenses,printing_stationery,Printing & Stationery,130,0.0,0.0,0.0,,tie,,,0.0
MENA,2026-06,SCI,EXPENSES,Operating expenses,premises,Premises,140,3633428.11,3633428.1,0.01,0.0,tie,,,3633428.1
MENA,2026-06,SCI,EXPENSES,Operating expenses,advertising_pr,Advertising & PR,150,1673867.05,1673867.05,-0.0,-0.0,tie,,,1673867.05
MENA,2026-06,SCI,EXPENSES,Operating expenses,insurance,Insurance,160,0.0,0.0,0.0,,tie,,,0.0
MENA,2026-06,SCI,EXPENSES,Operating expenses,professional_fees,Professional Fees,170,1353921.0,1353921.02,-0.02,-0.0,tie,,,1353921.02
MENA,2026-06,SCI,EXPENSES,Operating expenses,depreciation,Depreciation,180,0.0,0.0,0.0,,tie,,,0.0
MENA,2026-06,SCI,EXPENSES,Operating expenses,motor_vehicle_expenses,Motor Vehicle Expenses,190,0.0,0.0,0.0,,tie,,,0.0
MENA,2026-06,SCI,EXPENSES,Operating expenses,general_expenses,General Expenses,200,18616637.27,18616637.27,0.0,0.0,tie,,,18616637.27
MENA,2026-06,SCI,EXPENSES,Operating expenses,management_expense,Management Expense,210,0.0,0.0,0.0,,tie,,,0.0
MENA,2026-06,SCI,EXPENSES,Finance costs,finance_costs,Finance cost,220,0.0,0.0,0.0,,tie,,,0.0
MENA,2026-06,SCI,EXPENSES,Taxation,taxation,Taxation,230,0.0,0.0,0.0,,tie,,,0.0
MENA,2026-06,SFP,ASSETS,Non-Current Assets,ppe,"Property, Plant and Equipment",240,10280701.06,10280701.05,0.01,0.0,tie,,,10280701.05
MENA,2026-06,SFP,ASSETS,Non-Current Assets,computer_software,Intangible - computer software,250,0.0,0.0,0.0,,tie,,,0.0
MENA,2026-06,SFP,ASSETS,Non-Current Assets,goodwill,Intangible - goodwill,260,0.0,0.0,0.0,,tie,,,0.0
MENA,2026-06,SFP,ASSETS,Non-Current Assets,investment_in_associate,Investment in associate,270,0.0,0.0,0.0,,tie,,,0.0
MENA,2026-06,SFP,ASSETS,Non-Current Assets,investment_unquoted_equity,Investment in unquoted equity securities,280,0.0,0.0,0.0,,tie,,,0.0
MENA,2026-06,SFP,ASSETS,Non-Current Assets,deposit_for_investment_in_subsidiary,Deposit for investment in subsidiary,290,0.0,0.0,0.0,,tie,,,0.0
MENA,2026-06,SFP,ASSETS,Non-Current Assets,deferred_tax,Deferred tax,310,0.0,0.0,0.0,,tie,,,0.0
MENA,2026-06,SFP,ASSETS,Current Assets,trade_receivables,Trade Receivables (Debtors),320,92685097.09,92685097.09,0.0,0.0,tie,,,92685097.09
MENA,2026-06,SFP,ASSETS,Current Assets,premium_receivables,Premium Receivables,330,0.0,0.0,0.0,,tie,,,0.0
MENA,2026-06,SFP,ASSETS,Current Assets,other_receivables,Other Receivables,340,9310481.06,9310481.07,-0.01,-0.0,tie,,,9310481.07
MENA,2026-06,SFP,ASSETS,Current Assets,due_from_to_related_parties,Due from/to related parties,350,0.0,0.0,0.0,,tie,,,0.0
MENA,2026-06,SFP,ASSETS,Current Assets,office_cash,Cash - Office Cash,360,734882.72,734882.71,0.01,0.0,tie,,,734882.71
MENA,2026-06,SFP,ASSETS,Current Assets,deposits,Cash - Deposits,380,0.0,0.0,0.0,,tie,,,0.0
MENA,2026-06,SFP,ASSETS,Current Assets,placements,Cash - Placements,390,0.0,0.0,0.0,,tie,,,0.0
MENA,2026-06,SFP,ASSETS,Current Assets,tax_recoverable,Tax recoverable,400,0.0,0.0,0.0,,tie,,,0.0
MENA,2026-06,SFP,EQUITY AND LIABILITIES,Equity,share_capital,Share capital,420,33009561.99,33009561.98,0.01,0.0,tie,,,-33009561.98
MENA,2026-06,SFP,EQUITY AND LIABILITIES,Equity,translation_reserve,Translation reserve,430,0.0,6134.2,-6134.2,-100.0,DIFFERENCE,we show nothing,,-6134.2
MENA,2026-06,SFP,EQUITY AND LIABILITIES,Equity,proposed_dividend,Proposed dividend,440,0.0,0.0,0.0,,tie,,,0.0
MENA,2026-06,SFP,EQUITY AND LIABILITIES,Equity,retained_earnings,Retained earnings,450,7274803.67,7274803.66,0.01,0.0,tie,,,-7274803.66
MENA,2026-06,SFP,EQUITY AND LIABILITIES,Equity,net_profit,Net Profit (derived),460,-6890943.58,-6890943.57,-0.01,0.0,tie,,,6890943.57
MENA,2026-06,SFP,EQUITY AND LIABILITIES,Equity,non_controlling_interests,Non-controlling interests,470,64571289.14,64571289.14,0.0,0.0,tie,,,-64571289.14
MENA,2026-06,SFP,EQUITY AND LIABILITIES,Current Liabilities,trade_and_other_payables,Trade and other payables,480,15040312.98,15040312.99,-0.01,-0.0,tie,,,-15040312.99
MENA,2026-06,SFP,EQUITY AND LIABILITIES,Current Liabilities,deferred_revenue,Deferred Revenue,490,3.51,3.51,0.0,0.0,tie,,,-3.51
MENA,2026-06,SFP,EQUITY AND LIABILITIES,Current Liabilities,premium_payable,Premium payable,500,0.0,0.0,0.0,,tie,,,0.0
MENA,2026-06,SFP,EQUITY AND LIABILITIES,Current Liabilities,borrowings,Borrowings,510,0.0,0.0,0.0,,tie,,,0.0
NIGERIA,2026-02,SCI,INCOME,Revenue,actuarial_fees,Actuarial Fees,10,0.0,0.0,0.0,,tie,,,0.0
NIGERIA,2026-02,SCI,INCOME,Revenue,pension_admin_fee,Pension Admin Fee,20,12728655.9,12728655.9,0.0,0.0,tie,,,-12728655.9
NIGERIA,2026-02,SCI,INCOME,Revenue,insurance_commissions,Insurance Commissions,40,0.0,0.0,0.0,,tie,,,0.0
NIGERIA,2026-02,SCI,INCOME,Revenue,saas_income,SAAS (Software as a Service),50,0.0,0.0,0.0,,tie,,,0.0
NIGERIA,2026-02,SCI,INCOME,Other income,other_income,Other Income,70,324085.37,324085.37,0.0,0.0,tie,,,-324085.37
NIGERIA,2026-02,SCI,EXPENSES,Operating expenses,personnel_costs,Personnel Costs,80,5529802.96,5549041.96,-19239.0,-0.35,DIFFERENCE,rounding / FX,,5549041.96
NIGERIA,2026-02,SCI,EXPENSES,Operating expenses,travelling,Travelling,90,439156.14,439156.14,0.0,0.0,tie,,,439156.14
NIGERIA,2026-02,SCI,EXPENSES,Operating expenses,entertainment,Entertainment,100,14379.61,14379.61,0.0,0.0,tie,,,14379.61
NIGERIA,2026-02,SCI,EXPENSES,Operating expenses,it_costs,IT Costs,110,80294.85,80294.85,0.0,0.0,tie,,,80294.85
NIGERIA,2026-02,SCI,EXPENSES,Operating expenses,communications,Communications,120,26146.47,26146.47,0.0,0.0,tie,,,26146.47
NIGERIA,2026-02,SCI,EXPENSES,Operating expenses,printing_stationery,Printing & Stationery,130,44781.28,44781.28,-0.0,-0.0,tie,,,44781.28
NIGERIA,2026-02,SCI,EXPENSES,Operating expenses,premises,Premises,140,285036.5,285036.5,0.0,0.0,tie,,,285036.5
NIGERIA,2026-02,SCI,EXPENSES,Operating expenses,advertising_pr,Advertising & PR,150,0.0,0.0,0.0,,tie,,,0.0
NIGERIA,2026-02,SCI,EXPENSES,Operating expenses,insurance,Insurance,160,95613.07,95613.07,-0.0,-0.0,tie,,,95613.07
NIGERIA,2026-02,SCI,EXPENSES,Operating expenses,professional_fees,Professional Fees,170,560528.13,560528.13,-0.0,-0.0,tie,,,560528.13
NIGERIA,2026-02,SCI,EXPENSES,Operating expenses,depreciation,Depreciation,180,190680.21,190680.21,-0.0,-0.0,tie,,,190680.21
NIGERIA,2026-02,SCI,EXPENSES,Operating expenses,motor_vehicle_expenses,Motor Vehicle Expenses,190,65811.11,65811.11,-0.0,-0.0,tie,,,65811.11
NIGERIA,2026-02,SCI,EXPENSES,Operating expenses,general_expenses,General Expenses,200,81720.79,81720.79,0.0,0.0,tie,,,81720.79
NIGERIA,2026-02,SCI,EXPENSES,Operating expenses,management_expense,Management Expense,210,0.0,0.0,0.0,,tie,,,0.0
NIGERIA,2026-02,SCI,EXPENSES,Finance costs,finance_costs,Finance cost,220,0.0,0.0,0.0,,tie,,,0.0
NIGERIA,2026-02,SCI,EXPENSES,Taxation,taxation,Taxation,230,0.0,0.0,0.0,,tie,,,0.0
NIGERIA,2026-02,SFP,ASSETS,Non-Current Assets,ppe,"Property, Plant and Equipment",240,3650159.16,3650159.16,-0.0,-0.0,tie,,,3650159.16
NIGERIA,2026-02,SFP,ASSETS,Non-Current Assets,computer_software,Intangible - computer software,250,0.0,0.0,0.0,,tie,,,0.0
NIGERIA,2026-02,SFP,ASSETS,Non-Current Assets,goodwill,Intangible - goodwill,260,0.0,0.0,0.0,,tie,,,0.0
NIGERIA,2026-02,SFP,ASSETS,Non-Current Assets,investment_in_associate,Investment in associate,270,0.0,0.0,0.0,,tie,,,0.0
NIGERIA,2026-02,SFP,ASSETS,Non-Current Assets,investment_unquoted_equity,Investment in unquoted equity securities,280,1302480.0,1302480.0,0.0,0.0,tie,,,1302480.0
NIGERIA,2026-02,SFP,ASSETS,Non-Current Assets,deposit_for_investment_in_subsidiary,Deposit for investment in subsidiary,290,0.0,0.0,0.0,,tie,,,0.0
NIGERIA,2026-02,SFP,ASSETS,Non-Current Assets,deferred_tax,Deferred tax,310,1640.16,1640.16,-0.0,-0.0,tie,,,1640.16
NIGERIA,2026-02,SFP,ASSETS,Current Assets,trade_receivables,Trade Receivables (Debtors),320,24775633.31,24775633.31,0.0,0.0,tie,,,24775633.31
NIGERIA,2026-02,SFP,ASSETS,Current Assets,premium_receivables,Premium Receivables,330,0.0,0.0,0.0,,tie,,,0.0
NIGERIA,2026-02,SFP,ASSETS,Current Assets,other_receivables,Other Receivables,340,8737892.87,8737892.87,0.0,0.0,tie,,,8737892.87
NIGERIA,2026-02,SFP,ASSETS,Current Assets,due_from_to_related_parties,Due from/to related parties,350,1290489.66,1290489.66,-0.0,-0.0,tie,,,1290489.66
NIGERIA,2026-02,SFP,ASSETS,Current Assets,office_cash,Cash - Office Cash,360,2356221.92,2356221.92,0.0,0.0,tie,,,2356221.92
NIGERIA,2026-02,SFP,ASSETS,Current Assets,deposits,Cash - Deposits,380,0.0,0.0,0.0,,tie,,,0.0
NIGERIA,2026-02,SFP,ASSETS,Current Assets,placements,Cash - Placements,390,0.0,0.0,0.0,,tie,,,0.0
NIGERIA,2026-02,SFP,ASSETS,Current Assets,tax_recoverable,Tax recoverable,400,-36359.94,-36359.94,0.0,-0.0,tie,,,-36359.94
NIGERIA,2026-02,SFP,EQUITY AND LIABILITIES,Equity,share_capital,Share capital,420,6753600.0,6753600.0,0.0,0.0,tie,,,-6753600.0
NIGERIA,2026-02,SFP,EQUITY AND LIABILITIES,Equity,translation_reserve,Translation reserve,430,0.0,127350.79,-127350.79,-100.0,DIFFERENCE,we show nothing,,-127350.79
NIGERIA,2026-02,SFP,EQUITY AND LIABILITIES,Equity,proposed_dividend,Proposed dividend,440,0.0,0.0,0.0,,tie,,,0.0
NIGERIA,2026-02,SFP,EQUITY AND LIABILITIES,Equity,retained_earnings,Retained earnings,450,19875571.86,19875571.86,-0.0,-0.0,tie,,,-19875571.86
NIGERIA,2026-02,SFP,EQUITY AND LIABILITIES,Equity,net_profit,Net Profit (derived),460,5638790.14,5619551.14,19239.0,0.34,DIFFERENCE,rounding / FX,,-5619551.14
NIGERIA,2026-02,SFP,EQUITY AND LIABILITIES,Equity,non_controlling_interests,Non-controlling interests,470,0.0,0.0,0.0,,tie,,,0.0
NIGERIA,2026-02,SFP,EQUITY AND LIABILITIES,Current Liabilities,trade_and_other_payables,Trade and other payables,480,9702083.34,9702083.34,-0.0,-0.0,tie,,,-9702083.34
NIGERIA,2026-02,SFP,EQUITY AND LIABILITIES,Current Liabilities,premium_payable,Premium payable,500,0.0,0.0,0.0,,tie,,,0.0
NIGERIA,2026-02,SFP,EQUITY AND LIABILITIES,Current Liabilities,borrowings,Borrowings,510,0.0,0.0,0.0,,tie,,,0.0
NIGERIA,2026-03,SCI,INCOME,Revenue,actuarial_fees,Actuarial Fees,10,22157374.3,22157374.3,0.0,0.0,tie,,,-22157374.3
NIGERIA,2026-03,SCI,INCOME,Revenue,pension_admin_fee,Pension Admin Fee,20,0.0,0.0,0.0,,tie,,,0.0
NIGERIA,2026-03,SCI,INCOME,Revenue,insurance_commissions,Insurance Commissions,40,0.0,0.0,0.0,,tie,,,0.0
NIGERIA,2026-03,SCI,INCOME,Revenue,saas_income,SAAS (Software as a Service),50,0.0,0.0,0.0,,tie,,,0.0
NIGERIA,2026-03,SCI,INCOME,Other income,other_income,Other Income,70,323257.95,323257.95,0.0,0.0,tie,,,-323257.95
NIGERIA,2026-03,SCI,EXPENSES,Operating expenses,personnel_costs,Personnel Costs,80,6563377.22,6563377.22,-0.0,-0.0,tie,,,6563377.22
NIGERIA,2026-03,SCI,EXPENSES,Operating expenses,travelling,Travelling,90,528445.26,528445.25,0.01,0.0,tie,,,528445.25
NIGERIA,2026-03,SCI,EXPENSES,Operating expenses,entertainment,Entertainment,100,79651.73,79651.73,-0.0,-0.0,tie,,,79651.73
NIGERIA,2026-03,SCI,EXPENSES,Operating expenses,it_costs,IT Costs,110,80089.85,80089.85,0.0,0.0,tie,,,80089.85
NIGERIA,2026-03,SCI,EXPENSES,Operating expenses,communications,Communications,120,51847.84,51847.84,0.0,0.0,tie,,,51847.84
NIGERIA,2026-03,SCI,EXPENSES,Operating expenses,printing_stationery,Printing & Stationery,130,57886.21,57886.21,0.0,0.0,tie,,,57886.21
NIGERIA,2026-03,SCI,EXPENSES,Operating expenses,premises,Premises,140,563498.92,563498.92,0.0,0.0,tie,,,563498.92
NIGERIA,2026-03,SCI,EXPENSES,Operating expenses,advertising_pr,Advertising & PR,150,0.0,0.0,0.0,,tie,,,0.0
NIGERIA,2026-03,SCI,EXPENSES,Operating expenses,insurance,Insurance,160,132195.77,132195.77,-0.0,-0.0,tie,,,132195.77
NIGERIA,2026-03,SCI,EXPENSES,Operating expenses,professional_fees,Professional Fees,170,785555.69,785555.68,0.01,0.0,tie,,,785555.68
NIGERIA,2026-03,SCI,EXPENSES,Operating expenses,depreciation,Depreciation,180,318495.59,318495.59,-0.0,-0.0,tie,,,318495.59
NIGERIA,2026-03,SCI,EXPENSES,Operating expenses,motor_vehicle_expenses,Motor Vehicle Expenses,190,233749.97,233749.97,-0.0,-0.0,tie,,,233749.97
NIGERIA,2026-03,SCI,EXPENSES,Operating expenses,general_expenses,General Expenses,200,160278.57,160278.57,0.0,0.0,tie,,,160278.57
NIGERIA,2026-03,SCI,EXPENSES,Operating expenses,management_expense,Management Expense,210,1353074.25,1353074.25,0.0,0.0,tie,,,1353074.25
NIGERIA,2026-03,SCI,EXPENSES,Finance costs,finance_costs,Finance cost,220,0.0,0.0,0.0,,tie,,,0.0
NIGERIA,2026-03,SCI,EXPENSES,Taxation,taxation,Taxation,230,3471745.62,3471745.62,-0.0,-0.0,tie,,,3471745.62
NIGERIA,2026-03,SFP,ASSETS,Non-Current Assets,ppe,"Property, Plant and Equipment",240,3479021.0,3479021.0,0.0,0.0,tie,,,3479021.0
NIGERIA,2026-03,SFP,ASSETS,Non-Current Assets,computer_software,Intangible - computer software,250,0.0,0.0,0.0,,tie,,,0.0
NIGERIA,2026-03,SFP,ASSETS,Non-Current Assets,goodwill,Intangible - goodwill,260,0.0,0.0,0.0,,tie,,,0.0
NIGERIA,2026-03,SFP,ASSETS,Non-Current Assets,investment_in_associate,Investment in associate,270,0.0,0.0,0.0,,tie,,,0.0
NIGERIA,2026-03,SFP,ASSETS,Non-Current Assets,investment_unquoted_equity,Investment in unquoted equity securities,280,1268189.12,1268189.12,-0.0,-0.0,tie,,,1268189.12
NIGERIA,2026-03,SFP,ASSETS,Non-Current Assets,deposit_for_investment_in_subsidiary,Deposit for investment in subsidiary,290,0.0,0.0,0.0,,tie,,,0.0
NIGERIA,2026-03,SFP,ASSETS,Non-Current Assets,deferred_tax,Deferred tax,310,1596.98,1596.98,-0.0,-0.0,tie,,,1596.98
NIGERIA,2026-03,SFP,ASSETS,Current Assets,trade_receivables,Trade Receivables (Debtors),320,26432458.45,26432458.45,-0.0,-0.0,tie,,,26432458.45
NIGERIA,2026-03,SFP,ASSETS,Current Assets,premium_receivables,Premium Receivables,330,0.0,0.0,0.0,,tie,,,0.0
NIGERIA,2026-03,SFP,ASSETS,Current Assets,other_receivables,Other Receivables,340,11502991.48,11502991.49,-0.01,-0.0,tie,,,11502991.49
NIGERIA,2026-03,SFP,ASSETS,Current Assets,due_from_to_related_parties,Due from/to related parties,350,-13960645.11,-13960645.11,0.0,-0.0,tie,,,-13960645.11
NIGERIA,2026-03,SFP,ASSETS,Current Assets,office_cash,Cash - Office Cash,360,16949159.71,16949159.71,0.0,0.0,tie,,,16949159.71
NIGERIA,2026-03,SFP,ASSETS,Current Assets,deposits,Cash - Deposits,380,0.0,0.0,0.0,,tie,,,0.0
NIGERIA,2026-03,SFP,ASSETS,Current Assets,placements,Cash - Placements,390,0.0,0.0,0.0,,tie,,,0.0
NIGERIA,2026-03,SFP,ASSETS,Current Assets,tax_recoverable,Tax recoverable,400,-3507148.27,-3507148.27,0.0,-0.0,tie,,,-3507148.27
NIGERIA,2026-03,SFP,EQUITY AND LIABILITIES,Equity,share_capital,Share capital,420,6575795.44,6575795.44,-0.0,-0.0,tie,,,-6575795.44
NIGERIA,2026-03,SFP,EQUITY AND LIABILITIES,Equity,translation_reserve,Translation reserve,430,0.0,-59242.48,59242.48,-100.0,DIFFERENCE,we show nothing,,59242.48
NIGERIA,2026-03,SFP,EQUITY AND LIABILITIES,Equity,proposed_dividend,Proposed dividend,440,0.0,0.0,0.0,,tie,,,0.0
NIGERIA,2026-03,SFP,EQUITY AND LIABILITIES,Equity,retained_earnings,Retained earnings,450,19352300.2,19352300.2,0.0,0.0,tie,,,-19352300.2
NIGERIA,2026-03,SFP,EQUITY AND LIABILITIES,Equity,net_profit,Net Profit (derived),460,8100739.77,8100739.77,0.0,0.0,tie,,,-8100739.77
NIGERIA,2026-03,SFP,EQUITY AND LIABILITIES,Equity,non_controlling_interests,Non-controlling interests,470,0.0,0.0,0.0,,tie,,,0.0
NIGERIA,2026-03,SFP,EQUITY AND LIABILITIES,Current Liabilities,trade_and_other_payables,Trade and other payables,480,8196030.44,8196030.44,-0.0,-0.0,tie,,,-8196030.44
NIGERIA,2026-03,SFP,EQUITY AND LIABILITIES,Current Liabilities,premium_payable,Premium payable,500,0.0,0.0,0.0,,tie,,,0.0
NIGERIA,2026-03,SFP,EQUITY AND LIABILITIES,Current Liabilities,borrowings,Borrowings,510,0.0,0.0,0.0,,tie,,,0.0
NIGERIA,2026-04,SCI,INCOME,Revenue,actuarial_fees,Actuarial Fees,10,29277659.64,29277659.64,-0.0,-0.0,tie,,,-29277659.64
NIGERIA,2026-04,SCI,INCOME,Revenue,pension_admin_fee,Pension Admin Fee,20,0.0,0.0,0.0,,tie,,,0.0
NIGERIA,2026-04,SCI,INCOME,Revenue,insurance_commissions,Insurance Commissions,40,0.0,0.0,0.0,,tie,,,0.0
NIGERIA,2026-04,SCI,INCOME,Revenue,saas_income,SAAS (Software as a Service),50,0.0,0.0,0.0,,tie,,,0.0
NIGERIA,2026-04,SCI,INCOME,Other income,other_income,Other Income,70,322777.05,322777.05,0.0,0.0,tie,,,-322777.05
NIGERIA,2026-04,SCI,EXPENSES,Operating expenses,personnel_costs,Personnel Costs,80,8558953.83,8558953.84,-0.01,-0.0,tie,,,8558953.84
NIGERIA,2026-04,SCI,EXPENSES,Operating expenses,travelling,Travelling,90,804552.13,804552.13,0.0,0.0,tie,,,804552.13
NIGERIA,2026-04,SCI,EXPENSES,Operating expenses,entertainment,Entertainment,100,103537.65,103537.65,0.0,0.0,tie,,,103537.65
NIGERIA,2026-04,SCI,EXPENSES,Operating expenses,it_costs,IT Costs,110,79970.71,79970.71,0.0,0.0,tie,,,79970.71
NIGERIA,2026-04,SCI,EXPENSES,Operating expenses,communications,Communications,120,277170.36,277170.36,0.0,0.0,tie,,,277170.36
NIGERIA,2026-04,SCI,EXPENSES,Operating expenses,printing_stationery,Printing & Stationery,130,63871.92,63871.92,-0.0,-0.0,tie,,,63871.92
NIGERIA,2026-04,SCI,EXPENSES,Operating expenses,premises,Premises,140,826564.16,826564.16,-0.0,-0.0,tie,,,826564.16
NIGERIA,2026-04,SCI,EXPENSES,Operating expenses,advertising_pr,Advertising & PR,150,47141.42,47141.42,0.0,0.0,tie,,,47141.42
NIGERIA,2026-04,SCI,EXPENSES,Operating expenses,insurance,Insurance,160,168771.11,168771.11,-0.0,-0.0,tie,,,168771.11
NIGERIA,2026-04,SCI,EXPENSES,Operating expenses,professional_fees,Professional Fees,170,998814.49,998814.49,0.0,0.0,tie,,,998814.49
NIGERIA,2026-04,SCI,EXPENSES,Operating expenses,depreciation,Depreciation,180,329489.89,329489.89,0.0,0.0,tie,,,329489.89
NIGERIA,2026-04,SCI,EXPENSES,Operating expenses,motor_vehicle_expenses,Motor Vehicle Expenses,190,437807.5,437807.5,-0.0,-0.0,tie,,,437807.5
NIGERIA,2026-04,SCI,EXPENSES,Operating expenses,general_expenses,General Expenses,200,355892.3,355892.3,-0.0,-0.0,tie,,,355892.3
NIGERIA,2026-04,SCI,EXPENSES,Operating expenses,management_expense,Management Expense,210,1743580.55,1743580.55,-0.0,-0.0,tie,,,1743580.55
NIGERIA,2026-04,SCI,EXPENSES,Finance costs,finance_costs,Finance cost,220,0.0,0.0,0.0,,tie,,,0.0
NIGERIA,2026-04,SCI,EXPENSES,Taxation,taxation,Taxation,230,4441295.6,4441295.6,-0.0,-0.0,tie,,,4441295.6
NIGERIA,2026-04,SFP,ASSETS,Non-Current Assets,ppe,"Property, Plant and Equipment",240,3572097.24,3572097.24,0.0,0.0,tie,,,3572097.24
NIGERIA,2026-04,SFP,ASSETS,Non-Current Assets,computer_software,Intangible - computer software,250,0.0,0.0,0.0,,tie,,,0.0
NIGERIA,2026-04,SFP,ASSETS,Non-Current Assets,goodwill,Intangible - goodwill,260,0.0,0.0,0.0,,tie,,,0.0
NIGERIA,2026-04,SFP,ASSETS,Non-Current Assets,investment_in_associate,Investment in associate,270,0.0,0.0,0.0,,tie,,,0.0
NIGERIA,2026-04,SFP,ASSETS,Non-Current Assets,investment_unquoted_equity,Investment in unquoted equity securities,280,938614.6,938614.6,0.01,0.0,tie,,,938614.6
NIGERIA,2026-04,SFP,ASSETS,Non-Current Assets,deposit_for_investment_in_subsidiary,Deposit for investment in subsidiary,290,0.0,0.0,0.0,,tie,,,0.0
NIGERIA,2026-04,SFP,ASSETS,Non-Current Assets,deferred_tax,Deferred tax,310,58936.46,58936.46,-0.0,-0.0,tie,,,58936.46
NIGERIA,2026-04,SFP,ASSETS,Current Assets,trade_receivables,Trade Receivables (Debtors),320,30535434.49,30535434.48,0.01,0.0,tie,,,30535434.48
NIGERIA,2026-04,SFP,ASSETS,Current Assets,premium_receivables,Premium Receivables,330,0.0,0.0,0.0,,tie,,,0.0
NIGERIA,2026-04,SFP,ASSETS,Current Assets,other_receivables,Other Receivables,340,10939612.54,10939612.54,0.0,0.0,tie,,,10939612.54
NIGERIA,2026-04,SFP,ASSETS,Current Assets,due_from_to_related_parties,Due from/to related parties,350,-3681157.69,-3681157.69,0.0,-0.0,tie,,,-3681157.69
NIGERIA,2026-04,SFP,ASSETS,Current Assets,office_cash,Cash - Office Cash,360,135308.43,135308.43,-0.0,-0.0,tie,,,135308.43
NIGERIA,2026-04,SFP,ASSETS,Current Assets,deposits,Cash - Deposits,380,0.0,0.0,0.0,,tie,,,0.0
NIGERIA,2026-04,SFP,ASSETS,Current Assets,placements,Cash - Placements,390,0.0,0.0,0.0,,tie,,,0.0
NIGERIA,2026-04,SFP,ASSETS,Current Assets,tax_recoverable,Tax recoverable,400,-11163279.83,-11143429.88,-19849.95,0.18,DIFFERENCE,rounding / FX,,-11143429.88
NIGERIA,2026-04,SFP,EQUITY AND LIABILITIES,Equity,share_capital,Share capital,420,6570302.23,6570302.23,0.0,0.0,tie,,,-6570302.23
NIGERIA,2026-04,SFP,EQUITY AND LIABILITIES,Equity,translation_reserve,Translation reserve,430,0.0,-46316.65,46316.65,-100.0,DIFFERENCE,we show nothing,,46316.65
NIGERIA,2026-04,SFP,EQUITY AND LIABILITIES,Equity,proposed_dividend,Proposed dividend,440,0.0,0.0,0.0,,tie,,,0.0
NIGERIA,2026-04,SFP,EQUITY AND LIABILITIES,Equity,retained_earnings,Retained earnings,450,8027072.65,8027072.65,0.0,0.0,tie,,,-8027072.65
NIGERIA,2026-04,SFP,EQUITY AND LIABILITIES,Equity,net_profit,Net Profit (derived),460,10363023.06,10363023.06,0.0,0.0,tie,,,-10363023.06
NIGERIA,2026-04,SFP,EQUITY AND LIABILITIES,Equity,non_controlling_interests,Non-controlling interests,470,0.0,0.0,0.0,,tie,,,0.0
NIGERIA,2026-04,SFP,EQUITY AND LIABILITIES,Current Liabilities,trade_and_other_payables,Trade and other payables,480,6441334.9,6441334.9,-0.0,-0.0,tie,,,-6441334.9
NIGERIA,2026-04,SFP,EQUITY AND LIABILITIES,Current Liabilities,premium_payable,Premium payable,500,0.0,0.0,0.0,,tie,,,0.0
NIGERIA,2026-04,SFP,EQUITY AND LIABILITIES,Current Liabilities,borrowings,Borrowings,510,0.0,0.0,0.0,,tie,,,0.0
NIGERIA,2026-05,SCI,INCOME,Revenue,actuarial_fees,Actuarial Fees,10,36154819.63,36154819.63,-0.0,-0.0,tie,,,-36154819.63
NIGERIA,2026-05,SCI,INCOME,Revenue,pension_admin_fee,Pension Admin Fee,20,0.0,0.0,0.0,,tie,,,0.0
NIGERIA,2026-05,SCI,INCOME,Revenue,insurance_commissions,Insurance Commissions,40,0.0,0.0,0.0,,tie,,,0.0
NIGERIA,2026-05,SCI,INCOME,Revenue,saas_income,SAAS (Software as a Service),50,0.0,0.0,0.0,,tie,,,0.0
NIGERIA,2026-05,SCI,INCOME,Other income,other_income,Other Income,70,322836.68,322836.68,-0.0,-0.0,tie,,,-322836.68
NIGERIA,2026-05,SCI,EXPENSES,Operating expenses,personnel_costs,Personnel Costs,80,11236257.55,11236257.54,0.01,0.0,tie,,,11236257.54
NIGERIA,2026-05,SCI,EXPENSES,Operating expenses,travelling,Travelling,90,1087678.03,1087678.03,0.0,0.0,tie,,,1087678.03
NIGERIA,2026-05,SCI,EXPENSES,Operating expenses,entertainment,Entertainment,100,125689.04,125689.04,0.0,0.0,tie,,,125689.04
NIGERIA,2026-05,SCI,EXPENSES,Operating expenses,it_costs,IT Costs,110,79985.48,79985.48,-0.0,-0.0,tie,,,79985.48
NIGERIA,2026-05,SCI,EXPENSES,Operating expenses,communications,Communications,120,310441.16,310441.16,0.0,0.0,tie,,,310441.16
NIGERIA,2026-05,SCI,EXPENSES,Operating expenses,printing_stationery,Printing & Stationery,130,76717.97,76717.97,0.0,0.0,tie,,,76717.97
NIGERIA,2026-05,SCI,EXPENSES,Operating expenses,premises,Premises,140,1111452.83,1111452.83,0.0,0.0,tie,,,1111452.83
NIGERIA,2026-05,SCI,EXPENSES,Operating expenses,advertising_pr,Advertising & PR,150,141450.39,141450.39,-0.0,-0.0,tie,,,141450.39
NIGERIA,2026-05,SCI,EXPENSES,Operating expenses,insurance,Insurance,160,205581.1,205581.1,-0.0,-0.0,tie,,,205581.1
NIGERIA,2026-05,SCI,EXPENSES,Operating expenses,professional_fees,Professional Fees,170,1151451.01,1151451.0,0.01,0.0,tie,,,1151451.0
NIGERIA,2026-05,SCI,EXPENSES,Operating expenses,depreciation,Depreciation,180,433120.89,433120.9,-0.01,-0.0,tie,,,433120.9
NIGERIA,2026-05,SCI,EXPENSES,Operating expenses,motor_vehicle_expenses,Motor Vehicle Expenses,190,437888.3,437888.3,-0.0,-0.0,tie,,,437888.3
NIGERIA,2026-05,SCI,EXPENSES,Operating expenses,general_expenses,General Expenses,200,590909.66,590909.66,-0.0,-0.0,tie,,,590909.66
NIGERIA,2026-05,SCI,EXPENSES,Operating expenses,management_expense,Management Expense,210,2136494.14,2136494.14,-0.0,-0.0,tie,,,2136494.14
NIGERIA,2026-05,SCI,EXPENSES,Finance costs,finance_costs,Finance cost,220,0.0,0.0,0.0,,tie,,,0.0
NIGERIA,2026-05,SCI,EXPENSES,Taxation,taxation,Taxation,230,1961617.69,1961617.69,-0.0,-0.0,tie,,,1961617.69
NIGERIA,2026-05,SFP,ASSETS,Non-Current Assets,ppe,"Property, Plant and Equipment",240,3610037.41,3610037.41,0.0,0.0,tie,,,3610037.41
NIGERIA,2026-05,SFP,ASSETS,Non-Current Assets,computer_software,Intangible - computer software,250,0.0,0.0,0.0,,tie,,,0.0
NIGERIA,2026-05,SFP,ASSETS,Non-Current Assets,goodwill,Intangible - goodwill,260,0.0,0.0,0.0,,tie,,,0.0
NIGERIA,2026-05,SFP,ASSETS,Non-Current Assets,investment_in_associate,Investment in associate,270,0.0,0.0,0.0,,tie,,,0.0
NIGERIA,2026-05,SFP,ASSETS,Non-Current Assets,investment_unquoted_equity,Investment in unquoted equity securities,280,943698.92,943698.92,0.0,0.0,tie,,,943698.92
NIGERIA,2026-05,SFP,ASSETS,Non-Current Assets,deposit_for_investment_in_subsidiary,Deposit for investment in subsidiary,290,0.0,0.0,0.0,,tie,,,0.0
NIGERIA,2026-05,SFP,ASSETS,Non-Current Assets,deferred_tax,Deferred tax,310,59255.7,59255.7,0.0,0.0,tie,,,59255.7
NIGERIA,2026-05,SFP,ASSETS,Current Assets,trade_receivables,Trade Receivables (Debtors),320,30340870.49,30340870.5,-0.01,-0.0,tie,,,30340870.5
NIGERIA,2026-05,SFP,ASSETS,Current Assets,premium_receivables,Premium Receivables,330,0.0,0.0,0.0,,tie,,,0.0
NIGERIA,2026-05,SFP,ASSETS,Current Assets,other_receivables,Other Receivables,340,7931829.24,7931829.24,-0.0,-0.0,tie,,,7931829.24
NIGERIA,2026-05,SFP,ASSETS,Current Assets,due_from_to_related_parties,Due from/to related parties,350,330914.5,330914.5,-0.0,-0.0,tie,,,330914.5
NIGERIA,2026-05,SFP,ASSETS,Current Assets,office_cash,Cash - Office Cash,360,287148.42,287148.42,-0.0,-0.0,tie,,,287148.42
NIGERIA,2026-05,SFP,ASSETS,Current Assets,deposits,Cash - Deposits,380,0.0,0.0,0.0,,tie,,,0.0
NIGERIA,2026-05,SFP,ASSETS,Current Assets,placements,Cash - Placements,390,0.0,0.0,0.0,,tie,,,0.0
NIGERIA,2026-05,SFP,ASSETS,Current Assets,tax_recoverable,Tax recoverable,400,-6758396.03,-6758396.03,0.0,-0.0,tie,,,-6758396.03
NIGERIA,2026-05,SFP,EQUITY AND LIABILITIES,Equity,share_capital,Share capital,420,6605892.45,6605892.46,-0.01,-0.0,tie,,,-6605892.46
NIGERIA,2026-05,SFP,EQUITY AND LIABILITIES,Equity,translation_reserve,Translation reserve,430,0.0,11365.21,-11365.21,-100.0,DIFFERENCE,we show nothing,,-11365.21
NIGERIA,2026-05,SFP,EQUITY AND LIABILITIES,Equity,proposed_dividend,Proposed dividend,440,0.0,0.0,0.0,,tie,,,0.0
NIGERIA,2026-05,SFP,EQUITY AND LIABILITIES,Equity,retained_earnings,Retained earnings,450,8070553.99,8070553.99,-0.0,-0.0,tie,,,-8070553.99
NIGERIA,2026-05,SFP,EQUITY AND LIABILITIES,Equity,net_profit,Net Profit (derived),460,15390921.07,15390921.07,0.0,0.0,tie,,,-15390921.07
NIGERIA,2026-05,SFP,EQUITY AND LIABILITIES,Equity,non_controlling_interests,Non-controlling interests,470,0.0,0.0,0.0,,tie,,,0.0
NIGERIA,2026-05,SFP,EQUITY AND LIABILITIES,Current Liabilities,trade_and_other_payables,Trade and other payables,480,6666625.93,6666625.93,-0.0,-0.0,tie,,,-6666625.93
NIGERIA,2026-05,SFP,EQUITY AND LIABILITIES,Current Liabilities,premium_payable,Premium payable,500,0.0,0.0,0.0,,tie,,,0.0
NIGERIA,2026-05,SFP,EQUITY AND LIABILITIES,Current Liabilities,borrowings,Borrowings,510,0.0,0.0,0.0,,tie,,,0.0
NIGERIA,2026-06,SCI,INCOME,Revenue,actuarial_fees,Actuarial Fees,10,42861883.04,42861883.05,-0.01,-0.0,tie,,,-42861883.05
NIGERIA,2026-06,SCI,INCOME,Revenue,pension_admin_fee,Pension Admin Fee,20,0.0,0.0,0.0,,tie,,,0.0
NIGERIA,2026-06,SCI,INCOME,Revenue,insurance_commissions,Insurance Commissions,40,0.0,0.0,0.0,,tie,,,0.0
NIGERIA,2026-06,SCI,INCOME,Revenue,saas_income,SAAS (Software as a Service),50,0.0,0.0,0.0,,tie,,,0.0
NIGERIA,2026-06,SCI,INCOME,Other income,other_income,Other Income,70,322570.23,0.0,322570.23,,DIFFERENCE,client shows nothing,,0.0
NIGERIA,2026-06,SCI,EXPENSES,Operating expenses,personnel_costs,Personnel Costs,80,13165083.23,13165083.23,-0.0,-0.0,tie,,,13165083.23
NIGERIA,2026-06,SCI,EXPENSES,Operating expenses,travelling,Travelling,90,2462928.65,2462928.65,-0.0,-0.0,tie,,,2462928.65
NIGERIA,2026-06,SCI,EXPENSES,Operating expenses,entertainment,Entertainment,100,153352.65,153352.65,0.0,0.0,tie,,,153352.65
NIGERIA,2026-06,SCI,EXPENSES,Operating expenses,it_costs,IT Costs,110,79919.46,79919.46,0.0,0.0,tie,,,79919.46
NIGERIA,2026-06,SCI,EXPENSES,Operating expenses,communications,Communications,120,353074.99,353074.99,0.0,0.0,tie,,,353074.99
NIGERIA,2026-06,SCI,EXPENSES,Operating expenses,printing_stationery,Printing & Stationery,130,83834.4,83834.4,0.0,0.0,tie,,,83834.4
NIGERIA,2026-06,SCI,EXPENSES,Operating expenses,premises,Premises,140,1399388.66,1399388.66,0.0,0.0,tie,,,1399388.66
NIGERIA,2026-06,SCI,EXPENSES,Operating expenses,advertising_pr,Advertising & PR,150,753779.42,753779.42,-0.0,-0.0,tie,,,753779.42
NIGERIA,2026-06,SCI,EXPENSES,Operating expenses,insurance,Insurance,160,242159.87,242159.87,-0.0,-0.0,tie,,,242159.87
NIGERIA,2026-06,SCI,EXPENSES,Operating expenses,professional_fees,Professional Fees,170,1326382.56,1326382.56,-0.0,-0.0,tie,,,1326382.56
NIGERIA,2026-06,SCI,EXPENSES,Operating expenses,depreciation,Depreciation,180,536248.1,536248.1,0.0,0.0,tie,,,536248.1
NIGERIA,2026-06,SCI,EXPENSES,Operating expenses,motor_vehicle_expenses,Motor Vehicle Expenses,190,454788.44,454788.44,-0.0,-0.0,tie,,,454788.44
NIGERIA,2026-06,SCI,EXPENSES,Operating expenses,general_expenses,General Expenses,200,618330.67,618330.67,0.0,0.0,tie,,,618330.67
NIGERIA,2026-06,SCI,EXPENSES,Operating expenses,management_expense,Management Expense,210,2526998.39,2526998.39,0.0,0.0,tie,,,2526998.39
NIGERIA,2026-06,SCI,EXPENSES,Finance costs,finance_costs,Finance cost,220,0.0,0.0,0.0,,tie,,,0.0
NIGERIA,2026-06,SCI,EXPENSES,Taxation,taxation,Taxation,230,1959998.68,1959998.68,0.0,0.0,tie,,,1959998.68
NIGERIA,2026-06,SFP,ASSETS,Non-Current Assets,ppe,"Property, Plant and Equipment",240,3498885.3,3498885.3,0.0,0.0,tie,,,3498885.3
NIGERIA,2026-06,SFP,ASSETS,Non-Current Assets,computer_software,Intangible - computer software,250,0.0,0.0,0.0,,tie,,,0.0
NIGERIA,2026-06,SFP,ASSETS,Non-Current Assets,goodwill,Intangible - goodwill,260,0.0,0.0,0.0,,tie,,,0.0
NIGERIA,2026-06,SFP,ASSETS,Non-Current Assets,investment_in_associate,Investment in associate,270,0.0,0.0,0.0,,tie,,,0.0
NIGERIA,2026-06,SFP,ASSETS,Non-Current Assets,investment_unquoted_equity,Investment in unquoted equity securities,280,938332.77,938332.77,0.0,0.0,tie,,,938332.77
NIGERIA,2026-06,SFP,ASSETS,Non-Current Assets,deposit_for_investment_in_subsidiary,Deposit for investment in subsidiary,290,0.0,0.0,0.0,,tie,,,0.0
NIGERIA,2026-06,SFP,ASSETS,Non-Current Assets,deferred_tax,Deferred tax,310,570224.82,570224.82,0.0,0.0,tie,,,570224.82
NIGERIA,2026-06,SFP,ASSETS,Current Assets,trade_receivables,Trade Receivables (Debtors),320,27293489.06,27293489.07,-0.01,-0.0,tie,,,27293489.07
NIGERIA,2026-06,SFP,ASSETS,Current Assets,premium_receivables,Premium Receivables,330,0.0,0.0,0.0,,tie,,,0.0
NIGERIA,2026-06,SFP,ASSETS,Current Assets,other_receivables,Other Receivables,340,7649832.85,7649832.86,-0.01,-0.0,tie,,,7649832.86
NIGERIA,2026-06,SFP,ASSETS,Current Assets,due_from_to_related_parties,Due from/to related parties,350,-403765.46,-403765.46,0.0,-0.0,tie,,,-403765.46
NIGERIA,2026-06,SFP,ASSETS,Current Assets,office_cash,Cash - Office Cash,360,422751.47,422751.47,-0.0,-0.0,tie,,,422751.47
NIGERIA,2026-06,SFP,ASSETS,Current Assets,deposits,Cash - Deposits,380,0.0,0.0,0.0,,tie,,,0.0
NIGERIA,2026-06,SFP,ASSETS,Current Assets,placements,Cash - Placements,390,0.0,0.0,0.0,,tie,,,0.0
NIGERIA,2026-06,SFP,ASSETS,Current Assets,tax_recoverable,Tax recoverable,400,-1557722.87,-1557722.87,-0.0,0.0,tie,,,-1557722.87
NIGERIA,2026-06,SFP,EQUITY AND LIABILITIES,Equity,share_capital,Share capital,420,6568329.39,6568329.39,0.0,0.0,tie,,,-6568329.39
NIGERIA,2026-06,SFP,EQUITY AND LIABILITIES,Equity,translation_reserve,Translation reserve,430,0.0,-70493.74,70493.74,-100.0,DIFFERENCE,we show nothing,,70493.74
NIGERIA,2026-06,SFP,EQUITY AND LIABILITIES,Equity,proposed_dividend,Proposed dividend,440,0.0,0.0,0.0,,tie,,,0.0
NIGERIA,2026-06,SFP,EQUITY AND LIABILITIES,Equity,retained_earnings,Retained earnings,450,8031183.15,8031183.15,-0.0,-0.0,tie,,,-8031183.15
NIGERIA,2026-06,SFP,EQUITY AND LIABILITIES,Equity,net_profit,Net Profit (derived),460,17068185.09,17068185.09,-0.0,-0.0,tie,,,-17068185.09
NIGERIA,2026-06,SFP,EQUITY AND LIABILITIES,Equity,non_controlling_interests,Non-controlling interests,470,0.0,0.0,0.0,,tie,,,0.0
NIGERIA,2026-06,SFP,EQUITY AND LIABILITIES,Current Liabilities,trade_and_other_payables,Trade and other payables,480,6814824.06,6814824.06,-0.0,-0.0,tie,,,-6814824.06
NIGERIA,2026-06,SFP,EQUITY AND LIABILITIES,Current Liabilities,premium_payable,Premium payable,500,0.0,0.0,0.0,,tie,,,0.0
NIGERIA,2026-06,SFP,EQUITY AND LIABILITIES,Current Liabilities,borrowings,Borrowings,510,0.0,0.0,0.0,,tie,,,0.0
RWANDA,2026-02,SCI,INCOME,Revenue,actuarial_fees,Actuarial Fees,10,431776.16,431776.16,-0.0,-0.0,tie,,,-431776.16
RWANDA,2026-02,SCI,INCOME,Revenue,pension_admin_fee,Pension Admin Fee,20,157459.24,157459.24,-0.0,-0.0,tie,,,-157459.24
RWANDA,2026-02,SCI,INCOME,Revenue,insurance_commissions,Insurance Commissions,40,7700261.68,7700261.68,-0.0,-0.0,tie,,,-7700261.68
RWANDA,2026-02,SCI,INCOME,Revenue,saas_income,SAAS (Software as a Service),50,0.0,0.0,0.0,,tie,,,0.0
RWANDA,2026-02,SCI,INCOME,Other income,other_income,Other Income,70,296401.82,296401.82,0.0,0.0,tie,,,-296401.82
RWANDA,2026-02,SCI,EXPENSES,Operating expenses,personnel_costs,Personnel Costs,80,6071709.53,6071709.53,-0.0,-0.0,tie,,,6071709.53
RWANDA,2026-02,SCI,EXPENSES,Operating expenses,travelling,Travelling,90,453504.71,453504.71,0.0,0.0,tie,,,453504.71
RWANDA,2026-02,SCI,EXPENSES,Operating expenses,entertainment,Entertainment,100,15879.29,15879.29,-0.0,-0.0,tie,,,15879.29
RWANDA,2026-02,SCI,EXPENSES,Operating expenses,it_costs,IT Costs,110,97604.57,97604.57,-0.0,-0.0,tie,,,97604.57
RWANDA,2026-02,SCI,EXPENSES,Operating expenses,communications,Communications,120,206037.56,206037.56,0.0,0.0,tie,,,206037.56
RWANDA,2026-02,SCI,EXPENSES,Operating expenses,printing_stationery,Printing & Stationery,130,60337.37,60337.37,-0.0,-0.0,tie,,,60337.37
RWANDA,2026-02,SCI,EXPENSES,Operating expenses,premises,Premises,140,473590.13,473590.14,-0.01,-0.0,tie,,,473590.14
RWANDA,2026-02,SCI,EXPENSES,Operating expenses,advertising_pr,Advertising & PR,150,18197.57,18197.57,0.0,0.0,tie,,,18197.57
RWANDA,2026-02,SCI,EXPENSES,Operating expenses,insurance,Insurance,160,140091.83,140091.83,0.0,0.0,tie,,,140091.83
RWANDA,2026-02,SCI,EXPENSES,Operating expenses,professional_fees,Professional Fees,170,469335.99,469335.99,0.0,0.0,tie,,,469335.99
RWANDA,2026-02,SCI,EXPENSES,Operating expenses,depreciation,Depreciation,180,583334.05,583334.04,0.01,0.0,tie,,,583334.04
RWANDA,2026-02,SCI,EXPENSES,Operating expenses,motor_vehicle_expenses,Motor Vehicle Expenses,190,120514.4,120514.4,-0.0,-0.0,tie,,,120514.4
RWANDA,2026-02,SCI,EXPENSES,Operating expenses,general_expenses,General Expenses,200,218804.42,218804.41,0.01,0.0,tie,,,218804.41
RWANDA,2026-02,SCI,EXPENSES,Operating expenses,management_expense,Management Expense,210,0.0,0.0,0.0,,tie,,,0.0
RWANDA,2026-02,SCI,EXPENSES,Finance costs,finance_costs,Finance cost,220,0.0,0.0,0.0,,tie,,,0.0
RWANDA,2026-02,SCI,EXPENSES,Taxation,taxation,Taxation,230,0.0,0.0,0.0,,tie,,,0.0
RWANDA,2026-02,SFP,ASSETS,Non-Current Assets,ppe,"Property, Plant and Equipment",240,9292884.56,9292884.56,0.0,0.0,tie,,,9292884.56
RWANDA,2026-02,SFP,ASSETS,Non-Current Assets,computer_software,Intangible - computer software,250,3546023.9,3546023.9,0.0,0.0,tie,,,3546023.9
RWANDA,2026-02,SFP,ASSETS,Non-Current Assets,goodwill,Intangible - goodwill,260,0.0,0.0,0.0,,tie,,,0.0
RWANDA,2026-02,SFP,ASSETS,Non-Current Assets,investment_in_associate,Investment in associate,270,0.0,0.0,0.0,,tie,,,0.0
RWANDA,2026-02,SFP,ASSETS,Non-Current Assets,investment_unquoted_equity,Investment in unquoted equity securities,280,0.0,0.0,0.0,,tie,,,0.0
RWANDA,2026-02,SFP,ASSETS,Non-Current Assets,deposit_for_investment_in_subsidiary,Deposit for investment in subsidiary,290,0.0,0.0,0.0,,tie,,,0.0
RWANDA,2026-02,SFP,ASSETS,Non-Current Assets,deferred_tax,Deferred tax,310,-360174.76,-360174.76,0.0,-0.0,tie,,,-360174.76
RWANDA,2026-02,SFP,ASSETS,Current Assets,trade_receivables,Trade Receivables (Debtors),320,6873301.75,6873301.75,0.0,0.0,tie,,,6873301.75
RWANDA,2026-02,SFP,ASSETS,Current Assets,premium_receivables,Premium Receivables,330,0.0,0.0,0.0,,tie,,,0.0
RWANDA,2026-02,SFP,ASSETS,Current Assets,other_receivables,Other Receivables,340,2979231.97,2979231.97,-0.0,-0.0,tie,,,2979231.97
RWANDA,2026-02,SFP,ASSETS,Current Assets,due_from_to_related_parties,Due from/to related parties,350,-1363435.87,-1363435.87,0.0,-0.0,tie,,,-1363435.87
RWANDA,2026-02,SFP,ASSETS,Current Assets,office_cash,Cash - Office Cash,360,23564319.86,23564319.86,0.0,0.0,tie,,,23564319.86
RWANDA,2026-02,SFP,ASSETS,Current Assets,deposits,Cash - Deposits,380,13286093.85,13286093.85,0.0,0.0,tie,,,13286093.85
RWANDA,2026-02,SFP,ASSETS,Current Assets,placements,Cash - Placements,390,0.0,0.0,0.0,,tie,,,0.0
RWANDA,2026-02,SFP,ASSETS,Current Assets,tax_recoverable,Tax recoverable,400,-1004378.47,-1004378.47,-0.0,0.0,tie,,,-1004378.47
RWANDA,2026-02,SFP,EQUITY AND LIABILITIES,Equity,share_capital,Share capital,420,51307445.47,51307445.47,-0.0,-0.0,tie,,,-51307445.47
RWANDA,2026-02,SFP,EQUITY AND LIABILITIES,Equity,translation_reserve,Translation reserve,430,0.0,608.77,-608.77,-100.0,DIFFERENCE,we show nothing,,-608.77
RWANDA,2026-02,SFP,EQUITY AND LIABILITIES,Equity,proposed_dividend,Proposed dividend,440,0.0,0.0,0.0,,tie,,,0.0
RWANDA,2026-02,SFP,EQUITY AND LIABILITIES,Equity,retained_earnings,Retained earnings,450,1801609.03,1801609.03,-0.0,-0.0,tie,,,-1801609.03
RWANDA,2026-02,SFP,EQUITY AND LIABILITIES,Equity,net_profit,Net Profit (derived),460,-343042.52,-343042.52,0.0,-0.0,tie,,,343042.52
RWANDA,2026-02,SFP,EQUITY AND LIABILITIES,Equity,non_controlling_interests,Non-controlling interests,470,0.0,0.0,0.0,,tie,,,0.0
RWANDA,2026-02,SFP,EQUITY AND LIABILITIES,Current Liabilities,trade_and_other_payables,Trade and other payables,480,4047246.05,4047246.05,-0.0,-0.0,tie,,,-4047246.05
RWANDA,2026-02,SFP,EQUITY AND LIABILITIES,Current Liabilities,premium_payable,Premium payable,500,0.0,0.0,0.0,,tie,,,0.0
RWANDA,2026-02,SFP,EQUITY AND LIABILITIES,Current Liabilities,borrowings,Borrowings,510,0.0,0.0,0.0,,tie,,,0.0
RWANDA,2026-03,SCI,INCOME,Revenue,actuarial_fees,Actuarial Fees,10,1791542.61,1791542.61,-0.0,-0.0,tie,,,-1791542.61
RWANDA,2026-03,SCI,INCOME,Revenue,pension_admin_fee,Pension Admin Fee,20,217153.72,217153.72,-0.0,-0.0,tie,,,-217153.72
RWANDA,2026-03,SCI,INCOME,Revenue,insurance_commissions,Insurance Commissions,40,11794021.02,11794021.02,0.0,0.0,tie,,,-11794021.02
RWANDA,2026-03,SCI,INCOME,Revenue,saas_income,SAAS (Software as a Service),50,0.0,0.0,0.0,,tie,,,0.0
RWANDA,2026-03,SCI,INCOME,Other income,other_income,Other Income,70,381111.67,381111.67,0.0,0.0,tie,,,-381111.67
RWANDA,2026-03,SCI,EXPENSES,Operating expenses,personnel_costs,Personnel Costs,80,9367496.84,9367496.83,0.01,0.0,tie,,,9367496.83
RWANDA,2026-03,SCI,EXPENSES,Operating expenses,travelling,Travelling,90,706127.15,706127.15,0.0,0.0,tie,,,706127.15
RWANDA,2026-03,SCI,EXPENSES,Operating expenses,entertainment,Entertainment,100,36330.56,36330.56,0.0,0.0,tie,,,36330.56
RWANDA,2026-03,SCI,EXPENSES,Operating expenses,it_costs,IT Costs,110,97720.35,97720.35,-0.0,-0.0,tie,,,97720.35
RWANDA,2026-03,SCI,EXPENSES,Operating expenses,communications,Communications,120,307757.62,307757.63,-0.01,-0.0,tie,,,307757.63
RWANDA,2026-03,SCI,EXPENSES,Operating expenses,printing_stationery,Printing & Stationery,130,84131.36,84131.36,-0.0,-0.0,tie,,,84131.36
RWANDA,2026-03,SCI,EXPENSES,Operating expenses,premises,Premises,140,711227.89,711227.89,-0.0,-0.0,tie,,,711227.89
RWANDA,2026-03,SCI,EXPENSES,Operating expenses,advertising_pr,Advertising & PR,150,73754.61,73754.61,0.0,0.0,tie,,,73754.61
RWANDA,2026-03,SCI,EXPENSES,Operating expenses,insurance,Insurance,160,140258.02,140258.02,-0.0,-0.0,tie,,,140258.02
RWANDA,2026-03,SCI,EXPENSES,Operating expenses,professional_fees,Professional Fees,170,469892.74,469892.74,0.0,0.0,tie,,,469892.74
RWANDA,2026-03,SCI,EXPENSES,Operating expenses,depreciation,Depreciation,180,885367.06,885367.06,0.0,0.0,tie,,,885367.06
RWANDA,2026-03,SCI,EXPENSES,Operating expenses,motor_vehicle_expenses,Motor Vehicle Expenses,190,179379.91,179379.92,-0.01,-0.0,tie,,,179379.92
RWANDA,2026-03,SCI,EXPENSES,Operating expenses,general_expenses,General Expenses,200,1027337.67,1027337.67,0.0,0.0,tie,,,1027337.67
RWANDA,2026-03,SCI,EXPENSES,Operating expenses,management_expense,Management Expense,210,0.0,0.0,0.0,,tie,,,0.0
RWANDA,2026-03,SCI,EXPENSES,Finance costs,finance_costs,Finance cost,220,0.0,0.0,0.0,,tie,,,0.0
RWANDA,2026-03,SCI,EXPENSES,Taxation,taxation,Taxation,230,27173.22,27173.22,0.0,0.0,tie,,,27173.22
RWANDA,2026-03,SFP,ASSETS,Non-Current Assets,ppe,"Property, Plant and Equipment",240,9074111.62,9074111.62,-0.0,-0.0,tie,,,9074111.62
RWANDA,2026-03,SFP,ASSETS,Non-Current Assets,computer_software,Intangible - computer software,250,3531337.92,3531337.92,0.0,0.0,tie,,,3531337.92
RWANDA,2026-03,SFP,ASSETS,Non-Current Assets,goodwill,Intangible - goodwill,260,0.0,0.0,0.0,,tie,,,0.0
RWANDA,2026-03,SFP,ASSETS,Non-Current Assets,investment_in_associate,Investment in associate,270,0.0,0.0,0.0,,tie,,,0.0
RWANDA,2026-03,SFP,ASSETS,Non-Current Assets,investment_unquoted_equity,Investment in unquoted equity securities,280,0.0,0.0,0.0,,tie,,,0.0
RWANDA,2026-03,SFP,ASSETS,Non-Current Assets,deposit_for_investment_in_subsidiary,Deposit for investment in subsidiary,290,0.0,0.0,0.0,,tie,,,0.0
RWANDA,2026-03,SFP,ASSETS,Non-Current Assets,deferred_tax,Deferred tax,310,-669852.89,-669852.89,-0.0,0.0,tie,,,-669852.89
RWANDA,2026-03,SFP,ASSETS,Current Assets,trade_receivables,Trade Receivables (Debtors),320,8830020.49,8830020.49,-0.0,-0.0,tie,,,8830020.49
RWANDA,2026-03,SFP,ASSETS,Current Assets,premium_receivables,Premium Receivables,330,0.0,0.0,0.0,,tie,,,0.0
RWANDA,2026-03,SFP,ASSETS,Current Assets,other_receivables,Other Receivables,340,2341678.36,2341678.36,0.0,0.0,tie,,,2341678.36
RWANDA,2026-03,SFP,ASSETS,Current Assets,due_from_to_related_parties,Due from/to related parties,350,-1370720.48,-1370720.48,-0.0,0.0,tie,,,-1370720.48
RWANDA,2026-03,SFP,ASSETS,Current Assets,office_cash,Cash - Office Cash,360,11331731.83,11331731.83,0.0,0.0,tie,,,11331731.83
RWANDA,2026-03,SFP,ASSETS,Current Assets,deposits,Cash - Deposits,380,22261798.75,22261798.75,0.0,0.0,tie,,,22261798.75
RWANDA,2026-03,SFP,ASSETS,Current Assets,placements,Cash - Placements,390,0.0,0.0,0.0,,tie,,,0.0
RWANDA,2026-03,SFP,ASSETS,Current Assets,tax_recoverable,Tax recoverable,400,-27173.22,-27092.86,-80.36,0.3,DIFFERENCE,rounding / FX,,-27092.86
RWANDA,2026-03,SFP,EQUITY AND LIABILITIES,Equity,share_capital,Share capital,420,51581572.65,51581572.66,-0.01,-0.0,tie,,,-51581572.66
RWANDA,2026-03,SFP,EQUITY AND LIABILITIES,Equity,translation_reserve,Translation reserve,430,0.0,310.04,-310.04,-100.0,DIFFERENCE,we show nothing,,-310.04
RWANDA,2026-03,SFP,EQUITY AND LIABILITIES,Equity,proposed_dividend,Proposed dividend,440,0.0,0.0,0.0,,tie,,,0.0
RWANDA,2026-03,SFP,EQUITY AND LIABILITIES,Equity,retained_earnings,Retained earnings,450,-503855.91,-503855.91,-0.0,0.0,tie,,,503855.91
RWANDA,2026-03,SFP,EQUITY AND LIABILITIES,Equity,net_profit,Net Profit (derived),460,69874.0,69874.0,-0.0,-0.0,tie,,,-69874.0
RWANDA,2026-03,SFP,EQUITY AND LIABILITIES,Equity,non_controlling_interests,Non-controlling interests,470,0.0,0.0,0.0,,tie,,,0.0
RWANDA,2026-03,SFP,EQUITY AND LIABILITIES,Current Liabilities,trade_and_other_payables,Trade and other payables,480,4155111.65,4155111.95,-0.3,-0.0,tie,,,-4155111.95
RWANDA,2026-03,SFP,EQUITY AND LIABILITIES,Current Liabilities,premium_payable,Premium payable,500,0.0,0.0,0.0,,tie,,,0.0
RWANDA,2026-03,SFP,EQUITY AND LIABILITIES,Current Liabilities,borrowings,Borrowings,510,0.0,0.0,0.0,,tie,,,0.0
RWANDA,2026-04,SCI,INCOME,Revenue,actuarial_fees,Actuarial Fees,10,4284941.32,4284941.32,0.0,0.0,tie,,,-4284941.32
RWANDA,2026-04,SCI,INCOME,Revenue,pension_admin_fee,Pension Admin Fee,20,279953.45,279953.45,-0.0,-0.0,tie,,,-279953.45
RWANDA,2026-04,SCI,INCOME,Revenue,insurance_commissions,Insurance Commissions,40,15829814.83,15829814.82,0.01,0.0,tie,,,-15829814.82
RWANDA,2026-04,SCI,INCOME,Revenue,saas_income,SAAS (Software as a Service),50,0.0,0.0,0.0,,tie,,,0.0
RWANDA,2026-04,SCI,INCOME,Other income,other_income,Other Income,70,462100.86,462100.86,-0.0,-0.0,tie,,,-462100.86
RWANDA,2026-04,SCI,EXPENSES,Operating expenses,personnel_costs,Personnel Costs,80,12613409.75,12613409.74,0.01,0.0,tie,,,12613409.74
RWANDA,2026-04,SCI,EXPENSES,Operating expenses,travelling,Travelling,90,1713498.0,1713498.0,-0.0,-0.0,tie,,,1713498.0
RWANDA,2026-04,SCI,EXPENSES,Operating expenses,entertainment,Entertainment,100,236483.79,236483.79,0.0,0.0,tie,,,236483.79
RWANDA,2026-04,SCI,EXPENSES,Operating expenses,it_costs,IT Costs,110,97583.55,97583.55,-0.0,-0.0,tie,,,97583.55
RWANDA,2026-04,SCI,EXPENSES,Operating expenses,communications,Communications,120,402805.37,402805.37,-0.0,-0.0,tie,,,402805.37
RWANDA,2026-04,SCI,EXPENSES,Operating expenses,printing_stationery,Printing & Stationery,130,102808.61,102808.61,0.0,0.0,tie,,,102808.61
RWANDA,2026-04,SCI,EXPENSES,Operating expenses,premises,Premises,140,946976.3,946976.3,-0.0,-0.0,tie,,,946976.3
RWANDA,2026-04,SCI,EXPENSES,Operating expenses,advertising_pr,Advertising & PR,150,100956.75,100956.75,-0.0,-0.0,tie,,,100956.75
RWANDA,2026-04,SCI,EXPENSES,Operating expenses,insurance,Insurance,160,200330.6,200330.6,-0.0,-0.0,tie,,,200330.6
RWANDA,2026-04,SCI,EXPENSES,Operating expenses,professional_fees,Professional Fees,170,469234.93,469234.93,-0.0,-0.0,tie,,,469234.93
RWANDA,2026-04,SCI,EXPENSES,Operating expenses,depreciation,Depreciation,180,1184987.36,1184987.36,0.0,0.0,tie,,,1184987.36
RWANDA,2026-04,SCI,EXPENSES,Operating expenses,motor_vehicle_expenses,Motor Vehicle Expenses,190,236988.74,236988.74,0.0,0.0,tie,,,236988.74
RWANDA,2026-04,SCI,EXPENSES,Operating expenses,general_expenses,General Expenses,200,1032493.46,1032493.47,-0.01,-0.0,tie,,,1032493.47
RWANDA,2026-04,SCI,EXPENSES,Operating expenses,management_expense,Management Expense,210,0.0,0.0,0.0,,tie,,,0.0
RWANDA,2026-04,SCI,EXPENSES,Finance costs,finance_costs,Finance cost,220,0.0,0.0,0.0,,tie,,,0.0
RWANDA,2026-04,SCI,EXPENSES,Taxation,taxation,Taxation,230,455475.97,455475.97,0.0,0.0,tie,,,455475.97
RWANDA,2026-04,SFP,ASSETS,Non-Current Assets,ppe,"Property, Plant and Equipment",240,8735737.59,8735737.59,-0.0,-0.0,tie,,,8735737.59
RWANDA,2026-04,SFP,ASSETS,Non-Current Assets,computer_software,Intangible - computer software,250,3469897.51,3469897.51,0.0,0.0,tie,,,3469897.51
RWANDA,2026-04,SFP,ASSETS,Non-Current Assets,goodwill,Intangible - goodwill,260,0.0,0.0,0.0,,tie,,,0.0
RWANDA,2026-04,SFP,ASSETS,Non-Current Assets,investment_in_associate,Investment in associate,270,0.0,0.0,0.0,,tie,,,0.0
RWANDA,2026-04,SFP,ASSETS,Non-Current Assets,investment_unquoted_equity,Investment in unquoted equity securities,280,0.0,0.0,0.0,,tie,,,0.0
RWANDA,2026-04,SFP,ASSETS,Non-Current Assets,deposit_for_investment_in_subsidiary,Deposit for investment in subsidiary,290,0.0,0.0,0.0,,tie,,,0.0
RWANDA,2026-04,SFP,ASSETS,Non-Current Assets,deferred_tax,Deferred tax,310,-664527.21,-664527.21,0.0,-0.0,tie,,,-664527.21
RWANDA,2026-04,SFP,ASSETS,Current Assets,trade_receivables,Trade Receivables (Debtors),320,7910359.02,7910359.02,-0.0,-0.0,tie,,,7910359.02
RWANDA,2026-04,SFP,ASSETS,Current Assets,premium_receivables,Premium Receivables,330,0.0,0.0,0.0,,tie,,,0.0
RWANDA,2026-04,SFP,ASSETS,Current Assets,other_receivables,Other Receivables,340,1587323.5,1587323.5,-0.0,-0.0,tie,,,1587323.5
RWANDA,2026-04,SFP,ASSETS,Current Assets,due_from_to_related_parties,Due from/to related parties,350,-1359822.53,-1359822.53,0.0,-0.0,tie,,,-1359822.53
RWANDA,2026-04,SFP,ASSETS,Current Assets,office_cash,Cash - Office Cash,360,14807518.68,14807518.68,0.0,0.0,tie,,,14807518.68
RWANDA,2026-04,SFP,ASSETS,Current Assets,deposits,Cash - Deposits,380,22084805.65,22084805.65,0.0,0.0,tie,,,22084805.65
RWANDA,2026-04,SFP,ASSETS,Current Assets,placements,Cash - Placements,390,0.0,0.0,0.0,,tie,,,0.0
RWANDA,2026-04,SFP,ASSETS,Current Assets,tax_recoverable,Tax recoverable,400,-455475.97,-453560.4,-1915.57,0.42,DIFFERENCE,rounding / FX,,-453560.4
RWANDA,2026-04,SFP,EQUITY AND LIABILITIES,Equity,share_capital,Share capital,420,51171471.81,51171471.82,-0.01,-0.0,tie,,,-51171471.82
RWANDA,2026-04,SFP,EQUITY AND LIABILITIES,Equity,translation_reserve,Translation reserve,430,0.0,-4470.0,4470.0,-100.0,DIFFERENCE,we show nothing,,4470.0
RWANDA,2026-04,SFP,EQUITY AND LIABILITIES,Equity,proposed_dividend,Proposed dividend,440,0.0,0.0,0.0,,tie,,,0.0
RWANDA,2026-04,SFP,EQUITY AND LIABILITIES,Equity,retained_earnings,Retained earnings,450,-499849.99,-499849.99,-0.0,0.0,tie,,,499849.99
RWANDA,2026-04,SFP,EQUITY AND LIABILITIES,Equity,net_profit,Net Profit (derived),460,1062777.27,1062777.27,0.0,0.0,tie,,,-1062777.27
RWANDA,2026-04,SFP,EQUITY AND LIABILITIES,Equity,non_controlling_interests,Non-controlling interests,470,0.0,0.0,0.0,,tie,,,0.0
RWANDA,2026-04,SFP,EQUITY AND LIABILITIES,Current Liabilities,trade_and_other_payables,Trade and other payables,480,4387802.42,4387802.73,-0.31,-0.0,tie,,,-4387802.73
RWANDA,2026-04,SFP,EQUITY AND LIABILITIES,Current Liabilities,premium_payable,Premium payable,500,0.0,0.0,0.0,,tie,,,0.0
RWANDA,2026-04,SFP,EQUITY AND LIABILITIES,Current Liabilities,borrowings,Borrowings,510,0.0,0.0,0.0,,tie,,,0.0
RWANDA,2026-05,SCI,INCOME,Revenue,actuarial_fees,Actuarial Fees,10,4283604.75,4283604.75,0.0,0.0,tie,,,-4283604.75
RWANDA,2026-05,SCI,INCOME,Revenue,pension_admin_fee,Pension Admin Fee,20,345293.93,345293.93,0.0,0.0,tie,,,-345293.93
RWANDA,2026-05,SCI,INCOME,Revenue,insurance_commissions,Insurance Commissions,40,20846563.49,20846563.48,0.01,0.0,tie,,,-20846563.48
RWANDA,2026-05,SCI,INCOME,Revenue,saas_income,SAAS (Software as a Service),50,0.0,0.0,0.0,,tie,,,0.0
RWANDA,2026-05,SCI,INCOME,Other income,other_income,Other Income,70,546170.59,546170.59,0.0,0.0,tie,,,-546170.59
RWANDA,2026-05,SCI,EXPENSES,Operating expenses,personnel_costs,Personnel Costs,80,15867219.68,15867219.65,0.03,0.0,tie,,,15867219.65
RWANDA,2026-05,SCI,EXPENSES,Operating expenses,travelling,Travelling,90,1716954.33,1716954.33,-0.0,-0.0,tie,,,1716954.33
RWANDA,2026-05,SCI,EXPENSES,Operating expenses,entertainment,Entertainment,100,245702.41,245702.41,-0.0,-0.0,tie,,,245702.41
RWANDA,2026-05,SCI,EXPENSES,Operating expenses,it_costs,IT Costs,110,97553.11,97553.11,-0.0,-0.0,tie,,,97553.11
RWANDA,2026-05,SCI,EXPENSES,Operating expenses,communications,Communications,120,498128.53,498128.52,0.01,0.0,tie,,,498128.52
RWANDA,2026-05,SCI,EXPENSES,Operating expenses,printing_stationery,Printing & Stationery,130,102776.55,102776.55,-0.0,-0.0,tie,,,102776.55
RWANDA,2026-05,SCI,EXPENSES,Operating expenses,premises,Premises,140,1207297.51,1207297.51,-0.0,-0.0,tie,,,1207297.51
RWANDA,2026-05,SCI,EXPENSES,Operating expenses,advertising_pr,Advertising & PR,150,100925.25,100925.25,0.0,0.0,tie,,,100925.25
RWANDA,2026-05,SCI,EXPENSES,Operating expenses,insurance,Insurance,160,200268.11,200268.11,-0.0,-0.0,tie,,,200268.11
RWANDA,2026-05,SCI,EXPENSES,Operating expenses,professional_fees,Professional Fees,170,469088.56,469088.56,0.0,0.0,tie,,,469088.56
RWANDA,2026-05,SCI,EXPENSES,Operating expenses,depreciation,Depreciation,180,1485383.64,1485383.65,-0.01,-0.0,tie,,,1485383.65
RWANDA,2026-05,SCI,EXPENSES,Operating expenses,motor_vehicle_expenses,Motor Vehicle Expenses,190,293920.69,293920.69,0.0,0.0,tie,,,293920.69
RWANDA,2026-05,SCI,EXPENSES,Operating expenses,general_expenses,General Expenses,200,1040832.53,1040832.52,0.01,0.0,tie,,,1040832.52
RWANDA,2026-05,SCI,EXPENSES,Operating expenses,management_expense,Management Expense,210,0.0,0.0,0.0,,tie,,,0.0
RWANDA,2026-05,SCI,EXPENSES,Finance costs,finance_costs,Finance cost,220,0.0,0.0,0.0,,tie,,,0.0
RWANDA,2026-05,SCI,EXPENSES,Taxation,taxation,Taxation,230,808674.57,808674.57,-0.0,-0.0,tie,,,808674.57
RWANDA,2026-05,SFP,ASSETS,Non-Current Assets,ppe,"Property, Plant and Equipment",240,8492012.89,8492012.89,0.0,0.0,tie,,,8492012.89
RWANDA,2026-05,SFP,ASSETS,Non-Current Assets,computer_software,Intangible - computer software,250,3445664.74,3445664.73,0.01,0.0,tie,,,3445664.73
RWANDA,2026-05,SFP,ASSETS,Non-Current Assets,goodwill,Intangible - goodwill,260,0.0,0.0,0.0,,tie,,,0.0
RWANDA,2026-05,SFP,ASSETS,Non-Current Assets,investment_in_associate,Investment in associate,270,0.0,0.0,0.0,,tie,,,0.0
RWANDA,2026-05,SFP,ASSETS,Non-Current Assets,investment_unquoted_equity,Investment in unquoted equity securities,280,0.0,0.0,0.0,,tie,,,0.0
RWANDA,2026-05,SFP,ASSETS,Non-Current Assets,deposit_for_investment_in_subsidiary,Deposit for investment in subsidiary,290,0.0,0.0,0.0,,tie,,,0.0
RWANDA,2026-05,SFP,ASSETS,Non-Current Assets,deferred_tax,Deferred tax,310,-666293.0,-666293.0,-0.0,0.0,tie,,,-666293.0
RWANDA,2026-05,SFP,ASSETS,Current Assets,trade_receivables,Trade Receivables (Debtors),320,6991030.57,6991030.57,0.0,0.0,tie,,,6991030.57
RWANDA,2026-05,SFP,ASSETS,Current Assets,premium_receivables,Premium Receivables,330,0.0,0.0,0.0,,tie,,,0.0
RWANDA,2026-05,SFP,ASSETS,Current Assets,other_receivables,Other Receivables,340,764708.59,764708.59,0.0,0.0,tie,,,764708.59
RWANDA,2026-05,SFP,ASSETS,Current Assets,due_from_to_related_parties,Due from/to related parties,350,-1363435.87,-1363435.87,-0.0,0.0,tie,,,-1363435.87
RWANDA,2026-05,SFP,ASSETS,Current Assets,office_cash,Cash - Office Cash,360,18082370.56,18082370.55,0.01,0.0,tie,,,18082370.55
RWANDA,2026-05,SFP,ASSETS,Current Assets,deposits,Cash - Deposits,380,22143489.83,22143489.81,0.02,0.0,tie,,,22143489.81
RWANDA,2026-05,SFP,ASSETS,Current Assets,placements,Cash - Placements,390,0.0,0.0,0.0,,tie,,,0.0
RWANDA,2026-05,SFP,ASSETS,Current Assets,tax_recoverable,Tax recoverable,400,-808674.57,-807665.27,-1009.3,0.12,DIFFERENCE,rounding / FX,,-807665.27
RWANDA,2026-05,SFP,EQUITY AND LIABILITIES,Equity,share_capital,Share capital,420,51307445.64,51307445.62,0.02,0.0,tie,,,-51307445.62
RWANDA,2026-05,SFP,EQUITY AND LIABILITIES,Equity,translation_reserve,Translation reserve,430,0.0,-2354.95,2354.95,-100.0,DIFFERENCE,we show nothing,,2354.95
RWANDA,2026-05,SFP,EQUITY AND LIABILITIES,Equity,proposed_dividend,Proposed dividend,440,0.0,0.0,0.0,,tie,,,0.0
RWANDA,2026-05,SFP,EQUITY AND LIABILITIES,Equity,retained_earnings,Retained earnings,450,-501178.2,-501178.2,-0.0,0.0,tie,,,501178.2
RWANDA,2026-05,SFP,EQUITY AND LIABILITIES,Equity,net_profit,Net Profit (derived),460,1886907.32,1886907.32,-0.0,-0.0,tie,,,-1886907.32
RWANDA,2026-05,SFP,EQUITY AND LIABILITIES,Equity,non_controlling_interests,Non-controlling interests,470,0.0,0.0,0.0,,tie,,,0.0
RWANDA,2026-05,SFP,EQUITY AND LIABILITIES,Current Liabilities,trade_and_other_payables,Trade and other payables,480,4391063.21,4391063.21,0.0,0.0,tie,,,-4391063.21
RWANDA,2026-05,SFP,EQUITY AND LIABILITIES,Current Liabilities,premium_payable,Premium payable,500,0.0,0.0,0.0,,tie,,,0.0
RWANDA,2026-05,SFP,EQUITY AND LIABILITIES,Current Liabilities,borrowings,Borrowings,510,0.0,0.0,0.0,,tie,,,0.0
RWANDA,2026-06,SCI,INCOME,Revenue,actuarial_fees,Actuarial Fees,10,7211729.46,7211729.47,-0.01,-0.0,tie,,,-7211729.47
RWANDA,2026-06,SCI,INCOME,Revenue,pension_admin_fee,Pension Admin Fee,20,412650.12,412650.12,0.0,0.0,tie,,,-412650.12
RWANDA,2026-06,SCI,INCOME,Revenue,insurance_commissions,Insurance Commissions,40,27911554.54,27911554.55,-0.01,-0.0,tie,,,-27911554.55
RWANDA,2026-06,SCI,INCOME,Revenue,saas_income,SAAS (Software as a Service),50,0.0,0.0,0.0,,tie,,,0.0
RWANDA,2026-06,SCI,INCOME,Other income,other_income,Other Income,70,811214.71,811214.71,0.0,0.0,tie,,,-811214.71
RWANDA,2026-06,SCI,EXPENSES,Operating expenses,personnel_costs,Personnel Costs,80,19086604.25,19086604.25,-0.0,-0.0,tie,,,19086604.25
RWANDA,2026-06,SCI,EXPENSES,Operating expenses,travelling,Travelling,90,1861791.89,1861791.89,0.0,0.0,tie,,,1861791.89
RWANDA,2026-06,SCI,EXPENSES,Operating expenses,entertainment,Entertainment,100,290528.36,290528.36,0.0,0.0,tie,,,290528.36
RWANDA,2026-06,SCI,EXPENSES,Operating expenses,it_costs,IT Costs,110,141824.15,141824.15,-0.0,-0.0,tie,,,141824.15
RWANDA,2026-06,SCI,EXPENSES,Operating expenses,communications,Communications,120,603848.22,603848.22,-0.0,-0.0,tie,,,603848.22
RWANDA,2026-06,SCI,EXPENSES,Operating expenses,printing_stationery,Printing & Stationery,130,163375.75,163375.75,-0.0,-0.0,tie,,,163375.75
RWANDA,2026-06,SCI,EXPENSES,Operating expenses,premises,Premises,140,1458988.71,1458988.71,-0.0,-0.0,tie,,,1458988.71
RWANDA,2026-06,SCI,EXPENSES,Operating expenses,advertising_pr,Advertising & PR,150,110727.16,110727.16,0.0,0.0,tie,,,110727.16
RWANDA,2026-06,SCI,EXPENSES,Operating expenses,insurance,Insurance,160,229861.93,229861.93,0.0,0.0,tie,,,229861.93
RWANDA,2026-06,SCI,EXPENSES,Operating expenses,professional_fees,Professional Fees,170,833492.54,833492.54,-0.0,-0.0,tie,,,833492.54
RWANDA,2026-06,SCI,EXPENSES,Operating expenses,depreciation,Depreciation,180,1785252.41,1785252.41,0.0,0.0,tie,,,1785252.41
RWANDA,2026-06,SCI,EXPENSES,Operating expenses,motor_vehicle_expenses,Motor Vehicle Expenses,190,369372.57,369372.57,0.0,0.0,tie,,,369372.57
RWANDA,2026-06,SCI,EXPENSES,Operating expenses,general_expenses,General Expenses,200,1099398.28,1099398.29,-0.01,-0.0,tie,,,1099398.29
RWANDA,2026-06,SCI,EXPENSES,Operating expenses,management_expense,Management Expense,210,0.0,0.0,0.0,,tie,,,0.0
RWANDA,2026-06,SCI,EXPENSES,Finance costs,finance_costs,Finance cost,220,0.0,0.0,0.0,,tie,,,0.0
RWANDA,2026-06,SCI,EXPENSES,Taxation,taxation,Taxation,230,2493624.78,2487358.02,6266.76,0.25,DIFFERENCE,rounding / FX,,2487358.02
RWANDA,2026-06,SFP,ASSETS,Non-Current Assets,ppe,"Property, Plant and Equipment",240,8210530.46,8210530.46,0.0,0.0,tie,,,8210530.46
RWANDA,2026-06,SFP,ASSETS,Non-Current Assets,computer_software,Intangible - computer software,250,3406177.71,3406177.71,-0.0,-0.0,tie,,,3406177.71
RWANDA,2026-06,SFP,ASSETS,Non-Current Assets,goodwill,Intangible - goodwill,260,0.0,0.0,0.0,,tie,,,0.0
RWANDA,2026-06,SFP,ASSETS,Non-Current Assets,investment_in_associate,Investment in associate,270,0.0,0.0,0.0,,tie,,,0.0
RWANDA,2026-06,SFP,ASSETS,Non-Current Assets,investment_unquoted_equity,Investment in unquoted equity securities,280,0.0,0.0,0.0,,tie,,,0.0
RWANDA,2026-06,SFP,ASSETS,Non-Current Assets,deposit_for_investment_in_subsidiary,Deposit for investment in subsidiary,290,0.0,0.0,0.0,,tie,,,0.0
RWANDA,2026-06,SFP,ASSETS,Non-Current Assets,deferred_tax,Deferred tax,310,-665114.77,-665114.77,0.0,-0.0,tie,,,-665114.77
RWANDA,2026-06,SFP,ASSETS,Current Assets,trade_receivables,Trade Receivables (Debtors),320,10695688.6,10695688.6,0.0,0.0,tie,,,10695688.6
RWANDA,2026-06,SFP,ASSETS,Current Assets,premium_receivables,Premium Receivables,330,0.0,0.0,0.0,,tie,,,0.0
RWANDA,2026-06,SFP,ASSETS,Current Assets,other_receivables,Other Receivables,340,3413507.25,3413507.25,0.0,0.0,tie,,,3413507.25
RWANDA,2026-06,SFP,ASSETS,Current Assets,due_from_to_related_parties,Due from/to related parties,350,-1361024.85,-1361024.85,0.0,-0.0,tie,,,-1361024.85
RWANDA,2026-06,SFP,ASSETS,Current Assets,office_cash,Cash - Office Cash,360,17537812.95,17537812.95,0.0,0.0,tie,,,17537812.95
RWANDA,2026-06,SFP,ASSETS,Current Assets,deposits,Cash - Deposits,380,22104332.45,22104332.45,0.0,0.0,tie,,,22104332.45
RWANDA,2026-06,SFP,ASSETS,Current Assets,placements,Cash - Placements,390,0.0,0.0,0.0,,tie,,,0.0
RWANDA,2026-06,SFP,ASSETS,Current Assets,tax_recoverable,Tax recoverable,400,-2493624.78,-2487358.02,-6266.76,0.25,DIFFERENCE,rounding / FX,,-2487358.02
RWANDA,2026-06,SFP,EQUITY AND LIABILITIES,Equity,share_capital,Share capital,420,51216716.27,51216716.27,0.0,0.0,tie,,,-51216716.27
RWANDA,2026-06,SFP,EQUITY AND LIABILITIES,Equity,translation_reserve,Translation reserve,430,0.0,-20889.23,20889.23,-100.0,DIFFERENCE,we show nothing,,20889.23
RWANDA,2026-06,SFP,EQUITY AND LIABILITIES,Equity,proposed_dividend,Proposed dividend,440,0.0,0.0,0.0,,tie,,,0.0
RWANDA,2026-06,SFP,EQUITY AND LIABILITIES,Equity,retained_earnings,Retained earnings,450,-500291.95,-500291.95,0.0,-0.0,tie,,,500291.95
RWANDA,2026-06,SFP,EQUITY AND LIABILITIES,Equity,net_profit,Net Profit (derived),460,5818457.83,5824724.6,-6266.77,-0.11,DIFFERENCE,rounding / FX,,-5824724.6
RWANDA,2026-06,SFP,EQUITY AND LIABILITIES,Equity,non_controlling_interests,Non-controlling interests,470,0.0,0.0,0.0,,tie,,,0.0
RWANDA,2026-06,SFP,EQUITY AND LIABILITIES,Current Liabilities,trade_and_other_payables,Trade and other payables,480,4334292.1,4334292.1,-0.0,-0.0,tie,,,-4334292.1
RWANDA,2026-06,SFP,EQUITY AND LIABILITIES,Current Liabilities,premium_payable,Premium payable,500,0.0,0.0,0.0,,tie,,,0.0
RWANDA,2026-06,SFP,EQUITY AND LIABILITIES,Current Liabilities,borrowings,Borrowings,510,0.0,0.0,0.0,,tie,,,0.0
ZAAC,2026-02,SCI,INCOME,Revenue,actuarial_fees,Actuarial Fees,10,68449055.62,68449055.62,0.0,0.0,tie,,,-68449055.62
ZAAC,2026-02,SCI,INCOME,Revenue,pension_admin_fee,Pension Admin Fee,20,77041761.17,77041761.17,0.0,0.0,tie,,,-77041761.17
ZAAC,2026-02,SCI,INCOME,Revenue,umbrella_fund,Umbrella Fund,30,43860042.0,43860042.0,0.0,0.0,tie,,,-43860042.0
ZAAC,2026-02,SCI,INCOME,Revenue,insurance_commissions,Insurance Commissions,40,0.0,0.0,0.0,,tie,,,0.0
ZAAC,2026-02,SCI,INCOME,Revenue,saas_income,SAAS (Software as a Service),50,5103347.0,5103347.0,0.0,0.0,tie,,,-5103347.0
ZAAC,2026-02,SCI,INCOME,Revenue,retail_income,Retail,60,19138509.5,19138509.5,0.0,0.0,tie,,,-19138509.5
ZAAC,2026-02,SCI,INCOME,Other income,other_income,Other Income,70,4765612.0,4765612.0,0.0,0.0,tie,,,-4765612.0
ZAAC,2026-02,SCI,EXPENSES,Operating expenses,personnel_costs,Personnel Costs,80,109409173.55,109409173.55,0.0,0.0,tie,,,109409173.55
ZAAC,2026-02,SCI,EXPENSES,Operating expenses,travelling,Travelling,90,2540883.33,2540883.33,0.0,0.0,tie,,,2540883.33
ZAAC,2026-02,SCI,EXPENSES,Operating expenses,entertainment,Entertainment,100,778142.6,778142.6,0.0,0.0,tie,,,778142.6
ZAAC,2026-02,SCI,EXPENSES,Operating expenses,it_costs,IT Costs,110,3572802.87,3572802.87,0.0,0.0,tie,,,3572802.87
ZAAC,2026-02,SCI,EXPENSES,Operating expenses,communications,Communications,120,448110.24,448110.24,0.0,0.0,tie,,,448110.24
ZAAC,2026-02,SCI,EXPENSES,Operating expenses,printing_stationery,Printing & Stationery,130,570018.91,570018.91,0.0,0.0,tie,,,570018.91
ZAAC,2026-02,SCI,EXPENSES,Operating expenses,premises,Premises,140,6690008.03,6690008.03,0.0,0.0,tie,,,6690008.03
ZAAC,2026-02,SCI,EXPENSES,Operating expenses,advertising_pr,Advertising & PR,150,2723347.14,2723347.14,0.0,0.0,tie,,,2723347.14
ZAAC,2026-02,SCI,EXPENSES,Operating expenses,insurance,Insurance,160,2743236.43,2743356.43,-120.0,-0.0,DIFFERENCE,rounding / FX,,2743356.43
ZAAC,2026-02,SCI,EXPENSES,Operating expenses,professional_fees,Professional Fees,170,5760450.79,5760450.79,0.0,0.0,tie,,,5760450.79
ZAAC,2026-02,SCI,EXPENSES,Operating expenses,depreciation,Depreciation,180,6831361.25,6831361.25,0.0,0.0,tie,,,6831361.25
ZAAC,2026-02,SCI,EXPENSES,Operating expenses,motor_vehicle_expenses,Motor Vehicle Expenses,190,1298409.4,1298409.4,0.0,0.0,tie,,,1298409.4
ZAAC,2026-02,SCI,EXPENSES,Operating expenses,general_expenses,General Expenses,200,1850845.08,1850845.08,0.0,0.0,tie,,,1850845.08
ZAAC,2026-02,SCI,EXPENSES,Operating expenses,management_expense,Management Expense,210,0.0,0.0,0.0,,tie,,,0.0
ZAAC,2026-02,SCI,EXPENSES,Finance costs,finance_costs,Finance cost,220,110409.93,110409.93,0.0,0.0,tie,,,110409.93
ZAAC,2026-02,SCI,EXPENSES,Taxation,taxation,Taxation,230,21909338.32,21909338.32,0.0,0.0,tie,,,21909338.32
ZAAC,2026-02,SFP,ASSETS,Non-Current Assets,ppe,"Property, Plant and Equipment",240,99214380.27,99214380.27,0.0,0.0,tie,,,99214380.27
ZAAC,2026-02,SFP,ASSETS,Non-Current Assets,computer_software,Intangible - computer software,250,22525357.28,22525357.28,0.0,0.0,tie,,,22525357.28
ZAAC,2026-02,SFP,ASSETS,Non-Current Assets,goodwill,Intangible - goodwill,260,3771579.6,3771579.6,0.0,0.0,tie,,,3771579.6
ZAAC,2026-02,SFP,ASSETS,Non-Current Assets,investment_in_associate,Investment in associate,270,0.0,0.0,0.0,,tie,,,0.0
ZAAC,2026-02,SFP,ASSETS,Non-Current Assets,investment_unquoted_equity,Investment in unquoted equity securities,280,0.0,0.0,0.0,,tie,,,0.0
ZAAC,2026-02,SFP,ASSETS,Non-Current Assets,deposit_for_investment_in_subsidiary,Deposit for investment in subsidiary,290,36808446.31,36808446.31,0.0,0.0,tie,,,36808446.31
ZAAC,2026-02,SFP,ASSETS,Non-Current Assets,deferred_tax,Deferred tax,310,15764930.24,15764930.24,0.0,0.0,tie,,,15764930.24
ZAAC,2026-02,SFP,ASSETS,Current Assets,trade_receivables,Trade Receivables (Debtors),320,540231295.44,540231295.44,-0.0,-0.0,tie,,,540231295.44
ZAAC,2026-02,SFP,ASSETS,Current Assets,premium_receivables,Premium Receivables,330,0.0,0.0,0.0,,tie,,,0.0
ZAAC,2026-02,SFP,ASSETS,Current Assets,other_receivables,Other Receivables,340,46314100.36,46314100.36,-0.0,-0.0,tie,,,46314100.36
ZAAC,2026-02,SFP,ASSETS,Current Assets,due_from_to_related_parties,Due from/to related parties,350,160659933.4,160659933.4,0.0,0.0,tie,,,160659933.4
ZAAC,2026-02,SFP,ASSETS,Current Assets,office_cash,Cash - Office Cash,360,76295631.5,76295631.5,0.0,0.0,tie,,,76295631.5
ZAAC,2026-02,SFP,ASSETS,Current Assets,placements,Cash - Placements,390,19911431.83,19911431.83,0.0,0.0,tie,,,19911431.83
ZAAC,2026-02,SFP,ASSETS,Current Assets,tax_recoverable,Tax recoverable,400,-2492275.01,-2492275.01,0.0,-0.0,tie,,,-2492275.01
ZAAC,2026-02,SFP,ASSETS,Current Assets,accrued_income,Accrued Income,410,171797159.43,171797159.43,0.0,0.0,tie,,,171797159.43
ZAAC,2026-02,SFP,EQUITY AND LIABILITIES,Equity,share_capital,Share capital,420,25000000.0,25000000.0,0.0,0.0,tie,,,-25000000.0
ZAAC,2026-02,SFP,EQUITY AND LIABILITIES,Equity,translation_reserve,Translation reserve,430,0.0,0.0,0.0,,tie,,,0.0
ZAAC,2026-02,SFP,EQUITY AND LIABILITIES,Equity,proposed_dividend,Proposed dividend,440,0.0,0.0,0.0,,tie,,,0.0
ZAAC,2026-02,SFP,EQUITY AND LIABILITIES,Equity,retained_earnings,Retained earnings,450,1021890949.75,1021890949.75,0.0,0.0,tie,,,-1021890949.75
ZAAC,2026-02,SFP,EQUITY AND LIABILITIES,Equity,net_profit,Net Profit (derived),460,51121789.42,51121669.42,120.0,0.0,DIFFERENCE,rounding / FX,,-51121669.42
ZAAC,2026-02,SFP,EQUITY AND LIABILITIES,Equity,non_controlling_interests,Non-controlling interests,470,0.0,0.0,0.0,,tie,,,0.0
ZAAC,2026-02,SFP,EQUITY AND LIABILITIES,Current Liabilities,trade_and_other_payables,Trade and other payables,480,92789231.91,92789351.91,-120.0,-0.0,DIFFERENCE,rounding / FX,,-92789351.91
ZAAC,2026-02,SFP,EQUITY AND LIABILITIES,Current Liabilities,premium_payable,Premium payable,500,0.0,0.0,0.0,,tie,,,0.0
ZAAC,2026-02,SFP,EQUITY AND LIABILITIES,Current Liabilities,borrowings,Borrowings,510,-0.43,-0.43,0.0,,tie,,,0.43
ZAAC,2026-03,SCI,INCOME,Revenue,actuarial_fees,Actuarial Fees,10,96415159.88,96415159.88,0.0,0.0,tie,,,-96415159.88
ZAAC,2026-03,SCI,INCOME,Revenue,pension_admin_fee,Pension Admin Fee,20,125552284.41,125552284.41,0.0,0.0,tie,,,-125552284.41
ZAAC,2026-03,SCI,INCOME,Revenue,umbrella_fund,Umbrella Fund,30,66222585.92,66222585.92,0.0,0.0,tie,,,-66222585.92
ZAAC,2026-03,SCI,INCOME,Revenue,insurance_commissions,Insurance Commissions,40,0.0,0.0,0.0,,tie,,,0.0
ZAAC,2026-03,SCI,INCOME,Revenue,saas_income,SAAS (Software as a Service),50,8303347.0,8303347.0,0.0,0.0,tie,,,-8303347.0
ZAAC,2026-03,SCI,INCOME,Revenue,retail_income,Retail,60,28707764.9,28707764.9,0.0,0.0,tie,,,-28707764.9
ZAAC,2026-03,SCI,INCOME,Other income,other_income,Other Income,70,6767722.95,6767722.95,0.0,0.0,tie,,,-6767722.95
ZAAC,2026-03,SCI,EXPENSES,Operating expenses,personnel_costs,Personnel Costs,80,186808207.24,186808207.24,0.0,0.0,tie,,,186808207.24
ZAAC,2026-03,SCI,EXPENSES,Operating expenses,travelling,Travelling,90,6612235.49,6612235.49,0.0,0.0,tie,,,6612235.49
ZAAC,2026-03,SCI,EXPENSES,Operating expenses,entertainment,Entertainment,100,3876206.27,3876206.27,0.0,0.0,tie,,,3876206.27
ZAAC,2026-03,SCI,EXPENSES,Operating expenses,it_costs,IT Costs,110,10109333.51,10109333.51,0.0,0.0,tie,,,10109333.51
ZAAC,2026-03,SCI,EXPENSES,Operating expenses,communications,Communications,120,1237752.71,1237752.71,0.0,0.0,tie,,,1237752.71
ZAAC,2026-03,SCI,EXPENSES,Operating expenses,printing_stationery,Printing & Stationery,130,871242.42,871242.42,-0.0,-0.0,tie,,,871242.42
ZAAC,2026-03,SCI,EXPENSES,Operating expenses,premises,Premises,140,10059696.24,10059696.24,0.0,0.0,tie,,,10059696.24
ZAAC,2026-03,SCI,EXPENSES,Operating expenses,advertising_pr,Advertising & PR,150,6874742.08,6874742.08,-0.0,-0.0,tie,,,6874742.08
ZAAC,2026-03,SCI,EXPENSES,Operating expenses,insurance,Insurance,160,3949239.75,3949359.75,-120.0,-0.0,DIFFERENCE,rounding / FX,,3949359.75
ZAAC,2026-03,SCI,EXPENSES,Operating expenses,professional_fees,Professional Fees,170,10361899.8,10361899.8,0.0,0.0,tie,,,10361899.8
ZAAC,2026-03,SCI,EXPENSES,Operating expenses,depreciation,Depreciation,180,10247044.62,10247044.62,0.0,0.0,tie,,,10247044.62
ZAAC,2026-03,SCI,EXPENSES,Operating expenses,motor_vehicle_expenses,Motor Vehicle Expenses,190,3319852.43,3319852.43,-0.0,-0.0,tie,,,3319852.43
ZAAC,2026-03,SCI,EXPENSES,Operating expenses,general_expenses,General Expenses,200,7290670.89,7290670.89,0.0,0.0,tie,,,7290670.89
ZAAC,2026-03,SCI,EXPENSES,Operating expenses,management_expense,Management Expense,210,0.0,0.0,0.0,,tie,,,0.0
ZAAC,2026-03,SCI,EXPENSES,Finance costs,finance_costs,Finance cost,220,315065.07,315065.07,-0.0,-0.0,tie,,,315065.07
ZAAC,2026-03,SCI,EXPENSES,Taxation,taxation,Taxation,230,21010702.96,21010702.96,0.0,0.0,tie,,,21010702.96
ZAAC,2026-03,SFP,ASSETS,Non-Current Assets,ppe,"Property, Plant and Equipment",240,96771024.87,96771024.87,0.0,0.0,tie,,,96771024.87
ZAAC,2026-03,SFP,ASSETS,Non-Current Assets,computer_software,Intangible - computer software,250,21742056.48,21742056.48,0.0,0.0,tie,,,21742056.48
ZAAC,2026-03,SFP,ASSETS,Non-Current Assets,goodwill,Intangible - goodwill,260,3706552.43,3706552.43,0.0,0.0,tie,,,3706552.43
ZAAC,2026-03,SFP,ASSETS,Non-Current Assets,investment_in_associate,Investment in associate,270,0.0,0.0,0.0,,tie,,,0.0
ZAAC,2026-03,SFP,ASSETS,Non-Current Assets,investment_unquoted_equity,Investment in unquoted equity securities,280,0.0,0.0,0.0,,tie,,,0.0
ZAAC,2026-03,SFP,ASSETS,Non-Current Assets,deposit_for_investment_in_subsidiary,Deposit for investment in subsidiary,290,36808446.31,36808446.31,0.0,0.0,tie,,,36808446.31
ZAAC,2026-03,SFP,ASSETS,Non-Current Assets,deferred_tax,Deferred tax,310,15764930.24,15764930.24,0.0,0.0,tie,,,15764930.24
ZAAC,2026-03,SFP,ASSETS,Current Assets,trade_receivables,Trade Receivables (Debtors),320,434865999.62,434865999.62,-0.0,-0.0,tie,,,434865999.62
ZAAC,2026-03,SFP,ASSETS,Current Assets,premium_receivables,Premium Receivables,330,0.0,0.0,0.0,,tie,,,0.0
ZAAC,2026-03,SFP,ASSETS,Current Assets,other_receivables,Other Receivables,340,51106021.12,51106021.12,0.0,0.0,tie,,,51106021.12
ZAAC,2026-03,SFP,ASSETS,Current Assets,due_from_to_related_parties,Due from/to related parties,350,172568810.07,172568810.07,0.0,0.0,tie,,,172568810.07
ZAAC,2026-03,SFP,ASSETS,Current Assets,office_cash,Cash - Office Cash,360,81958363.02,81958363.02,0.0,0.0,tie,,,81958363.02
ZAAC,2026-03,SFP,ASSETS,Current Assets,deposits,Cash - Deposits,380,60000000.0,60000000.0,0.0,0.0,tie,,,60000000.0
ZAAC,2026-03,SFP,ASSETS,Current Assets,placements,Cash - Placements,390,20849321.49,20849321.49,0.0,0.0,tie,,,20849321.49
ZAAC,2026-03,SFP,ASSETS,Current Assets,tax_recoverable,Tax recoverable,400,7909376.35,7909376.35,0.0,0.0,tie,,,7909376.35
ZAAC,2026-03,SFP,ASSETS,Current Assets,accrued_income,Accrued Income,410,184915296.26,184915296.26,0.0,0.0,tie,,,184915296.26
ZAAC,2026-03,SFP,EQUITY AND LIABILITIES,Equity,share_capital,Share capital,420,25000000.0,25000000.0,0.0,0.0,tie,,,-25000000.0
ZAAC,2026-03,SFP,EQUITY AND LIABILITIES,Equity,translation_reserve,Translation reserve,430,0.0,0.0,0.0,,tie,,,0.0
ZAAC,2026-03,SFP,EQUITY AND LIABILITIES,Equity,proposed_dividend,Proposed dividend,440,0.0,0.0,0.0,,tie,,,0.0
ZAAC,2026-03,SFP,EQUITY AND LIABILITIES,Equity,retained_earnings,Retained earnings,450,1021890949.75,1021890949.75,0.0,0.0,tie,,,-1021890949.75
ZAAC,2026-03,SFP,EQUITY AND LIABILITIES,Equity,net_profit,Net Profit (derived),460,49024973.58,49024853.58,120.0,0.0,DIFFERENCE,rounding / FX,,-49024853.58
ZAAC,2026-03,SFP,EQUITY AND LIABILITIES,Equity,non_controlling_interests,Non-controlling interests,470,0.0,0.0,0.0,,tie,,,0.0
ZAAC,2026-03,SFP,EQUITY AND LIABILITIES,Current Liabilities,trade_and_other_payables,Trade and other payables,480,93050275.36,93050395.36,-120.0,-0.0,DIFFERENCE,rounding / FX,,-93050395.36
ZAAC,2026-03,SFP,EQUITY AND LIABILITIES,Current Liabilities,premium_payable,Premium payable,500,0.0,0.0,0.0,,tie,,,0.0
ZAAC,2026-03,SFP,EQUITY AND LIABILITIES,Current Liabilities,borrowings,Borrowings,510,-0.43,-0.43,0.0,,tie,,,0.43
ZAAC,2026-04,SCI,INCOME,Revenue,actuarial_fees,Actuarial Fees,10,124054353.23,124054353.23,0.0,0.0,tie,,,-124054353.23
ZAAC,2026-04,SCI,INCOME,Revenue,pension_admin_fee,Pension Admin Fee,20,167454307.78,167454307.78,0.0,0.0,tie,,,-167454307.78
ZAAC,2026-04,SCI,INCOME,Revenue,umbrella_fund,Umbrella Fund,30,96334212.31,96334212.31,0.0,0.0,tie,,,-96334212.31
ZAAC,2026-04,SCI,INCOME,Revenue,insurance_commissions,Insurance Commissions,40,0.0,0.0,0.0,,tie,,,0.0
ZAAC,2026-04,SCI,INCOME,Revenue,saas_income,SAAS (Software as a Service),50,9068347.0,9068347.0,0.0,0.0,tie,,,-9068347.0
ZAAC,2026-04,SCI,INCOME,Revenue,retail_income,Retail,60,39729007.54,39729007.54,0.0,0.0,tie,,,-39729007.54
ZAAC,2026-04,SCI,INCOME,Other income,other_income,Other Income,70,9317489.74,9317489.74,0.0,0.0,tie,,,-9317489.74
ZAAC,2026-04,SCI,EXPENSES,Operating expenses,personnel_costs,Personnel Costs,80,253105133.21,253105133.21,0.0,0.0,tie,,,253105133.21
ZAAC,2026-04,SCI,EXPENSES,Operating expenses,travelling,Travelling,90,8860191.07,8860191.07,0.0,0.0,tie,,,8860191.07
ZAAC,2026-04,SCI,EXPENSES,Operating expenses,entertainment,Entertainment,100,5154568.73,5154568.73,-0.0,-0.0,tie,,,5154568.73
ZAAC,2026-04,SCI,EXPENSES,Operating expenses,it_costs,IT Costs,110,16672280.59,16672280.59,-0.0,-0.0,tie,,,16672280.59
ZAAC,2026-04,SCI,EXPENSES,Operating expenses,communications,Communications,120,1675651.38,1675651.38,-0.0,-0.0,tie,,,1675651.38
ZAAC,2026-04,SCI,EXPENSES,Operating expenses,printing_stationery,Printing & Stationery,130,1150215.96,1150215.96,0.0,0.0,tie,,,1150215.96
ZAAC,2026-04,SCI,EXPENSES,Operating expenses,premises,Premises,140,13440278.6,13440278.6,0.0,0.0,tie,,,13440278.6
ZAAC,2026-04,SCI,EXPENSES,Operating expenses,advertising_pr,Advertising & PR,150,7910712.4,7910712.4,0.0,0.0,tie,,,7910712.4
ZAAC,2026-04,SCI,EXPENSES,Operating expenses,insurance,Insurance,160,5265653.0,5265653.0,0.0,0.0,tie,,,5265653.0
ZAAC,2026-04,SCI,EXPENSES,Operating expenses,professional_fees,Professional Fees,170,14078622.25,14078622.25,0.0,0.0,tie,,,14078622.25
ZAAC,2026-04,SCI,EXPENSES,Operating expenses,depreciation,Depreciation,180,13662725.26,13662725.26,0.0,0.0,tie,,,13662725.26
ZAAC,2026-04,SCI,EXPENSES,Operating expenses,motor_vehicle_expenses,Motor Vehicle Expenses,190,5293167.0,5293167.0,0.0,0.0,tie,,,5293167.0
ZAAC,2026-04,SCI,EXPENSES,Operating expenses,general_expenses,General Expenses,200,9417033.83,9417033.83,0.0,0.0,tie,,,9417033.83
ZAAC,2026-04,SCI,EXPENSES,Operating expenses,management_expense,Management Expense,210,0.0,0.0,0.0,,tie,,,0.0
ZAAC,2026-04,SCI,EXPENSES,Finance costs,finance_costs,Finance cost,220,640762.47,640762.47,0.0,0.0,tie,,,640762.47
ZAAC,2026-04,SCI,EXPENSES,Taxation,taxation,Taxation,230,26889216.55,26889216.56,-0.01,-0.0,tie,,,26889216.56
ZAAC,2026-04,SFP,ASSETS,Non-Current Assets,ppe,"Property, Plant and Equipment",240,95850900.55,95850900.55,-0.0,-0.0,tie,,,95850900.55
ZAAC,2026-04,SFP,ASSETS,Non-Current Assets,computer_software,Intangible - computer software,250,20958755.78,20958755.78,0.0,0.0,tie,,,20958755.78
ZAAC,2026-04,SFP,ASSETS,Non-Current Assets,goodwill,Intangible - goodwill,260,3641525.26,3641525.26,0.0,0.0,tie,,,3641525.26
ZAAC,2026-04,SFP,ASSETS,Non-Current Assets,investment_in_associate,Investment in associate,270,0.0,0.0,0.0,,tie,,,0.0
ZAAC,2026-04,SFP,ASSETS,Non-Current Assets,investment_unquoted_equity,Investment in unquoted equity securities,280,0.0,0.0,0.0,,tie,,,0.0
ZAAC,2026-04,SFP,ASSETS,Non-Current Assets,deposit_for_investment_in_subsidiary,Deposit for investment in subsidiary,290,36808446.31,36808446.31,0.0,0.0,tie,,,36808446.31
ZAAC,2026-04,SFP,ASSETS,Non-Current Assets,deferred_tax,Deferred tax,310,15764930.24,15764930.24,0.0,0.0,tie,,,15764930.24
ZAAC,2026-04,SFP,ASSETS,Current Assets,trade_receivables,Trade Receivables (Debtors),320,432806271.46,432806271.46,-0.0,-0.0,tie,,,432806271.46
ZAAC,2026-04,SFP,ASSETS,Current Assets,premium_receivables,Premium Receivables,330,0.0,0.0,0.0,,tie,,,0.0
ZAAC,2026-04,SFP,ASSETS,Current Assets,other_receivables,Other Receivables,340,40402460.63,40402460.63,-0.0,-0.0,tie,,,40402460.63
ZAAC,2026-04,SFP,ASSETS,Current Assets,due_from_to_related_parties,Due from/to related parties,350,194738827.92,194738827.92,0.0,0.0,tie,,,194738827.92
ZAAC,2026-04,SFP,ASSETS,Current Assets,office_cash,Cash - Office Cash,360,37290488.71,37290488.71,0.0,0.0,tie,,,37290488.71
ZAAC,2026-04,SFP,ASSETS,Current Assets,deposits,Cash - Deposits,380,58000000.0,58000000.0,0.0,0.0,tie,,,58000000.0
ZAAC,2026-04,SFP,ASSETS,Current Assets,placements,Cash - Placements,390,20849321.49,20849321.49,0.0,0.0,tie,,,20849321.49
ZAAC,2026-04,SFP,ASSETS,Current Assets,tax_recoverable,Tax recoverable,400,24791496.76,24791496.75,0.01,0.0,tie,,,24791496.75
ZAAC,2026-04,SFP,ASSETS,Current Assets,accrued_income,Accrued Income,410,208209655.94,208209655.94,0.0,0.0,tie,,,208209655.94
ZAAC,2026-04,SFP,EQUITY AND LIABILITIES,Equity,share_capital,Share capital,420,25000000.0,25000000.0,0.0,0.0,tie,,,-25000000.0
ZAAC,2026-04,SFP,EQUITY AND LIABILITIES,Equity,translation_reserve,Translation reserve,430,0.0,0.0,0.0,,tie,,,0.0
ZAAC,2026-04,SFP,EQUITY AND LIABILITIES,Equity,proposed_dividend,Proposed dividend,440,0.0,0.0,0.0,,tie,,,0.0
ZAAC,2026-04,SFP,EQUITY AND LIABILITIES,Equity,retained_earnings,Retained earnings,450,1021890949.75,1021890949.75,0.0,0.0,tie,,,-1021890949.75
ZAAC,2026-04,SFP,EQUITY AND LIABILITIES,Equity,net_profit,Net Profit (derived),460,62741505.3,62741505.29,0.01,0.0,tie,,,-62741505.29
ZAAC,2026-04,SFP,EQUITY AND LIABILITIES,Equity,non_controlling_interests,Non-controlling interests,470,0.0,0.0,0.0,,tie,,,0.0
ZAAC,2026-04,SFP,EQUITY AND LIABILITIES,Current Liabilities,trade_and_other_payables,Trade and other payables,480,80480626.43,80480626.43,0.0,0.0,tie,,,-80480626.43
ZAAC,2026-04,SFP,EQUITY AND LIABILITIES,Current Liabilities,premium_payable,Premium payable,500,0.0,0.0,0.0,,tie,,,0.0
ZAAC,2026-04,SFP,EQUITY AND LIABILITIES,Current Liabilities,borrowings,Borrowings,510,-0.43,-0.43,0.0,,tie,,,0.43
ZAAC,2026-05,SCI,INCOME,Revenue,actuarial_fees,Actuarial Fees,10,176649945.08,176649945.08,0.0,0.0,tie,,,-176649945.08
ZAAC,2026-05,SCI,INCOME,Revenue,pension_admin_fee,Pension Admin Fee,20,220102732.4,220102732.4,0.0,0.0,tie,,,-220102732.4
ZAAC,2026-05,SCI,INCOME,Revenue,umbrella_fund,Umbrella Fund,30,124791535.96,124791535.96,0.0,0.0,tie,,,-124791535.96
ZAAC,2026-05,SCI,INCOME,Revenue,insurance_commissions,Insurance Commissions,40,0.0,0.0,0.0,,tie,,,0.0
ZAAC,2026-05,SCI,INCOME,Revenue,saas_income,SAAS (Software as a Service),50,15228347.0,15228347.0,0.0,0.0,tie,,,-15228347.0
ZAAC,2026-05,SCI,INCOME,Revenue,retail_income,Retail,60,50504469.83,50504469.83,0.0,0.0,tie,,,-50504469.83
ZAAC,2026-05,SCI,INCOME,Other income,other_income,Other Income,70,12049338.37,12049338.37,0.0,0.0,tie,,,-12049338.37
ZAAC,2026-05,SCI,EXPENSES,Operating expenses,personnel_costs,Personnel Costs,80,316713002.36,316713002.36,0.0,0.0,tie,,,316713002.36
ZAAC,2026-05,SCI,EXPENSES,Operating expenses,travelling,Travelling,90,12257607.75,12257607.75,0.0,0.0,tie,,,12257607.75
ZAAC,2026-05,SCI,EXPENSES,Operating expenses,entertainment,Entertainment,100,13074837.21,13074837.21,-0.0,-0.0,tie,,,13074837.21
ZAAC,2026-05,SCI,EXPENSES,Operating expenses,it_costs,IT Costs,110,23059040.17,23059040.17,-0.0,-0.0,tie,,,23059040.17
ZAAC,2026-05,SCI,EXPENSES,Operating expenses,communications,Communications,120,2114494.53,2114494.53,0.0,0.0,tie,,,2114494.53
ZAAC,2026-05,SCI,EXPENSES,Operating expenses,printing_stationery,Printing & Stationery,130,1592078.71,1592078.71,0.0,0.0,tie,,,1592078.71
ZAAC,2026-05,SCI,EXPENSES,Operating expenses,premises,Premises,140,16678416.13,16678416.13,0.0,0.0,tie,,,16678416.13
ZAAC,2026-05,SCI,EXPENSES,Operating expenses,advertising_pr,Advertising & PR,150,10909331.26,10909331.26,0.0,0.0,tie,,,10909331.26
ZAAC,2026-05,SCI,EXPENSES,Operating expenses,insurance,Insurance,160,6582066.25,6582066.25,0.0,0.0,tie,,,6582066.25
ZAAC,2026-05,SCI,EXPENSES,Operating expenses,professional_fees,Professional Fees,170,16796702.25,16796702.25,0.0,0.0,tie,,,16796702.25
ZAAC,2026-05,SCI,EXPENSES,Operating expenses,depreciation,Depreciation,180,17078408.94,17078408.94,0.0,0.0,tie,,,17078408.94
ZAAC,2026-05,SCI,EXPENSES,Operating expenses,motor_vehicle_expenses,Motor Vehicle Expenses,190,5871651.35,5871651.35,0.0,0.0,tie,,,5871651.35
ZAAC,2026-05,SCI,EXPENSES,Operating expenses,general_expenses,General Expenses,200,10689907.88,10689907.88,-0.0,-0.0,tie,,,10689907.88
ZAAC,2026-05,SCI,EXPENSES,Operating expenses,management_expense,Management Expense,210,0.0,0.0,0.0,,tie,,,0.0
ZAAC,2026-05,SCI,EXPENSES,Finance costs,finance_costs,Finance cost,220,782377.31,782377.31,-0.0,-0.0,tie,,,782377.31
ZAAC,2026-05,SCI,EXPENSES,Taxation,taxation,Taxation,230,43537933.96,43537933.96,0.0,0.0,tie,,,43537933.96
ZAAC,2026-05,SFP,ASSETS,Non-Current Assets,ppe,"Property, Plant and Equipment",240,94235544.84,94235544.84,-0.0,-0.0,tie,,,94235544.84
ZAAC,2026-05,SFP,ASSETS,Non-Current Assets,computer_software,Intangible - computer software,250,20175454.98,20175454.98,0.0,0.0,tie,,,20175454.98
ZAAC,2026-05,SFP,ASSETS,Non-Current Assets,goodwill,Intangible - goodwill,260,3576498.09,3576498.09,0.0,0.0,tie,,,3576498.09
ZAAC,2026-05,SFP,ASSETS,Non-Current Assets,investment_in_associate,Investment in associate,270,0.0,0.0,0.0,,tie,,,0.0
ZAAC,2026-05,SFP,ASSETS,Non-Current Assets,investment_unquoted_equity,Investment in unquoted equity securities,280,0.0,0.0,0.0,,tie,,,0.0
ZAAC,2026-05,SFP,ASSETS,Non-Current Assets,deposit_for_investment_in_subsidiary,Deposit for investment in subsidiary,290,36808446.31,36808446.31,0.0,0.0,tie,,,36808446.31
ZAAC,2026-05,SFP,ASSETS,Non-Current Assets,deferred_tax,Deferred tax,310,13683636.24,13683636.24,0.0,0.0,tie,,,13683636.24
ZAAC,2026-05,SFP,ASSETS,Current Assets,trade_receivables,Trade Receivables (Debtors),320,511412323.24,511412323.24,-0.0,-0.0,tie,,,511412323.24
ZAAC,2026-05,SFP,ASSETS,Current Assets,premium_receivables,Premium Receivables,330,0.0,0.0,0.0,,tie,,,0.0
ZAAC,2026-05,SFP,ASSETS,Current Assets,other_receivables,Other Receivables,340,22931040.03,22931040.03,0.0,0.0,tie,,,22931040.03
ZAAC,2026-05,SFP,ASSETS,Current Assets,due_from_to_related_parties,Due from/to related parties,350,213285301.56,213285301.56,0.0,0.0,tie,,,213285301.56
ZAAC,2026-05,SFP,ASSETS,Current Assets,office_cash,Cash - Office Cash,360,58490540.96,58490540.96,0.0,0.0,tie,,,58490540.96
ZAAC,2026-05,SFP,ASSETS,Current Assets,deposits,Cash - Deposits,380,63000000.0,63000000.0,0.0,0.0,tie,,,63000000.0
ZAAC,2026-05,SFP,ASSETS,Current Assets,placements,Cash - Placements,390,20849321.49,20849321.49,0.0,0.0,tie,,,20849321.49
ZAAC,2026-05,SFP,ASSETS,Current Assets,tax_recoverable,Tax recoverable,400,8468751.35,8468751.35,0.0,0.0,tie,,,8468751.35
ZAAC,2026-05,SFP,ASSETS,Current Assets,accrued_income,Accrued Income,410,168779107.81,168779107.81,0.0,0.0,tie,,,168779107.81
ZAAC,2026-05,SFP,EQUITY AND LIABILITIES,Equity,share_capital,Share capital,420,25000000.0,25000000.0,0.0,0.0,tie,,,-25000000.0
ZAAC,2026-05,SFP,EQUITY AND LIABILITIES,Equity,translation_reserve,Translation reserve,430,0.0,0.0,0.0,,tie,,,0.0
ZAAC,2026-05,SFP,EQUITY AND LIABILITIES,Equity,proposed_dividend,Proposed dividend,440,0.0,0.0,0.0,,tie,,,0.0
ZAAC,2026-05,SFP,EQUITY AND LIABILITIES,Equity,retained_earnings,Retained earnings,450,1019809655.75,1019809655.75,0.0,0.0,tie,,,-1019809655.75
ZAAC,2026-05,SFP,EQUITY AND LIABILITIES,Equity,net_profit,Net Profit (derived),460,101588512.58,101588512.58,-0.0,-0.0,tie,,,-101588512.58
ZAAC,2026-05,SFP,EQUITY AND LIABILITIES,Equity,non_controlling_interests,Non-controlling interests,470,0.0,0.0,0.0,,tie,,,0.0
ZAAC,2026-05,SFP,EQUITY AND LIABILITIES,Current Liabilities,trade_and_other_payables,Trade and other payables,480,89297798.99,89297798.99,-0.0,-0.0,tie,,,-89297798.99
ZAAC,2026-05,SFP,EQUITY AND LIABILITIES,Current Liabilities,premium_payable,Premium payable,500,0.0,0.0,0.0,,tie,,,0.0
ZAAC,2026-05,SFP,EQUITY AND LIABILITIES,Current Liabilities,borrowings,Borrowings,510,-0.43,-0.43,0.0,,tie,,,0.43
ZAAC,2026-06,SCI,INCOME,Revenue,actuarial_fees,Actuarial Fees,10,194839442.0,194839442.0,0.0,0.0,tie,,,-194839442.0
ZAAC,2026-06,SCI,INCOME,Revenue,pension_admin_fee,Pension Admin Fee,20,254926353.35,254926353.36,-0.01,-0.0,tie,,,-254926353.36
ZAAC,2026-06,SCI,INCOME,Revenue,umbrella_fund,Umbrella Fund,30,156675502.41,156675502.41,0.0,0.0,tie,,,-156675502.41
ZAAC,2026-06,SCI,INCOME,Revenue,insurance_commissions,Insurance Commissions,40,0.0,0.0,0.0,,tie,,,0.0
ZAAC,2026-06,SCI,INCOME,Revenue,saas_income,SAAS (Software as a Service),50,15228347.0,15228347.0,0.0,0.0,tie,,,-15228347.0
ZAAC,2026-06,SCI,INCOME,Revenue,retail_income,Retail,60,60712365.59,60712365.6,-0.01,-0.0,tie,,,-60712365.6
ZAAC,2026-06,SCI,INCOME,Other income,other_income,Other Income,70,50639624.35,50639624.35,0.0,0.0,tie,,,-50639624.35
ZAAC,2026-06,SCI,EXPENSES,Operating expenses,personnel_costs,Personnel Costs,80,389272172.28,389272172.28,0.0,0.0,tie,,,389272172.28
ZAAC,2026-06,SCI,EXPENSES,Operating expenses,travelling,Travelling,90,17238512.33,17238512.33,0.0,0.0,tie,,,17238512.33
ZAAC,2026-06,SCI,EXPENSES,Operating expenses,entertainment,Entertainment,100,31869476.02,31869476.02,0.0,0.0,tie,,,31869476.02
ZAAC,2026-06,SCI,EXPENSES,Operating expenses,it_costs,IT Costs,110,27831078.88,27831078.88,-0.0,-0.0,tie,,,27831078.88
ZAAC,2026-06,SCI,EXPENSES,Operating expenses,communications,Communications,120,2628681.71,2628681.71,0.0,0.0,tie,,,2628681.71
ZAAC,2026-06,SCI,EXPENSES,Operating expenses,printing_stationery,Printing & Stationery,130,2062990.2,2062990.2,0.0,0.0,tie,,,2062990.2
ZAAC,2026-06,SCI,EXPENSES,Operating expenses,premises,Premises,140,20021655.9,20021655.9,0.0,0.0,tie,,,20021655.9
ZAAC,2026-06,SCI,EXPENSES,Operating expenses,advertising_pr,Advertising & PR,150,12455483.05,12455483.05,-0.0,-0.0,tie,,,12455483.05
ZAAC,2026-06,SCI,EXPENSES,Operating expenses,insurance,Insurance,160,7898479.5,7898479.5,0.0,0.0,tie,,,7898479.5
ZAAC,2026-06,SCI,EXPENSES,Operating expenses,professional_fees,Professional Fees,170,21806690.28,21806690.28,0.0,0.0,tie,,,21806690.28
ZAAC,2026-06,SCI,EXPENSES,Operating expenses,depreciation,Depreciation,180,20494089.53,20494089.53,0.0,0.0,tie,,,20494089.53
ZAAC,2026-06,SCI,EXPENSES,Operating expenses,motor_vehicle_expenses,Motor Vehicle Expenses,190,8306556.2,8306556.2,-0.0,-0.0,tie,,,8306556.2
ZAAC,2026-06,SCI,EXPENSES,Operating expenses,general_expenses,General Expenses,200,12549265.86,12549265.86,0.0,0.0,tie,,,12549265.86
ZAAC,2026-06,SCI,EXPENSES,Operating expenses,management_expense,Management Expense,210,0.0,0.0,0.0,,tie,,,0.0
ZAAC,2026-06,SCI,EXPENSES,Finance costs,finance_costs,Finance cost,220,949517.0,949517.0,0.0,0.0,tie,,,949517.0
ZAAC,2026-06,SCI,EXPENSES,Taxation,taxation,Taxation,230,56119232.7,56119232.7,0.0,0.0,tie,,,56119232.7
ZAAC,2026-06,SFP,ASSETS,Non-Current Assets,ppe,"Property, Plant and Equipment",240,92300692.1,92300692.1,0.0,0.0,tie,,,92300692.1
ZAAC,2026-06,SFP,ASSETS,Non-Current Assets,computer_software,Intangible - computer software,250,19392154.3,19392154.3,0.0,0.0,tie,,,19392154.3
ZAAC,2026-06,SFP,ASSETS,Non-Current Assets,goodwill,Intangible - goodwill,260,3511470.92,3511470.92,0.0,0.0,tie,,,3511470.92
ZAAC,2026-06,SFP,ASSETS,Non-Current Assets,investment_in_associate,Investment in associate,270,0.0,0.0,0.0,,tie,,,0.0
ZAAC,2026-06,SFP,ASSETS,Non-Current Assets,investment_unquoted_equity,Investment in unquoted equity securities,280,0.0,0.0,0.0,,tie,,,0.0
ZAAC,2026-06,SFP,ASSETS,Non-Current Assets,deposit_for_investment_in_subsidiary,Deposit for investment in subsidiary,290,36808446.31,36808446.31,0.0,0.0,tie,,,36808446.31
ZAAC,2026-06,SFP,ASSETS,Non-Current Assets,deferred_tax,Deferred tax,310,-13683636.24,-13683636.24,0.0,-0.0,tie,,,-13683636.24
ZAAC,2026-06,SFP,ASSETS,Current Assets,trade_receivables,Trade Receivables (Debtors),320,503974270.82,503974270.82,-0.0,-0.0,tie,,,503974270.82
ZAAC,2026-06,SFP,ASSETS,Current Assets,premium_receivables,Premium Receivables,330,0.0,0.0,0.0,,tie,,,0.0
ZAAC,2026-06,SFP,ASSETS,Current Assets,other_receivables,Other Receivables,340,15558082.19,15558082.19,0.0,0.0,tie,,,15558082.19
ZAAC,2026-06,SFP,ASSETS,Current Assets,due_from_to_related_parties,Due from/to related parties,350,206613571.85,206613571.85,0.0,0.0,tie,,,206613571.85
ZAAC,2026-06,SFP,ASSETS,Current Assets,office_cash,Cash - Office Cash,360,30336299.11,30336299.11,-0.0,-0.0,tie,,,30336299.11
ZAAC,2026-06,SFP,ASSETS,Current Assets,deposits,Cash - Deposits,380,56000000.0,56000000.0,0.0,0.0,tie,,,56000000.0
ZAAC,2026-06,SFP,ASSETS,Current Assets,placements,Cash - Placements,390,20849321.49,20849321.49,0.0,0.0,tie,,,20849321.49
ZAAC,2026-06,SFP,ASSETS,Current Assets,tax_recoverable,Tax recoverable,400,49762269.09,49762269.09,-0.0,-0.0,tie,,,49762269.09
ZAAC,2026-06,SFP,ASSETS,Current Assets,accrued_income,Accrued Income,410,221845930.98,221845930.99,-0.01,-0.0,tie,,,221845930.99
ZAAC,2026-06,SFP,EQUITY AND LIABILITIES,Equity,share_capital,Share capital,420,25000000.0,25000000.0,0.0,0.0,tie,,,-25000000.0
ZAAC,2026-06,SFP,EQUITY AND LIABILITIES,Equity,translation_reserve,Translation reserve,430,0.0,0.0,0.0,,tie,,,0.0
ZAAC,2026-06,SFP,EQUITY AND LIABILITIES,Equity,proposed_dividend,Proposed dividend,440,0.0,0.0,0.0,,tie,,,0.0
ZAAC,2026-06,SFP,EQUITY AND LIABILITIES,Equity,retained_earnings,Retained earnings,450,1019809655.75,1019809655.75,0.0,0.0,tie,,,-1019809655.75
ZAAC,2026-06,SFP,EQUITY AND LIABILITIES,Equity,net_profit,Net Profit (derived),460,101517753.26,101517753.28,-0.02,-0.0,tie,,,-101517753.28
ZAAC,2026-06,SFP,EQUITY AND LIABILITIES,Equity,non_controlling_interests,Non-controlling interests,470,0.0,0.0,0.0,,tie,,,0.0
ZAAC,2026-06,SFP,EQUITY AND LIABILITIES,Current Liabilities,trade_and_other_payables,Trade and other payables,480,96941464.33,96941464.33,0.0,0.0,tie,,,-96941464.33
ZAAC,2026-06,SFP,EQUITY AND LIABILITIES,Current Liabilities,premium_payable,Premium payable,500,0.0,0.0,0.0,,tie,,,0.0
ZAAC,2026-06,SFP,EQUITY AND LIABILITIES,Current Liabilities,borrowings,Borrowings,510,-0.43,-0.43,0.0,,tie,,,0.43
ZAMRE,2026-02,SCI,INCOME,Revenue,actuarial_fees,Actuarial Fees,10,0.0,0.0,0.0,,tie,,,0.0
ZAMRE,2026-02,SCI,INCOME,Revenue,insurance_commissions,Insurance Commissions,40,14008899.93,14008899.93,0.0,0.0,tie,,,-14008899.93
ZAMRE,2026-02,SCI,INCOME,Revenue,saas_income,SAAS (Software as a Service),50,0.0,0.0,0.0,,tie,,,0.0
ZAMRE,2026-02,SCI,INCOME,Other income,other_income,Other Income,70,182351.23,182351.23,0.0,0.0,tie,,,-182351.23
ZAMRE,2026-02,SCI,EXPENSES,Operating expenses,personnel_costs,Personnel Costs,80,5628487.74,5628487.74,0.0,0.0,tie,,,5628487.74
ZAMRE,2026-02,SCI,EXPENSES,Operating expenses,travelling,Travelling,90,227568.0,227568.0,0.0,0.0,tie,,,227568.0
ZAMRE,2026-02,SCI,EXPENSES,Operating expenses,entertainment,Entertainment,100,50986.8,50986.8,0.0,0.0,tie,,,50986.8
ZAMRE,2026-02,SCI,EXPENSES,Operating expenses,it_costs,IT Costs,110,0.0,0.0,0.0,,tie,,,0.0
ZAMRE,2026-02,SCI,EXPENSES,Operating expenses,communications,Communications,120,3137.0,3137.0,0.0,0.0,tie,,,3137.0
ZAMRE,2026-02,SCI,EXPENSES,Operating expenses,printing_stationery,Printing & Stationery,130,11127.06,11127.06,-0.0,-0.0,tie,,,11127.06
ZAMRE,2026-02,SCI,EXPENSES,Operating expenses,premises,Premises,140,20591.73,20591.73,0.0,0.0,tie,,,20591.73
ZAMRE,2026-02,SCI,EXPENSES,Operating expenses,advertising_pr,Advertising & PR,150,44239.87,44239.87,-0.0,-0.0,tie,,,44239.87
ZAMRE,2026-02,SCI,EXPENSES,Operating expenses,insurance,Insurance,160,0.0,0.0,0.0,,tie,,,0.0
ZAMRE,2026-02,SCI,EXPENSES,Operating expenses,professional_fees,Professional Fees,170,0.0,0.0,0.0,,tie,,,0.0
ZAMRE,2026-02,SCI,EXPENSES,Operating expenses,depreciation,Depreciation,180,0.0,0.0,0.0,,tie,,,0.0
ZAMRE,2026-02,SCI,EXPENSES,Operating expenses,motor_vehicle_expenses,Motor Vehicle Expenses,190,56562.76,56562.76,-0.0,-0.0,tie,,,56562.76
ZAMRE,2026-02,SCI,EXPENSES,Operating expenses,general_expenses,General Expenses,200,165439.85,165439.85,0.0,0.0,tie,,,165439.85
ZAMRE,2026-02,SCI,EXPENSES,Operating expenses,management_expense,Management Expense,210,0.0,0.0,0.0,,tie,,,0.0
ZAMRE,2026-02,SCI,EXPENSES,Finance costs,finance_costs,Finance cost,220,24412.0,24412.0,0.0,0.0,tie,,,24412.0
ZAMRE,2026-02,SCI,EXPENSES,Taxation,taxation,Taxation,230,2387609.5,2387609.5,0.0,0.0,tie,,,2387609.5
ZAMRE,2026-02,SFP,ASSETS,Non-Current Assets,ppe,"Property, Plant and Equipment",240,0.0,0.0,0.0,,tie,,,0.0
ZAMRE,2026-02,SFP,ASSETS,Non-Current Assets,computer_software,Intangible - computer software,250,4408000.0,4408000.0,0.0,0.0,tie,,,4408000.0
ZAMRE,2026-02,SFP,ASSETS,Non-Current Assets,goodwill,Intangible - goodwill,260,0.0,0.0,0.0,,tie,,,0.0
ZAMRE,2026-02,SFP,ASSETS,Non-Current Assets,investment_in_associate,Investment in associate,270,0.0,0.0,0.0,,tie,,,0.0
ZAMRE,2026-02,SFP,ASSETS,Non-Current Assets,investment_unquoted_equity,Investment in unquoted equity securities,280,0.0,0.0,0.0,,tie,,,0.0
ZAMRE,2026-02,SFP,ASSETS,Non-Current Assets,deposit_for_investment_in_subsidiary,Deposit for investment in subsidiary,290,0.0,0.0,0.0,,tie,,,0.0
ZAMRE,2026-02,SFP,ASSETS,Non-Current Assets,deferred_tax,Deferred tax,310,0.0,0.0,0.0,,tie,,,0.0
ZAMRE,2026-02,SFP,ASSETS,Current Assets,trade_receivables,Trade Receivables (Debtors),320,24275213.0,24275213.0,0.0,0.0,tie,,,24275213.0
ZAMRE,2026-02,SFP,ASSETS,Current Assets,premium_receivables,Premium Receivables,330,125392104.85,125392104.85,0.0,0.0,tie,,,125392104.85
ZAMRE,2026-02,SFP,ASSETS,Current Assets,other_receivables,Other Receivables,340,54010.35,54010.35,0.0,0.0,tie,,,54010.35
ZAMRE,2026-02,SFP,ASSETS,Current Assets,due_from_to_related_parties,Due from/to related parties,350,-47133768.53,-47133768.53,0.0,-0.0,tie,,,-47133768.53
ZAMRE,2026-02,SFP,ASSETS,Current Assets,office_cash,Cash - Office Cash,360,2626690.54,2626690.54,-0.0,-0.0,tie,,,2626690.54
ZAMRE,2026-02,SFP,ASSETS,Current Assets,client_cash,Cash - Client Cash,370,45182117.01,45182117.01,0.0,0.0,tie,,,45182117.01
ZAMRE,2026-02,SFP,ASSETS,Current Assets,deposits,Cash - Deposits,380,38160000.0,38160000.0,0.0,0.0,tie,,,38160000.0
ZAMRE,2026-02,SFP,ASSETS,Current Assets,tax_recoverable,Tax recoverable,400,-4626708.61,-4626708.61,0.0,-0.0,tie,,,-4626708.61
ZAMRE,2026-02,SFP,EQUITY AND LIABILITIES,Equity,share_capital,Share capital,420,5000000.0,5000000.0,0.0,0.0,tie,,,-5000000.0
ZAMRE,2026-02,SFP,EQUITY AND LIABILITIES,Equity,translation_reserve,Translation reserve,430,0.0,0.0,0.0,,tie,,,0.0
ZAMRE,2026-02,SFP,EQUITY AND LIABILITIES,Equity,proposed_dividend,Proposed dividend,440,0.0,0.0,0.0,,tie,,,0.0
ZAMRE,2026-02,SFP,EQUITY AND LIABILITIES,Equity,retained_earnings,Retained earnings,450,5224564.6,5224564.6,0.0,0.0,tie,,,-5224564.6
ZAMRE,2026-02,SFP,EQUITY AND LIABILITIES,Equity,net_profit,Net Profit (derived),460,5571088.85,5571088.85,0.0,0.0,tie,,,-5571088.85
ZAMRE,2026-02,SFP,EQUITY AND LIABILITIES,Equity,non_controlling_interests,Non-controlling interests,470,0.0,0.0,0.0,,tie,,,0.0
ZAMRE,2026-02,SFP,EQUITY AND LIABILITIES,Current Liabilities,trade_and_other_payables,Trade and other payables,480,0.0,0.0,0.0,,tie,,,0.0
ZAMRE,2026-02,SFP,EQUITY AND LIABILITIES,Current Liabilities,premium_payable,Premium payable,500,172542005.16,172542005.16,0.0,0.0,tie,,,-172542005.16
ZAMRE,2026-02,SFP,EQUITY AND LIABILITIES,Current Liabilities,borrowings,Borrowings,510,0.0,0.0,0.0,,tie,,,0.0
ZAMRE,2026-03,SCI,INCOME,Revenue,actuarial_fees,Actuarial Fees,10,0.0,0.0,0.0,,tie,,,0.0
ZAMRE,2026-03,SCI,INCOME,Revenue,insurance_commissions,Insurance Commissions,40,26320003.93,26320003.93,0.0,0.0,tie,,,-26320003.93
ZAMRE,2026-03,SCI,INCOME,Revenue,saas_income,SAAS (Software as a Service),50,0.0,0.0,0.0,,tie,,,0.0
ZAMRE,2026-03,SCI,INCOME,Other income,other_income,Other Income,70,371731.51,371731.51,0.0,0.0,tie,,,-371731.51
ZAMRE,2026-03,SCI,EXPENSES,Operating expenses,personnel_costs,Personnel Costs,80,8558578.01,8558578.01,-0.0,-0.0,tie,,,8558578.01
ZAMRE,2026-03,SCI,EXPENSES,Operating expenses,travelling,Travelling,90,227568.0,227568.0,0.0,0.0,tie,,,227568.0
ZAMRE,2026-03,SCI,EXPENSES,Operating expenses,entertainment,Entertainment,100,140541.8,140541.8,0.0,0.0,tie,,,140541.8
ZAMRE,2026-03,SCI,EXPENSES,Operating expenses,it_costs,IT Costs,110,263895.82,263895.82,0.0,0.0,tie,,,263895.82
ZAMRE,2026-03,SCI,EXPENSES,Operating expenses,communications,Communications,120,26048.74,26048.74,0.0,0.0,tie,,,26048.74
ZAMRE,2026-03,SCI,EXPENSES,Operating expenses,printing_stationery,Printing & Stationery,130,0.0,0.0,0.0,,tie,,,0.0
ZAMRE,2026-03,SCI,EXPENSES,Operating expenses,premises,Premises,140,53373.23,53373.23,0.0,0.0,tie,,,53373.23
ZAMRE,2026-03,SCI,EXPENSES,Operating expenses,advertising_pr,Advertising & PR,150,154410.59,154410.59,0.0,0.0,tie,,,154410.59
ZAMRE,2026-03,SCI,EXPENSES,Operating expenses,insurance,Insurance,160,86192.55,86192.55,0.0,0.0,tie,,,86192.55
ZAMRE,2026-03,SCI,EXPENSES,Operating expenses,professional_fees,Professional Fees,170,98855.2,98855.2,0.0,0.0,tie,,,98855.2
ZAMRE,2026-03,SCI,EXPENSES,Operating expenses,depreciation,Depreciation,180,0.0,0.0,0.0,,tie,,,0.0
ZAMRE,2026-03,SCI,EXPENSES,Operating expenses,motor_vehicle_expenses,Motor Vehicle Expenses,190,72686.76,72686.76,0.0,0.0,tie,,,72686.76
ZAMRE,2026-03,SCI,EXPENSES,Operating expenses,general_expenses,General Expenses,200,120531.16,120531.16,0.0,0.0,tie,,,120531.16
ZAMRE,2026-03,SCI,EXPENSES,Operating expenses,management_expense,Management Expense,210,0.0,0.0,0.0,,tie,,,0.0
ZAMRE,2026-03,SCI,EXPENSES,Finance costs,finance_costs,Finance cost,220,4788.36,4788.36,0.0,0.0,tie,,,4788.36
ZAMRE,2026-03,SCI,EXPENSES,Taxation,taxation,Taxation,230,5065279.56,5065279.56,0.0,0.0,tie,,,5065279.56
ZAMRE,2026-03,SFP,ASSETS,Non-Current Assets,ppe,"Property, Plant and Equipment",240,0.0,0.0,0.0,,tie,,,0.0
ZAMRE,2026-03,SFP,ASSETS,Non-Current Assets,computer_software,Intangible - computer software,250,4674000.0,4674000.0,0.0,0.0,tie,,,4674000.0
ZAMRE,2026-03,SFP,ASSETS,Non-Current Assets,goodwill,Intangible - goodwill,260,0.0,0.0,0.0,,tie,,,0.0
ZAMRE,2026-03,SFP,ASSETS,Non-Current Assets,investment_in_associate,Investment in associate,270,0.0,0.0,0.0,,tie,,,0.0
ZAMRE,2026-03,SFP,ASSETS,Non-Current Assets,investment_unquoted_equity,Investment in unquoted equity securities,280,0.0,0.0,0.0,,tie,,,0.0
ZAMRE,2026-03,SFP,ASSETS,Non-Current Assets,deposit_for_investment_in_subsidiary,Deposit for investment in subsidiary,290,0.0,0.0,0.0,,tie,,,0.0
ZAMRE,2026-03,SFP,ASSETS,Non-Current Assets,deferred_tax,Deferred tax,310,0.0,0.0,0.0,,tie,,,0.0
ZAMRE,2026-03,SFP,ASSETS,Current Assets,trade_receivables,Trade Receivables (Debtors),320,29612344.45,29612344.45,0.0,0.0,tie,,,29612344.45
ZAMRE,2026-03,SFP,ASSETS,Current Assets,premium_receivables,Premium Receivables,330,126789670.0,126789670.0,0.0,0.0,tie,,,126789670.0
ZAMRE,2026-03,SFP,ASSETS,Current Assets,other_receivables,Other Receivables,340,20798.53,20798.53,0.0,0.0,tie,,,20798.53
ZAMRE,2026-03,SFP,ASSETS,Current Assets,due_from_to_related_parties,Due from/to related parties,350,-50846807.27,-50846807.27,0.0,-0.0,tie,,,-50846807.27
ZAMRE,2026-03,SFP,ASSETS,Current Assets,office_cash,Cash - Office Cash,360,10182922.81,10182922.81,0.0,0.0,tie,,,10182922.81
ZAMRE,2026-03,SFP,ASSETS,Current Assets,client_cash,Cash - Client Cash,370,35221293.41,35221293.41,0.0,0.0,tie,,,35221293.41
ZAMRE,2026-03,SFP,ASSETS,Current Assets,deposits,Cash - Deposits,380,33160000.0,33160000.0,0.0,0.0,tie,,,33160000.0
ZAMRE,2026-03,SFP,ASSETS,Current Assets,tax_recoverable,Tax recoverable,400,-7304377.66,-7304377.67,0.01,-0.0,tie,,,-7304377.67
ZAMRE,2026-03,SFP,EQUITY AND LIABILITIES,Equity,share_capital,Share capital,420,5000000.0,5000000.0,0.0,0.0,tie,,,-5000000.0
ZAMRE,2026-03,SFP,EQUITY AND LIABILITIES,Equity,translation_reserve,Translation reserve,430,0.0,0.0,0.0,,tie,,,0.0
ZAMRE,2026-03,SFP,EQUITY AND LIABILITIES,Equity,proposed_dividend,Proposed dividend,440,0.0,0.0,0.0,,tie,,,0.0
ZAMRE,2026-03,SFP,EQUITY AND LIABILITIES,Equity,retained_earnings,Retained earnings,450,5224564.6,5224564.6,0.0,0.0,tie,,,-5224564.6
ZAMRE,2026-03,SFP,EQUITY AND LIABILITIES,Equity,net_profit,Net Profit (derived),460,11818985.66,11818985.65,0.01,0.0,tie,,,-11818985.65
ZAMRE,2026-03,SFP,EQUITY AND LIABILITIES,Equity,non_controlling_interests,Non-controlling interests,470,0.0,0.0,0.0,,tie,,,0.0
ZAMRE,2026-03,SFP,EQUITY AND LIABILITIES,Current Liabilities,trade_and_other_payables,Trade and other payables,480,0.0,0.0,0.0,,tie,,,0.0
ZAMRE,2026-03,SFP,EQUITY AND LIABILITIES,Current Liabilities,premium_payable,Premium payable,500,159466294.01,159466294.01,0.0,0.0,tie,,,-159466294.01
ZAMRE,2026-03,SFP,EQUITY AND LIABILITIES,Current Liabilities,borrowings,Borrowings,510,0.0,0.0,0.0,,tie,,,0.0
ZAMRE,2026-04,SCI,INCOME,Revenue,actuarial_fees,Actuarial Fees,10,0.0,0.0,0.0,,tie,,,0.0
ZAMRE,2026-04,SCI,INCOME,Revenue,insurance_commissions,Insurance Commissions,40,32259306.0,32259306.0,0.0,0.0,tie,,,-32259306.0
ZAMRE,2026-04,SCI,INCOME,Revenue,saas_income,SAAS (Software as a Service),50,0.0,0.0,0.0,,tie,,,0.0
ZAMRE,2026-04,SCI,INCOME,Other income,other_income,Other Income,70,530346.0,530346.0,0.0,0.0,tie,,,-530346.0
ZAMRE,2026-04,SCI,EXPENSES,Operating expenses,personnel_costs,Personnel Costs,80,11309635.01,11309635.01,0.0,0.0,tie,,,11309635.01
ZAMRE,2026-04,SCI,EXPENSES,Operating expenses,travelling,Travelling,90,699678.0,699678.0,0.0,0.0,tie,,,699678.0
ZAMRE,2026-04,SCI,EXPENSES,Operating expenses,entertainment,Entertainment,100,252733.8,252733.8,0.0,0.0,tie,,,252733.8
ZAMRE,2026-04,SCI,EXPENSES,Operating expenses,it_costs,IT Costs,110,428879.43,428879.43,0.0,0.0,tie,,,428879.43
ZAMRE,2026-04,SCI,EXPENSES,Operating expenses,communications,Communications,120,26048.74,26048.74,0.0,0.0,tie,,,26048.74
ZAMRE,2026-04,SCI,EXPENSES,Operating expenses,printing_stationery,Printing & Stationery,130,17761.4,17761.4,0.0,0.0,tie,,,17761.4
ZAMRE,2026-04,SCI,EXPENSES,Operating expenses,premises,Premises,140,63822.88,63822.88,0.0,0.0,tie,,,63822.88
ZAMRE,2026-04,SCI,EXPENSES,Operating expenses,advertising_pr,Advertising & PR,150,164844.86,164844.86,0.0,0.0,tie,,,164844.86
ZAMRE,2026-04,SCI,EXPENSES,Operating expenses,insurance,Insurance,160,86192.55,86192.55,0.0,0.0,tie,,,86192.55
ZAMRE,2026-04,SCI,EXPENSES,Operating expenses,professional_fees,Professional Fees,170,98855.2,98855.2,0.0,0.0,tie,,,98855.2
ZAMRE,2026-04,SCI,EXPENSES,Operating expenses,depreciation,Depreciation,180,0.0,0.0,0.0,,tie,,,0.0
ZAMRE,2026-04,SCI,EXPENSES,Operating expenses,motor_vehicle_expenses,Motor Vehicle Expenses,190,89986.82,89986.82,0.0,0.0,tie,,,89986.82
ZAMRE,2026-04,SCI,EXPENSES,Operating expenses,general_expenses,General Expenses,200,125258.99,125258.99,0.0,0.0,tie,,,125258.99
ZAMRE,2026-04,SCI,EXPENSES,Operating expenses,management_expense,Management Expense,210,0.0,0.0,0.0,,tie,,,0.0
ZAMRE,2026-04,SCI,EXPENSES,Finance costs,finance_costs,Finance cost,220,6384.48,6384.48,0.0,0.0,tie,,,6384.48
ZAMRE,2026-04,SCI,EXPENSES,Taxation,taxation,Taxation,230,5825870.95,5825870.95,0.0,0.0,tie,,,5825870.95
ZAMRE,2026-04,SFP,ASSETS,Non-Current Assets,ppe,"Property, Plant and Equipment",240,0.0,0.0,0.0,,tie,,,0.0
ZAMRE,2026-04,SFP,ASSETS,Non-Current Assets,computer_software,Intangible - computer software,250,4674000.0,4674000.0,0.0,0.0,tie,,,4674000.0
ZAMRE,2026-04,SFP,ASSETS,Non-Current Assets,goodwill,Intangible - goodwill,260,0.0,0.0,0.0,,tie,,,0.0
ZAMRE,2026-04,SFP,ASSETS,Non-Current Assets,investment_in_associate,Investment in associate,270,0.0,0.0,0.0,,tie,,,0.0
ZAMRE,2026-04,SFP,ASSETS,Non-Current Assets,investment_unquoted_equity,Investment in unquoted equity securities,280,0.0,0.0,0.0,,tie,,,0.0
ZAMRE,2026-04,SFP,ASSETS,Non-Current Assets,deposit_for_investment_in_subsidiary,Deposit for investment in subsidiary,290,0.0,0.0,0.0,,tie,,,0.0
ZAMRE,2026-04,SFP,ASSETS,Non-Current Assets,deferred_tax,Deferred tax,310,0.0,0.0,0.0,,tie,,,0.0
ZAMRE,2026-04,SFP,ASSETS,Current Assets,trade_receivables,Trade Receivables (Debtors),320,33646270.58,33646270.59,-0.01,-0.0,tie,,,33646270.59
ZAMRE,2026-04,SFP,ASSETS,Current Assets,premium_receivables,Premium Receivables,330,141466496.95,141466496.95,0.0,0.0,tie,,,141466496.95
ZAMRE,2026-04,SFP,ASSETS,Current Assets,other_receivables,Other Receivables,340,456372.0,456372.0,0.0,0.0,tie,,,456372.0
ZAMRE,2026-04,SFP,ASSETS,Current Assets,due_from_to_related_parties,Due from/to related parties,350,-57419573.48,-57419573.48,-0.0,0.0,tie,,,-57419573.48
ZAMRE,2026-04,SFP,ASSETS,Current Assets,office_cash,Cash - Office Cash,360,8479154.19,8479154.19,0.0,0.0,tie,,,8479154.19
ZAMRE,2026-04,SFP,ASSETS,Current Assets,client_cash,Cash - Client Cash,370,73429241.4,73429241.4,-0.0,-0.0,tie,,,73429241.4
ZAMRE,2026-04,SFP,ASSETS,Current Assets,deposits,Cash - Deposits,380,33160000.0,33160000.0,0.0,0.0,tie,,,33160000.0
ZAMRE,2026-04,SFP,ASSETS,Current Assets,tax_recoverable,Tax recoverable,400,-5215105.94,-5215105.95,0.01,-0.0,tie,,,-5215105.95
ZAMRE,2026-04,SFP,EQUITY AND LIABILITIES,Equity,share_capital,Share capital,420,5000000.0,5000000.0,0.0,0.0,tie,,,-5000000.0
ZAMRE,2026-04,SFP,EQUITY AND LIABILITIES,Equity,translation_reserve,Translation reserve,430,0.0,0.0,0.0,,tie,,,0.0
ZAMRE,2026-04,SFP,EQUITY AND LIABILITIES,Equity,proposed_dividend,Proposed dividend,440,0.0,0.0,0.0,,tie,,,0.0
ZAMRE,2026-04,SFP,EQUITY AND LIABILITIES,Equity,retained_earnings,Retained earnings,450,4833892.0,4833892.0,0.0,0.0,tie,,,-4833892.0
ZAMRE,2026-04,SFP,EQUITY AND LIABILITIES,Equity,net_profit,Net Profit (derived),460,13593698.89,13593698.89,0.0,0.0,tie,,,-13593698.89
ZAMRE,2026-04,SFP,EQUITY AND LIABILITIES,Equity,non_controlling_interests,Non-controlling interests,470,0.0,0.0,0.0,,tie,,,0.0
ZAMRE,2026-04,SFP,EQUITY AND LIABILITIES,Current Liabilities,trade_and_other_payables,Trade and other payables,480,0.0,0.0,0.0,,tie,,,0.0
ZAMRE,2026-04,SFP,EQUITY AND LIABILITIES,Current Liabilities,premium_payable,Premium payable,500,209249264.81,209249264.81,0.0,0.0,tie,,,-209249264.81
ZAMRE,2026-04,SFP,EQUITY AND LIABILITIES,Current Liabilities,borrowings,Borrowings,510,0.0,0.0,0.0,,tie,,,0.0
ZAMRE,2026-05,SCI,INCOME,Revenue,actuarial_fees,Actuarial Fees,10,0.0,0.0,0.0,,tie,,,0.0
ZAMRE,2026-05,SCI,INCOME,Revenue,insurance_commissions,Insurance Commissions,40,35969538.0,35969538.0,0.0,0.0,tie,,,-35969538.0
ZAMRE,2026-05,SCI,INCOME,Revenue,saas_income,SAAS (Software as a Service),50,0.0,0.0,0.0,,tie,,,0.0
ZAMRE,2026-05,SCI,INCOME,Other income,other_income,Other Income,70,694246.82,694246.82,0.0,0.0,tie,,,-694246.82
ZAMRE,2026-05,SCI,EXPENSES,Operating expenses,personnel_costs,Personnel Costs,80,12861384.0,12861384.0,-0.0,-0.0,tie,,,12861384.0
ZAMRE,2026-05,SCI,EXPENSES,Operating expenses,travelling,Travelling,90,790678.0,790678.0,0.0,0.0,tie,,,790678.0
ZAMRE,2026-05,SCI,EXPENSES,Operating expenses,entertainment,Entertainment,100,342993.8,342993.8,0.0,0.0,tie,,,342993.8
ZAMRE,2026-05,SCI,EXPENSES,Operating expenses,it_costs,IT Costs,110,592462.86,592462.86,0.0,0.0,tie,,,592462.86
ZAMRE,2026-05,SCI,EXPENSES,Operating expenses,communications,Communications,120,35010.7,35010.7,0.0,0.0,tie,,,35010.7
ZAMRE,2026-05,SCI,EXPENSES,Operating expenses,printing_stationery,Printing & Stationery,130,33258.54,33258.54,0.0,0.0,tie,,,33258.54
ZAMRE,2026-05,SCI,EXPENSES,Operating expenses,premises,Premises,140,83310.37,83310.37,0.0,0.0,tie,,,83310.37
ZAMRE,2026-05,SCI,EXPENSES,Operating expenses,advertising_pr,Advertising & PR,150,299626.15,299626.15,0.0,0.0,tie,,,299626.15
ZAMRE,2026-05,SCI,EXPENSES,Operating expenses,insurance,Insurance,160,86192.55,86192.55,0.0,0.0,tie,,,86192.55
ZAMRE,2026-05,SCI,EXPENSES,Operating expenses,professional_fees,Professional Fees,170,493045.2,493045.2,0.0,0.0,tie,,,493045.2
ZAMRE,2026-05,SCI,EXPENSES,Operating expenses,depreciation,Depreciation,180,0.0,0.0,0.0,,tie,,,0.0
ZAMRE,2026-05,SCI,EXPENSES,Operating expenses,motor_vehicle_expenses,Motor Vehicle Expenses,190,108853.54,108853.54,0.0,0.0,tie,,,108853.54
ZAMRE,2026-05,SCI,EXPENSES,Operating expenses,general_expenses,General Expenses,200,135969.91,135969.91,0.0,0.0,tie,,,135969.91
ZAMRE,2026-05,SCI,EXPENSES,Operating expenses,management_expense,Management Expense,210,0.0,0.0,0.0,,tie,,,0.0
ZAMRE,2026-05,SCI,EXPENSES,Finance costs,finance_costs,Finance cost,220,6384.48,6384.48,0.0,0.0,tie,,,6384.48
ZAMRE,2026-05,SCI,EXPENSES,Taxation,taxation,Taxation,230,6238384.41,6238384.42,-0.01,-0.0,tie,,,6238384.42
ZAMRE,2026-05,SFP,ASSETS,Non-Current Assets,ppe,"Property, Plant and Equipment",240,0.0,0.0,0.0,,tie,,,0.0
ZAMRE,2026-05,SFP,ASSETS,Non-Current Assets,computer_software,Intangible - computer software,250,4674000.0,4674000.0,0.0,0.0,tie,,,4674000.0
ZAMRE,2026-05,SFP,ASSETS,Non-Current Assets,goodwill,Intangible - goodwill,260,0.0,0.0,0.0,,tie,,,0.0
ZAMRE,2026-05,SFP,ASSETS,Non-Current Assets,investment_in_associate,Investment in associate,270,0.0,0.0,0.0,,tie,,,0.0
ZAMRE,2026-05,SFP,ASSETS,Non-Current Assets,investment_unquoted_equity,Investment in unquoted equity securities,280,0.0,0.0,0.0,,tie,,,0.0
ZAMRE,2026-05,SFP,ASSETS,Non-Current Assets,deposit_for_investment_in_subsidiary,Deposit for investment in subsidiary,290,0.0,0.0,0.0,,tie,,,0.0
ZAMRE,2026-05,SFP,ASSETS,Non-Current Assets,deferred_tax,Deferred tax,310,0.0,0.0,0.0,,tie,,,0.0
ZAMRE,2026-05,SFP,ASSETS,Current Assets,trade_receivables,Trade Receivables (Debtors),320,30567954.99,30567955.0,-0.01,-0.0,tie,,,30567955.0
ZAMRE,2026-05,SFP,ASSETS,Current Assets,premium_receivables,Premium Receivables,330,163705271.9,163705271.9,-0.0,-0.0,tie,,,163705271.9
ZAMRE,2026-05,SFP,ASSETS,Current Assets,other_receivables,Other Receivables,340,505533.74,505533.74,-0.0,-0.0,tie,,,505533.74
ZAMRE,2026-05,SFP,ASSETS,Current Assets,due_from_to_related_parties,Due from/to related parties,350,-71577078.6,-71577078.6,0.0,-0.0,tie,,,-71577078.6
ZAMRE,2026-05,SFP,ASSETS,Current Assets,office_cash,Cash - Office Cash,360,53832266.95,53832266.95,-0.0,-0.0,tie,,,53832266.95
ZAMRE,2026-05,SFP,ASSETS,Current Assets,client_cash,Cash - Client Cash,370,33699586.43,33699586.43,-0.0,-0.0,tie,,,33699586.43
ZAMRE,2026-05,SFP,ASSETS,Current Assets,deposits,Cash - Deposits,380,43160000.0,43160000.0,0.0,0.0,tie,,,43160000.0
ZAMRE,2026-05,SFP,ASSETS,Current Assets,tax_recoverable,Tax recoverable,400,-5627619.4,-5627619.42,0.02,-0.0,tie,,,-5627619.42
ZAMRE,2026-05,SFP,EQUITY AND LIABILITIES,Equity,share_capital,Share capital,420,5000000.0,5000000.0,0.0,0.0,tie,,,-5000000.0
ZAMRE,2026-05,SFP,EQUITY AND LIABILITIES,Equity,translation_reserve,Translation reserve,430,0.0,0.0,0.0,,tie,,,0.0
ZAMRE,2026-05,SFP,EQUITY AND LIABILITIES,Equity,proposed_dividend,Proposed dividend,440,0.0,0.0,0.0,,tie,,,0.0
ZAMRE,2026-05,SFP,EQUITY AND LIABILITIES,Equity,retained_earnings,Retained earnings,450,4833892.0,4833892.0,0.0,0.0,tie,,,-4833892.0
ZAMRE,2026-05,SFP,EQUITY AND LIABILITIES,Equity,net_profit,Net Profit (derived),460,14556230.31,14556230.3,0.01,0.0,tie,,,-14556230.3
ZAMRE,2026-05,SFP,EQUITY AND LIABILITIES,Equity,non_controlling_interests,Non-controlling interests,470,0.0,0.0,0.0,,tie,,,0.0
ZAMRE,2026-05,SFP,EQUITY AND LIABILITIES,Current Liabilities,trade_and_other_payables,Trade and other payables,480,0.0,0.0,0.0,,tie,,,0.0
ZAMRE,2026-05,SFP,EQUITY AND LIABILITIES,Current Liabilities,premium_payable,Premium payable,500,228549793.7,228549793.71,-0.01,-0.0,tie,,,-228549793.71
ZAMRE,2026-05,SFP,EQUITY AND LIABILITIES,Current Liabilities,borrowings,Borrowings,510,0.0,0.0,0.0,,tie,,,0.0
ZAMRE,2026-06,SCI,INCOME,Revenue,actuarial_fees,Actuarial Fees,10,0.0,0.0,0.0,,tie,,,0.0
ZAMRE,2026-06,SCI,INCOME,Revenue,insurance_commissions,Insurance Commissions,40,47590934.0,47590934.0,0.0,0.0,tie,,,-47590934.0
ZAMRE,2026-06,SCI,INCOME,Revenue,saas_income,SAAS (Software as a Service),50,0.0,0.0,0.0,,tie,,,0.0
ZAMRE,2026-06,SCI,INCOME,Other income,other_income,Other Income,70,956969.32,956969.32,0.0,0.0,tie,,,-956969.32
ZAMRE,2026-06,SCI,EXPENSES,Operating expenses,personnel_costs,Personnel Costs,80,15824470.67,15824470.67,0.0,0.0,tie,,,15824470.67
ZAMRE,2026-06,SCI,EXPENSES,Operating expenses,travelling,Travelling,90,2557802.5,2557802.5,0.0,0.0,tie,,,2557802.5
ZAMRE,2026-06,SCI,EXPENSES,Operating expenses,entertainment,Entertainment,100,956411.8,956411.8,0.0,0.0,tie,,,956411.8
ZAMRE,2026-06,SCI,EXPENSES,Operating expenses,it_costs,IT Costs,110,592462.86,592462.86,0.0,0.0,tie,,,592462.86
ZAMRE,2026-06,SCI,EXPENSES,Operating expenses,communications,Communications,120,40337.42,40337.42,0.0,0.0,tie,,,40337.42
ZAMRE,2026-06,SCI,EXPENSES,Operating expenses,printing_stationery,Printing & Stationery,130,43375.28,43375.28,0.0,0.0,tie,,,43375.28
ZAMRE,2026-06,SCI,EXPENSES,Operating expenses,premises,Premises,140,102474.17,102474.17,-0.0,-0.0,tie,,,102474.17
ZAMRE,2026-06,SCI,EXPENSES,Operating expenses,advertising_pr,Advertising & PR,150,346828.79,346828.79,0.0,0.0,tie,,,346828.79
ZAMRE,2026-06,SCI,EXPENSES,Operating expenses,insurance,Insurance,160,86192.55,86192.55,0.0,0.0,tie,,,86192.55
ZAMRE,2026-06,SCI,EXPENSES,Operating expenses,professional_fees,Professional Fees,170,501582.8,501582.8,0.0,0.0,tie,,,501582.8
ZAMRE,2026-06,SCI,EXPENSES,Operating expenses,depreciation,Depreciation,180,0.0,0.0,0.0,,tie,,,0.0
ZAMRE,2026-06,SCI,EXPENSES,Operating expenses,motor_vehicle_expenses,Motor Vehicle Expenses,190,128743.82,128743.82,0.0,0.0,tie,,,128743.82
ZAMRE,2026-06,SCI,EXPENSES,Operating expenses,general_expenses,General Expenses,200,147387.7,147387.7,0.0,0.0,tie,,,147387.7
ZAMRE,2026-06,SCI,EXPENSES,Operating expenses,management_expense,Management Expense,210,0.0,0.0,0.0,,tie,,,0.0
ZAMRE,2026-06,SCI,EXPENSES,Finance costs,finance_costs,Finance cost,220,7980.6,7980.6,0.0,0.0,tie,,,7980.6
ZAMRE,2026-06,SCI,EXPENSES,Taxation,taxation,Taxation,230,8163555.7,8163555.71,-0.01,-0.0,tie,,,8163555.71
ZAMRE,2026-06,SFP,ASSETS,Non-Current Assets,ppe,"Property, Plant and Equipment",240,0.0,0.0,0.0,,tie,,,0.0
ZAMRE,2026-06,SFP,ASSETS,Non-Current Assets,computer_software,Intangible - computer software,250,6878000.0,6878000.0,0.0,0.0,tie,,,6878000.0
ZAMRE,2026-06,SFP,ASSETS,Non-Current Assets,goodwill,Intangible - goodwill,260,0.0,0.0,0.0,,tie,,,0.0
ZAMRE,2026-06,SFP,ASSETS,Non-Current Assets,investment_in_associate,Investment in associate,270,0.0,0.0,0.0,,tie,,,0.0
ZAMRE,2026-06,SFP,ASSETS,Non-Current Assets,investment_unquoted_equity,Investment in unquoted equity securities,280,0.0,0.0,0.0,,tie,,,0.0
ZAMRE,2026-06,SFP,ASSETS,Non-Current Assets,deposit_for_investment_in_subsidiary,Deposit for investment in subsidiary,290,0.0,0.0,0.0,,tie,,,0.0
ZAMRE,2026-06,SFP,ASSETS,Non-Current Assets,deferred_tax,Deferred tax,310,0.0,0.0,0.0,,tie,,,0.0
ZAMRE,2026-06,SFP,ASSETS,Current Assets,trade_receivables,Trade Receivables (Debtors),320,38672835.39,38672835.4,-0.01,-0.0,tie,,,38672835.4
ZAMRE,2026-06,SFP,ASSETS,Current Assets,premium_receivables,Premium Receivables,330,184229673.89,184229673.89,0.0,0.0,tie,,,184229673.89
ZAMRE,2026-06,SFP,ASSETS,Current Assets,other_receivables,Other Receivables,340,118401.23,118401.23,-0.0,-0.0,tie,,,118401.23
ZAMRE,2026-06,SFP,ASSETS,Current Assets,due_from_to_related_parties,Due from/to related parties,350,-67509436.66,-67509436.66,-0.0,0.0,tie,,,-67509436.66
ZAMRE,2026-06,SFP,ASSETS,Current Assets,office_cash,Cash - Office Cash,360,17943811.82,17943811.83,-0.01,-0.0,tie,,,17943811.83
ZAMRE,2026-06,SFP,ASSETS,Current Assets,client_cash,Cash - Client Cash,370,69724302.66,69724302.66,0.0,0.0,tie,,,69724302.66
ZAMRE,2026-06,SFP,ASSETS,Current Assets,deposits,Cash - Deposits,380,33160000.0,33160000.0,0.0,0.0,tie,,,33160000.0
ZAMRE,2026-06,SFP,ASSETS,Current Assets,tax_recoverable,Tax recoverable,400,-6942790.69,-6942790.71,0.02,-0.0,tie,,,-6942790.71
ZAMRE,2026-06,SFP,EQUITY AND LIABILITIES,Equity,share_capital,Share capital,420,5000000.0,5000000.0,0.0,0.0,tie,,,-5000000.0
ZAMRE,2026-06,SFP,EQUITY AND LIABILITIES,Equity,translation_reserve,Translation reserve,430,0.0,0.0,0.0,,tie,,,0.0
ZAMRE,2026-06,SFP,EQUITY AND LIABILITIES,Equity,proposed_dividend,Proposed dividend,440,0.0,0.0,0.0,,tie,,,0.0
ZAMRE,2026-06,SFP,EQUITY AND LIABILITIES,Equity,retained_earnings,Retained earnings,450,4833892.0,4833892.0,0.0,0.0,tie,,,-4833892.0
ZAMRE,2026-06,SFP,EQUITY AND LIABILITIES,Equity,net_profit,Net Profit (derived),460,19048296.66,19048296.65,0.01,0.0,tie,,,-19048296.65
ZAMRE,2026-06,SFP,EQUITY AND LIABILITIES,Equity,non_controlling_interests,Non-controlling interests,470,0.0,0.0,0.0,,tie,,,0.0
ZAMRE,2026-06,SFP,EQUITY AND LIABILITIES,Current Liabilities,trade_and_other_payables,Trade and other payables,480,0.0,0.0,0.0,,tie,,,0.0
ZAMRE,2026-06,SFP,EQUITY AND LIABILITIES,Current Liabilities,premium_payable,Premium payable,500,247392608.98,247392608.98,0.0,0.0,tie,,,-247392608.98
ZAMRE,2026-06,SFP,EQUITY AND LIABILITIES,Current Liabilities,borrowings,Borrowings,510,0.0,0.0,0.0,,tie,,,0.0
ZARIB,2026-02,SCI,INCOME,Revenue,actuarial_fees,Actuarial Fees,10,0.0,0.0,0.0,,tie,,,0.0
ZARIB,2026-02,SCI,INCOME,Revenue,insurance_commissions,Insurance Commissions,40,513772902.97,513772902.97,0.0,0.0,tie,,,-513772902.97
ZARIB,2026-02,SCI,INCOME,Revenue,saas_income,SAAS (Software as a Service),50,0.0,0.0,0.0,,tie,,,0.0
ZARIB,2026-02,SCI,INCOME,Other income,other_income,Other Income,70,5556851.33,5556851.33,0.0,0.0,tie,,,-5556851.33
ZARIB,2026-02,SCI,EXPENSES,Operating expenses,personnel_costs,Personnel Costs,80,51161172.66,51161172.66,0.0,0.0,tie,,,51161172.66
ZARIB,2026-02,SCI,EXPENSES,Operating expenses,travelling,Travelling,90,938552.0,938552.0,0.0,0.0,tie,,,938552.0
ZARIB,2026-02,SCI,EXPENSES,Operating expenses,entertainment,Entertainment,100,3009855.17,3009855.17,0.0,0.0,tie,,,3009855.17
ZARIB,2026-02,SCI,EXPENSES,Operating expenses,it_costs,IT Costs,110,1514010.69,1514010.69,0.0,0.0,tie,,,1514010.69
ZARIB,2026-02,SCI,EXPENSES,Operating expenses,communications,Communications,120,704751.74,704751.74,0.0,0.0,tie,,,704751.74
ZARIB,2026-02,SCI,EXPENSES,Operating expenses,printing_stationery,Printing & Stationery,130,379811.15,379811.15,0.0,0.0,tie,,,379811.15
ZARIB,2026-02,SCI,EXPENSES,Operating expenses,premises,Premises,140,7890452.16,7890452.16,0.0,0.0,tie,,,7890452.16
ZARIB,2026-02,SCI,EXPENSES,Operating expenses,advertising_pr,Advertising & PR,150,580740.69,580740.69,0.0,0.0,tie,,,580740.69
ZARIB,2026-02,SCI,EXPENSES,Operating expenses,insurance,Insurance,160,2275226.66,2275226.66,0.0,0.0,tie,,,2275226.66
ZARIB,2026-02,SCI,EXPENSES,Operating expenses,professional_fees,Professional Fees,170,1619308.36,1619308.36,-0.0,-0.0,tie,,,1619308.36
ZARIB,2026-02,SCI,EXPENSES,Operating expenses,depreciation,Depreciation,180,4268182.34,4268181.96,0.38,0.0,tie,,,4268181.96
ZARIB,2026-02,SCI,EXPENSES,Operating expenses,motor_vehicle_expenses,Motor Vehicle Expenses,190,1509355.46,1509355.46,0.0,0.0,tie,,,1509355.46
ZARIB,2026-02,SCI,EXPENSES,Operating expenses,general_expenses,General Expenses,200,3729457.0,3729457.0,-0.0,-0.0,tie,,,3729457.0
ZARIB,2026-02,SCI,EXPENSES,Operating expenses,management_expense,Management Expense,210,0.0,0.0,0.0,,tie,,,0.0
ZARIB,2026-02,SCI,EXPENSES,Finance costs,finance_costs,Finance cost,220,188768.6,188768.6,0.0,0.0,tie,,,188768.6
ZARIB,2026-02,SCI,EXPENSES,Taxation,taxation,Taxation,230,133030620.72,133030620.72,0.0,0.0,tie,,,133030620.72
ZARIB,2026-02,SFP,ASSETS,Non-Current Assets,ppe,"Property, Plant and Equipment",240,66897548.66,66897548.65,0.01,0.0,tie,,,66897548.65
ZARIB,2026-02,SFP,ASSETS,Non-Current Assets,computer_software,Intangible - computer software,250,16888695.68,16888695.68,0.0,0.0,tie,,,16888695.68
ZARIB,2026-02,SFP,ASSETS,Non-Current Assets,goodwill,Intangible - goodwill,260,0.0,0.0,0.0,,tie,,,0.0
ZARIB,2026-02,SFP,ASSETS,Non-Current Assets,investment_in_associate,Investment in associate,270,0.0,0.0,0.0,,tie,,,0.0
ZARIB,2026-02,SFP,ASSETS,Non-Current Assets,investment_unquoted_equity,Investment in unquoted equity securities,280,0.0,0.0,0.0,,tie,,,0.0
ZARIB,2026-02,SFP,ASSETS,Non-Current Assets,deposit_for_investment_in_subsidiary,Deposit for investment in subsidiary,290,1060688.0,1060688.0,0.0,0.0,tie,,,1060688.0
ZARIB,2026-02,SFP,ASSETS,Non-Current Assets,deferred_tax,Deferred tax,310,31050038.23,31050038.23,0.0,0.0,tie,,,31050038.23
ZARIB,2026-02,SFP,ASSETS,Current Assets,trade_receivables,Trade Receivables (Debtors),320,409667315.24,409667315.24,0.0,0.0,tie,,,409667315.24
ZARIB,2026-02,SFP,ASSETS,Current Assets,premium_receivables,Premium Receivables,330,1504822858.5,1504822858.5,0.0,0.0,tie,,,1504822858.5
ZARIB,2026-02,SFP,ASSETS,Current Assets,other_receivables,Other Receivables,340,-34348729.68,-34348729.68,0.0,-0.0,tie,,,-34348729.68
ZARIB,2026-02,SFP,ASSETS,Current Assets,due_from_to_related_parties,Due from/to related parties,350,329405302.38,329405302.38,0.0,0.0,tie,,,329405302.38
ZARIB,2026-02,SFP,ASSETS,Current Assets,office_cash,Cash - Office Cash,360,99829060.32,99829060.32,0.0,0.0,tie,,,99829060.32
ZARIB,2026-02,SFP,ASSETS,Current Assets,client_cash,Cash - Client Cash,370,347351768.66,347351768.66,-0.0,-0.0,tie,,,347351768.66
ZARIB,2026-02,SFP,ASSETS,Current Assets,deposits,Cash - Deposits,380,421793557.23,421793557.23,0.0,0.0,tie,,,421793557.23
ZARIB,2026-02,SFP,ASSETS,Current Assets,placements,Cash - Placements,390,129512975.91,129512975.91,0.0,0.0,tie,,,129512975.91
ZARIB,2026-02,SFP,ASSETS,Current Assets,tax_recoverable,Tax recoverable,400,-117135968.94,-117135968.94,0.0,-0.0,tie,,,-117135968.94
ZARIB,2026-02,SFP,EQUITY AND LIABILITIES,Equity,share_capital,Share capital,420,33360000.0,33360000.0,0.0,0.0,tie,,,-33360000.0
ZARIB,2026-02,SFP,EQUITY AND LIABILITIES,Equity,translation_reserve,Translation reserve,430,758850.95,758850.95,0.0,0.0,tie,,,-758850.95
ZARIB,2026-02,SFP,EQUITY AND LIABILITIES,Equity,proposed_dividend,Proposed dividend,440,0.0,0.0,0.0,,tie,,,0.0
ZARIB,2026-02,SFP,EQUITY AND LIABILITIES,Equity,retained_earnings,Retained earnings,450,1155073703.75,1155073703.75,0.0,0.0,tie,,,-1155073703.75
ZARIB,2026-02,SFP,EQUITY AND LIABILITIES,Equity,net_profit,Net Profit (derived),460,306529488.9,306529489.28,-0.38,-0.0,tie,,,-306529489.28
ZARIB,2026-02,SFP,EQUITY AND LIABILITIES,Equity,non_controlling_interests,Non-controlling interests,470,0.0,0.0,0.0,,tie,,,0.0
ZARIB,2026-02,SFP,EQUITY AND LIABILITIES,Current Liabilities,trade_and_other_payables,Trade and other payables,480,59684097.34,59684097.34,0.0,0.0,tie,,,-59684097.34
ZARIB,2026-02,SFP,EQUITY AND LIABILITIES,Current Liabilities,premium_payable,Premium payable,500,1651388968.87,1651388968.87,0.0,0.0,tie,,,-1651388968.87
ZARIB,2026-02,SFP,EQUITY AND LIABILITIES,Current Liabilities,borrowings,Borrowings,510,0.0,0.0,0.0,,tie,,,0.0
ZARIB,2026-03,SCI,INCOME,Revenue,actuarial_fees,Actuarial Fees,10,0.0,0.0,0.0,,tie,,,0.0
ZARIB,2026-03,SCI,INCOME,Revenue,insurance_commissions,Insurance Commissions,40,651315695.6,651315695.6,-0.0,-0.0,tie,,,-651315695.6
ZARIB,2026-03,SCI,INCOME,Revenue,saas_income,SAAS (Software as a Service),50,0.0,0.0,0.0,,tie,,,0.0
ZARIB,2026-03,SCI,INCOME,Other income,other_income,Other Income,70,13001555.86,13001555.86,0.0,0.0,tie,,,-13001555.86
ZARIB,2026-03,SCI,EXPENSES,Operating expenses,personnel_costs,Personnel Costs,80,118448005.67,129698005.67,-11250000.0,-8.67,DIFFERENCE,classification,,129698005.67
ZARIB,2026-03,SCI,EXPENSES,Operating expenses,travelling,Travelling,90,1757792.02,1757792.02,0.0,0.0,tie,,,1757792.02
ZARIB,2026-03,SCI,EXPENSES,Operating expenses,entertainment,Entertainment,100,3646986.83,3646986.83,0.0,0.0,tie,,,3646986.83
ZARIB,2026-03,SCI,EXPENSES,Operating expenses,it_costs,IT Costs,110,4926364.69,4926364.69,0.0,0.0,tie,,,4926364.69
ZARIB,2026-03,SCI,EXPENSES,Operating expenses,communications,Communications,120,1576681.02,1576681.02,0.0,0.0,tie,,,1576681.02
ZARIB,2026-03,SCI,EXPENSES,Operating expenses,printing_stationery,Printing & Stationery,130,707531.96,707531.96,0.0,0.0,tie,,,707531.96
ZARIB,2026-03,SCI,EXPENSES,Operating expenses,premises,Premises,140,10419778.92,10419778.92,0.0,0.0,tie,,,10419778.92
ZARIB,2026-03,SCI,EXPENSES,Operating expenses,advertising_pr,Advertising & PR,150,1514461.91,1514461.91,0.0,0.0,tie,,,1514461.91
ZARIB,2026-03,SCI,EXPENSES,Operating expenses,insurance,Insurance,160,3405306.24,3405306.24,0.0,0.0,tie,,,3405306.24
ZARIB,2026-03,SCI,EXPENSES,Operating expenses,professional_fees,Professional Fees,170,2980337.36,2980337.36,0.0,0.0,tie,,,2980337.36
ZARIB,2026-03,SCI,EXPENSES,Operating expenses,depreciation,Depreciation,180,6367123.64,6367123.26,0.38,0.0,tie,,,6367123.26
ZARIB,2026-03,SCI,EXPENSES,Operating expenses,motor_vehicle_expenses,Motor Vehicle Expenses,190,2462202.0,2462202.0,0.0,0.0,tie,,,2462202.0
ZARIB,2026-03,SCI,EXPENSES,Operating expenses,general_expenses,General Expenses,200,6003870.4,6003870.4,0.0,0.0,tie,,,6003870.4
ZARIB,2026-03,SCI,EXPENSES,Operating expenses,management_expense,Management Expense,210,0.0,0.0,0.0,,tie,,,0.0
ZARIB,2026-03,SCI,EXPENSES,Finance costs,finance_costs,Finance cost,220,721017.58,721017.58,0.0,0.0,tie,,,721017.58
ZARIB,2026-03,SCI,EXPENSES,Taxation,taxation,Taxation,230,149813937.37,146438937.37,3375000.0,2.3,DIFFERENCE,classification,,146438937.37
ZARIB,2026-03,SFP,ASSETS,Non-Current Assets,ppe,"Property, Plant and Equipment",240,65592150.29,65592150.29,0.0,0.0,tie,,,65592150.29
ZARIB,2026-03,SFP,ASSETS,Non-Current Assets,computer_software,Intangible - computer software,250,16465498.75,16465498.75,0.0,0.0,tie,,,16465498.75
ZARIB,2026-03,SFP,ASSETS,Non-Current Assets,goodwill,Intangible - goodwill,260,0.0,0.0,0.0,,tie,,,0.0
ZARIB,2026-03,SFP,ASSETS,Non-Current Assets,investment_in_associate,Investment in associate,270,0.0,0.0,0.0,,tie,,,0.0
ZARIB,2026-03,SFP,ASSETS,Non-Current Assets,investment_unquoted_equity,Investment in unquoted equity securities,280,0.0,0.0,0.0,,tie,,,0.0
ZARIB,2026-03,SFP,ASSETS,Non-Current Assets,deposit_for_investment_in_subsidiary,Deposit for investment in subsidiary,290,1060688.0,1060688.0,0.0,0.0,tie,,,1060688.0
ZARIB,2026-03,SFP,ASSETS,Non-Current Assets,deferred_tax,Deferred tax,310,31050038.23,31050038.23,0.0,0.0,tie,,,31050038.23
ZARIB,2026-03,SFP,ASSETS,Current Assets,trade_receivables,Trade Receivables (Debtors),320,486570962.67,486570962.67,0.0,0.0,tie,,,486570962.67
ZARIB,2026-03,SFP,ASSETS,Current Assets,premium_receivables,Premium Receivables,330,2129958096.16,2129958096.16,-0.0,-0.0,tie,,,2129958096.16
ZARIB,2026-03,SFP,ASSETS,Current Assets,other_receivables,Other Receivables,340,-30508774.03,-30508774.03,0.0,-0.0,tie,,,-30508774.03
ZARIB,2026-03,SFP,ASSETS,Current Assets,due_from_to_related_parties,Due from/to related parties,350,339370235.94,339370235.94,0.0,0.0,tie,,,339370235.94
ZARIB,2026-03,SFP,ASSETS,Current Assets,office_cash,Cash - Office Cash,360,130680522.5,130680522.5,-0.0,-0.0,tie,,,130680522.5
ZARIB,2026-03,SFP,ASSETS,Current Assets,client_cash,Cash - Client Cash,370,113660264.94,113660264.94,-0.0,-0.0,tie,,,113660264.94
ZARIB,2026-03,SFP,ASSETS,Current Assets,deposits,Cash - Deposits,380,371830978.47,371830978.47,0.0,0.0,tie,,,371830978.47
ZARIB,2026-03,SFP,ASSETS,Current Assets,placements,Cash - Placements,390,179936116.0,179936116.0,0.0,0.0,tie,,,179936116.0
ZARIB,2026-03,SFP,ASSETS,Current Assets,tax_recoverable,Tax recoverable,400,-121121682.59,-117746682.59,-3375000.0,2.87,DIFFERENCE,classification,,-117746682.59
ZARIB,2026-03,SFP,EQUITY AND LIABILITIES,Equity,share_capital,Share capital,420,33360000.0,33360000.0,0.0,0.0,tie,,,-33360000.0
ZARIB,2026-03,SFP,EQUITY AND LIABILITIES,Equity,translation_reserve,Translation reserve,430,758850.95,758850.95,0.0,0.0,tie,,,-758850.95
ZARIB,2026-03,SFP,EQUITY AND LIABILITIES,Equity,proposed_dividend,Proposed dividend,440,0.0,0.0,0.0,,tie,,,0.0
ZARIB,2026-03,SFP,EQUITY AND LIABILITIES,Equity,retained_earnings,Retained earnings,450,1201525218.75,1201525218.75,0.0,0.0,tie,,,-1201525218.75
ZARIB,2026-03,SFP,EQUITY AND LIABILITIES,Equity,net_profit,Net Profit (derived),460,349565853.85,341690854.24,7874999.61,2.3,DIFFERENCE,classification,,-341690854.24
ZARIB,2026-03,SFP,EQUITY AND LIABILITIES,Equity,non_controlling_interests,Non-controlling interests,470,0.0,0.0,0.0,,tie,,,0.0
ZARIB,2026-03,SFP,EQUITY AND LIABILITIES,Current Liabilities,trade_and_other_payables,Trade and other payables,480,56873605.2,68123605.2,-11250000.0,-16.51,DIFFERENCE,classification,,-68123605.2
ZARIB,2026-03,SFP,EQUITY AND LIABILITIES,Current Liabilities,deferred_revenue,Deferred Revenue,490,0.0,0.0,0.0,,tie,,,0.0
ZARIB,2026-03,SFP,EQUITY AND LIABILITIES,Current Liabilities,premium_payable,Premium payable,500,2072461566.19,2072461566.19,0.0,0.0,tie,,,-2072461566.19
ZARIB,2026-03,SFP,EQUITY AND LIABILITIES,Current Liabilities,borrowings,Borrowings,510,0.0,0.0,0.0,,tie,,,0.0
ZARIB,2026-04,SCI,INCOME,Revenue,actuarial_fees,Actuarial Fees,10,0.0,0.0,0.0,,tie,,,0.0
ZARIB,2026-04,SCI,INCOME,Revenue,insurance_commissions,Insurance Commissions,40,833228807.49,833228807.49,-0.0,-0.0,tie,,,-833228807.49
ZARIB,2026-04,SCI,INCOME,Revenue,saas_income,SAAS (Software as a Service),50,0.0,0.0,0.0,,tie,,,0.0
ZARIB,2026-04,SCI,INCOME,Other income,other_income,Other Income,70,20659389.39,20659389.39,-0.0,-0.0,tie,,,-20659389.39
ZARIB,2026-04,SCI,EXPENSES,Operating expenses,personnel_costs,Personnel Costs,80,169785371.85,184785371.85,-15000000.0,-8.12,DIFFERENCE,classification,,184785371.85
ZARIB,2026-04,SCI,EXPENSES,Operating expenses,travelling,Travelling,90,3721656.22,3721656.22,-0.0,-0.0,tie,,,3721656.22
ZARIB,2026-04,SCI,EXPENSES,Operating expenses,entertainment,Entertainment,100,6690346.62,6690346.62,0.0,0.0,tie,,,6690346.62
ZARIB,2026-04,SCI,EXPENSES,Operating expenses,it_costs,IT Costs,110,6489897.19,6489897.19,0.0,0.0,tie,,,6489897.19
ZARIB,2026-04,SCI,EXPENSES,Operating expenses,communications,Communications,120,2011700.72,2011700.72,0.0,0.0,tie,,,2011700.72
ZARIB,2026-04,SCI,EXPENSES,Operating expenses,printing_stationery,Printing & Stationery,130,942610.72,942610.72,0.0,0.0,tie,,,942610.72
ZARIB,2026-04,SCI,EXPENSES,Operating expenses,premises,Premises,140,13913610.98,13913610.98,-0.0,-0.0,tie,,,13913610.98
ZARIB,2026-04,SCI,EXPENSES,Operating expenses,advertising_pr,Advertising & PR,150,2069572.22,2069572.22,0.0,0.0,tie,,,2069572.22
ZARIB,2026-04,SCI,EXPENSES,Operating expenses,insurance,Insurance,160,4561957.9,4561957.9,0.0,0.0,tie,,,4561957.9
ZARIB,2026-04,SCI,EXPENSES,Operating expenses,professional_fees,Professional Fees,170,5135248.32,5135248.32,0.0,0.0,tie,,,5135248.32
ZARIB,2026-04,SCI,EXPENSES,Operating expenses,depreciation,Depreciation,180,8399181.2,8399181.19,0.01,0.0,tie,,,8399181.19
ZARIB,2026-04,SCI,EXPENSES,Operating expenses,motor_vehicle_expenses,Motor Vehicle Expenses,190,3537755.38,3537755.38,0.0,0.0,tie,,,3537755.38
ZARIB,2026-04,SCI,EXPENSES,Operating expenses,general_expenses,General Expenses,200,8625740.49,8625740.11,0.38,0.0,tie,,,8625740.11
ZARIB,2026-04,SCI,EXPENSES,Operating expenses,management_expense,Management Expense,210,0.0,0.0,0.0,,tie,,,0.0
ZARIB,2026-04,SCI,EXPENSES,Finance costs,finance_costs,Finance cost,220,1720318.26,1720318.26,0.0,0.0,tie,,,1720318.26
ZARIB,2026-04,SCI,EXPENSES,Taxation,taxation,Taxation,230,180384968.65,180384968.65,0.0,0.0,tie,,,180384968.65
ZARIB,2026-04,SFP,ASSETS,Non-Current Assets,ppe,"Property, Plant and Equipment",240,65368530.78,65368530.77,0.01,0.0,tie,,,65368530.77
ZARIB,2026-04,SFP,ASSETS,Non-Current Assets,computer_software,Intangible - computer software,250,22565801.83,22565801.83,0.0,0.0,tie,,,22565801.83
ZARIB,2026-04,SFP,ASSETS,Non-Current Assets,goodwill,Intangible - goodwill,260,0.0,0.0,0.0,,tie,,,0.0
ZARIB,2026-04,SFP,ASSETS,Non-Current Assets,investment_in_associate,Investment in associate,270,0.0,0.0,0.0,,tie,,,0.0
ZARIB,2026-04,SFP,ASSETS,Non-Current Assets,investment_unquoted_equity,Investment in unquoted equity securities,280,0.0,0.0,0.0,,tie,,,0.0
ZARIB,2026-04,SFP,ASSETS,Non-Current Assets,deposit_for_investment_in_subsidiary,Deposit for investment in subsidiary,290,1060688.0,1060688.0,0.0,0.0,tie,,,1060688.0
ZARIB,2026-04,SFP,ASSETS,Non-Current Assets,deferred_tax,Deferred tax,310,31050038.23,31050038.23,0.0,0.0,tie,,,31050038.23
ZARIB,2026-04,SFP,ASSETS,Current Assets,trade_receivables,Trade Receivables (Debtors),320,430466958.03,430466958.04,-0.01,-0.0,tie,,,430466958.04
ZARIB,2026-04,SFP,ASSETS,Current Assets,premium_receivables,Premium Receivables,330,2201631043.31,2201631043.3,0.01,0.0,tie,,,2201631043.3
ZARIB,2026-04,SFP,ASSETS,Current Assets,other_receivables,Other Receivables,340,-36070222.81,-36070222.81,0.0,-0.0,tie,,,-36070222.81
ZARIB,2026-04,SFP,ASSETS,Current Assets,due_from_to_related_parties,Due from/to related parties,350,331542532.96,331542532.96,0.0,0.0,tie,,,331542532.96
ZARIB,2026-04,SFP,ASSETS,Current Assets,office_cash,Cash - Office Cash,360,23130739.02,23130739.02,0.0,0.0,tie,,,23130739.02
ZARIB,2026-04,SFP,ASSETS,Current Assets,client_cash,Cash - Client Cash,370,194905837.97,194905837.97,0.0,0.0,tie,,,194905837.97
ZARIB,2026-04,SFP,ASSETS,Current Assets,deposits,Cash - Deposits,380,896271492.17,896271492.17,0.0,0.0,tie,,,896271492.17
ZARIB,2026-04,SFP,ASSETS,Current Assets,placements,Cash - Placements,390,142446879.6,142446879.6,0.0,0.0,tie,,,142446879.6
ZARIB,2026-04,SFP,ASSETS,Current Assets,tax_recoverable,Tax recoverable,400,-106417101.89,-106417101.89,0.0,-0.0,tie,,,-106417101.89
ZARIB,2026-04,SFP,EQUITY AND LIABILITIES,Equity,share_capital,Share capital,420,33360000.0,33360000.0,0.0,0.0,tie,,,-33360000.0
ZARIB,2026-04,SFP,EQUITY AND LIABILITIES,Equity,translation_reserve,Translation reserve,430,758850.95,758850.95,0.0,0.0,tie,,,-758850.95
ZARIB,2026-04,SFP,EQUITY AND LIABILITIES,Equity,proposed_dividend,Proposed dividend,440,0.0,0.0,0.0,,tie,,,0.0
ZARIB,2026-04,SFP,EQUITY AND LIABILITIES,Equity,retained_earnings,Retained earnings,450,1189689872.0,1189689872.0,0.0,0.0,tie,,,-1189689872.0
ZARIB,2026-04,SFP,EQUITY AND LIABILITIES,Equity,net_profit,Net Profit (derived),460,435898260.16,420898260.55,14999999.61,3.56,DIFFERENCE,classification,offset by Trade and other payables,-420898260.55
ZARIB,2026-04,SFP,EQUITY AND LIABILITIES,Equity,non_controlling_interests,Non-controlling interests,470,0.0,0.0,0.0,,tie,,,0.0
ZARIB,2026-04,SFP,EQUITY AND LIABILITIES,Current Liabilities,trade_and_other_payables,Trade and other payables,480,56225598.39,71225598.39,-15000000.0,-21.06,DIFFERENCE,classification,offset by Net Profit (derived),-71225598.39
ZARIB,2026-04,SFP,EQUITY AND LIABILITIES,Current Liabilities,deferred_revenue,Deferred Revenue,490,0.0,0.0,0.0,,tie,,,0.0
ZARIB,2026-04,SFP,EQUITY AND LIABILITIES,Current Liabilities,premium_payable,Premium payable,500,2482020635.29,2482020635.29,0.0,0.0,tie,,,-2482020635.29
ZARIB,2026-04,SFP,EQUITY AND LIABILITIES,Current Liabilities,borrowings,Borrowings,510,0.0,0.0,0.0,,tie,,,0.0
ZARIB,2026-05,SCI,INCOME,Revenue,actuarial_fees,Actuarial Fees,10,0.0,0.0,0.0,,tie,,,0.0
ZARIB,2026-05,SCI,INCOME,Revenue,insurance_commissions,Insurance Commissions,40,884741909.86,884741909.86,0.0,0.0,tie,,,-884741909.86
ZARIB,2026-05,SCI,INCOME,Revenue,saas_income,SAAS (Software as a Service),50,0.0,0.0,0.0,,tie,,,0.0
ZARIB,2026-05,SCI,INCOME,Other income,other_income,Other Income,70,22847779.89,22847779.89,0.0,0.0,tie,,,-22847779.89
ZARIB,2026-05,SCI,EXPENSES,Operating expenses,personnel_costs,Personnel Costs,80,233812206.14,233812206.14,0.0,0.0,tie,,,233812206.14
ZARIB,2026-05,SCI,EXPENSES,Operating expenses,travelling,Travelling,90,4561386.24,4561386.24,0.0,0.0,tie,,,4561386.24
ZARIB,2026-05,SCI,EXPENSES,Operating expenses,entertainment,Entertainment,100,8107212.4,8107212.4,0.0,0.0,tie,,,8107212.4
ZARIB,2026-05,SCI,EXPENSES,Operating expenses,it_costs,IT Costs,110,15926326.67,15926326.67,-0.0,-0.0,tie,,,15926326.67
ZARIB,2026-05,SCI,EXPENSES,Operating expenses,communications,Communications,120,2452569.33,2452569.33,0.0,0.0,tie,,,2452569.33
ZARIB,2026-05,SCI,EXPENSES,Operating expenses,printing_stationery,Printing & Stationery,130,1239674.36,1239674.36,-0.0,-0.0,tie,,,1239674.36
ZARIB,2026-05,SCI,EXPENSES,Operating expenses,premises,Premises,140,16986895.76,16986895.76,0.0,0.0,tie,,,16986895.76
ZARIB,2026-05,SCI,EXPENSES,Operating expenses,advertising_pr,Advertising & PR,150,2658243.29,2658243.29,0.0,0.0,tie,,,2658243.29
ZARIB,2026-05,SCI,EXPENSES,Operating expenses,insurance,Insurance,160,8192037.48,8192037.48,0.0,0.0,tie,,,8192037.48
ZARIB,2026-05,SCI,EXPENSES,Operating expenses,professional_fees,Professional Fees,170,8182214.32,8182214.32,0.0,0.0,tie,,,8182214.32
ZARIB,2026-05,SCI,EXPENSES,Operating expenses,depreciation,Depreciation,180,10501111.22,10501111.22,0.0,0.0,tie,,,10501111.22
ZARIB,2026-05,SCI,EXPENSES,Operating expenses,motor_vehicle_expenses,Motor Vehicle Expenses,190,4464613.7,4464613.7,0.0,0.0,tie,,,4464613.7
ZARIB,2026-05,SCI,EXPENSES,Operating expenses,general_expenses,General Expenses,200,9913003.14,9913002.76,0.38,0.0,tie,,,9913002.76
ZARIB,2026-05,SCI,EXPENSES,Operating expenses,management_expense,Management Expense,210,0.0,0.0,0.0,,tie,,,0.0
ZARIB,2026-05,SCI,EXPENSES,Finance costs,finance_costs,Finance cost,220,1906002.96,1906002.96,0.0,0.0,tie,,,1906002.96
ZARIB,2026-05,SCI,EXPENSES,Taxation,taxation,Taxation,230,173605857.83,173605857.83,0.0,0.0,tie,,,173605857.83
ZARIB,2026-05,SFP,ASSETS,Non-Current Assets,ppe,"Property, Plant and Equipment",240,63697181.41,63697181.4,0.01,0.0,tie,,,63697181.4
ZARIB,2026-05,SFP,ASSETS,Non-Current Assets,computer_software,Intangible - computer software,250,22142604.9,22142604.9,0.0,0.0,tie,,,22142604.9
ZARIB,2026-05,SFP,ASSETS,Non-Current Assets,goodwill,Intangible - goodwill,260,0.0,0.0,0.0,,tie,,,0.0
ZARIB,2026-05,SFP,ASSETS,Non-Current Assets,investment_in_associate,Investment in associate,270,0.0,0.0,0.0,,tie,,,0.0
ZARIB,2026-05,SFP,ASSETS,Non-Current Assets,investment_unquoted_equity,Investment in unquoted equity securities,280,0.0,0.0,0.0,,tie,,,0.0
ZARIB,2026-05,SFP,ASSETS,Non-Current Assets,deposit_for_investment_in_subsidiary,Deposit for investment in subsidiary,290,1060688.0,1060688.0,0.0,0.0,tie,,,1060688.0
ZARIB,2026-05,SFP,ASSETS,Non-Current Assets,deferred_tax,Deferred tax,310,33970530.5,33970530.5,0.0,0.0,tie,,,33970530.5
ZARIB,2026-05,SFP,ASSETS,Current Assets,trade_receivables,Trade Receivables (Debtors),320,380436693.2,380436693.21,-0.01,-0.0,tie,,,380436693.21
ZARIB,2026-05,SFP,ASSETS,Current Assets,premium_receivables,Premium Receivables,330,1358845229.32,1358845229.31,0.01,0.0,tie,,,1358845229.31
ZARIB,2026-05,SFP,ASSETS,Current Assets,other_receivables,Other Receivables,340,-42181347.46,-42181347.46,0.0,-0.0,tie,,,-42181347.46
ZARIB,2026-05,SFP,ASSETS,Current Assets,due_from_to_related_parties,Due from/to related parties,350,359224522.25,359224522.25,0.0,0.0,tie,,,359224522.25
ZARIB,2026-05,SFP,ASSETS,Current Assets,office_cash,Cash - Office Cash,360,110643981.5,110643981.5,-0.0,-0.0,tie,,,110643981.5
ZARIB,2026-05,SFP,ASSETS,Current Assets,client_cash,Cash - Client Cash,370,403087836.44,403087836.44,-0.0,-0.0,tie,,,403087836.44
ZARIB,2026-05,SFP,ASSETS,Current Assets,deposits,Cash - Deposits,380,484415098.32,484415098.32,0.0,0.0,tie,,,484415098.32
ZARIB,2026-05,SFP,ASSETS,Current Assets,placements,Cash - Placements,390,222446879.6,222446879.6,0.0,0.0,tie,,,222446879.6
ZARIB,2026-05,SFP,ASSETS,Current Assets,tax_recoverable,Tax recoverable,400,-86104107.05,-86104107.05,0.0,-0.0,tie,,,-86104107.05
ZARIB,2026-05,SFP,EQUITY AND LIABILITIES,Equity,share_capital,Share capital,420,33360000.0,33360000.0,0.0,0.0,tie,,,-33360000.0
ZARIB,2026-05,SFP,EQUITY AND LIABILITIES,Equity,translation_reserve,Translation reserve,430,758850.95,758850.95,0.0,0.0,tie,,,-758850.95
ZARIB,2026-05,SFP,EQUITY AND LIABILITIES,Equity,proposed_dividend,Proposed dividend,440,0.0,0.0,0.0,,tie,,,0.0
ZARIB,2026-05,SFP,EQUITY AND LIABILITIES,Equity,retained_earnings,Retained earnings,450,1189689872.0,1189689872.0,0.0,0.0,tie,,,-1189689872.0
ZARIB,2026-05,SFP,EQUITY AND LIABILITIES,Equity,net_profit,Net Profit (derived),460,405080334.91,405080335.31,-0.4,-0.0,tie,,,-405080335.31
ZARIB,2026-05,SFP,EQUITY AND LIABILITIES,Equity,non_controlling_interests,Non-controlling interests,470,0.0,0.0,0.0,,tie,,,0.0
ZARIB,2026-05,SFP,EQUITY AND LIABILITIES,Current Liabilities,trade_and_other_payables,Trade and other payables,480,43830280.98,43830280.98,0.0,0.0,tie,,,-43830280.98
ZARIB,2026-05,SFP,EQUITY AND LIABILITIES,Current Liabilities,deferred_revenue,Deferred Revenue,490,0.0,0.0,0.0,,tie,,,0.0
ZARIB,2026-05,SFP,EQUITY AND LIABILITIES,Current Liabilities,premium_payable,Premium payable,500,1638966451.51,1638966451.51,0.0,0.0,tie,,,-1638966451.51
ZARIB,2026-05,SFP,EQUITY AND LIABILITIES,Current Liabilities,borrowings,Borrowings,510,0.0,0.0,0.0,,tie,,,0.0
ZARIB,2026-06,SCI,INCOME,Revenue,actuarial_fees,Actuarial Fees,10,0.0,0.0,0.0,,tie,,,0.0
ZARIB,2026-06,SCI,INCOME,Revenue,insurance_commissions,Insurance Commissions,40,952898664.32,952898664.32,0.0,0.0,tie,,,-952898664.32
ZARIB,2026-06,SCI,INCOME,Revenue,saas_income,SAAS (Software as a Service),50,0.0,0.0,0.0,,tie,,,0.0
ZARIB,2026-06,SCI,INCOME,Other income,other_income,Other Income,70,25919547.54,25919547.54,-0.0,-0.0,tie,,,-25919547.54
ZARIB,2026-06,SCI,EXPENSES,Operating expenses,personnel_costs,Personnel Costs,80,285912620.75,285912620.75,0.0,0.0,tie,,,285912620.75
ZARIB,2026-06,SCI,EXPENSES,Operating expenses,travelling,Travelling,90,7154514.23,7154514.23,0.0,0.0,tie,,,7154514.23
ZARIB,2026-06,SCI,EXPENSES,Operating expenses,entertainment,Entertainment,100,9919669.39,9919669.39,0.0,0.0,tie,,,9919669.39
ZARIB,2026-06,SCI,EXPENSES,Operating expenses,it_costs,IT Costs,110,23452894.92,23452894.92,0.0,0.0,tie,,,23452894.92
ZARIB,2026-06,SCI,EXPENSES,Operating expenses,communications,Communications,120,2723424.85,2723424.85,0.0,0.0,tie,,,2723424.85
ZARIB,2026-06,SCI,EXPENSES,Operating expenses,printing_stationery,Printing & Stationery,130,1635826.16,1635826.16,0.0,0.0,tie,,,1635826.16
ZARIB,2026-06,SCI,EXPENSES,Operating expenses,premises,Premises,140,20380340.53,20380340.53,-0.0,-0.0,tie,,,20380340.53
ZARIB,2026-06,SCI,EXPENSES,Operating expenses,advertising_pr,Advertising & PR,150,3372640.28,3372640.28,-0.0,-0.0,tie,,,3372640.28
ZARIB,2026-06,SCI,EXPENSES,Operating expenses,insurance,Insurance,160,9322117.06,9322117.06,0.0,0.0,tie,,,9322117.06
ZARIB,2026-06,SCI,EXPENSES,Operating expenses,professional_fees,Professional Fees,170,8665140.72,8665140.72,0.0,0.0,tie,,,8665140.72
ZARIB,2026-06,SCI,EXPENSES,Operating expenses,depreciation,Depreciation,180,12598771.8,12598771.79,0.01,0.0,tie,,,12598771.79
ZARIB,2026-06,SCI,EXPENSES,Operating expenses,motor_vehicle_expenses,Motor Vehicle Expenses,190,5422844.94,5422844.94,0.0,0.0,tie,,,5422844.94
ZARIB,2026-06,SCI,EXPENSES,Operating expenses,general_expenses,General Expenses,200,11652775.6,11652775.6,0.0,0.0,tie,,,11652775.6
ZARIB,2026-06,SCI,EXPENSES,Operating expenses,management_expense,Management Expense,210,0.0,0.0,0.0,,tie,,,0.0
ZARIB,2026-06,SCI,EXPENSES,Finance costs,finance_costs,Finance cost,220,1982510.64,1982510.64,0.0,0.0,tie,,,1982510.64
ZARIB,2026-06,SCI,EXPENSES,Taxation,taxation,Taxation,230,177398957.9,177398957.89,0.01,0.0,tie,,,177398957.89
ZARIB,2026-06,SFP,ASSETS,Non-Current Assets,ppe,"Property, Plant and Equipment",240,63000806.82,63000806.82,0.0,0.0,tie,,,63000806.82
ZARIB,2026-06,SFP,ASSETS,Non-Current Assets,computer_software,Intangible - computer software,250,21719407.96,21719407.96,-0.0,-0.0,tie,,,21719407.96
ZARIB,2026-06,SFP,ASSETS,Non-Current Assets,goodwill,Intangible - goodwill,260,0.0,0.0,0.0,,tie,,,0.0
ZARIB,2026-06,SFP,ASSETS,Non-Current Assets,investment_in_associate,Investment in associate,270,0.0,0.0,0.0,,tie,,,0.0
ZARIB,2026-06,SFP,ASSETS,Non-Current Assets,investment_unquoted_equity,Investment in unquoted equity securities,280,0.0,0.0,0.0,,tie,,,0.0
ZARIB,2026-06,SFP,ASSETS,Non-Current Assets,deposit_for_investment_in_subsidiary,Deposit for investment in subsidiary,290,1060688.0,1060688.0,0.0,0.0,tie,,,1060688.0
ZARIB,2026-06,SFP,ASSETS,Non-Current Assets,deferred_tax,Deferred tax,310,33970530.5,33970530.5,0.0,0.0,tie,,,33970530.5
ZARIB,2026-06,SFP,ASSETS,Current Assets,trade_receivables,Trade Receivables (Debtors),320,395626418.05,395626418.06,-0.01,-0.0,tie,,,395626418.06
ZARIB,2026-06,SFP,ASSETS,Current Assets,premium_receivables,Premium Receivables,330,1278748697.53,1278748697.52,0.01,0.0,tie,,,1278748697.52
ZARIB,2026-06,SFP,ASSETS,Current Assets,other_receivables,Other Receivables,340,-4029445.34,-4029445.34,-0.0,0.0,tie,,,-4029445.34
ZARIB,2026-06,SFP,ASSETS,Current Assets,due_from_to_related_parties,Due from/to related parties,350,384776366.61,384776366.61,0.0,0.0,tie,,,384776366.61
ZARIB,2026-06,SFP,ASSETS,Current Assets,office_cash,Cash - Office Cash,360,8375746.25,8375746.24,0.01,0.0,tie,,,8375746.24
ZARIB,2026-06,SFP,ASSETS,Current Assets,client_cash,Cash - Client Cash,370,247110290.47,247110290.47,0.0,0.0,tie,,,247110290.47
ZARIB,2026-06,SFP,ASSETS,Current Assets,deposits,Cash - Deposits,380,571246225.04,571246225.04,0.0,0.0,tie,,,571246225.04
ZARIB,2026-06,SFP,ASSETS,Current Assets,placements,Cash - Placements,390,122824131.6,122824131.6,0.0,0.0,tie,,,122824131.6
ZARIB,2026-06,SFP,ASSETS,Current Assets,tax_recoverable,Tax recoverable,400,24057293.0,24057293.0,0.0,0.0,tie,,,24057293.0
ZARIB,2026-06,SFP,EQUITY AND LIABILITIES,Equity,share_capital,Share capital,420,33360000.0,33360000.0,0.0,0.0,tie,,,-33360000.0
ZARIB,2026-06,SFP,EQUITY AND LIABILITIES,Equity,translation_reserve,Translation reserve,430,758850.95,758850.95,0.0,0.0,tie,,,-758850.95
ZARIB,2026-06,SFP,EQUITY AND LIABILITIES,Equity,proposed_dividend,Proposed dividend,440,0.0,0.0,0.0,,tie,,,0.0
ZARIB,2026-06,SFP,EQUITY AND LIABILITIES,Equity,retained_earnings,Retained earnings,450,1189689872.0,1189689872.0,0.0,0.0,tie,,,-1189689872.0
ZARIB,2026-06,SFP,EQUITY AND LIABILITIES,Equity,net_profit,Net Profit (derived),460,397223162.09,397223162.11,-0.02,-0.0,tie,,,-397223162.11
ZARIB,2026-06,SFP,EQUITY AND LIABILITIES,Equity,non_controlling_interests,Non-controlling interests,470,0.0,0.0,0.0,,tie,,,0.0
ZARIB,2026-06,SFP,EQUITY AND LIABILITIES,Current Liabilities,trade_and_other_payables,Trade and other payables,480,34291136.75,34291136.75,0.0,0.0,tie,,,-34291136.75
ZARIB,2026-06,SFP,EQUITY AND LIABILITIES,Current Liabilities,deferred_revenue,Deferred Revenue,490,0.0,0.0,0.0,,tie,,,0.0
ZARIB,2026-06,SFP,EQUITY AND LIABILITIES,Current Liabilities,premium_payable,Premium payable,500,1493164134.29,1493164134.29,0.0,0.0,tie,,,-1493164134.29
ZARIB,2026-06,SFP,EQUITY AND LIABILITIES,Current Liabilities,borrowings,Borrowings,510,0.0,0.0,0.0,,tie,,,0.0
ZATL,2026-02,SCI,INCOME,Revenue,actuarial_fees,Actuarial Fees,10,2081397.27,2081397.27,-0.0,-0.0,tie,,,-2081397.27
ZATL,2026-02,SCI,INCOME,Revenue,insurance_commissions,Insurance Commissions,40,0.0,0.0,0.0,,tie,,,0.0
ZATL,2026-02,SCI,INCOME,Revenue,saas_income,SAAS (Software as a Service),50,0.0,0.0,0.0,,tie,,,0.0
ZATL,2026-02,SCI,INCOME,Other income,other_income,Other Income,70,2433.75,2433.75,-0.0,-0.0,tie,,,-2433.75
ZATL,2026-02,SCI,EXPENSES,Operating expenses,personnel_costs,Personnel Costs,80,1071285.43,1071285.43,0.0,0.0,tie,,,1071285.43
ZATL,2026-02,SCI,EXPENSES,Operating expenses,travelling,Travelling,90,0.0,0.0,0.0,,tie,,,0.0
ZATL,2026-02,SCI,EXPENSES,Operating expenses,entertainment,Entertainment,100,0.0,0.0,0.0,,tie,,,0.0
ZATL,2026-02,SCI,EXPENSES,Operating expenses,it_costs,IT Costs,110,1386.65,1386.65,-0.0,-0.0,tie,,,1386.65
ZATL,2026-02,SCI,EXPENSES,Operating expenses,communications,Communications,120,69838.34,69838.34,0.0,0.0,tie,,,69838.34
ZATL,2026-02,SCI,EXPENSES,Operating expenses,printing_stationery,Printing & Stationery,130,63158.15,63158.15,0.0,0.0,tie,,,63158.15
ZATL,2026-02,SCI,EXPENSES,Operating expenses,premises,Premises,140,163057.35,163057.36,-0.01,-0.0,tie,,,163057.36
ZATL,2026-02,SCI,EXPENSES,Operating expenses,advertising_pr,Advertising & PR,150,0.0,0.0,0.0,,tie,,,0.0
ZATL,2026-02,SCI,EXPENSES,Operating expenses,insurance,Insurance,160,68002.29,68002.29,0.0,0.0,tie,,,68002.29
ZATL,2026-02,SCI,EXPENSES,Operating expenses,professional_fees,Professional Fees,170,63259.37,63259.37,-0.0,-0.0,tie,,,63259.37
ZATL,2026-02,SCI,EXPENSES,Operating expenses,depreciation,Depreciation,180,22512.19,22512.19,0.0,0.0,tie,,,22512.19
ZATL,2026-02,SCI,EXPENSES,Operating expenses,motor_vehicle_expenses,Motor Vehicle Expenses,190,11639.72,11639.72,0.0,0.0,tie,,,11639.72
ZATL,2026-02,SCI,EXPENSES,Operating expenses,general_expenses,General Expenses,200,107194.67,107194.66,0.01,0.0,tie,,,107194.66
ZATL,2026-02,SCI,EXPENSES,Operating expenses,management_expense,Management Expense,210,221872.86,221872.86,0.0,0.0,tie,,,221872.86
ZATL,2026-02,SCI,EXPENSES,Finance costs,finance_costs,Finance cost,220,0.0,0.0,0.0,,tie,,,0.0
ZATL,2026-02,SCI,EXPENSES,Taxation,taxation,Taxation,230,0.0,0.0,0.0,,tie,,,0.0
ZATL,2026-02,SFP,ASSETS,Non-Current Assets,ppe,"Property, Plant and Equipment",240,326333.43,326333.43,0.0,0.0,tie,,,326333.43
ZATL,2026-02,SFP,ASSETS,Non-Current Assets,computer_software,Intangible - computer software,250,0.0,0.0,0.0,,tie,,,0.0
ZATL,2026-02,SFP,ASSETS,Non-Current Assets,goodwill,Intangible - goodwill,260,0.0,0.0,0.0,,tie,,,0.0
ZATL,2026-02,SFP,ASSETS,Non-Current Assets,investment_in_associate,Investment in associate,270,0.0,0.0,0.0,,tie,,,0.0
ZATL,2026-02,SFP,ASSETS,Non-Current Assets,investment_unquoted_equity,Investment in unquoted equity securities,280,0.0,0.0,0.0,,tie,,,0.0
ZATL,2026-02,SFP,ASSETS,Non-Current Assets,deposit_for_investment_in_subsidiary,Deposit for investment in subsidiary,290,0.0,0.0,0.0,,tie,,,0.0
ZATL,2026-02,SFP,ASSETS,Non-Current Assets,deferred_tax,Deferred tax,310,-22547.07,-22547.07,0.0,-0.0,tie,,,-22547.07
ZATL,2026-02,SFP,ASSETS,Current Assets,trade_receivables,Trade Receivables (Debtors),320,2822421.22,2822421.22,-0.0,-0.0,tie,,,2822421.22
ZATL,2026-02,SFP,ASSETS,Current Assets,premium_receivables,Premium Receivables,330,0.0,0.0,0.0,,tie,,,0.0
ZATL,2026-02,SFP,ASSETS,Current Assets,other_receivables,Other Receivables,340,180388.99,180388.99,0.0,0.0,tie,,,180388.99
ZATL,2026-02,SFP,ASSETS,Current Assets,due_from_to_related_parties,Due from/to related parties,350,3063456.01,3063456.01,-0.0,-0.0,tie,,,3063456.01
ZATL,2026-02,SFP,ASSETS,Current Assets,office_cash,Cash - Office Cash,360,937508.35,937508.35,0.0,0.0,tie,,,937508.35
ZATL,2026-02,SFP,ASSETS,Current Assets,deposits,Cash - Deposits,380,505050.51,505050.51,0.0,0.0,tie,,,505050.51
ZATL,2026-02,SFP,ASSETS,Current Assets,placements,Cash - Placements,390,0.0,0.0,0.0,,tie,,,0.0
ZATL,2026-02,SFP,ASSETS,Current Assets,tax_recoverable,Tax recoverable,400,1340434.93,1340434.93,-0.0,-0.0,tie,,,1340434.93
ZATL,2026-02,SFP,EQUITY AND LIABILITIES,Equity,share_capital,Share capital,420,5070419.24,5070419.24,0.0,0.0,tie,,,-5070419.24
ZATL,2026-02,SFP,EQUITY AND LIABILITIES,Equity,translation_reserve,Translation reserve,430,10081096.06,10080649.45,446.61,0.0,DIFFERENCE,rounding / FX,,-10080649.45
ZATL,2026-02,SFP,EQUITY AND LIABILITIES,Equity,proposed_dividend,Proposed dividend,440,0.0,0.0,0.0,,tie,,,0.0
ZATL,2026-02,SFP,EQUITY AND LIABILITIES,Equity,retained_earnings,Retained earnings,450,-7609520.82,-7609520.82,0.0,-0.0,tie,,,7609520.82
ZATL,2026-02,SFP,EQUITY AND LIABILITIES,Equity,net_profit,Net Profit (derived),460,220623.99,220623.99,0.0,0.0,tie,,,-220623.99
ZATL,2026-02,SFP,EQUITY AND LIABILITIES,Equity,non_controlling_interests,Non-controlling interests,470,0.0,0.0,0.0,,tie,,,0.0
ZATL,2026-02,SFP,EQUITY AND LIABILITIES,Current Liabilities,trade_and_other_payables,Trade and other payables,480,1390874.5,1390874.5,0.0,0.0,tie,,,-1390874.5
ZATL,2026-02,SFP,EQUITY AND LIABILITIES,Current Liabilities,premium_payable,Premium payable,500,0.0,0.0,0.0,,tie,,,0.0
ZATL,2026-02,SFP,EQUITY AND LIABILITIES,Current Liabilities,borrowings,Borrowings,510,0.0,0.0,0.0,,tie,,,0.0
ZATL,2026-03,SCI,INCOME,Revenue,actuarial_fees,Actuarial Fees,10,5034807.5,5034807.51,-0.01,-0.0,tie,,,-5034807.51
ZATL,2026-03,SCI,INCOME,Revenue,insurance_commissions,Insurance Commissions,40,0.0,0.0,0.0,,tie,,,0.0
ZATL,2026-03,SCI,INCOME,Revenue,saas_income,SAAS (Software as a Service),50,0.0,0.0,0.0,,tie,,,0.0
ZATL,2026-03,SCI,INCOME,Other income,other_income,Other Income,70,5693.42,5693.42,-0.0,-0.0,tie,,,-5693.42
ZATL,2026-03,SCI,EXPENSES,Operating expenses,personnel_costs,Personnel Costs,80,1410088.38,1410088.38,0.0,0.0,tie,,,1410088.38
ZATL,2026-03,SCI,EXPENSES,Operating expenses,travelling,Travelling,90,149850.35,149850.35,0.0,0.0,tie,,,149850.35
ZATL,2026-03,SCI,EXPENSES,Operating expenses,entertainment,Entertainment,100,8155.29,8155.29,0.0,0.0,tie,,,8155.29
ZATL,2026-03,SCI,EXPENSES,Operating expenses,it_costs,IT Costs,110,2075.43,2075.43,0.0,0.0,tie,,,2075.43
ZATL,2026-03,SCI,EXPENSES,Operating expenses,communications,Communications,120,69686.1,69686.1,-0.0,-0.0,tie,,,69686.1
ZATL,2026-03,SCI,EXPENSES,Operating expenses,printing_stationery,Printing & Stationery,130,120486.25,120486.25,-0.0,-0.0,tie,,,120486.25
ZATL,2026-03,SCI,EXPENSES,Operating expenses,premises,Premises,140,234534.11,234534.11,-0.0,-0.0,tie,,,234534.11
ZATL,2026-03,SCI,EXPENSES,Operating expenses,advertising_pr,Advertising & PR,150,0.0,0.0,0.0,,tie,,,0.0
ZATL,2026-03,SCI,EXPENSES,Operating expenses,insurance,Insurance,160,104120.86,104120.86,0.0,0.0,tie,,,104120.86
ZATL,2026-03,SCI,EXPENSES,Operating expenses,professional_fees,Professional Fees,170,123718.07,123718.06,0.01,0.0,tie,,,123718.06
ZATL,2026-03,SCI,EXPENSES,Operating expenses,depreciation,Depreciation,180,33694.67,33694.67,0.0,0.0,tie,,,33694.67
ZATL,2026-03,SCI,EXPENSES,Operating expenses,motor_vehicle_expenses,Motor Vehicle Expenses,190,19188.92,19188.92,0.0,0.0,tie,,,19188.92
ZATL,2026-03,SCI,EXPENSES,Operating expenses,general_expenses,General Expenses,200,195017.93,195017.93,-0.0,-0.0,tie,,,195017.93
ZATL,2026-03,SCI,EXPENSES,Operating expenses,management_expense,Management Expense,210,334977.76,334977.76,-0.0,-0.0,tie,,,334977.76
ZATL,2026-03,SCI,EXPENSES,Finance costs,finance_costs,Finance cost,220,0.0,0.0,0.0,,tie,,,0.0
ZATL,2026-03,SCI,EXPENSES,Taxation,taxation,Taxation,230,670472.04,670472.04,-0.0,-0.0,tie,,,670472.04
ZATL,2026-03,SFP,ASSETS,Non-Current Assets,ppe,"Property, Plant and Equipment",240,313674.33,313674.33,-0.0,-0.0,tie,,,313674.33
ZATL,2026-03,SFP,ASSETS,Non-Current Assets,computer_software,Intangible - computer software,250,0.0,0.0,0.0,,tie,,,0.0
ZATL,2026-03,SFP,ASSETS,Non-Current Assets,goodwill,Intangible - goodwill,260,0.0,0.0,0.0,,tie,,,0.0
ZATL,2026-03,SFP,ASSETS,Non-Current Assets,investment_in_associate,Investment in associate,270,0.0,0.0,0.0,,tie,,,0.0
ZATL,2026-03,SFP,ASSETS,Non-Current Assets,investment_unquoted_equity,Investment in unquoted equity securities,280,0.0,0.0,0.0,,tie,,,0.0
ZATL,2026-03,SFP,ASSETS,Non-Current Assets,deposit_for_investment_in_subsidiary,Deposit for investment in subsidiary,290,0.0,0.0,0.0,,tie,,,0.0
ZATL,2026-03,SFP,ASSETS,Non-Current Assets,deferred_tax,Deferred tax,310,1177856.16,1177856.16,0.0,0.0,tie,,,1177856.16
ZATL,2026-03,SFP,ASSETS,Current Assets,trade_receivables,Trade Receivables (Debtors),320,3895378.17,3895378.17,0.0,0.0,tie,,,3895378.17
ZATL,2026-03,SFP,ASSETS,Current Assets,premium_receivables,Premium Receivables,330,0.0,0.0,0.0,,tie,,,0.0
ZATL,2026-03,SFP,ASSETS,Current Assets,other_receivables,Other Receivables,340,-1354072.19,-1354072.19,0.0,-0.0,tie,,,-1354072.19
ZATL,2026-03,SFP,ASSETS,Current Assets,due_from_to_related_parties,Due from/to related parties,350,2697185.7,2697185.7,-0.0,-0.0,tie,,,2697185.7
ZATL,2026-03,SFP,ASSETS,Current Assets,office_cash,Cash - Office Cash,360,2059120.81,2059120.8,0.01,0.0,tie,,,2059120.8
ZATL,2026-03,SFP,ASSETS,Current Assets,deposits,Cash - Deposits,380,502765.21,502765.21,-0.0,-0.0,tie,,,502765.21
ZATL,2026-03,SFP,ASSETS,Current Assets,placements,Cash - Placements,390,0.0,0.0,0.0,,tie,,,0.0
ZATL,2026-03,SFP,ASSETS,Current Assets,tax_recoverable,Tax recoverable,400,1980098.56,1980098.56,-0.0,-0.0,tie,,,1980098.56
ZATL,2026-03,SFP,EQUITY AND LIABILITIES,Equity,share_capital,Share capital,420,5047476.12,5047476.12,0.0,0.0,tie,,,-5047476.12
ZATL,2026-03,SFP,EQUITY AND LIABILITIES,Equity,translation_reserve,Translation reserve,430,10035480.15,10025714.62,9765.53,0.1,DIFFERENCE,rounding / FX,,-10025714.62
ZATL,2026-03,SFP,EQUITY AND LIABILITIES,Equity,proposed_dividend,Proposed dividend,440,0.0,0.0,0.0,,tie,,,0.0
ZATL,2026-03,SFP,EQUITY AND LIABILITIES,Equity,retained_earnings,Retained earnings,450,-4420719.22,-4420719.22,-0.0,0.0,tie,,,4420719.22
ZATL,2026-03,SFP,EQUITY AND LIABILITIES,Equity,net_profit,Net Profit (derived),460,1564434.76,1564434.76,-0.0,-0.0,tie,,,-1564434.76
ZATL,2026-03,SFP,EQUITY AND LIABILITIES,Equity,non_controlling_interests,Non-controlling interests,470,0.0,0.0,0.0,,tie,,,0.0
ZATL,2026-03,SFP,EQUITY AND LIABILITIES,Current Liabilities,trade_and_other_payables,Trade and other payables,480,-944899.54,-944899.54,0.0,-0.0,tie,,,944899.54
ZATL,2026-03,SFP,EQUITY AND LIABILITIES,Current Liabilities,premium_payable,Premium payable,500,0.0,0.0,0.0,,tie,,,0.0
ZATL,2026-03,SFP,EQUITY AND LIABILITIES,Current Liabilities,borrowings,Borrowings,510,0.0,0.0,0.0,,tie,,,0.0
ZATL,2026-04,SCI,INCOME,Revenue,actuarial_fees,Actuarial Fees,10,7492708.42,7492708.42,-0.0,-0.0,tie,,,-7492708.42
ZATL,2026-04,SCI,INCOME,Revenue,insurance_commissions,Insurance Commissions,40,0.0,0.0,0.0,,tie,,,0.0
ZATL,2026-04,SCI,INCOME,Revenue,saas_income,SAAS (Software as a Service),50,0.0,0.0,0.0,,tie,,,0.0
ZATL,2026-04,SCI,INCOME,Other income,other_income,Other Income,70,9732.21,9732.21,0.0,0.0,tie,,,-9732.21
ZATL,2026-04,SCI,EXPENSES,Operating expenses,personnel_costs,Personnel Costs,80,1743155.04,1743155.04,0.0,0.0,tie,,,1743155.04
ZATL,2026-04,SCI,EXPENSES,Operating expenses,travelling,Travelling,90,230362.19,230362.19,0.0,0.0,tie,,,230362.19
ZATL,2026-04,SCI,EXPENSES,Operating expenses,entertainment,Entertainment,100,12642.9,12642.9,0.0,0.0,tie,,,12642.9
ZATL,2026-04,SCI,EXPENSES,Operating expenses,it_costs,IT Costs,110,2754.8,2754.8,-0.0,-0.0,tie,,,2754.8
ZATL,2026-04,SCI,EXPENSES,Operating expenses,communications,Communications,120,69372.57,69372.57,0.0,0.0,tie,,,69372.57
ZATL,2026-04,SCI,EXPENSES,Operating expenses,printing_stationery,Printing & Stationery,130,125373.33,125373.33,0.0,0.0,tie,,,125373.33
ZATL,2026-04,SCI,EXPENSES,Operating expenses,premises,Premises,140,300765.3,300765.3,0.0,0.0,tie,,,300765.3
ZATL,2026-04,SCI,EXPENSES,Operating expenses,advertising_pr,Advertising & PR,150,0.0,0.0,0.0,,tie,,,0.0
ZATL,2026-04,SCI,EXPENSES,Operating expenses,insurance,Insurance,160,138591.44,138591.44,-0.0,-0.0,tie,,,138591.44
ZATL,2026-04,SCI,EXPENSES,Operating expenses,professional_fees,Professional Fees,170,164215.27,164215.27,0.0,0.0,tie,,,164215.27
ZATL,2026-04,SCI,EXPENSES,Operating expenses,depreciation,Depreciation,180,44724.1,44724.1,0.0,0.0,tie,,,44724.1
ZATL,2026-04,SCI,EXPENSES,Operating expenses,motor_vehicle_expenses,Motor Vehicle Expenses,190,28151.19,28151.19,-0.0,-0.0,tie,,,28151.19
ZATL,2026-04,SCI,EXPENSES,Operating expenses,general_expenses,General Expenses,200,751261.13,751261.13,-0.0,-0.0,tie,,,751261.13
ZATL,2026-04,SCI,EXPENSES,Operating expenses,management_expense,Management Expense,210,447442.59,447442.59,-0.0,-0.0,tie,,,447442.59
ZATL,2026-04,SCI,EXPENSES,Finance costs,finance_costs,Finance cost,220,0.0,0.0,0.0,,tie,,,0.0
ZATL,2026-04,SCI,EXPENSES,Taxation,taxation,Taxation,230,1033088.63,1033088.63,0.0,0.0,tie,,,1033088.63
ZATL,2026-04,SFP,ASSETS,Non-Current Assets,ppe,"Property, Plant and Equipment",240,298351.87,302491.9,-4140.03,-1.37,DIFFERENCE,classification,,302491.9
ZATL,2026-04,SFP,ASSETS,Non-Current Assets,computer_software,Intangible - computer software,250,0.0,0.0,0.0,,tie,,,0.0
ZATL,2026-04,SFP,ASSETS,Non-Current Assets,goodwill,Intangible - goodwill,260,0.0,0.0,0.0,,tie,,,0.0
ZATL,2026-04,SFP,ASSETS,Non-Current Assets,investment_in_associate,Investment in associate,270,0.0,0.0,0.0,,tie,,,0.0
ZATL,2026-04,SFP,ASSETS,Non-Current Assets,investment_unquoted_equity,Investment in unquoted equity securities,280,0.0,0.0,0.0,,tie,,,0.0
ZATL,2026-04,SFP,ASSETS,Non-Current Assets,deposit_for_investment_in_subsidiary,Deposit for investment in subsidiary,290,0.0,0.0,0.0,,tie,,,0.0
ZATL,2026-04,SFP,ASSETS,Non-Current Assets,deferred_tax,Deferred tax,310,1393269.78,1412603.24,-19333.46,-1.37,DIFFERENCE,classification,,1412603.24
ZATL,2026-04,SFP,ASSETS,Current Assets,trade_receivables,Trade Receivables (Debtors),320,3851584.01,3905029.83,-53445.82,-1.37,DIFFERENCE,classification,,3905029.83
ZATL,2026-04,SFP,ASSETS,Current Assets,premium_receivables,Premium Receivables,330,0.0,0.0,0.0,,tie,,,0.0
ZATL,2026-04,SFP,ASSETS,Current Assets,other_receivables,Other Receivables,340,-1366675.17,-1385639.59,18964.42,-1.37,DIFFERENCE,classification,,-1385639.59
ZATL,2026-04,SFP,ASSETS,Current Assets,due_from_to_related_parties,Due from/to related parties,350,2547844.26,2583198.97,-35354.71,-1.37,DIFFERENCE,classification,,2583198.97
ZATL,2026-04,SFP,ASSETS,Current Assets,office_cash,Cash - Office Cash,360,3182479.61,3226640.71,-44161.1,-1.37,DIFFERENCE,classification,,3226640.71
ZATL,2026-04,SFP,ASSETS,Current Assets,deposits,Cash - Deposits,380,495884.16,502765.21,-6881.05,-1.37,DIFFERENCE,classification,,502765.21
ZATL,2026-04,SFP,ASSETS,Current Assets,placements,Cash - Placements,390,0.0,0.0,0.0,,tie,,,0.0
ZATL,2026-04,SFP,ASSETS,Current Assets,tax_recoverable,Tax recoverable,400,493158.24,514336.93,-21178.69,-4.12,DIFFERENCE,classification,,514336.93
ZATL,2026-04,SFP,EQUITY AND LIABILITIES,Equity,share_capital,Share capital,420,4978394.32,5047476.12,-69081.8,-1.37,DIFFERENCE,classification,,-5047476.12
ZATL,2026-04,SFP,EQUITY AND LIABILITIES,Equity,translation_reserve,Translation reserve,430,9898130.51,10035928.14,-137797.63,-1.37,DIFFERENCE,classification,,-10035928.14
ZATL,2026-04,SFP,EQUITY AND LIABILITIES,Equity,proposed_dividend,Proposed dividend,440,0.0,0.0,0.0,,tie,,,0.0
ZATL,2026-04,SFP,EQUITY AND LIABILITIES,Equity,retained_earnings,Retained earnings,450,-7556425.31,-7661280.69,104855.38,-1.37,DIFFERENCE,classification,,7661280.69
ZATL,2026-04,SFP,EQUITY AND LIABILITIES,Equity,net_profit,Net Profit (derived),460,2410540.14,2410540.14,0.0,0.0,tie,,,-2410540.14
ZATL,2026-04,SFP,EQUITY AND LIABILITIES,Equity,non_controlling_interests,Non-controlling interests,470,0.0,0.0,0.0,,tie,,,0.0
ZATL,2026-04,SFP,EQUITY AND LIABILITIES,Current Liabilities,trade_and_other_payables,Trade and other payables,480,1211946.13,1228763.48,-16817.35,-1.37,DIFFERENCE,classification,,-1228763.48
ZATL,2026-04,SFP,EQUITY AND LIABILITIES,Current Liabilities,premium_payable,Premium payable,500,0.0,0.0,0.0,,tie,,,0.0
ZATL,2026-04,SFP,EQUITY AND LIABILITIES,Current Liabilities,borrowings,Borrowings,510,0.0,0.0,0.0,,tie,,,0.0
ZATL,2026-05,SCI,INCOME,Revenue,actuarial_fees,Actuarial Fees,10,7471365.5,7385993.86,85371.64,1.16,DIFFERENCE,classification,,-7385993.86
ZATL,2026-05,SCI,INCOME,Revenue,insurance_commissions,Insurance Commissions,40,0.0,0.0,0.0,,tie,,,0.0
ZATL,2026-05,SCI,INCOME,Revenue,saas_income,SAAS (Software as a Service),50,0.0,0.0,0.0,,tie,,,0.0
ZATL,2026-05,SCI,INCOME,Other income,other_income,Other Income,70,12201.88,12062.46,139.42,1.16,DIFFERENCE,classification,,-12062.46
ZATL,2026-05,SCI,EXPENSES,Operating expenses,personnel_costs,Personnel Costs,80,2179343.35,2154441.06,24902.29,1.16,DIFFERENCE,classification,,2154441.06
ZATL,2026-05,SCI,EXPENSES,Operating expenses,travelling,Travelling,90,484017.65,478487.02,5530.63,1.16,DIFFERENCE,classification,,478487.02
ZATL,2026-05,SCI,EXPENSES,Operating expenses,entertainment,Entertainment,100,25498.82,25207.45,291.37,1.16,DIFFERENCE,classification,,25207.45
ZATL,2026-05,SCI,EXPENSES,Operating expenses,it_costs,IT Costs,110,3433.68,3394.45,39.23,1.16,DIFFERENCE,classification,,3394.45
ZATL,2026-05,SCI,EXPENSES,Operating expenses,communications,Communications,120,121056.19,119672.94,1383.25,1.16,DIFFERENCE,classification,,119672.94
ZATL,2026-05,SCI,EXPENSES,Operating expenses,printing_stationery,Printing & Stationery,130,222763.45,220218.04,2545.41,1.16,DIFFERENCE,classification,,220218.04
ZATL,2026-05,SCI,EXPENSES,Operating expenses,premises,Premises,140,371614.94,367368.68,4246.26,1.16,DIFFERENCE,classification,,367368.68
ZATL,2026-05,SCI,EXPENSES,Operating expenses,advertising_pr,Advertising & PR,150,0.0,0.0,0.0,,tie,,,0.0
ZATL,2026-05,SCI,EXPENSES,Operating expenses,insurance,Insurance,160,174197.47,172207.0,1990.47,1.16,DIFFERENCE,classification,,172207.0
ZATL,2026-05,SCI,EXPENSES,Operating expenses,professional_fees,Professional Fees,170,267017.05,263965.97,3051.08,1.16,DIFFERENCE,classification,,263965.97
ZATL,2026-05,SCI,EXPENSES,Operating expenses,depreciation,Depreciation,180,55745.89,55108.91,636.98,1.16,DIFFERENCE,classification,,55108.91
ZATL,2026-05,SCI,EXPENSES,Operating expenses,motor_vehicle_expenses,Motor Vehicle Expenses,190,57645.81,56987.12,658.69,1.16,DIFFERENCE,classification,,56987.12
ZATL,2026-05,SCI,EXPENSES,Operating expenses,general_expenses,General Expenses,200,925146.75,914575.55,10571.2,1.16,DIFFERENCE,classification,,914575.55
ZATL,2026-05,SCI,EXPENSES,Operating expenses,management_expense,Management Expense,210,560130.84,553730.49,6400.35,1.16,DIFFERENCE,classification,,553730.49
ZATL,2026-05,SCI,EXPENSES,Finance costs,finance_costs,Finance cost,220,0.0,0.0,0.0,,tie,,,0.0
ZATL,2026-05,SCI,EXPENSES,Taxation,taxation,Taxation,230,610786.65,603807.49,6979.16,1.16,DIFFERENCE,classification,,603807.49
ZATL,2026-05,SFP,ASSETS,Non-Current Assets,ppe,"Property, Plant and Equipment",240,368887.18,368887.18,0.0,0.0,tie,,,368887.18
ZATL,2026-05,SFP,ASSETS,Non-Current Assets,computer_software,Intangible - computer software,250,0.0,0.0,0.0,,tie,,,0.0
ZATL,2026-05,SFP,ASSETS,Non-Current Assets,goodwill,Intangible - goodwill,260,0.0,0.0,0.0,,tie,,,0.0
ZATL,2026-05,SFP,ASSETS,Non-Current Assets,investment_in_associate,Investment in associate,270,0.0,0.0,0.0,,tie,,,0.0
ZATL,2026-05,SFP,ASSETS,Non-Current Assets,investment_unquoted_equity,Investment in unquoted equity securities,280,0.0,0.0,0.0,,tie,,,0.0
ZATL,2026-05,SFP,ASSETS,Non-Current Assets,deposit_for_investment_in_subsidiary,Deposit for investment in subsidiary,290,0.0,0.0,0.0,,tie,,,0.0
ZATL,2026-05,SFP,ASSETS,Non-Current Assets,deferred_tax,Deferred tax,310,1392303.19,1392303.19,0.0,0.0,tie,,,1392303.19
ZATL,2026-05,SFP,ASSETS,Current Assets,trade_receivables,Trade Receivables (Debtors),320,1328803.42,1328803.42,0.0,0.0,tie,,,1328803.42
ZATL,2026-05,SFP,ASSETS,Current Assets,premium_receivables,Premium Receivables,330,0.0,0.0,0.0,,tie,,,0.0
ZATL,2026-05,SFP,ASSETS,Current Assets,other_receivables,Other Receivables,340,-1400042.71,-1400042.71,-0.0,0.0,tie,,,-1400042.71
ZATL,2026-05,SFP,ASSETS,Current Assets,due_from_to_related_parties,Due from/to related parties,350,2433416.09,2433416.09,0.0,0.0,tie,,,2433416.09
ZATL,2026-05,SFP,ASSETS,Current Assets,office_cash,Cash - Office Cash,360,3287131.93,3287131.93,-0.0,-0.0,tie,,,3287131.93
ZATL,2026-05,SFP,ASSETS,Current Assets,deposits,Cash - Deposits,380,495540.14,495540.14,-0.0,-0.0,tie,,,495540.14
ZATL,2026-05,SFP,ASSETS,Current Assets,placements,Cash - Placements,390,0.0,0.0,0.0,,tie,,,0.0
ZATL,2026-05,SFP,ASSETS,Current Assets,tax_recoverable,Tax recoverable,400,1729449.08,1736428.24,-6979.16,-0.4,DIFFERENCE,rounding / FX,,1736428.24
ZATL,2026-05,SFP,EQUITY AND LIABILITIES,Equity,share_capital,Share capital,420,4974940.54,4974940.54,-0.0,-0.0,tie,,,-4974940.54
ZATL,2026-05,SFP,EQUITY AND LIABILITIES,Equity,translation_reserve,Translation reserve,430,9891263.63,9891263.63,0.0,0.0,tie,,,-9891263.63
ZATL,2026-05,SFP,EQUITY AND LIABILITIES,Equity,proposed_dividend,Proposed dividend,440,0.0,0.0,0.0,,tie,,,0.0
ZATL,2026-05,SFP,EQUITY AND LIABILITIES,Equity,retained_earnings,Retained earnings,450,-7551183.01,-7551183.0,-0.01,0.0,tie,,,7551183.0
ZATL,2026-05,SFP,EQUITY AND LIABILITIES,Equity,net_profit,Net Profit (derived),460,1425168.85,1408884.14,16284.71,1.16,DIFFERENCE,classification,,-1408884.14
ZATL,2026-05,SFP,EQUITY AND LIABILITIES,Equity,non_controlling_interests,Non-controlling interests,470,0.0,0.0,0.0,,tie,,,0.0
ZATL,2026-05,SFP,EQUITY AND LIABILITIES,Current Liabilities,trade_and_other_payables,Trade and other payables,480,918562.18,918562.18,0.0,0.0,tie,,,-918562.18
ZATL,2026-05,SFP,EQUITY AND LIABILITIES,Current Liabilities,premium_payable,Premium payable,500,0.0,0.0,0.0,,tie,,,0.0
ZATL,2026-05,SFP,EQUITY AND LIABILITIES,Current Liabilities,borrowings,Borrowings,510,0.0,0.0,0.0,,tie,,,0.0
ZATL,2026-06,SCI,INCOME,Revenue,actuarial_fees,Actuarial Fees,10,7789986.22,7789986.21,0.01,0.0,tie,,,-7789986.21
ZATL,2026-06,SCI,INCOME,Revenue,insurance_commissions,Insurance Commissions,40,0.0,0.0,0.0,,tie,,,0.0
ZATL,2026-06,SCI,INCOME,Revenue,saas_income,SAAS (Software as a Service),50,0.0,0.0,0.0,,tie,,,0.0
ZATL,2026-06,SCI,INCOME,Other income,other_income,Other Income,70,14578.99,14578.99,0.0,0.0,tie,,,-14578.99
ZATL,2026-06,SCI,EXPENSES,Operating expenses,personnel_costs,Personnel Costs,80,2555138.47,2555138.47,-0.0,-0.0,tie,,,2555138.47
ZATL,2026-06,SCI,EXPENSES,Operating expenses,travelling,Travelling,90,927968.93,927968.93,-0.0,-0.0,tie,,,927968.93
ZATL,2026-06,SCI,EXPENSES,Operating expenses,entertainment,Entertainment,100,95831.98,95831.98,0.0,0.0,tie,,,95831.98
ZATL,2026-06,SCI,EXPENSES,Operating expenses,it_costs,IT Costs,110,4109.23,4109.23,-0.0,-0.0,tie,,,4109.23
ZATL,2026-06,SCI,EXPENSES,Operating expenses,communications,Communications,120,120727.3,120727.3,0.0,0.0,tie,,,120727.3
ZATL,2026-06,SCI,EXPENSES,Operating expenses,printing_stationery,Printing & Stationery,130,222158.23,222158.23,0.0,0.0,tie,,,222158.23
ZATL,2026-06,SCI,EXPENSES,Operating expenses,premises,Premises,140,568543.11,568543.1,0.01,0.0,tie,,,568543.1
ZATL,2026-06,SCI,EXPENSES,Operating expenses,advertising_pr,Advertising & PR,150,9998.12,9998.12,0.0,0.0,tie,,,9998.12
ZATL,2026-06,SCI,EXPENSES,Operating expenses,insurance,Insurance,160,208469.05,208469.04,0.01,0.0,tie,,,208469.04
ZATL,2026-06,SCI,EXPENSES,Operating expenses,professional_fees,Professional Fees,170,307117.26,307117.25,0.01,0.0,tie,,,307117.25
ZATL,2026-06,SCI,EXPENSES,Operating expenses,depreciation,Depreciation,180,66713.32,66713.32,-0.0,-0.0,tie,,,66713.32
ZATL,2026-06,SCI,EXPENSES,Operating expenses,motor_vehicle_expenses,Motor Vehicle Expenses,190,176226.87,176226.87,-0.0,-0.0,tie,,,176226.87
ZATL,2026-06,SCI,EXPENSES,Operating expenses,general_expenses,General Expenses,200,967539.06,967539.06,0.0,0.0,tie,,,967539.06
ZATL,2026-06,SCI,EXPENSES,Operating expenses,management_expense,Management Expense,210,672885.48,672885.48,-0.0,-0.0,tie,,,672885.48
ZATL,2026-06,SCI,EXPENSES,Finance costs,finance_costs,Finance cost,220,0.0,0.0,0.0,,tie,,,0.0
ZATL,2026-06,SCI,EXPENSES,Taxation,taxation,Taxation,230,270341.65,270341.64,0.01,0.0,tie,,,270341.64
ZATL,2026-06,SFP,ASSETS,Non-Current Assets,ppe,"Property, Plant and Equipment",240,356100.78,356100.78,-0.0,-0.0,tie,,,356100.78
ZATL,2026-06,SFP,ASSETS,Non-Current Assets,computer_software,Intangible - computer software,250,0.0,0.0,0.0,,tie,,,0.0
ZATL,2026-06,SFP,ASSETS,Non-Current Assets,goodwill,Intangible - goodwill,260,0.0,0.0,0.0,,tie,,,0.0
ZATL,2026-06,SFP,ASSETS,Non-Current Assets,investment_in_associate,Investment in associate,270,0.0,0.0,0.0,,tie,,,0.0
ZATL,2026-06,SFP,ASSETS,Non-Current Assets,investment_unquoted_equity,Investment in unquoted equity securities,280,0.0,0.0,0.0,,tie,,,0.0
ZATL,2026-06,SFP,ASSETS,Non-Current Assets,deposit_for_investment_in_subsidiary,Deposit for investment in subsidiary,290,0.0,0.0,0.0,,tie,,,0.0
ZATL,2026-06,SFP,ASSETS,Non-Current Assets,deferred_tax,Deferred tax,310,1385437.79,1385437.79,0.0,0.0,tie,,,1385437.79
ZATL,2026-06,SFP,ASSETS,Current Assets,trade_receivables,Trade Receivables (Debtors),320,1620612.34,1620612.34,-0.0,-0.0,tie,,,1620612.34
ZATL,2026-06,SFP,ASSETS,Current Assets,premium_receivables,Premium Receivables,330,0.0,0.0,0.0,,tie,,,0.0
ZATL,2026-06,SFP,ASSETS,Current Assets,other_receivables,Other Receivables,340,-1660422.84,-1660422.84,0.0,-0.0,tie,,,-1660422.84
ZATL,2026-06,SFP,ASSETS,Current Assets,due_from_to_related_parties,Due from/to related parties,350,2543411.16,2543411.16,-0.0,-0.0,tie,,,2543411.16
ZATL,2026-06,SFP,ASSETS,Current Assets,office_cash,Cash - Office Cash,360,3934362.07,3934362.07,-0.0,-0.0,tie,,,3934362.07
ZATL,2026-06,SFP,ASSETS,Current Assets,deposits,Cash - Deposits,380,493096.65,493096.65,-0.0,-0.0,tie,,,493096.65
ZATL,2026-06,SFP,ASSETS,Current Assets,placements,Cash - Placements,390,0.0,0.0,0.0,,tie,,,0.0
ZATL,2026-06,SFP,ASSETS,Current Assets,tax_recoverable,Tax recoverable,400,2161867.03,2161867.03,0.0,0.0,tie,,,2161867.03
ZATL,2026-06,SFP,EQUITY AND LIABILITIES,Equity,share_capital,Share capital,420,4950409.27,4950409.27,0.0,0.0,tie,,,-4950409.27
ZATL,2026-06,SFP,EQUITY AND LIABILITIES,Equity,translation_reserve,Translation reserve,430,9842490.14,9830215.47,12274.67,0.12,DIFFERENCE,rounding / FX,,-9830215.47
ZATL,2026-06,SFP,EQUITY AND LIABILITIES,Equity,proposed_dividend,Proposed dividend,440,0.0,0.0,0.0,,tie,,,0.0
ZATL,2026-06,SFP,EQUITY AND LIABILITIES,Equity,retained_earnings,Retained earnings,450,-7513948.37,-7513948.37,-0.0,0.0,tie,,,7513948.37
ZATL,2026-06,SFP,EQUITY AND LIABILITIES,Equity,net_profit,Net Profit (derived),460,630797.17,630797.17,0.0,0.0,tie,,,-630797.17
ZATL,2026-06,SFP,EQUITY AND LIABILITIES,Equity,non_controlling_interests,Non-controlling interests,470,0.0,0.0,0.0,,tie,,,0.0
ZATL,2026-06,SFP,EQUITY AND LIABILITIES,Current Liabilities,trade_and_other_payables,Trade and other payables,480,2936991.44,2936991.44,-0.0,-0.0,tie,,,-2936991.44
ZATL,2026-06,SFP,EQUITY AND LIABILITIES,Current Liabilities,premium_payable,Premium payable,500,0.0,0.0,0.0,,tie,,,0.0
ZATL,2026-06,SFP,EQUITY AND LIABILITIES,Current Liabilities,borrowings,Borrowings,510,0.0,0.0,0.0,,tie,,,0.0
ZHL,2026-02,SCI,INCOME,Revenue,actuarial_fees,Actuarial Fees,10,0.0,0.0,0.0,,tie,,,0.0
ZHL,2026-02,SCI,INCOME,Revenue,insurance_commissions,Insurance Commissions,40,0.0,0.0,0.0,,tie,,,0.0
ZHL,2026-02,SCI,INCOME,Revenue,saas_income,SAAS (Software as a Service),50,0.0,0.0,0.0,,tie,,,0.0
ZHL,2026-02,SCI,INCOME,Other income,other_income,Other Income,70,53463.6,53463.6,0.0,0.0,tie,,,-53463.6
ZHL,2026-02,SCI,EXPENSES,Operating expenses,personnel_costs,Personnel Costs,80,0.0,0.0,0.0,,tie,,,0.0
ZHL,2026-02,SCI,EXPENSES,Operating expenses,travelling,Travelling,90,0.0,0.0,0.0,,tie,,,0.0
ZHL,2026-02,SCI,EXPENSES,Operating expenses,entertainment,Entertainment,100,0.0,0.0,0.0,,tie,,,0.0
ZHL,2026-02,SCI,EXPENSES,Operating expenses,it_costs,IT Costs,110,0.0,0.0,0.0,,tie,,,0.0
ZHL,2026-02,SCI,EXPENSES,Operating expenses,communications,Communications,120,0.0,0.0,0.0,,tie,,,0.0
ZHL,2026-02,SCI,EXPENSES,Operating expenses,printing_stationery,Printing & Stationery,130,0.0,0.0,0.0,,tie,,,0.0
ZHL,2026-02,SCI,EXPENSES,Operating expenses,premises,Premises,140,0.0,0.0,0.0,,tie,,,0.0
ZHL,2026-02,SCI,EXPENSES,Operating expenses,advertising_pr,Advertising & PR,150,0.0,0.0,0.0,,tie,,,0.0
ZHL,2026-02,SCI,EXPENSES,Operating expenses,insurance,Insurance,160,0.0,0.0,0.0,,tie,,,0.0
ZHL,2026-02,SCI,EXPENSES,Operating expenses,professional_fees,Professional Fees,170,308333.34,308333.34,0.0,0.0,tie,,,308333.34
ZHL,2026-02,SCI,EXPENSES,Operating expenses,depreciation,Depreciation,180,0.0,0.0,0.0,,tie,,,0.0
ZHL,2026-02,SCI,EXPENSES,Operating expenses,motor_vehicle_expenses,Motor Vehicle Expenses,190,0.0,0.0,0.0,,tie,,,0.0
ZHL,2026-02,SCI,EXPENSES,Operating expenses,general_expenses,General Expenses,200,1440.0,1440.0,0.0,0.0,tie,,,1440.0
ZHL,2026-02,SCI,EXPENSES,Operating expenses,management_expense,Management Expense,210,0.0,0.0,0.0,,tie,,,0.0
ZHL,2026-02,SCI,EXPENSES,Finance costs,finance_costs,Finance cost,220,0.0,0.0,0.0,,tie,,,0.0
ZHL,2026-02,SCI,EXPENSES,Taxation,taxation,Taxation,230,0.0,0.0,0.0,,tie,,,0.0
ZHL,2026-02,SFP,ASSETS,Non-Current Assets,ppe,"Property, Plant and Equipment",240,0.0,0.0,0.0,,tie,,,0.0
ZHL,2026-02,SFP,ASSETS,Non-Current Assets,computer_software,Intangible - computer software,250,0.0,0.0,0.0,,tie,,,0.0
ZHL,2026-02,SFP,ASSETS,Non-Current Assets,goodwill,Intangible - goodwill,260,0.0,0.0,0.0,,tie,,,0.0
ZHL,2026-02,SFP,ASSETS,Non-Current Assets,investment_in_associate,Investment in associate,270,15969831.66,15969831.66,0.0,0.0,tie,,,15969831.66
ZHL,2026-02,SFP,ASSETS,Non-Current Assets,investment_unquoted_equity,Investment in unquoted equity securities,280,0.0,0.0,0.0,,tie,,,0.0
ZHL,2026-02,SFP,ASSETS,Non-Current Assets,deposit_for_investment_in_subsidiary,Deposit for investment in subsidiary,290,1278387321.58,1278387321.58,0.0,0.0,tie,,,1278387321.58
ZHL,2026-02,SFP,ASSETS,Non-Current Assets,deferred_tax,Deferred tax,310,0.0,0.0,0.0,,tie,,,0.0
ZHL,2026-02,SFP,ASSETS,Current Assets,trade_receivables,Trade Receivables (Debtors),320,1.0,1.0,0.0,,tie,,,1.0
ZHL,2026-02,SFP,ASSETS,Current Assets,premium_receivables,Premium Receivables,330,0.0,0.0,0.0,,tie,,,0.0
ZHL,2026-02,SFP,ASSETS,Current Assets,other_receivables,Other Receivables,340,350685.52,350685.52,-0.0,-0.0,tie,,,350685.52
ZHL,2026-02,SFP,ASSETS,Current Assets,due_from_to_related_parties,Due from/to related parties,350,-248414988.8,-248414988.8,0.0,-0.0,tie,,,-248414988.8
ZHL,2026-02,SFP,ASSETS,Current Assets,office_cash,Cash - Office Cash,360,5002806.1,5002806.1,0.0,0.0,tie,,,5002806.1
ZHL,2026-02,SFP,ASSETS,Current Assets,deposits,Cash - Deposits,380,4500000.0,4500000.0,0.0,0.0,tie,,,4500000.0
ZHL,2026-02,SFP,ASSETS,Current Assets,placements,Cash - Placements,390,0.0,0.0,0.0,,tie,,,0.0
ZHL,2026-02,SFP,ASSETS,Current Assets,tax_recoverable,Tax recoverable,400,252358.94,252358.94,0.0,0.0,tie,,,252358.94
ZHL,2026-02,SFP,EQUITY AND LIABILITIES,Equity,share_capital,Share capital,420,10000000.0,10000000.0,0.0,0.0,tie,,,-10000000.0
ZHL,2026-02,SFP,EQUITY AND LIABILITIES,Equity,translation_reserve,Translation reserve,430,0.0,0.0,0.0,,tie,,,0.0
ZHL,2026-02,SFP,EQUITY AND LIABILITIES,Equity,proposed_dividend,Proposed dividend,440,0.0,0.0,0.0,,tie,,,0.0
ZHL,2026-02,SFP,EQUITY AND LIABILITIES,Equity,retained_earnings,Retained earnings,450,30127713.66,30127713.66,0.0,0.0,tie,,,-30127713.66
ZHL,2026-02,SFP,EQUITY AND LIABILITIES,Equity,net_profit,Net Profit (derived),460,-256309.74,-256309.74,-0.0,0.0,tie,,,256309.74
ZHL,2026-02,SFP,EQUITY AND LIABILITIES,Equity,non_controlling_interests,Non-controlling interests,470,0.0,0.0,0.0,,tie,,,0.0
ZHL,2026-02,SFP,EQUITY AND LIABILITIES,Current Liabilities,trade_and_other_payables,Trade and other payables,480,1016176612.08,1016176612.08,0.0,0.0,tie,,,-1016176612.08
ZHL,2026-02,SFP,EQUITY AND LIABILITIES,Current Liabilities,premium_payable,Premium payable,500,0.0,0.0,0.0,,tie,,,0.0
ZHL,2026-02,SFP,EQUITY AND LIABILITIES,Current Liabilities,borrowings,Borrowings,510,0.0,0.0,0.0,,tie,,,0.0
ZHL,2026-03,SCI,INCOME,Revenue,actuarial_fees,Actuarial Fees,10,0.0,0.0,0.0,,tie,,,0.0
ZHL,2026-03,SCI,INCOME,Revenue,insurance_commissions,Insurance Commissions,40,0.0,0.0,0.0,,tie,,,0.0
ZHL,2026-03,SCI,INCOME,Revenue,saas_income,SAAS (Software as a Service),50,0.0,0.0,0.0,,tie,,,0.0
ZHL,2026-03,SCI,INCOME,Other income,other_income,Other Income,70,53463.6,53463.6,0.0,0.0,tie,,,-53463.6
ZHL,2026-03,SCI,EXPENSES,Operating expenses,personnel_costs,Personnel Costs,80,0.0,0.0,0.0,,tie,,,0.0
ZHL,2026-03,SCI,EXPENSES,Operating expenses,travelling,Travelling,90,0.0,0.0,0.0,,tie,,,0.0
ZHL,2026-03,SCI,EXPENSES,Operating expenses,entertainment,Entertainment,100,0.0,0.0,0.0,,tie,,,0.0
ZHL,2026-03,SCI,EXPENSES,Operating expenses,it_costs,IT Costs,110,0.0,0.0,0.0,,tie,,,0.0
ZHL,2026-03,SCI,EXPENSES,Operating expenses,communications,Communications,120,0.0,0.0,0.0,,tie,,,0.0
ZHL,2026-03,SCI,EXPENSES,Operating expenses,printing_stationery,Printing & Stationery,130,0.0,0.0,0.0,,tie,,,0.0
ZHL,2026-03,SCI,EXPENSES,Operating expenses,premises,Premises,140,0.0,0.0,0.0,,tie,,,0.0
ZHL,2026-03,SCI,EXPENSES,Operating expenses,advertising_pr,Advertising & PR,150,0.0,0.0,0.0,,tie,,,0.0
ZHL,2026-03,SCI,EXPENSES,Operating expenses,insurance,Insurance,160,0.0,0.0,0.0,,tie,,,0.0
ZHL,2026-03,SCI,EXPENSES,Operating expenses,professional_fees,Professional Fees,170,16114463.48,16114463.48,0.0,0.0,tie,,,16114463.48
ZHL,2026-03,SCI,EXPENSES,Operating expenses,depreciation,Depreciation,180,0.0,0.0,0.0,,tie,,,0.0
ZHL,2026-03,SCI,EXPENSES,Operating expenses,motor_vehicle_expenses,Motor Vehicle Expenses,190,0.0,0.0,0.0,,tie,,,0.0
ZHL,2026-03,SCI,EXPENSES,Operating expenses,general_expenses,General Expenses,200,186303.85,186303.85,0.0,0.0,tie,,,186303.85
ZHL,2026-03,SCI,EXPENSES,Operating expenses,management_expense,Management Expense,210,0.0,0.0,0.0,,tie,,,0.0
ZHL,2026-03,SCI,EXPENSES,Finance costs,finance_costs,Finance cost,220,0.0,0.0,0.0,,tie,,,0.0
ZHL,2026-03,SCI,EXPENSES,Taxation,taxation,Taxation,230,0.0,0.0,0.0,,tie,,,0.0
ZHL,2026-03,SFP,ASSETS,Non-Current Assets,ppe,"Property, Plant and Equipment",240,0.0,0.0,0.0,,tie,,,0.0
ZHL,2026-03,SFP,ASSETS,Non-Current Assets,computer_software,Intangible - computer software,250,0.0,0.0,0.0,,tie,,,0.0
ZHL,2026-03,SFP,ASSETS,Non-Current Assets,goodwill,Intangible - goodwill,260,0.0,0.0,0.0,,tie,,,0.0
ZHL,2026-03,SFP,ASSETS,Non-Current Assets,investment_in_associate,Investment in associate,270,15969831.66,15969831.66,0.0,0.0,tie,,,15969831.66
ZHL,2026-03,SFP,ASSETS,Non-Current Assets,investment_unquoted_equity,Investment in unquoted equity securities,280,0.0,0.0,0.0,,tie,,,0.0
ZHL,2026-03,SFP,ASSETS,Non-Current Assets,deposit_for_investment_in_subsidiary,Deposit for investment in subsidiary,290,1278387321.58,1278387321.58,0.0,0.0,tie,,,1278387321.58
ZHL,2026-03,SFP,ASSETS,Non-Current Assets,deferred_tax,Deferred tax,310,0.0,0.0,0.0,,tie,,,0.0
ZHL,2026-03,SFP,ASSETS,Current Assets,trade_receivables,Trade Receivables (Debtors),320,1.0,1.0,0.0,,tie,,,1.0
ZHL,2026-03,SFP,ASSETS,Current Assets,premium_receivables,Premium Receivables,330,0.0,0.0,0.0,,tie,,,0.0
ZHL,2026-03,SFP,ASSETS,Current Assets,other_receivables,Other Receivables,340,350685.52,350685.52,-0.0,-0.0,tie,,,350685.52
ZHL,2026-03,SFP,ASSETS,Current Assets,due_from_to_related_parties,Due from/to related parties,350,-266605482.4,-266605482.4,-0.0,0.0,tie,,,-266605482.4
ZHL,2026-03,SFP,ASSETS,Current Assets,office_cash,Cash - Office Cash,360,972232.1,972232.1,0.0,0.0,tie,,,972232.1
ZHL,2026-03,SFP,ASSETS,Current Assets,deposits,Cash - Deposits,380,4500000.0,4500000.0,0.0,0.0,tie,,,4500000.0
ZHL,2026-03,SFP,ASSETS,Current Assets,placements,Cash - Placements,390,0.0,0.0,0.0,,tie,,,0.0
ZHL,2026-03,SFP,ASSETS,Current Assets,tax_recoverable,Tax recoverable,400,252358.94,252358.94,0.0,0.0,tie,,,252358.94
ZHL,2026-03,SFP,EQUITY AND LIABILITIES,Equity,share_capital,Share capital,420,10000000.0,10000000.0,0.0,0.0,tie,,,-10000000.0
ZHL,2026-03,SFP,EQUITY AND LIABILITIES,Equity,translation_reserve,Translation reserve,430,0.0,0.0,0.0,,tie,,,0.0
ZHL,2026-03,SFP,EQUITY AND LIABILITIES,Equity,proposed_dividend,Proposed dividend,440,0.0,0.0,0.0,,tie,,,0.0
ZHL,2026-03,SFP,EQUITY AND LIABILITIES,Equity,retained_earnings,Retained earnings,450,30127713.66,30127713.66,0.0,0.0,tie,,,-30127713.66
ZHL,2026-03,SFP,EQUITY AND LIABILITIES,Equity,net_profit,Net Profit (derived),460,-16247303.73,-16247303.73,0.0,-0.0,tie,,,16247303.73
ZHL,2026-03,SFP,EQUITY AND LIABILITIES,Equity,non_controlling_interests,Non-controlling interests,470,0.0,0.0,0.0,,tie,,,0.0
ZHL,2026-03,SFP,EQUITY AND LIABILITIES,Current Liabilities,trade_and_other_payables,Trade and other payables,480,1009946538.47,1009946538.47,0.0,0.0,tie,,,-1009946538.47
ZHL,2026-03,SFP,EQUITY AND LIABILITIES,Current Liabilities,premium_payable,Premium payable,500,0.0,0.0,0.0,,tie,,,0.0
ZHL,2026-03,SFP,EQUITY AND LIABILITIES,Current Liabilities,borrowings,Borrowings,510,0.0,0.0,0.0,,tie,,,0.0
ZHL,2026-04,SCI,INCOME,Revenue,actuarial_fees,Actuarial Fees,10,0.0,0.0,0.0,,tie,,,0.0
ZHL,2026-04,SCI,INCOME,Revenue,insurance_commissions,Insurance Commissions,40,0.0,0.0,0.0,,tie,,,0.0
ZHL,2026-04,SCI,INCOME,Revenue,saas_income,SAAS (Software as a Service),50,0.0,0.0,0.0,,tie,,,0.0
ZHL,2026-04,SCI,INCOME,Other income,other_income,Other Income,70,108739.63,108739.63,0.0,0.0,tie,,,-108739.63
ZHL,2026-04,SCI,EXPENSES,Operating expenses,personnel_costs,Personnel Costs,80,0.0,0.0,0.0,,tie,,,0.0
ZHL,2026-04,SCI,EXPENSES,Operating expenses,travelling,Travelling,90,0.0,0.0,0.0,,tie,,,0.0
ZHL,2026-04,SCI,EXPENSES,Operating expenses,entertainment,Entertainment,100,11699.99,11699.99,0.0,0.0,tie,,,11699.99
ZHL,2026-04,SCI,EXPENSES,Operating expenses,it_costs,IT Costs,110,0.0,0.0,0.0,,tie,,,0.0
ZHL,2026-04,SCI,EXPENSES,Operating expenses,communications,Communications,120,0.0,0.0,0.0,,tie,,,0.0
ZHL,2026-04,SCI,EXPENSES,Operating expenses,printing_stationery,Printing & Stationery,130,0.0,0.0,0.0,,tie,,,0.0
ZHL,2026-04,SCI,EXPENSES,Operating expenses,premises,Premises,140,0.0,0.0,0.0,,tie,,,0.0
ZHL,2026-04,SCI,EXPENSES,Operating expenses,advertising_pr,Advertising & PR,150,0.0,0.0,0.0,,tie,,,0.0
ZHL,2026-04,SCI,EXPENSES,Operating expenses,insurance,Insurance,160,0.0,0.0,0.0,,tie,,,0.0
ZHL,2026-04,SCI,EXPENSES,Operating expenses,professional_fees,Professional Fees,170,19664217.47,19664217.47,0.0,0.0,tie,,,19664217.47
ZHL,2026-04,SCI,EXPENSES,Operating expenses,depreciation,Depreciation,180,0.0,0.0,0.0,,tie,,,0.0
ZHL,2026-04,SCI,EXPENSES,Operating expenses,motor_vehicle_expenses,Motor Vehicle Expenses,190,0.0,0.0,0.0,,tie,,,0.0
ZHL,2026-04,SCI,EXPENSES,Operating expenses,general_expenses,General Expenses,200,187570.1,187570.1,0.0,0.0,tie,,,187570.1
ZHL,2026-04,SCI,EXPENSES,Operating expenses,management_expense,Management Expense,210,0.0,0.0,0.0,,tie,,,0.0
ZHL,2026-04,SCI,EXPENSES,Finance costs,finance_costs,Finance cost,220,0.0,0.0,0.0,,tie,,,0.0
ZHL,2026-04,SCI,EXPENSES,Taxation,taxation,Taxation,230,0.0,0.0,0.0,,tie,,,0.0
ZHL,2026-04,SFP,ASSETS,Non-Current Assets,ppe,"Property, Plant and Equipment",240,0.0,0.0,0.0,,tie,,,0.0
ZHL,2026-04,SFP,ASSETS,Non-Current Assets,computer_software,Intangible - computer software,250,0.0,0.0,0.0,,tie,,,0.0
ZHL,2026-04,SFP,ASSETS,Non-Current Assets,goodwill,Intangible - goodwill,260,0.0,0.0,0.0,,tie,,,0.0
ZHL,2026-04,SFP,ASSETS,Non-Current Assets,investment_in_associate,Investment in associate,270,15969831.66,15969831.66,0.0,0.0,tie,,,15969831.66
ZHL,2026-04,SFP,ASSETS,Non-Current Assets,investment_unquoted_equity,Investment in unquoted equity securities,280,0.0,0.0,0.0,,tie,,,0.0
ZHL,2026-04,SFP,ASSETS,Non-Current Assets,deposit_for_investment_in_subsidiary,Deposit for investment in subsidiary,290,1278387321.58,1278387321.58,-0.0,-0.0,tie,,,1278387321.58
ZHL,2026-04,SFP,ASSETS,Non-Current Assets,deferred_tax,Deferred tax,310,0.0,0.0,0.0,,tie,,,0.0
ZHL,2026-04,SFP,ASSETS,Current Assets,trade_receivables,Trade Receivables (Debtors),320,1.0,1.0,0.0,,tie,,,1.0
ZHL,2026-04,SFP,ASSETS,Current Assets,premium_receivables,Premium Receivables,330,0.0,0.0,0.0,,tie,,,0.0
ZHL,2026-04,SFP,ASSETS,Current Assets,other_receivables,Other Receivables,340,405961.55,405961.55,-0.0,-0.0,tie,,,405961.55
ZHL,2026-04,SFP,ASSETS,Current Assets,due_from_to_related_parties,Due from/to related parties,350,-269728888.64,-269728888.64,-0.0,0.0,tie,,,-269728888.64
ZHL,2026-04,SFP,ASSETS,Current Assets,office_cash,Cash - Office Cash,360,188696.25,188696.25,0.0,0.0,tie,,,188696.25
ZHL,2026-04,SFP,ASSETS,Current Assets,deposits,Cash - Deposits,380,4500000.0,4500000.0,0.0,0.0,tie,,,4500000.0
ZHL,2026-04,SFP,ASSETS,Current Assets,placements,Cash - Placements,390,0.0,0.0,0.0,,tie,,,0.0
ZHL,2026-04,SFP,ASSETS,Current Assets,tax_recoverable,Tax recoverable,400,252358.94,252358.94,0.0,0.0,tie,,,252358.94
ZHL,2026-04,SFP,EQUITY AND LIABILITIES,Equity,share_capital,Share capital,420,10000000.0,10000000.0,0.0,0.0,tie,,,-10000000.0
ZHL,2026-04,SFP,EQUITY AND LIABILITIES,Equity,translation_reserve,Translation reserve,430,0.0,0.0,0.0,,tie,,,0.0
ZHL,2026-04,SFP,EQUITY AND LIABILITIES,Equity,proposed_dividend,Proposed dividend,440,0.0,0.0,0.0,,tie,,,0.0
ZHL,2026-04,SFP,EQUITY AND LIABILITIES,Equity,retained_earnings,Retained earnings,450,30127713.66,30127713.66,0.0,0.0,tie,,,-30127713.66
ZHL,2026-04,SFP,EQUITY AND LIABILITIES,Equity,net_profit,Net Profit (derived),460,-19754747.93,-19754747.93,-0.0,0.0,tie,,,19754747.93
ZHL,2026-04,SFP,EQUITY AND LIABILITIES,Equity,non_controlling_interests,Non-controlling interests,470,0.0,0.0,0.0,,tie,,,0.0
ZHL,2026-04,SFP,EQUITY AND LIABILITIES,Current Liabilities,trade_and_other_payables,Trade and other payables,480,1009602316.61,1009602316.61,0.0,0.0,tie,,,-1009602316.61
ZHL,2026-04,SFP,EQUITY AND LIABILITIES,Current Liabilities,premium_payable,Premium payable,500,0.0,0.0,0.0,,tie,,,0.0
ZHL,2026-04,SFP,EQUITY AND LIABILITIES,Current Liabilities,borrowings,Borrowings,510,0.0,0.0,0.0,,tie,,,0.0
ZHL,2026-05,SCI,INCOME,Revenue,actuarial_fees,Actuarial Fees,10,0.0,0.0,0.0,,tie,,,0.0
ZHL,2026-05,SCI,INCOME,Revenue,insurance_commissions,Insurance Commissions,40,0.0,0.0,0.0,,tie,,,0.0
ZHL,2026-05,SCI,INCOME,Revenue,saas_income,SAAS (Software as a Service),50,0.0,0.0,0.0,,tie,,,0.0
ZHL,2026-05,SCI,INCOME,Other income,other_income,Other Income,70,136830.73,136830.73,-0.0,-0.0,tie,,,-136830.73
ZHL,2026-05,SCI,EXPENSES,Operating expenses,personnel_costs,Personnel Costs,80,0.0,0.0,0.0,,tie,,,0.0
ZHL,2026-05,SCI,EXPENSES,Operating expenses,travelling,Travelling,90,0.0,0.0,0.0,,tie,,,0.0
ZHL,2026-05,SCI,EXPENSES,Operating expenses,entertainment,Entertainment,100,11699.99,11699.99,0.0,0.0,tie,,,11699.99
ZHL,2026-05,SCI,EXPENSES,Operating expenses,it_costs,IT Costs,110,0.0,0.0,0.0,,tie,,,0.0
ZHL,2026-05,SCI,EXPENSES,Operating expenses,communications,Communications,120,0.0,0.0,0.0,,tie,,,0.0
ZHL,2026-05,SCI,EXPENSES,Operating expenses,printing_stationery,Printing & Stationery,130,0.0,0.0,0.0,,tie,,,0.0
ZHL,2026-05,SCI,EXPENSES,Operating expenses,premises,Premises,140,0.0,0.0,0.0,,tie,,,0.0
ZHL,2026-05,SCI,EXPENSES,Operating expenses,advertising_pr,Advertising & PR,150,0.0,0.0,0.0,,tie,,,0.0
ZHL,2026-05,SCI,EXPENSES,Operating expenses,insurance,Insurance,160,0.0,0.0,0.0,,tie,,,0.0
ZHL,2026-05,SCI,EXPENSES,Operating expenses,professional_fees,Professional Fees,170,20550412.1,20550412.1,0.0,0.0,tie,,,20550412.1
ZHL,2026-05,SCI,EXPENSES,Operating expenses,depreciation,Depreciation,180,0.0,0.0,0.0,,tie,,,0.0
ZHL,2026-05,SCI,EXPENSES,Operating expenses,motor_vehicle_expenses,Motor Vehicle Expenses,190,0.0,0.0,0.0,,tie,,,0.0
ZHL,2026-05,SCI,EXPENSES,Operating expenses,general_expenses,General Expenses,200,188635.1,188635.1,0.0,0.0,tie,,,188635.1
ZHL,2026-05,SCI,EXPENSES,Operating expenses,management_expense,Management Expense,210,0.0,0.0,0.0,,tie,,,0.0
ZHL,2026-05,SCI,EXPENSES,Finance costs,finance_costs,Finance cost,220,0.0,0.0,0.0,,tie,,,0.0
ZHL,2026-05,SCI,EXPENSES,Taxation,taxation,Taxation,230,0.0,0.0,0.0,,tie,,,0.0
ZHL,2026-05,SFP,ASSETS,Non-Current Assets,ppe,"Property, Plant and Equipment",240,0.0,0.0,0.0,,tie,,,0.0
ZHL,2026-05,SFP,ASSETS,Non-Current Assets,computer_software,Intangible - computer software,250,0.0,0.0,0.0,,tie,,,0.0
ZHL,2026-05,SFP,ASSETS,Non-Current Assets,goodwill,Intangible - goodwill,260,0.0,0.0,0.0,,tie,,,0.0
ZHL,2026-05,SFP,ASSETS,Non-Current Assets,investment_in_associate,Investment in associate,270,15969831.66,15969831.66,0.0,0.0,tie,,,15969831.66
ZHL,2026-05,SFP,ASSETS,Non-Current Assets,investment_unquoted_equity,Investment in unquoted equity securities,280,0.0,0.0,0.0,,tie,,,0.0
ZHL,2026-05,SFP,ASSETS,Non-Current Assets,deposit_for_investment_in_subsidiary,Deposit for investment in subsidiary,290,1278387321.58,1278387321.58,0.0,0.0,tie,,,1278387321.58
ZHL,2026-05,SFP,ASSETS,Non-Current Assets,deferred_tax,Deferred tax,310,0.0,0.0,0.0,,tie,,,0.0
ZHL,2026-05,SFP,ASSETS,Current Assets,trade_receivables,Trade Receivables (Debtors),320,1.0,1.0,0.0,,tie,,,1.0
ZHL,2026-05,SFP,ASSETS,Current Assets,premium_receivables,Premium Receivables,330,0.0,0.0,0.0,,tie,,,0.0
ZHL,2026-05,SFP,ASSETS,Current Assets,other_receivables,Other Receivables,340,434052.65,434052.65,-0.0,-0.0,tie,,,434052.65
ZHL,2026-05,SFP,ASSETS,Current Assets,due_from_to_related_parties,Due from/to related parties,350,-272422022.6,-272422022.6,0.0,-0.0,tie,,,-272422022.6
ZHL,2026-05,SFP,ASSETS,Current Assets,office_cash,Cash - Office Cash,360,1756257.42,1756257.42,0.0,0.0,tie,,,1756257.42
ZHL,2026-05,SFP,ASSETS,Current Assets,deposits,Cash - Deposits,380,4500000.0,4500000.0,0.0,0.0,tie,,,4500000.0
ZHL,2026-05,SFP,ASSETS,Current Assets,placements,Cash - Placements,390,0.0,0.0,0.0,,tie,,,0.0
ZHL,2026-05,SFP,ASSETS,Current Assets,tax_recoverable,Tax recoverable,400,252358.94,252358.94,0.0,0.0,tie,,,252358.94
ZHL,2026-05,SFP,EQUITY AND LIABILITIES,Equity,share_capital,Share capital,420,10000000.0,10000000.0,0.0,0.0,tie,,,-10000000.0
ZHL,2026-05,SFP,EQUITY AND LIABILITIES,Equity,translation_reserve,Translation reserve,430,0.0,0.0,0.0,,tie,,,0.0
ZHL,2026-05,SFP,EQUITY AND LIABILITIES,Equity,proposed_dividend,Proposed dividend,440,0.0,0.0,0.0,,tie,,,0.0
ZHL,2026-05,SFP,EQUITY AND LIABILITIES,Equity,retained_earnings,Retained earnings,450,30127713.66,30127713.66,0.0,0.0,tie,,,-30127713.66
ZHL,2026-05,SFP,EQUITY AND LIABILITIES,Equity,net_profit,Net Profit (derived),460,-20613916.46,-20613916.46,0.0,-0.0,tie,,,20613916.46
ZHL,2026-05,SFP,EQUITY AND LIABILITIES,Equity,non_controlling_interests,Non-controlling interests,470,0.0,0.0,0.0,,tie,,,0.0
ZHL,2026-05,SFP,EQUITY AND LIABILITIES,Current Liabilities,trade_and_other_payables,Trade and other payables,480,1009364003.45,1009364003.45,-0.0,-0.0,tie,,,-1009364003.45
ZHL,2026-05,SFP,EQUITY AND LIABILITIES,Current Liabilities,premium_payable,Premium payable,500,0.0,0.0,0.0,,tie,,,0.0
ZHL,2026-05,SFP,EQUITY AND LIABILITIES,Current Liabilities,borrowings,Borrowings,510,0.0,0.0,0.0,,tie,,,0.0
ZHL,2026-06,SCI,INCOME,Revenue,actuarial_fees,Actuarial Fees,10,0.0,0.0,0.0,,tie,,,0.0
ZHL,2026-06,SCI,INCOME,Revenue,insurance_commissions,Insurance Commissions,40,0.0,0.0,0.0,,tie,,,0.0
ZHL,2026-06,SCI,INCOME,Revenue,saas_income,SAAS (Software as a Service),50,0.0,0.0,0.0,,tie,,,0.0
ZHL,2026-06,SCI,INCOME,Other income,other_income,Other Income,70,164015.66,164015.66,0.0,0.0,tie,,,-164015.66
ZHL,2026-06,SCI,EXPENSES,Operating expenses,personnel_costs,Personnel Costs,80,0.0,0.0,0.0,,tie,,,0.0
ZHL,2026-06,SCI,EXPENSES,Operating expenses,travelling,Travelling,90,0.0,0.0,0.0,,tie,,,0.0
ZHL,2026-06,SCI,EXPENSES,Operating expenses,entertainment,Entertainment,100,11699.99,11699.99,0.0,0.0,tie,,,11699.99
ZHL,2026-06,SCI,EXPENSES,Operating expenses,it_costs,IT Costs,110,0.0,0.0,0.0,,tie,,,0.0
ZHL,2026-06,SCI,EXPENSES,Operating expenses,communications,Communications,120,0.0,0.0,0.0,,tie,,,0.0
ZHL,2026-06,SCI,EXPENSES,Operating expenses,printing_stationery,Printing & Stationery,130,0.0,0.0,0.0,,tie,,,0.0
ZHL,2026-06,SCI,EXPENSES,Operating expenses,premises,Premises,140,0.0,0.0,0.0,,tie,,,0.0
ZHL,2026-06,SCI,EXPENSES,Operating expenses,advertising_pr,Advertising & PR,150,0.0,0.0,0.0,,tie,,,0.0
ZHL,2026-06,SCI,EXPENSES,Operating expenses,insurance,Insurance,160,0.0,0.0,0.0,,tie,,,0.0
ZHL,2026-06,SCI,EXPENSES,Operating expenses,professional_fees,Professional Fees,170,21059142.32,21059142.32,0.0,0.0,tie,,,21059142.32
ZHL,2026-06,SCI,EXPENSES,Operating expenses,depreciation,Depreciation,180,0.0,0.0,0.0,,tie,,,0.0
ZHL,2026-06,SCI,EXPENSES,Operating expenses,motor_vehicle_expenses,Motor Vehicle Expenses,190,0.0,0.0,0.0,,tie,,,0.0
ZHL,2026-06,SCI,EXPENSES,Operating expenses,general_expenses,General Expenses,200,189355.1,189355.1,0.0,0.0,tie,,,189355.1
ZHL,2026-06,SCI,EXPENSES,Operating expenses,management_expense,Management Expense,210,0.0,0.0,0.0,,tie,,,0.0
ZHL,2026-06,SCI,EXPENSES,Finance costs,finance_costs,Finance cost,220,0.0,0.0,0.0,,tie,,,0.0
ZHL,2026-06,SCI,EXPENSES,Taxation,taxation,Taxation,230,0.0,0.0,0.0,,tie,,,0.0
ZHL,2026-06,SFP,ASSETS,Non-Current Assets,ppe,"Property, Plant and Equipment",240,0.0,0.0,0.0,,tie,,,0.0
ZHL,2026-06,SFP,ASSETS,Non-Current Assets,computer_software,Intangible - computer software,250,0.0,0.0,0.0,,tie,,,0.0
ZHL,2026-06,SFP,ASSETS,Non-Current Assets,goodwill,Intangible - goodwill,260,0.0,0.0,0.0,,tie,,,0.0
ZHL,2026-06,SFP,ASSETS,Non-Current Assets,investment_in_associate,Investment in associate,270,15969831.66,15969831.66,0.0,0.0,tie,,,15969831.66
ZHL,2026-06,SFP,ASSETS,Non-Current Assets,investment_unquoted_equity,Investment in unquoted equity securities,280,0.0,0.0,0.0,,tie,,,0.0
ZHL,2026-06,SFP,ASSETS,Non-Current Assets,deposit_for_investment_in_subsidiary,Deposit for investment in subsidiary,290,1278387321.58,1278387321.58,0.0,0.0,tie,,,1278387321.58
ZHL,2026-06,SFP,ASSETS,Non-Current Assets,deferred_tax,Deferred tax,310,0.0,0.0,0.0,,tie,,,0.0
ZHL,2026-06,SFP,ASSETS,Current Assets,trade_receivables,Trade Receivables (Debtors),320,1.0,1.0,0.0,,tie,,,1.0
ZHL,2026-06,SFP,ASSETS,Current Assets,premium_receivables,Premium Receivables,330,0.0,0.0,0.0,,tie,,,0.0
ZHL,2026-06,SFP,ASSETS,Current Assets,other_receivables,Other Receivables,340,461237.58,461237.58,-0.0,-0.0,tie,,,461237.58
ZHL,2026-06,SFP,ASSETS,Current Assets,due_from_to_related_parties,Due from/to related parties,350,-272963031.15,-272963031.15,0.0,-0.0,tie,,,-272963031.15
ZHL,2026-06,SFP,ASSETS,Current Assets,office_cash,Cash - Office Cash,360,1755537.42,1755537.42,0.0,0.0,tie,,,1755537.42
ZHL,2026-06,SFP,ASSETS,Current Assets,deposits,Cash - Deposits,380,4500000.0,4500000.0,0.0,0.0,tie,,,4500000.0
ZHL,2026-06,SFP,ASSETS,Current Assets,placements,Cash - Placements,390,0.0,0.0,0.0,,tie,,,0.0
ZHL,2026-06,SFP,ASSETS,Current Assets,tax_recoverable,Tax recoverable,400,438803.94,438803.94,0.0,0.0,tie,,,438803.94
ZHL,2026-06,SFP,EQUITY AND LIABILITIES,Equity,share_capital,Share capital,420,10000000.0,10000000.0,0.0,0.0,tie,,,-10000000.0
ZHL,2026-06,SFP,EQUITY AND LIABILITIES,Equity,translation_reserve,Translation reserve,430,0.0,0.0,0.0,,tie,,,0.0
ZHL,2026-06,SFP,EQUITY AND LIABILITIES,Equity,proposed_dividend,Proposed dividend,440,0.0,0.0,0.0,,tie,,,0.0
ZHL,2026-06,SFP,EQUITY AND LIABILITIES,Equity,retained_earnings,Retained earnings,450,30127713.66,30127713.66,0.0,0.0,tie,,,-30127713.66
ZHL,2026-06,SFP,EQUITY AND LIABILITIES,Equity,net_profit,Net Profit (derived),460,-21096181.75,-21096181.75,0.0,-0.0,tie,,,21096181.75
ZHL,2026-06,SFP,EQUITY AND LIABILITIES,Equity,non_controlling_interests,Non-controlling interests,470,0.0,0.0,0.0,,tie,,,0.0
ZHL,2026-06,SFP,EQUITY AND LIABILITIES,Current Liabilities,trade_and_other_payables,Trade and other payables,480,1009518170.12,1009518170.12,0.0,0.0,tie,,,-1009518170.12
ZHL,2026-06,SFP,EQUITY AND LIABILITIES,Current Liabilities,premium_payable,Premium payable,500,0.0,0.0,0.0,,tie,,,0.0
ZHL,2026-06,SFP,EQUITY AND LIABILITIES,Current Liabilities,borrowings,Borrowings,510,0.0,0.0,0.0,,tie,,,0.0
